Id,Sales
1,4855.921142053554
2,6928.338312387042
3,10804.753639645427
4,6368.790576670127
5,7411.255244512988
6,6386.32314805936
7,7192.654170102028
8,7403.2785239571085
9,5189.72301356975
10,5251.8462788913175
11,6759.989335849084
12,7997.692866377192
13,6645.903384409653
14,8337.062356551774
15,6004.449943026381
16,5100.918481609681
17,5399.866564863236
18,9714.709351337291
19,9916.310435457563
20,8813.053260197421
21,7585.374423856621
22,4419.039452797487
23,5946.528272852911
24,4708.429869938155
25,7967.366038066049
26,9884.080626799558
27,10183.086659249799
28,6257.957694396178
29,5067.942459165378
30,5046.696461560014
31,5651.564240065356
32,9572.830942121243
33,6101.620095319658
34,5791.007640502311
35,5389.437965081737
36,7033.301541761635
37,3387.009347091823
38,8173.557013167498
39,4979.747775167226
40,7438.83855284694
41,6413.307247238572
42,5444.340939066413
43,8374.831040587685
44,7416.11273516674
45,5590.873708252957
46,6430.776701035327
47,7596.685149643358
48,11049.67935405316
49,6867.837614792619
50,8396.05260691433
51,8423.716557904741
52,8795.51788694522
53,6800.564370352224
54,8815.878060422669
55,4767.431729253066
56,4812.74057101657
57,5748.106689687476
58,6859.0715075653425
59,9268.82874668506
60,7660.459188772914
61,5934.618587263381
62,8058.6243745430465
63,7497.837151773056
64,8834.37062702209
65,3611.4027549901
66,12754.776588881614
67,4660.3895004439355
68,6292.329175363879
69,8175.898899112688
70,5045.831272507371
71,6266.713836897206
72,5582.193562968267
73,7327.60168784016
74,5807.567726014572
75,5518.1192389122925
76,8229.023928594612
77,7639.545873898871
78,6878.146987350171
79,5347.885904257597
80,7734.803979950663
81,12138.49858880055
82,6711.62186573089
83,5179.826291441649
84,6993.502671614611
85,6765.528594941468
86,6029.194156643599
87,8010.007284624868
88,3706.1066454208917
89,8398.53944601134
90,5849.644258184553
91,7220.80385957767
92,9373.960285592952
93,4565.99739250532
94,5360.275436028259
95,5705.01421158549
96,8314.118204087818
97,8239.677915384498
98,5184.426792031945
99,4923.523171443116
100,7471.944456997329
101,6437.68072264037
102,5938.915225254064
103,7270.334084922859
104,6633.288498615942
105,7583.015779172605
106,5779.067949357493
107,4590.103337122593
108,6381.986371231898
109,7661.093255440791
110,7712.005243178312
111,8028.204841484022
112,8106.513268087876
113,5717.121774110253
114,9125.349597694114
115,5482.325489153002
116,6032.582786063957
117,8882.046567864936
118,6941.134431766314
119,9309.899237580034
120,8692.300658728362
121,7671.839627038867
122,5958.744829021188
123,7343.892553740244
124,7778.739842948027
125,6705.564532674833
126,4465.125539209843
127,5832.144067056372
128,7823.755649916336
129,5726.066218299952
130,4518.672526876822
131,7678.150302513108
132,6969.166470082346
133,6501.169396239059
134,6276.818475370906
135,5133.778670491663
136,7232.3823953131005
137,7289.0938058215725
138,6104.656449804002
139,5810.189090188747
140,5247.344260794631
141,6381.51650660453
142,4421.166084458742
143,6398.792835671597
144,6080.61503295252
145,8329.21167230275
146,7740.015662525907
147,6918.234568017075
148,12457.45372798922
149,5609.214158214258
150,5564.9296753658655
151,10156.225483098746
152,6804.392681747642
153,8567.182637450498
154,7369.167193867671
155,6092.915583214636
156,6803.660944299794
157,5925.1177039289405
158,7264.316169575317
159,10881.89989335744
160,7431.199330984344
161,3268.1465427050957
162,4947.718668082766
163,8473.078388566759
164,9001.4287714485
165,6477.2707180349735
166,6813.2019045782945
167,5092.940286745878
168,4964.255488245774
169,3379.90420288964
170,5089.422017630766
171,6494.909416764856
172,7651.9758286939405
173,6827.185321231123
174,6163.780188770509
175,8196.820718841573
176,9232.709829471116
177,7541.768605780629
178,5373.03076319045
179,10088.760547335001
180,9756.344588266169
181,5483.154729913153
182,7105.937355373544
183,5180.415691768775
184,6668.563276971207
185,4374.152595359586
186,7177.34824553695
187,5325.2708612005545
188,9646.759548669
189,7076.212906555576
190,8228.418326689109
191,7809.595788018293
192,5473.95000759387
193,8826.228113783342
194,17917.109565273127
195,10598.370071834725
196,5686.411850300749
197,3278.5450941580393
198,6557.326347780322
199,8028.71902813776
200,6200.464352853566
201,12575.528487229793
202,18617.33915476788
203,4731.275087937706
204,5538.792122789772
205,10286.74113894192
206,4918.815692157364
207,7473.5364050368635
208,6235.248019247525
209,7704.286523725591
210,6167.815986180031
211,6710.914450446092
212,6162.8781876973735
213,7252.76620902037
214,9891.833326114345
215,6857.896811269632
216,6376.810489748432
217,7503.044523936774
218,5539.803011733218
219,6148.1195729192295
220,8147.594931422063
221,5574.488028544174
222,6199.034429852976
223,6716.834116280062
224,6428.522993073671
225,6734.506629401435
226,6960.801087339729
227,7299.036345329709
228,8361.356700043314
229,9801.045233603263
230,7568.604819092056
231,5569.554735778791
232,4392.344232156166
233,6512.105945956427
234,6782.664505804212
235,6485.144530602408
236,5009.7895556068715
237,8400.53439752635
238,6719.9638210104295
239,9884.815226191868
240,6914.7837929986
241,5550.562684045309
242,5158.625051848174
243,4653.625358128949
244,9742.78914241734
245,5832.323509479184
246,7352.971316820842
247,16049.200251317063
248,7764.966867711073
249,6225.816563763253
250,6037.555844251497
251,4663.22207050029
252,6604.3922709520375
253,4418.227127565945
254,5563.375027188494
255,10191.154233252313
256,5178.200625870641
257,14018.453552791068
258,13271.412668638075
259,6045.889661173904
260,6878.467027635061
261,5565.352163604027
262,6716.743754054193
263,5606.681463818504
264,11231.1883122759
265,7469.691553991888
266,9260.833362882428
267,4840.699860321968
268,7319.771224979616
269,5959.40050409321
270,9076.603009044868
271,7139.534300122832
272,6525.815255489662
273,6870.513668132585
274,7209.972903058669
275,8176.747957938128
276,8868.029345119205
277,6921.792180515608
278,9945.74272154485
279,7026.863524978734
280,9150.464606377758
281,5511.140090403762
282,5696.482891837676
283,5399.339899804939
284,10224.679620273313
285,6930.661838013583
286,7739.17030983519
287,6886.785073832079
288,8743.520844772554
289,5036.591872786749
290,8245.778503321004
291,6955.034867876858
292,4413.667314680565
293,13897.87445436076
294,17040.880160570818
295,7024.897000429446
296,7116.959398698321
297,9253.585022486692
298,9860.507118208325
299,10630.87578779361
300,5326.872136009064
301,6770.689343345587
302,6114.912493145814
303,8738.801476045186
304,4008.300106231577
305,5846.106133442268
306,5849.314475182553
307,6081.76217264495
308,7411.054483019987
309,5447.156837661323
310,4854.330715460489
311,7557.167767888469
312,4895.857055134313
313,5406.674839533704
314,6375.887558209364
315,6092.361931201249
316,9771.669115496632
317,9416.92182204165
318,7142.741104606289
319,7038.433927163683
320,6803.300561620389
321,11156.126068273157
322,6794.001307244277
323,5234.36413157265
324,5317.1048450126245
325,11016.911146792801
326,4763.035440052604
327,7132.290322781532
328,3296.64138024406
329,5088.073472139614
330,7981.994179320777
331,6689.041533439813
332,5414.856155231503
333,8667.74413196251
334,9458.428799051339
335,11895.409336324507
336,6503.155755027525
337,9919.243054807795
338,3189.6979742259846
339,5336.314900618405
340,6695.559818490157
341,5081.470282973758
342,8864.789213713058
343,4951.813928572578
344,5354.3284093541815
345,8011.381795585956
346,10801.084362140153
347,9948.284410636841
348,5868.102404311595
349,5138.468749589619
350,11772.781985321313
351,8300.719335959335
352,5578.165961732478
353,5575.80773981798
354,8040.574268193721
355,8797.039367123047
356,5078.213752740357
357,5584.399174308394
358,8273.883923685346
359,7281.062284295646
360,12977.104024295824
361,6993.101890114116
362,11937.87924953909
363,7162.717341949111
364,5229.3656864170425
365,3409.18494629801
366,6340.69760529441
367,6332.917962937548
368,6061.301705230173
369,8053.0900378917895
370,5533.236783654257
371,4756.780457780741
372,7452.578119445574
373,3690.218524015284
374,7819.24898143727
375,7263.218647888241
376,7835.232854418447
377,8314.808453189733
378,5758.867573152815
379,8843.71292129602
380,6993.484319302859
381,5949.90601264349
382,6535.0974694159695
383,5056.5823698506865
384,10616.013967345823
385,6743.672434646667
386,5132.6040864743
387,7181.845413301785
388,8462.559378215798
389,7266.9827493216235
390,6169.107318770553
391,7767.768586143711
392,6320.609679388489
393,6951.743917314198
394,5718.729067636142
395,8789.78255744468
396,5829.935590918221
397,6450.6976181302325
398,6360.723121755596
399,5845.880520120033
400,4863.633088824737
401,5750.00955595752
402,9189.517653396151
403,9002.707294309315
404,10280.008288373621
405,10929.60126776975
406,8337.565005395476
407,8787.899758946882
408,5174.603874349411
409,10617.802037443344
410,10860.017912011948
411,7463.072196691958
412,7745.674102220757
413,7988.589671140362
414,6435.175288275928
415,3998.9358616191344
416,11586.97901556188
417,7082.152951625863
418,6798.750487083694
419,6256.131194597202
420,3108.439987600876
421,10697.223999090886
422,6397.902253097222
423,4991.03928994813
424,5008.814765579201
425,5511.4797064543145
426,6703.513175237168
427,7434.865501904682
428,7685.271990172852
429,5773.772543981033
430,5043.450272378577
431,4494.502832759839
432,3462.444951755757
433,6963.807494797178
434,17157.599502541936
435,4605.730115802354
436,6034.362048052114
437,6514.103602488444
438,5301.093668986351
439,5102.791879138899
440,5768.096395125283
441,4353.8858798866695
442,7978.12486231294
443,6723.575961693305
444,4201.755674053696
445,9387.169687755922
446,5380.637831395233
447,5099.944620822941
448,11651.056529329579
449,7682.46495126242
450,9175.66425360193
451,5181.088453199113
452,6187.040714127554
453,5157.188886453194
454,5058.416917499615
455,15052.672914430343
456,10360.363103206859
457,6450.536146934714
458,5377.386189880748
459,5793.072077233352
460,6170.683507617178
461,4615.335319260283
462,9976.24938006731
463,5724.701047261647
464,5793.8431591311355
465,7679.820929854585
466,5105.558686430566
467,6562.536453538509
468,7182.229672407005
469,6950.600205338952
470,7518.504088216042
471,4410.543883905149
472,6230.954120266177
473,6783.954472646071
474,8819.083979595165
475,7800.381077451906
476,7513.739786025292
477,4970.038026928457
478,8568.892490687542
479,5960.161009537141
480,4808.197465517482
481,6671.040177461697
482,6809.465374309877
483,6294.351843452147
484,7267.057165393987
485,5983.022716738061
486,6089.276622117193
487,5405.517384493503
488,7749.207771130361
489,6956.592078369513
490,6857.520595696003
491,9136.998410251632
492,6356.779620228738
493,4532.192319717904
494,11173.569660372686
495,5308.106135046941
496,3306.016316127491
497,7583.429910477154
498,8873.531818608713
499,11041.714826337842
500,5171.275272790055
501,6095.631560244597
502,6484.131228203842
503,7211.244529103755
504,5929.678808819991
505,8495.168316861951
506,3329.602450050721
507,5437.920459522271
508,5482.508379060567
509,5261.941732148117
510,5436.624507357696
511,7131.1158384456785
512,7270.734360886004
513,6684.466431244575
514,7655.117655535392
515,7473.877605436736
516,8585.40440733595
517,5268.6332820295365
518,6701.594116805739
519,7155.9337909232345
520,8567.571636445182
521,7800.353949909535
522,4133.492691392346
523,9136.290701528327
524,6857.061105458899
525,7394.415121199686
526,5625.785339916534
527,4663.812868148971
528,8589.076689934538
529,5695.290537849017
530,8805.264474586404
531,6654.609524185934
532,5554.59851877377
533,7937.837745431185
534,6174.036646060056
535,6368.983322313103
536,8295.033348704372
537,5586.544818227258
538,9120.0838146234
539,10366.163884379403
540,7830.664792662989
541,4814.770228993174
542,5898.0966194409175
543,4912.333106522039
544,0.0
545,7590.3612947978645
546,6002.263168753678
547,8153.845234678789
548,5071.551123353855
549,6129.419214453907
550,6186.179560901335
551,8566.472914322916
552,5580.571304891812
553,5847.241572476708
554,5307.715277985001
555,7352.830284561641
556,5544.082930183869
557,7684.177482122202
558,7853.824842431035
559,7411.978131993763
560,8501.912302090446
561,6620.558957398011
562,5982.641731654813
563,4981.253547035873
564,5966.349964071159
565,10505.28091126547
566,8672.58471270623
567,10147.588499111667
568,14853.726311174829
569,5112.251661998294
570,5072.24285978795
571,6166.928660158809
572,8326.475416321688
573,9838.719093932552
574,7910.516984826327
575,8215.234830718298
576,8098.233160686208
577,7546.650061711928
578,6883.2636022459765
579,5833.518254058233
580,4842.198788613777
581,5218.754029311749
582,4385.024202915529
583,5417.512682495112
584,7535.4114805054
585,16808.081993157295
586,7228.388873724115
587,5215.196734068162
588,7247.31476517337
589,4987.317699919024
590,6414.4273462910405
591,4551.689479496586
592,9077.304270516253
593,6935.815677871834
594,6139.734063468484
595,12694.27697907995
596,12058.89761153996
597,5043.786428390442
598,7283.2436890408635
599,4425.795027324594
600,5275.236620184523
601,5310.703028361513
602,8468.919843589347
603,4968.115180116124
604,4940.6675817853575
605,5696.911206002449
606,5735.859055535389
607,6689.779485708446
608,7366.857293358794
609,4501.521615556093
610,7534.55578920174
611,8478.151059762007
612,6858.98313296197
613,5101.589757730628
614,4836.317531719876
615,7697.739495538112
616,5189.074378483296
617,9827.806001515526
618,4976.2842944985905
619,5969.286786788851
620,7183.31721193923
621,5722.363803237072
622,5366.8366353758165
623,5534.835093425626
624,6842.379507936295
625,10176.66672394566
626,8947.003913796123
627,6106.753650071704
628,4560.96134551264
629,6453.935124745291
630,6418.75308245684
631,4779.524923618594
632,5900.485154208822
633,5854.389510958799
634,12152.877873111933
635,7664.376310931791
636,5924.183998186291
637,7430.421726973664
638,5201.671653862726
639,8356.771217051559
640,6030.801341080849
641,12072.459935852743
642,6954.551277176452
643,5518.609439760842
644,5503.8796727332665
645,4326.97399740466
646,6249.633656790473
647,18241.368747067125
648,4503.10387375784
649,5257.442107228057
650,8721.370326502172
651,6683.141876930379
652,7197.893027746795
653,8641.660783349127
654,6170.861595825641
655,5498.333182408948
656,4618.645389391894
657,10281.934196913438
658,6392.786466169317
659,7418.3682479215395
660,8639.086511926153
661,5449.592978645634
662,7855.112043736446
663,6687.4725923762735
664,4422.177723310489
665,8057.861692445158
666,9717.231407372392
667,4950.61821406916
668,7837.900869935016
669,7289.616641209707
670,5674.022832775532
671,9678.63527693369
672,7307.6269219823735
673,7392.958228291775
674,5221.592008569935
675,5058.22079983768
676,7039.24773336059
677,0.0
678,8386.410447625123
679,4512.985801138886
680,6328.106393863087
681,4667.7028864141
682,6208.078838265483
683,5848.733733065764
684,6589.957308337936
685,6915.974626566652
686,8684.338372499054
687,6512.2397504288365
688,7470.360010616447
689,6388.789294846558
690,7919.975203170315
691,10656.166802817013
692,7386.215680839455
693,3384.5550121055853
694,6718.48951873778
695,6906.059297210576
696,4382.008035006655
697,12066.541363968761
698,6012.350482328959
699,6502.523892904475
700,10674.178215305441
701,6937.764688813819
702,4474.004516574565
703,12650.389773718978
704,9788.262072312986
705,6210.818610968072
706,8844.54962287596
707,8713.589983564503
708,6774.807681499811
709,5718.40433620289
710,6497.829418733931
711,5635.567920940834
712,6365.983978952112
713,7235.270906071483
714,4609.849891941008
715,7384.472416623817
716,7406.078370719488
717,6282.207431516095
718,7782.281335652522
719,6085.999364347473
720,6890.375484188816
721,5564.606634210646
722,7644.9809002995935
723,6813.710694870947
724,5962.870284198586
725,6791.134041112612
726,7366.816552884775
727,9644.962844212
728,5937.44501988218
729,5504.232482226539
730,6794.79133753108
731,7395.6296688448065
732,7290.512610704806
733,4605.626391558965
734,4559.028789541084
735,7646.665976332297
736,8409.347739300596
737,6071.494363185453
738,7510.142474878666
739,6226.162762303267
740,6819.971382408304
741,5145.8779992929685
742,3320.643664029749
743,7332.9835429708455
744,6514.501485571053
745,6284.281986846962
746,9546.98981688219
747,7949.001754537591
748,4882.6115748112825
749,7695.164425419169
750,4534.243683026832
751,3151.265592089821
752,6667.415458449226
753,12289.22384525664
754,7354.8999361612605
755,6810.384449776744
756,4928.921375814631
757,6418.397454701946
758,8318.74931310877
759,6309.41245041806
760,8688.875340084298
761,5098.350195084659
762,5080.409844894207
763,5456.142861960133
764,5992.226209744275
765,5151.548973193243
766,5001.099828230415
767,5246.606132505527
768,5040.675301588882
769,7055.816109457564
770,6806.632578711325
771,5510.771491960636
772,6480.884976020969
773,7378.182435269162
774,5818.239198207153
775,5059.99891934426
776,10015.233622930968
777,7241.206216147563
778,5975.263530345458
779,3619.617405578874
780,9752.305622919377
781,6547.887981115929
782,5423.101803544
783,8508.296611530212
784,8278.563919802436
785,7105.769448224101
786,6402.755470074402
787,7300.950812561374
788,8688.15475998861
789,13288.660096347552
790,5137.43698622191
791,5076.804848847791
792,5267.985318952024
793,6527.375008588611
794,5896.661377480548
795,8088.932063639378
796,8448.941756176237
797,6111.781900252755
798,4491.850350291478
799,6153.3618180885105
800,11319.81071940935
801,5150.898283661884
802,7550.524198880192
803,4386.580500760252
804,7382.94241241996
805,7867.683387174106
806,7223.246414048328
807,7817.47435705618
808,6444.333385982696
809,5100.941819479376
810,6443.392004069903
811,6908.019636435735
812,8658.337544455608
813,7335.007248797012
814,8680.443126898721
815,6380.3450503604445
816,4703.585242733767
817,9552.61425807106
818,4764.166519119669
819,9116.19730833485
820,6246.148170990421
821,5073.023077670672
822,7392.734195554857
823,5920.408296526812
824,7136.217473125126
825,8244.002400297433
826,4077.702389145306
827,4719.609744952367
828,7619.604572739702
829,8664.711602807749
830,10493.530115391988
831,6272.247689541166
832,6660.647266088824
833,5979.650311924665
834,6809.17167129316
835,5159.923026144342
836,10190.764548745015
837,8700.092462580324
838,12672.039906160102
839,5161.78751586689
840,6081.992550048124
841,0.0
842,9877.597459855064
843,5063.205805629348
844,10108.471627386232
845,6796.976222760164
846,6289.313926695691
847,5635.598243478835
848,5287.102391037276
849,5120.846402608939
850,6772.170608148188
851,5122.216053925496
852,4976.886550357034
853,8283.62990794925
854,6774.984793102958
855,21874.797076038612
856,7157.761368336176
857,4876.508198833331
858,6913.018352659677
859,10807.520860613493
860,6260.7020461774
861,7404.970858252742
862,6272.454757081345
863,7271.372584924742
864,7518.137567231188
865,5265.795581259127
866,5414.660225782984
867,6650.910344401406
868,7975.235085982614
869,6616.060343704548
870,8116.5830053078225
871,6029.803785025642
872,5172.021442091628
873,5482.145342711772
874,9723.194311501147
875,9984.702290844023
876,9183.075578665705
877,7575.469460768943
878,4492.1431394630135
879,5845.436335187744
880,4736.723795946256
881,8085.175114386053
882,9793.719202570563
883,10306.424921203265
884,6231.837898220702
885,5208.624870974879
886,5125.221713143192
887,5644.781231596292
888,9790.5772766118
889,6157.491645011712
890,5752.882757691247
891,5535.246988881452
892,7094.534785947616
893,3377.0725929479513
894,7995.885807320734
895,4949.431391219424
896,7345.645187978147
897,6316.017088618966
898,5580.9722873299725
899,8296.579554525772
900,7440.2844801726
901,5760.179313520561
902,6399.187970394156
903,7452.411188517242
904,11074.753242765522
905,6664.221892421512
906,8644.27573061913
907,8433.721949289824
908,8669.629847068623
909,6718.267412318567
910,9059.700990387923
911,4851.039247196021
912,4836.84518134706
913,5949.234422074641
914,6660.981551664053
915,9378.979596665458
916,7616.157030143543
917,6080.679203378267
918,7931.9836030652195
919,7573.509959984294
920,8977.842612925417
921,3733.2288422280335
922,13234.227775500069
923,4749.841281026304
924,6212.700252902536
925,8333.281727764259
926,5141.219872679936
927,6312.989811605557
928,5719.921267331905
929,7259.7227418874145
930,5748.772266820784
931,5576.353682033745
932,8050.166474517992
933,7587.348268239503
934,7093.111903419752
935,5387.313853664493
936,7689.565512336893
937,11981.81761856007
938,6645.4352810283035
939,5262.45332612474
940,6845.2202279355315
941,6709.577179601847
942,6024.912768765932
943,8005.334092569291
944,3673.7949269454803
945,8350.281363189411
946,5930.639761254657
947,7315.235989244082
948,9400.191237362213
949,4668.845885911182
950,5460.461446151182
951,5756.439989491063
952,8193.72132721559
953,8328.466213331838
954,5199.0325408525205
955,4977.916136003854
956,7345.986897452112
957,6383.3163100001675
958,6053.527980025186
959,7188.325940133649
960,6659.676785548314
961,7590.880717553629
962,5814.183649365985
963,4711.565594736903
964,6377.199011223254
965,7590.806822574956
966,7846.26910293638
967,7968.335921906312
968,7969.505056102608
969,5827.7970269110965
970,9281.163461346943
971,5636.1944048365685
972,6137.091045496993
973,8757.019615892412
974,6815.8348813786715
975,9425.755533709102
976,8595.613284820685
977,7694.636506282803
978,5819.87102847766
979,7285.666198851409
980,7747.639489227931
981,6678.760689166455
982,4453.582839247007
983,5909.514393388745
984,8028.269083124948
985,5819.035336634527
986,4499.125239777777
987,7695.536608658605
988,7059.331950569826
989,6434.847479432975
990,6237.186154955554
991,5195.749218768323
992,7324.985396675858
993,7178.227988496044
994,6139.6059161297135
995,5797.54523427044
996,5366.459743970053
997,6299.292831027541
998,4470.155950701193
999,6384.78825887087
1000,6107.756181515188
1001,8160.676618147614
1002,7792.3659997040095
1003,6986.223848420882
1004,12688.146507022837
1005,5736.215379189904
1006,5538.03069547636
1007,10399.680797704277
1008,6690.979412332696
1009,8530.109944557864
1010,7397.021579602125
1011,6026.885192198579
1012,6658.966247671166
1013,6001.765910087959
1014,7272.898738461562
1015,11122.819840640304
1016,7181.868736130055
1017,3267.7135426422046
1018,4961.91271996112
1019,8472.856443232893
1020,9081.504250546666
1021,6469.878280406009
1022,6752.910082318508
1023,5094.2503887838275
1024,5018.111748936486
1025,3321.629953142375
1026,5164.088755498151
1027,6436.60647509883
1028,7564.622964809513
1029,6779.999774830462
1030,6178.643910460454
1031,8037.356959712924
1032,9325.205725478409
1033,7464.530010039367
1034,5407.953311219653
1035,10279.217642285503
1036,9809.175243843767
1037,5609.760807269363
1038,7275.693596912707
1039,5225.774354107513
1040,6636.529407055193
1041,4353.980674018291
1042,7262.561663039856
1043,5468.053435940683
1044,9744.895127243752
1045,7120.572520979759
1046,8236.325990434096
1047,7956.504904990339
1048,5455.333659667172
1049,8950.587243590953
1050,18576.84859411092
1051,10735.579758334092
1052,5898.820266230593
1053,3253.640290387676
1054,6511.1925831455
1055,8136.334494956409
1056,6114.724882067777
1057,12534.225268069034
1058,18819.532453151834
1059,4751.629426574804
1060,5690.779367912321
1061,10269.651260804292
1062,4942.38541827332
1063,7540.62772513373
1064,6308.775006200706
1065,7667.961009708559
1066,6333.64077183343
1067,6721.431925021039
1068,6113.3543615255885
1069,7143.615598350904
1070,9832.050034559732
1071,6685.951839575561
1072,6290.678627604523
1073,7518.978863902999
1074,5607.665146345266
1075,6138.185918436594
1076,8161.174224230003
1077,5636.263925086665
1078,6155.274559435701
1079,6663.620760887839
1080,6403.289617483819
1081,6726.081008228072
1082,6982.20474988225
1083,7369.243989748363
1084,8199.312182341806
1085,9599.142449543193
1086,7704.39463952522
1087,5659.73427663115
1088,4301.811867559793
1089,6577.63127364111
1090,6707.951243637098
1091,6435.363563100024
1092,5006.56212582376
1093,8425.206394816822
1094,6643.968397979226
1095,9819.829841137025
1096,7004.191970322126
1097,5579.066179060693
1098,5213.597044009492
1099,4602.5666977993105
1100,9614.586274039162
1101,5787.766925802368
1102,7347.753230366406
1103,16662.786105638745
1104,7636.619604925918
1105,6158.05144115547
1106,6016.8750540466635
1107,4665.996322258301
1108,6674.466035193424
1109,4370.658828217258
1110,5724.484124778493
1111,10318.73243442438
1112,5163.543343144879
1113,14612.836326951385
1114,13971.660407501595
1115,5903.880210199359
1116,6803.952172318201
1117,5702.948192706152
1118,6607.921870590692
1119,5727.037634566627
1120,11405.170726729475
1121,7528.210771054499
1122,9474.466484443943
1123,4901.790322204283
1124,7263.485281956512
1125,5857.849472833267
1126,9183.23282739255
1127,7050.532992210442
1128,6525.939617942148
1129,6789.729033679728
1130,7074.8162727356475
1131,8080.78036807571
1132,8771.983886976535
1133,6880.538654438165
1134,10007.48282844472
1135,6951.4475797094365
1136,9267.775051814453
1137,5637.552492577141
1138,5726.694169351227
1139,5459.929227622431
1140,10388.843601905886
1141,6790.785523487517
1142,7645.524972763922
1143,6864.117647579637
1144,8633.1091485783
1145,4967.359508461097
1146,8290.457671395146
1147,7000.536850863371
1148,4342.576243608018
1149,14073.226676520824
1150,17167.508048220792
1151,7033.891555838068
1152,7094.957691063507
1153,9585.131660994934
1154,9914.184195730177
1155,10709.722666470927
1156,5414.118782525041
1157,6709.276675046749
1158,6062.0324484337125
1159,8849.167409186792
1160,4028.274257347329
1161,6042.023376039959
1162,5848.019995552907
1163,6115.129411528466
1164,7451.861644983233
1165,5590.697717846491
1166,4900.972738428661
1167,7504.717516517937
1168,4897.550799463909
1169,5496.0802747533535
1170,6259.080272120724
1171,6173.380209422296
1172,9627.740229330844
1173,9336.063570454598
1174,7131.277386953599
1175,6963.832336577238
1176,6683.246057097517
1177,11319.16558053249
1178,6791.303240901857
1179,5387.857598304366
1180,5451.8178716309085
1181,11070.052174972761
1182,4740.95341869064
1183,7143.396258998439
1184,3225.0797666594767
1185,5185.727645308921
1186,7977.233844830446
1187,6571.509360611721
1188,5425.547240229379
1189,8538.725640943114
1190,9372.69796543999
1191,12281.471098111513
1192,6300.517404481618
1193,9932.093778043534
1194,3189.686629421985
1195,5457.455885142438
1196,6630.805375965526
1197,5136.968543003392
1198,8982.835327236726
1199,5101.826578971649
1200,5469.5290845786385
1201,8001.301532124762
1202,10976.453709498603
1203,9838.689029017165
1204,5982.629568026882
1205,5186.738470237437
1206,11556.497679303202
1207,8158.746248890567
1208,5720.037256445699
1209,5544.468677009776
1210,8192.723735496496
1211,9213.701599995808
1212,5073.294044186416
1213,5691.140041137502
1214,8202.444040848037
1215,7310.252106617638
1216,13208.968855544226
1217,6904.475489206257
1218,12076.62558724921
1219,7048.994635278904
1220,5319.3026959624285
1221,3322.1399396494994
1222,6477.557996483932
1223,6305.663487685536
1224,5954.182993852417
1225,8050.620937523372
1226,5549.505412531953
1227,4767.33036329643
1228,7362.612451491033
1229,3864.2837224560944
1230,8022.91421483603
1231,7149.979173428142
1232,8006.233123762304
1233,8285.127227706174
1234,5812.281787877609
1235,8835.374812152078
1236,7048.529325649481
1237,5976.661742133766
1238,6378.383386039236
1239,5136.60187893265
1240,10915.193702024291
1241,6680.361729073955
1242,5185.753124974587
1243,7282.901574739135
1244,8413.049233115265
1245,7283.088377517014
1246,6276.89826888197
1247,7856.589208316433
1248,6259.3436896924695
1249,6767.861900923431
1250,5815.947720494816
1251,8701.372271291546
1252,5862.171644408461
1253,6377.395545636036
1254,6282.987803354275
1255,5874.860809531778
1256,4835.931589777924
1257,5747.383727860313
1258,9182.229724842193
1259,9041.915991316397
1260,10291.099901746715
1261,10964.886705573172
1262,8230.532101114748
1263,8529.291277607768
1264,5195.940248343954
1265,10802.183078584587
1266,10968.039704847057
1267,7505.762596470532
1268,7805.708951896768
1269,7992.514886997761
1270,6488.543085846904
1271,4059.7463778371334
1272,11765.651021277688
1273,7031.769322563044
1274,6815.0805723427175
1275,6179.465055246411
1276,3036.7250879214625
1277,10781.446559661174
1278,6288.451971577915
1279,4970.042223352236
1280,5033.159824887375
1281,5602.514852276068
1282,6706.136161974255
1283,7533.063320831397
1284,7787.738119947229
1285,5850.134931801619
1286,5081.253025708129
1287,4492.813117324338
1288,3406.061580645009
1289,6975.3480491573155
1290,17070.12649796398
1291,4654.06218328441
1292,5976.491540342737
1293,6599.685179485442
1294,5365.871519854025
1295,5250.991253228516
1296,5739.101026635535
1297,4362.612460421593
1298,7804.091809125961
1299,6663.331971753038
1300,4338.370648630957
1301,9465.774778993396
1302,5595.849177164238
1303,5145.351795177449
1304,11395.583802445553
1305,7686.716321371374
1306,9443.149858363064
1307,5319.528486808227
1308,6262.425026919083
1309,5204.041490998804
1310,5101.424472722653
1311,15374.74096400129
1312,10230.209368715105
1313,6307.971064049267
1314,5534.094146136622
1315,5757.080772077946
1316,6172.341499093741
1317,4477.54044251958
1318,9661.362560772317
1319,5919.197082987088
1320,5884.496944569887
1321,7564.781908016375
1322,5097.4396083892625
1323,6600.28597242595
1324,7281.592479613787
1325,6848.557732669644
1326,7487.632884612193
1327,4490.3866688777225
1328,6186.7878918701645
1329,6589.952597460496
1330,8858.437706917084
1331,7810.788798287022
1332,7427.553031050444
1333,5082.985862768734
1334,8357.597977729516
1335,6074.983479124526
1336,4762.3191618909605
1337,6661.9415145771545
1338,6736.029194095472
1339,6233.359776220845
1340,7169.191678305887
1341,6098.766449997133
1342,6107.538233942374
1343,5440.222426635709
1344,7741.124413533819
1345,6780.899676748525
1346,6839.949105374466
1347,8964.320867855813
1348,6283.289262645184
1349,4515.124290394693
1350,11185.544297478176
1351,5403.6940579438115
1352,3251.2310623170074
1353,7743.799241535037
1354,9047.581891043581
1355,11452.41643747047
1356,5206.277463898196
1357,6105.092768559531
1358,6495.347866343487
1359,7286.153922457202
1360,5884.96899196895
1361,8535.039481543929
1362,3266.6617094327326
1363,5606.420761729053
1364,5518.204289755096
1365,5368.595309039735
1366,5578.527868615436
1367,7053.7640064745
1368,7319.080571938828
1369,6655.107538128966
1370,7883.923334826469
1371,7531.779431320428
1372,8566.143210466049
1373,5209.036274008778
1374,6698.898104031675
1375,7213.331021059461
1376,8612.055561210638
1377,7898.932272384786
1378,3894.543033280391
1379,8971.949424308728
1380,6715.173564937706
1381,7334.565290404214
1382,5756.427916341309
1383,4633.467427635629
1384,8603.706518671757
1385,5803.677890651274
1386,8745.184776850645
1387,6589.600998017543
1388,5707.720920030201
1389,7859.207844727125
1390,6228.551891609784
1391,6489.821937666123
1392,8466.885003397074
1393,5767.43190184115
1394,9321.717433170954
1395,10447.82953833073
1396,8078.9573637934445
1397,4857.390562059736
1398,5945.849913536211
1399,4905.724999126439
1400,0.0
1401,7535.650076150482
1402,5998.299954730215
1403,8171.654408174174
1404,5154.066691308414
1405,6118.933601174166
1406,6113.221069711837
1407,8771.68499753783
1408,5558.828785195417
1409,5841.488426886839
1410,5416.756135777823
1411,7434.27676689013
1412,5458.198809234776
1413,7614.672063048394
1414,7865.946518143027
1415,7499.391032667731
1416,8375.113098985554
1417,6530.312992723767
1418,5891.559659975774
1419,5114.56853879661
1420,5945.254073683489
1421,10583.608802675632
1422,8868.59380330016
1423,9800.278859808595
1424,14707.275705250633
1425,5247.414003055564
1426,5078.753663050748
1427,6249.522712891962
1428,8195.630353143466
1429,9725.26480273531
1430,7877.10139438611
1431,8040.300375972272
1432,7987.34285562535
1433,7682.872752798022
1434,6786.1649801001595
1435,5918.956231662994
1436,4855.179298990839
1437,5175.965059138032
1438,4352.733236623064
1439,5631.002885073922
1440,7463.2751660749345
1441,17032.88982226386
1442,7212.867348780863
1443,5273.974181737273
1444,7429.089584843926
1445,4972.73935301271
1446,6328.6398150618725
1447,4454.954683020426
1448,9105.54143920313
1449,6786.366488457596
1450,6128.944299928966
1451,13108.947524752468
1452,11982.632232906552
1453,5120.337944644249
1454,7303.825726674454
1455,4426.915234172331
1456,5432.8855688876
1457,5461.344361263753
1458,8203.742772205585
1459,5089.609374171521
1460,4900.578374003751
1461,5875.12481953454
1462,5749.8851246808445
1463,6673.223352967719
1464,7397.824106354679
1465,4404.225386963578
1466,7442.148913131189
1467,8646.436771344657
1468,6756.275153353929
1469,5142.021108564929
1470,4832.073773940534
1471,7599.489645955531
1472,5278.540214961961
1473,9802.691469772353
1474,4976.827990967189
1475,5888.886251074543
1476,7244.522379558655
1477,5835.759571127227
1478,5448.625361050076
1479,5612.314354701603
1480,6905.7549214622795
1481,10244.610101943801
1482,9245.260359285607
1483,6076.130585934789
1484,4623.179377374321
1485,6459.852826216756
1486,6471.565735211151
1487,4765.151313539982
1488,6018.650750748751
1489,5933.065250608145
1490,12421.736569587505
1491,7750.722727517006
1492,6032.466605697324
1493,7473.231998680198
1494,5298.14723858451
1495,8252.013625410258
1496,6085.876067208225
1497,12730.474660020318
1498,6912.5466447502495
1499,5569.850007407064
1500,5616.85528135842
1501,4279.335471545053
1502,6352.005003996912
1503,18248.119899334182
1504,4507.908800464453
1505,5329.774941279911
1506,8760.172111873962
1507,6654.1732322365715
1508,7296.321933481701
1509,8566.833615401649
1510,6149.818516721333
1511,5466.162652358556
1512,4592.82741820759
1513,10561.444127926281
1514,6411.530303890862
1515,7484.110329164074
1516,8540.088682239937
1517,5577.763437097286
1518,7811.671863834801
1519,6625.860570479817
1520,4423.280493940025
1521,8150.441036700016
1522,9508.870325212294
1523,5096.021601725937
1524,7736.499072625487
1525,7129.382415783219
1526,5451.697079770165
1527,9672.410359431147
1528,7189.640659255833
1529,7389.034753806063
1530,5176.045733141841
1531,5108.039792249695
1532,7056.364890757343
1533,0.0
1534,8344.764010948158
1535,4598.490147448696
1536,6279.444260127992
1537,4734.185557468499
1538,6203.7917829034
1539,5951.310401523
1540,6540.058968190943
1541,6882.883245368132
1542,8755.334409530044
1543,6506.61488107835
1544,7595.393009521851
1545,6475.624740984196
1546,8222.416699968397
1547,10873.712290592284
1548,7404.752326484929
1549,3283.558564143694
1550,6661.444035885146
1551,6792.551420626814
1552,4421.464474309016
1553,11705.54977397833
1554,6012.495928943562
1555,6594.425588431893
1556,10955.69518969386
1557,6932.012573985588
1558,4496.286081521122
1559,13136.839251264311
1560,9793.616419203558
1561,6217.829704284398
1562,9132.682458430081
1563,8613.69089025742
1564,6741.882017146069
1565,5900.994345969395
1566,6463.21772174322
1567,5728.419504234948
1568,6477.942302884807
1569,7201.5619872870875
1570,4614.512548229366
1571,7408.310452790584
1572,7380.435535146796
1573,6297.422801401864
1574,7871.442658316643
1575,6103.601320633068
1576,7008.7266776214665
1577,5347.714350943869
1578,7638.176344895181
1579,6764.5542500561105
1580,5994.351999422289
1581,6764.6583504263845
1582,7483.412562659523
1583,9644.217491529624
1584,5994.342348144626
1585,5643.0646786457955
1586,6626.162231875333
1587,7251.20094668152
1588,7366.493316659203
1589,4541.112753180313
1590,4536.9311734801895
1591,7923.800342084397
1592,8035.4747958948155
1593,6131.75570406632
1594,7567.870792490109
1595,6213.517726980842
1596,6778.60913292124
1597,5151.40187789155
1598,3259.7696115436497
1599,7350.737044365171
1600,6431.813024916347
1601,6269.554095888791
1602,9745.397349680616
1603,8030.056845239422
1604,4903.208430861675
1605,7527.242790447906
1606,4507.844665228225
1607,3120.094792577986
1608,6638.3270755880585
1609,12885.279678026056
1610,7246.517917498052
1611,6785.699593898986
1612,5028.819423461498
1613,6390.735185694294
1614,8483.708555255751
1615,6345.711583264294
1616,8766.07862458123
1617,5170.885822397451
1618,5173.301573089148
1619,5593.5009371328615
1620,6042.808492107878
1621,5169.751750457851
1622,5156.613588743889
1623,5198.051340732842
1624,5145.707988009557
1625,7045.521123545224
1626,6863.580962076769
1627,5589.817172405403
1628,6446.090576433878
1629,7305.819328168101
1630,5913.783468145386
1631,5165.061272253068
1632,9983.26499131337
1633,7423.198719560875
1634,5862.071465407735
1635,3792.8785605668563
1636,9852.555445772135
1637,6455.2105097391395
1638,5535.699356773977
1639,8623.041171020048
1640,8383.350330940884
1641,7144.1582261383655
1642,6344.19413152896
1643,7399.727804837489
1644,8850.66404200371
1645,13801.930543601002
1646,5224.504628285146
1647,5144.380606550086
1648,5205.227126517012
1649,6514.9022742247025
1650,5901.27082307155
1651,8224.429341094228
1652,8390.597187002393
1653,6126.682330161081
1654,4495.998969541849
1655,6212.182324953384
1656,10570.833080146154
1657,5181.47724419191
1658,7512.792940553215
1659,4374.286641399298
1660,7353.246252928273
1661,7975.520988862805
1662,7226.77792112579
1663,8087.697922505141
1664,6410.1100550789615
1665,5066.931271048703
1666,6355.624139218407
1667,7031.2456816131835
1668,8695.51433339342
1669,7272.327103968666
1670,8610.953764070277
1671,6329.219453913221
1672,4688.937221637254
1673,9736.226486583053
1674,4762.061795818221
1675,9225.304824462693
1676,6174.359433983607
1677,5003.778785172194
1678,7474.673286896139
1679,6065.688400318306
1680,7141.972855670349
1681,8236.234662585171
1682,4136.447944116206
1683,4764.748033605079
1684,7572.91018161331
1685,8968.286118057218
1686,10704.432835109037
1687,6265.646037312707
1688,6660.437575317366
1689,6106.356690964989
1690,6728.8710111930295
1691,5174.9285266601455
1692,10338.013144865909
1693,8827.834459783224
1694,12982.260144639082
1695,5182.827492565561
1696,6114.538142976366
1697,0.0
1698,9710.788279940838
1699,5208.1650749204155
1700,10072.735133661254
1701,6768.700964874115
1702,6235.204034607624
1703,5689.3368886448225
1704,5429.187137525408
1705,5150.253973616252
1706,6783.795640391427
1707,5138.091813573307
1708,5112.837311878721
1709,8264.617473559594
1710,6573.515168559322
1711,21500.16360758929
1712,7049.432724354466
1713,5179.018441053695
1714,7717.564572825405
1715,12138.429099639214
1716,7105.51583294994
1717,8186.332349756819
1718,6895.9506683454765
1719,7923.237527660462
1720,8322.738893455406
1721,5866.7385561759065
1722,5859.074530022236
1723,7291.781420684393
1724,8587.35979637031
1725,7548.036075401244
1726,8752.782557621435
1727,6527.460188944176
1728,5730.070973135216
1729,6018.681505149109
1730,10576.9554257787
1731,10799.946377085684
1732,10072.322333612805
1733,8300.264673040325
1734,4839.9161136002695
1735,6215.9361997579435
1736,5039.2888017776795
1737,8864.956012352803
1738,10398.81559852639
1739,11384.136387918319
1740,6823.362953551848
1741,5791.181308219937
1742,5579.307333436382
1743,6084.253604330257
1744,10608.404855832252
1745,6789.343941690539
1746,6155.840304516263
1747,6070.705379646808
1748,7742.460391979039
1749,3734.9896113063705
1750,8797.373283447787
1751,5263.959322470504
1752,8143.862932326267
1753,7072.066497806721
1754,6112.4555303494235
1755,8868.284968342032
1756,8325.868532328923
1757,6219.6257296836375
1758,7177.718367253266
1759,8179.580250591158
1760,11986.381822669317
1761,7253.23641980479
1762,9609.214738199913
1763,9272.740800917003
1764,9554.197547414813
1765,7417.715026126908
1766,10103.954858615783
1767,5292.358495406327
1768,5241.9842387577755
1769,6421.249960174042
1770,7233.402536228323
1771,10146.070888119479
1772,8363.645359356879
1773,6817.068397604719
1774,8813.291288250468
1775,8399.872284415947
1776,10066.892004682306
1777,4056.7142936283935
1778,14608.981953198732
1779,5067.235371736135
1780,7009.214581405944
1781,9228.034910079918
1782,5653.233841472479
1783,7065.717348331311
1784,6292.403528063236
1785,7871.624575834314
1786,6161.15049216748
1787,6003.286575270522
1788,8743.738330152988
1789,8274.284880746705
1790,7837.994909777052
1791,5897.331243014258
1792,8426.797146848303
1793,13083.085462863424
1794,7292.477094879872
1795,5760.290570143365
1796,7389.572427507828
1797,7362.76421958443
1798,6486.217929059346
1799,8730.953337193334
1800,4144.447611712412
1801,9342.110088455307
1802,6443.434502224308
1803,7963.932160954645
1804,10027.891289457495
1805,4986.425405932744
1806,5895.068947816113
1807,6266.453572723087
1808,8876.218759256406
1809,9136.037187257616
1810,5673.011071719794
1811,5222.123594291755
1812,8135.01417001352
1813,7006.141045224737
1814,6755.682818314328
1815,7956.606478921924
1816,7470.105589450797
1817,8353.237321166906
1818,6368.7965616022875
1819,4991.957377772334
1820,7025.275427317135
1821,8374.326528508178
1822,8857.69569279608
1823,8650.858179333645
1824,8499.217484755542
1825,6431.750762158512
1826,10250.021866562018
1827,6167.725321671242
1828,7006.789354066616
1829,9708.40760287989
1830,7507.7045564420205
1831,10207.040287925547
1832,9387.187872810568
1833,8509.255406230674
1834,6220.7036660239155
1835,7883.008923487765
1836,8461.389255515362
1837,7674.811093985503
1838,4815.413800321682
1839,6502.105263907867
1840,8880.869610104857
1841,6237.027683650214
1842,4915.0870970254455
1843,8467.870483282364
1844,7802.057759425724
1845,7131.326212910583
1846,6745.335551429503
1847,5743.884623557833
1848,8045.3641702684845
1849,7823.268390435318
1850,7042.375724784817
1851,6316.136237857972
1852,5806.06870309218
1853,6901.0963057616345
1854,4842.744426923404
1855,7185.433197616957
1856,6737.227403091352
1857,8818.425587304615
1858,8603.189628696544
1859,7702.305115101299
1860,13979.109636834826
1861,6314.2776228361845
1862,5972.433370971077
1863,11263.022925116376
1864,7392.853594499743
1865,9428.048709614324
1866,8128.707224206954
1867,6514.257997555563
1868,7203.27438786622
1869,6777.503517485936
1870,8034.266508770672
1871,12489.171180813317
1872,7350.293048749287
1873,3334.882864511575
1874,5236.188023740738
1875,9269.71537432889
1876,9914.03143987239
1877,7242.287095270494
1878,7652.402413964413
1879,5536.193297734839
1880,5581.421733144404
1881,3639.897096825529
1882,5702.898417148048
1883,6956.412008043127
1884,8262.510623019009
1885,7686.0999779466765
1886,6858.86017054964
1887,8562.42314623173
1888,10221.6969773567
1889,8104.748491722123
1890,5851.066592647078
1891,11396.307459341413
1892,10544.613524074592
1893,6162.407067966146
1894,8079.64175963448
1895,5727.6594958972755
1896,7225.489665296562
1897,4556.657664268688
1898,8234.963738043878
1899,6029.310688364404
1900,10487.501379634266
1901,7693.371001028635
1902,9188.407713087203
1903,8670.482489781529
1904,5856.699855036076
1905,9730.58412873159
1906,20357.076809102113
1907,11783.608268027974
1908,6662.658147845739
1909,3374.541340109884
1910,7093.356029588366
1911,9098.30729122258
1912,6977.600364686214
1913,12681.631647635126
1914,20114.07336131166
1915,5009.487852031373
1916,6237.720881131224
1917,11248.281614934882
1918,5326.109785164313
1919,8335.918575001524
1920,7158.571824102846
1921,8465.157145589705
1922,6505.974426226086
1923,7603.18598176751
1924,6726.3301135134125
1925,7927.3240733952925
1926,10879.965997527568
1927,7421.283934880486
1928,6793.70507767299
1929,8399.080528257648
1930,6166.307066123587
1931,6683.770927655984
1932,8871.661701099581
1933,6185.366913759998
1934,6630.288591750154
1935,7654.844711041892
1936,7195.257028297765
1937,7661.930853612874
1938,7857.14906730804
1939,8263.82620536554
1940,8953.583631176089
1941,9912.892413320124
1942,8460.631889231861
1943,6168.960622549756
1944,4511.395371941129
1945,7310.804940472532
1946,7659.94646615891
1947,6966.32510292134
1948,5392.208916511522
1949,9251.596090824629
1950,7409.578807098966
1951,10194.926521531579
1952,7658.486945583842
1953,6073.543175336964
1954,5755.649598840111
1955,4928.551356297684
1956,10339.635414535798
1957,6300.881566736572
1958,8009.566323982943
1959,17948.168234356028
1960,8322.403838454737
1961,6865.34418492743
1962,6503.531542711212
1963,4965.30668897519
1964,7600.640932476111
1965,4746.770708183885
1966,6232.122852508228
1967,11194.57843850548
1968,5644.033107460476
1969,15579.90640428963
1970,15704.617344733038
1971,6269.297109296941
1972,7611.884196448719
1973,6214.054650543185
1974,7448.088298425419
1975,6226.181731463905
1976,12791.134181782516
1977,8196.711076106876
1978,10461.784064406183
1979,5346.21258890261
1980,7940.89965504358
1981,6247.168126434613
1982,10166.997296815176
1983,7643.5963759804745
1984,7163.177720699368
1985,7410.715297774356
1986,7170.551288740745
1987,8774.907106130535
1988,9766.69538389866
1989,7398.040140995195
1990,10907.762269299088
1991,7514.484536255473
1992,10061.619106150485
1993,6150.527409419121
1994,6261.221148486272
1995,5862.257707897632
1996,11290.851586590521
1997,7234.908984082464
1998,8345.07059825037
1999,7506.0692488384475
2000,9473.870879634882
2001,5248.0521073474265
2002,9149.291466285957
2003,7649.391944833894
2004,4570.000995245028
2005,15671.35861459779
2006,18304.082520569587
2007,7650.193198434467
2008,7647.989555394499
2009,10617.115561520615
2010,10703.092401111102
2011,11643.42697003075
2012,5935.385813846944
2013,7654.269300742537
2014,6640.588176294544
2015,9672.627057680907
2016,4457.859494653416
2017,6800.892205739593
2018,6367.475020762225
2019,6837.182091857795
2020,8200.95296638343
2021,6129.229956301542
2022,5349.309120688583
2023,8271.826094388363
2024,5213.298978450917
2025,6029.78161773349
2026,6959.511216027532
2027,6910.254998409073
2028,10258.153403746286
2029,10136.757673123375
2030,7921.666679430503
2031,7557.0291800369405
2032,7162.052506578784
2033,12807.923917933213
2034,7579.979487745532
2035,5852.638589845226
2036,5917.312144662681
2037,11990.42471837753
2038,5086.623239764904
2039,7595.254015946816
2040,3501.175464363947
2041,5734.826957878111
2042,8939.224691780779
2043,7180.9790422482765
2044,5854.420112570412
2045,9455.239507833783
2046,10089.96301735331
2047,13480.93263196747
2048,6432.419694239774
2049,10977.268024585788
2050,3311.6519552664686
2051,5934.092610734456
2052,7180.474863559768
2053,5684.445222393513
2054,9852.32041300127
2055,5711.013274904285
2056,5967.342008208952
2057,8546.57691351828
2058,12069.435149574669
2059,10792.45695914283
2060,6638.508526505043
2061,5788.350044641963
2062,12384.975059170194
2063,8842.937796903758
2064,6191.22429395568
2065,6010.673372267684
2066,8887.165548199115
2067,10199.069860074675
2068,5576.972457188568
2069,6201.896335838483
2070,8876.671885266895
2071,7955.005399552995
2072,14648.420148253981
2073,7512.582843281652
2074,13274.616929094813
2075,7706.564599293744
2076,5704.245909792005
2077,3696.3227622362815
2078,7183.077275318253
2079,7043.782979604962
2080,6398.877865713013
2081,8944.531977867293
2082,5968.264974451835
2083,5075.336839477679
2084,8138.11654006302
2085,4215.981577045652
2086,8695.86736818127
2087,7793.419365330156
2088,8825.942368646574
2089,9012.735953380665
2090,6270.222423999524
2091,9750.807962765039
2092,7734.811907209784
2093,6641.7116907232285
2094,6965.826722562191
2095,5654.3859482877415
2096,11980.243532221693
2097,7261.861060819725
2098,5750.19955670514
2099,8136.091521380467
2100,9426.77063328993
2101,8079.188069582452
2102,6965.207488621922
2103,8431.473451798558
2104,6749.452894246131
2105,6721.710555532123
2106,6400.593032098988
2107,9407.397293586499
2108,6608.442705203574
2109,7162.667332028732
2110,6924.576503777372
2111,6347.82525042911
2112,5174.016761202428
2113,6273.190369903571
2114,9902.553548968797
2115,9702.971202212339
2116,11064.726861467616
2117,12117.067555440044
2118,8870.465599235838
2119,8647.645678066538
2120,5698.834186194491
2121,11755.529177936267
2122,12156.18539405266
2123,8365.09022918706
2124,8456.434187183584
2125,8672.098769165495
2126,7168.347175737731
2127,4373.676762861174
2128,13278.186932168384
2129,7767.346998920647
2130,7572.4562418242085
2131,6941.276623865467
2132,3091.938468174114
2133,11790.394151558608
2134,6908.72309242074
2135,5309.401171167803
2136,5362.919804956952
2137,6068.5828454706625
2138,7566.837453480238
2139,8416.9945791507
2140,8629.327979898075
2141,6169.617677836066
2142,5577.716153513002
2143,4879.254630497576
2144,3760.505399744033
2145,7627.849768353387
2146,17911.528546627273
2147,4987.027082913351
2148,6321.717943871485
2149,7347.508149231442
2150,5877.546105506519
2151,5653.062398722545
2152,6197.833434674139
2153,4689.456686413572
2154,8530.895358334625
2155,7399.121248702969
2156,4646.377611298999
2157,10241.821111950065
2158,6210.9738993487135
2159,5626.434293875476
2160,11543.518886448535
2161,8438.298166840352
2162,10223.894644279277
2163,5955.969540952358
2164,6980.050948979166
2165,5690.270974953189
2166,5615.9004709882765
2167,16477.035585674166
2168,11278.66306702283
2169,6986.215450600761
2170,6091.062490420117
2171,6154.2198962132015
2172,6825.0738643092245
2173,4897.262229806679
2174,10614.729637256294
2175,6448.622476893209
2176,6424.1057255226115
2177,8297.45677423299
2178,5503.175908900326
2179,7231.223705168352
2180,8128.753460076387
2181,7576.676541802369
2182,8185.182364066407
2183,4842.311659235817
2184,6978.75327839594
2185,7167.772547867806
2186,9677.251556930927
2187,8434.291075608433
2188,8150.914426324085
2189,5669.058995383722
2190,9012.11113188731
2191,6659.901907883434
2192,5063.3902657941935
2193,7413.10893037086
2194,7570.3204953085915
2195,6982.891496746178
2196,7730.572490662938
2197,6729.434900716162
2198,6750.392568817284
2199,5906.205340574534
2200,8546.200882728277
2201,7521.816766901252
2202,7641.554467094618
2203,9826.028681588881
2204,6920.8711506144455
2205,4917.192159800619
2206,12376.507695786308
2207,5972.168090774332
2208,3402.18080203521
2209,8566.31497426006
2210,9882.376233838773
2211,12755.967393715911
2212,5764.4976930983175
2213,6712.774206034222
2214,7155.665938059486
2215,7922.283099960998
2216,6389.461345015272
2217,9478.790732475914
2218,3486.2783137117344
2219,6148.196992514784
2220,6056.917712121434
2221,5753.417613703465
2222,6159.66434521099
2223,7555.946392965671
2224,8128.334609904236
2225,7307.7434320527045
2226,8669.364449627163
2227,8474.400140892369
2228,9407.358942488398
2229,5793.84406869165
2230,7656.573834140151
2231,7992.782630637123
2232,9508.851765625814
2233,8533.869210592624
2234,4303.995910452472
2235,9054.687811727077
2236,7487.025339922685
2237,8093.846774080074
2238,6206.868384715074
2239,4930.8741274503955
2240,9597.27927252786
2241,6353.516865131446
2242,9576.10363260013
2243,7327.638559548187
2244,6186.96412114523
2245,8625.029261475773
2246,7093.571467914256
2247,7433.8821094230825
2248,9496.943269521897
2249,6312.697839503424
2250,10152.950818240928
2251,11204.566613360155
2252,8951.61288437152
2253,5205.767473627311
2254,6694.432234018432
2255,5211.650268135502
2256,0.0
2257,8280.598993022993
2258,6548.389761969589
2259,8981.119328429882
2260,5681.72358527017
2261,6735.17970631306
2262,6874.783504835146
2263,9701.485491836724
2264,5975.729395988229
2265,6371.756195146108
2266,5868.436590937486
2267,8338.115926399581
2268,5974.802204732651
2269,8314.888911985006
2270,8554.746472348943
2271,8156.86645571608
2272,9276.100630855197
2273,7092.91137812556
2274,6274.650547845151
2275,5676.499004672622
2276,6476.966568917364
2277,11443.573968707478
2278,9801.078942194263
2279,10643.664979322866
2280,14997.204107146377
2281,5826.3729446934585
2282,5605.06704620651
2283,7050.453746282665
2284,8805.69110952151
2285,10411.953738001874
2286,8704.502795179536
2287,8707.292000769965
2288,8701.251989813712
2289,8465.485420838746
2290,7400.08550243743
2291,6447.366664027807
2292,5170.255426294173
2293,5659.59527943872
2294,4616.5806898687915
2295,6182.6908685468625
2296,8063.2312388376
2297,18217.116102789758
2298,7921.350494490658
2299,5768.3039725474
2300,8360.668702846822
2301,5320.219645112015
2302,7011.388509780808
2303,4868.19590030864
2304,10316.275838677226
2305,7444.244361607658
2306,6829.691516870918
2307,14581.240172306558
2308,11535.074982121852
2309,5666.499391634921
2310,8283.523020972676
2311,4565.647692067233
2312,5835.902552735898
2313,5970.4580503746065
2314,9126.273482182585
2315,5523.5683799003955
2316,5164.564004882156
2317,6462.116820945145
2318,6110.10254143989
2319,7674.11752018571
2320,8271.059902823583
2321,4812.900383348863
2322,8191.923235757373
2323,9551.02403856525
2324,7596.232942611347
2325,5644.689951310647
2326,5131.753648477014
2327,8405.139564545538
2328,5846.111722629313
2329,10680.021325541818
2330,5287.706076498149
2331,6630.2925184455835
2332,7983.004478320588
2333,6227.628425028818
2334,5913.321423941257
2335,6175.718964978285
2336,7731.2933222194515
2337,11217.459769984673
2338,10320.944781395221
2339,6437.8560685239245
2340,4967.670103171943
2341,7197.523028862665
2342,7200.430531339975
2343,5077.21229809227
2344,6741.886951233466
2345,6458.635663668777
2346,13528.218546346172
2347,8796.04496930094
2348,6724.0624024109875
2349,8341.251765530471
2350,6002.352756648462
2351,9069.408047764335
2352,6727.901961464374
2353,13932.377015588334
2354,7532.149217105554
2355,6034.168164741674
2356,6097.09519522144
2357,4570.7869835307465
2358,7126.575190117601
2359,19628.290242760482
2360,4888.461973158544
2361,5759.605243484493
2362,9635.70453654922
2363,7490.177699659263
2364,8085.627872293994
2365,9457.09545043173
2366,6734.270887881245
2367,5976.83368632439
2368,4943.23635005984
2369,11711.047423431384
2370,7157.273984402632
2371,8257.080816480962
2372,9433.937650994329
2373,6097.66801765006
2374,8511.926799385894
2375,7277.1199461069245
2376,4737.52484154535
2377,8815.830930096694
2378,10046.347291398399
2379,5667.534240737955
2380,8431.09170200558
2381,7751.601051341933
2382,5440.294197118544
2383,10553.869505471606
2384,7663.382446394762
2385,8109.4533367906515
2386,5737.618038406081
2387,5536.441223838511
2388,7673.169701974581
2389,0.0
2390,9336.017132034875
2391,4948.545222726228
2392,7052.490810482529
2393,5020.312639980332
2394,6855.817150777951
2395,6549.784994703799
2396,7276.504072064068
2397,7632.678293841152
2398,9499.497184479687
2399,7195.994758004737
2400,8280.855841102426
2401,7170.260409046592
2402,9168.932765672023
2403,11910.432019716049
2404,8186.183621496035
2405,3462.075891353012
2406,7622.81910692721
2407,7647.2118798266065
2408,4818.981895570672
2409,13058.567240263448
2410,6635.625351580897
2411,7241.451322744384
2412,12041.085807578116
2413,7665.711050874225
2414,4851.340507720682
2415,14573.969011591465
2416,10597.84703385509
2417,6698.7975802019755
2418,10154.767510589978
2419,9547.229072717662
2420,7369.628035088079
2421,6516.033543270352
2422,7144.286704348666
2423,6331.355529061242
2424,7169.591341277717
2425,7806.259999886366
2426,4976.661067872826
2427,8032.406275960933
2428,7983.002104824402
2429,6898.336724303874
2430,8783.90878843907
2431,6687.236267215427
2432,7709.030593430139
2433,5298.525701537077
2434,8377.307207774027
2435,7581.2175646236155
2436,6756.846985396134
2437,7634.229100203689
2438,8174.492562457259
2439,10615.032425969779
2440,6454.185141444981
2441,6186.440054663712
2442,7126.460827825875
2443,7708.95750506073
2444,8085.887597704559
2445,4885.296404392177
2446,4965.936878584947
2447,8544.030041877706
2448,7993.982717797013
2449,7027.085590376278
2450,8206.058265936439
2451,6685.343780697572
2452,7611.3402837100475
2453,5683.963730280678
2454,3474.829512686853
2455,8056.720836437655
2456,6931.021022567722
2457,7045.285527381891
2458,10634.339085830066
2459,8715.172397237924
2460,5304.616717456719
2461,8242.146590233986
2462,4914.167268471866
2463,3261.350837740791
2464,7533.297825567623
2465,14154.409518168623
2466,7992.0446006788625
2467,7656.225847217818
2468,5614.951877869044
2469,7134.558795462355
2470,9544.43970200173
2471,7073.308543970252
2472,9690.45235274594
2473,5729.001802101878
2474,5715.511545913
2475,6173.119545602573
2476,6645.9649055465
2477,5716.784070475388
2478,5726.764507823025
2479,5733.715768543435
2480,5559.391531438383
2481,7924.131912326276
2482,7831.813310392348
2483,6082.1765687072875
2484,7165.6748307018925
2485,8097.863498136381
2486,6459.800445605641
2487,5736.3941078204425
2488,10938.517362203393
2489,8015.380383697967
2490,6336.112790312537
2491,4195.187393625752
2492,10827.385964820283
2493,7014.470474337871
2494,6060.049409040151
2495,9503.294128025715
2496,9288.456888987277
2497,7756.009538406003
2498,6923.761005500865
2499,8059.695272341926
2500,9832.24597462406
2501,15508.645621049498
2502,5837.441601145205
2503,5671.8924977015895
2504,5634.909346345299
2505,7157.510959369636
2506,6434.333954858778
2507,9054.955082975519
2508,9252.5284651159
2509,6773.216116540452
2510,4843.023935505211
2511,6990.712888097287
2512,11381.626399001241
2513,5761.031886384905
2514,8302.696060186288
2515,4786.685130697303
2516,8006.342813872562
2517,8773.927972494508
2518,7948.280520350622
2519,8919.923754725933
2520,7095.384523498733
2521,5556.914246537017
2522,6919.673052759939
2523,7937.05820945623
2524,9510.64612808545
2525,7939.359260232924
2526,9450.22772150352
2527,7061.600987884052
2528,5004.306155284067
2529,10494.454496853403
2530,5074.892939035903
2531,10064.976418529024
2532,6690.859796403108
2533,5364.210001877439
2534,8278.079898895923
2535,6774.117151125352
2536,7908.763840445355
2537,8975.663131434587
2538,4355.458219827982
2539,5087.405455863276
2540,8306.177780897733
2541,10157.43499347134
2542,11905.340067312565
2543,6681.387635445562
2544,7433.900104448948
2545,7043.39955995385
2546,7433.820555375421
2547,5740.62106761129
2548,11281.482025305824
2549,9802.550938754182
2550,14497.028142615014
2551,5646.944330498042
2552,6684.788156375578
2553,0.0
2554,10091.394748446783
2555,5743.354590595624
2556,10758.496254197444
2557,7662.559123245408
2558,6862.335391287293
2559,6152.64838112006
2560,5901.342099201299
2561,5709.357523513511
2562,7667.49980163385
2563,5660.531477455066
2564,5704.373881256617
2565,9161.777193168497
2566,7258.224455231559
2567,22399.37468422475
2568,7582.363623533959
2569,6400.082185798606
2570,9592.58530573039
2571,14712.582026427444
2572,8639.50047965714
2573,9930.558093650006
2574,8291.427925129754
2575,9563.223062320962
2576,10001.711218033444
2577,7215.4977636519425
2578,6891.502991942936
2579,9083.932231427865
2580,10726.806692672772
2581,9159.79831907514
2582,11034.77322636185
2583,8032.3792079318755
2584,6931.273719813541
2585,7560.085004709976
2586,12929.988563869332
2587,12948.753117660848
2588,12265.481674496566
2589,10527.663179823483
2590,5532.5167915721595
2591,7765.606395436104
2592,6095.890772572683
2593,11099.715132741361
2594,13143.073549221257
2595,13914.427384206192
2596,8465.255182345307
2597,6975.649240119288
2598,6551.781203324302
2599,7705.239465789988
2600,12763.21622532383
2601,8289.95843410267
2602,7794.6290421424765
2603,7743.95048730336
2604,9535.520865600634
2605,4535.897207026192
2606,11191.037142237707
2607,6613.989093139983
2608,9907.739961787958
2609,8837.10092973343
2610,7388.127051607364
2611,11218.012070078625
2612,10136.844056653363
2613,7683.552447479003
2614,8562.213509601545
2615,10260.509325529165
2616,14675.377803440835
2617,9062.541663673124
2618,11882.04815948415
2619,11332.2249383993
2620,11828.715884482826
2621,9285.144418877091
2622,12493.643786281893
2623,6435.120944375432
2624,6299.234916848351
2625,7832.907215796438
2626,8917.234693629449
2627,12573.283448350156
2628,10756.752136514007
2629,8414.9991370466
2630,11119.10424288777
2631,10347.431278209831
2632,12238.337456757812
2633,4903.529846738585
2634,16809.491301851675
2635,6081.172085202952
2636,8452.247416202494
2637,11127.18409935529
2638,6814.137940018252
2639,8725.215107280692
2640,7775.084613483964
2641,9908.725565700815
2642,7789.990397938514
2643,7603.90312203229
2644,11001.07831796365
2645,10527.340551223828
2646,9745.973812515704
2647,7182.662256584869
2648,10336.537923906419
2649,15892.474924521252
2650,8991.797531371205
2651,6936.322455215207
2652,9233.178372379767
2653,8884.05686376711
2654,8041.8325910034955
2655,10985.23627990699
2656,4918.253210650291
2657,12027.359708961862
2658,7915.050600038726
2659,9961.39840250701
2660,11501.931135487037
2661,5721.62403464076
2662,7238.781587055256
2663,7845.398084783646
2664,11342.411731083195
2665,11309.033074884852
2666,6776.176420013745
2667,6485.782424613966
2668,10081.366557114467
2669,8717.645473967927
2670,8292.094525651315
2671,9847.163815285752
2672,9173.112241084673
2673,10050.370128210694
2674,7849.767629822658
2675,5948.275934452155
2676,8912.71540926065
2677,10245.30366352423
2678,10868.314647050744
2679,11010.28400720298
2680,10680.500898954993
2681,8063.358274170379
2682,13068.32570522466
2683,7529.761187288642
2684,8576.056631058349
2685,12186.445138423567
2686,9368.817857217307
2687,12431.146542678347
2688,11819.785452313714
2689,10840.03134371215
2690,7796.350807154067
2691,9673.244372758889
2692,10800.82826907339
2693,9432.444866912498
2694,5689.382534553991
2695,7901.412955792945
2696,11108.584959145615
2697,7818.939118059427
2698,5733.496497806843
2699,10190.012885834529
2700,9636.75012044495
2701,8748.636838649483
2702,8389.597477669035
2703,6842.718746609122
2704,9784.614499946963
2705,9811.726445145137
2706,8740.787438736239
2707,7856.360483892726
2708,6951.564881805202
2709,8547.634699751918
2710,5845.926477110923
2711,8706.401433996767
2712,8375.544585901853
2713,11051.297196079144
2714,10652.8766569431
2715,9594.884988723392
2716,16769.038452239183
2717,7818.626748080314
2718,7569.170127266709
2719,13709.995689564572
2720,9132.581855327444
2721,11915.001313915807
2722,9911.483342198118
2723,8029.559700492016
2724,8995.280049380179
2725,8289.829129690403
2726,9768.150088593276
2727,14729.462931058972
2728,8076.165664298828
2729,4170.780059868118
2730,6461.981278592634
2731,11764.258433458497
2732,12344.834098808784
2733,9095.34911279187
2734,9266.361749976972
2735,6653.904798097904
2736,6641.9617335699095
2737,4470.12870720411
2738,6740.521032383514
2739,8737.06373639645
2740,10484.450965774633
2741,9309.148097593343
2742,8414.037492443358
2743,10744.039068617596
2744,12849.45486603927
2745,10085.08822899102
2746,7165.427878192804
2747,13688.273673346192
2748,13195.682866846524
2749,7652.2528676182155
2750,9797.068282389668
2751,7035.984317968218
2752,8960.729461857958
2753,5691.099437488757
2754,10018.889048200801
2755,7587.724538711373
2756,12653.742451950284
2757,9691.467632030499
2758,11687.727969689915
2759,10736.790631230158
2760,7152.901055520382
2761,12146.40234350614
2762,22268.341683819515
2763,14468.20011123586
2764,8217.40503215992
2765,4253.98015055779
2766,8869.555371870363
2767,11121.528607796634
2768,8538.720927601811
2769,13099.866964705132
2770,21149.738256169487
2771,6125.189743364115
2772,7717.45962157542
2773,13843.586521214878
2774,6538.670512919401
2775,10219.443557735818
2776,8804.805939064488
2777,10602.870962597584
2778,8186.643404944259
2779,9423.745890590682
2780,8445.26390917134
2781,9659.604636597784
2782,13783.745208862792
2783,9169.324262391976
2784,8465.560892744394
2785,10327.473741782887
2786,7793.0801158558215
2787,8103.607791615138
2788,11106.512889272346
2789,7786.071650315516
2790,8211.122734733584
2791,9429.637769824967
2792,8602.945429193116
2793,9240.680991886535
2794,9819.735685782687
2795,10003.015726024172
2796,11184.823319243462
2797,11123.637785342993
2798,10215.692805819514
2799,7500.7474376031205
2800,5499.653795796857
2801,8904.20069370281
2802,9281.160073407687
2803,8707.304050503591
2804,6620.195498879834
2805,11391.438942997516
2806,9121.463715814878
2807,11210.77297189739
2808,9409.99521470836
2809,7651.624370709518
2810,6875.216517691617
2811,6005.987151368049
2812,13100.110109051166
2813,7879.056224269499
2814,9670.552721610895
2815,20054.403153664953
2816,10562.983570940849
2817,8309.650829399863
2818,7978.907242262485
2819,5833.598718817704
2820,9376.241891920223
2821,5476.678829992308
2822,7593.219718960678
2823,13470.535362298342
2824,6889.188199819737
2825,17489.071747886574
2826,18060.185679003407
2827,7833.104355239876
2828,9492.62633632779
2829,7602.122638863016
2830,9131.536333105743
2831,7593.8376021856275
2832,15516.996119746975
2833,10277.654372166546
2834,12716.785047926442
2835,6659.445152648098
2836,9650.119966386637
2837,7794.266589957373
2838,12485.738278808434
2839,9772.663070597384
2840,8852.17208370281
2841,9128.822947811557
2842,8011.382322972264
2843,11013.03085966867
2844,11884.18225154952
2845,9136.473355679429
2846,13183.634251003294
2847,9415.990319215016
2848,12345.745286283118
2849,7538.542263076882
2850,7853.477406887486
2851,7123.368817810363
2852,13923.737363166489
2853,9040.20755082312
2854,10357.226799457314
2855,9656.937624400498
2856,11962.559436227324
2857,6554.04561748954
2858,11243.59335219629
2859,9419.06405817426
2860,5512.545145808043
2861,18425.921956331233
2862,20748.87275290243
2863,9844.569572090786
2864,9697.013128171822
2865,12788.199951337987
2866,12953.83234425345
2867,13917.732536422736
2868,7061.335230825582
2869,9422.891645078504
2870,8241.594866295538
2871,12112.513189302184
2872,5180.387065798191
2873,8307.89011076464
2874,7852.002360209648
2875,8424.443773992012
2876,9904.331844016468
2877,7396.904598664807
2878,6534.428924346377
2879,10463.709719875167
2880,6499.598398819553
2881,7698.223323514764
2882,8608.022818880492
2883,8469.424166004803
2884,13145.224162922277
2885,12741.853014455333
2886,9720.143467477052
2887,9425.58463984444
2888,9004.872045163636
2889,14856.867470489693
2890,9338.569564848327
2891,7001.449958214343
2892,7304.484006381011
2893,14579.995141244844
2894,6183.929818058135
2895,9480.984095036385
2896,4284.912145886674
2897,6774.082767564278
2898,11262.452625798056
2899,9056.449788141503
2900,7201.855746528504
2901,11875.436727322594
2902,12572.402419816603
2903,15463.083532156103
2904,6847.736350514098
2905,13337.517157305127
2906,4102.102796090259
2907,7179.725274422975
2908,8907.77561195832
2909,6825.551871004462
2910,11747.169361174716
2911,6746.9429839305885
2912,7146.9315540568505
2913,10678.921007316038
2914,14270.251478183445
2915,13533.720623964562
2916,8059.838928519663
2917,6909.190070737005
2918,13725.202674980244
2919,11231.123692963283
2920,7673.83191964903
2921,7612.986118253174
2922,11181.363454941691
2923,12336.33638201772
2924,6679.979115299062
2925,7654.685680313337
2926,11318.281171780076
2927,9714.699814382177
2928,16932.280107709834
2929,9585.175239129841
2930,15844.415048856492
2931,9816.4150589889
2932,7009.486875311841
2933,4417.151444256662
2934,8707.676045412098
2935,8699.298222279629
2936,7959.835144512531
2937,11259.283764947771
2938,7583.362939380049
2939,6082.725937809425
2940,10076.831283141062
2941,4974.616239742641
2942,10730.74629444244
2943,9826.755324293748
2944,10841.987866255717
2945,11343.92997573577
2946,7851.638019526787
2947,11945.66325238172
2948,9523.860356499781
2949,8191.157912341839
2950,8765.809037973688
2951,6752.702069959115
2952,14132.85948683434
2953,8976.200614475052
2954,6916.519076202147
2955,9924.11230605907
2956,11551.745371652985
2957,9869.303117296497
2958,8541.651529295043
2959,10341.358889926712
2960,8115.158543468231
2961,7061.407000179983
2962,8103.1821485443115
2963,11667.743769792924
2964,8083.55628526632
2965,8737.442736680216
2966,8718.085982749913
2967,7843.4051065933045
2968,6307.842608245541
2969,7845.66419457794
2970,12413.896176617878
2971,11370.76308554559
2972,13768.481646047916
2973,14671.082127010113
2974,11237.839143170997
2975,9466.331434656699
2976,6761.237216701038
2977,13999.65062863959
2978,14523.949257417606
2979,10797.841633366126
2980,10156.972126536637
2981,10860.627108505083
2982,8857.098600888196
2983,5097.239074614311
2984,15504.839094198736
2985,9775.71220589333
2986,9394.624485626215
2987,8486.336040218997
2988,3646.4113209161765
2989,14302.176073812325
2990,8642.13274360938
2991,6535.690099592497
2992,6481.939772143001
2993,7529.007243646791
2994,9261.053950495325
2995,10508.595079969551
2996,10883.782380818697
2997,7723.683123760996
2998,6705.576341113685
2999,5712.532386363887
3000,4521.940156622746
3001,9699.729661475809
3002,19948.716372025145
3003,5983.812172487349
3004,7831.863315894402
3005,9053.315550953195
3006,7048.092105241003
3007,6872.929967709536
3008,7761.567231427527
3009,5304.057651713497
3010,10597.787702859525
3011,9178.505847471093
3012,5350.140261815456
3013,12827.481281627632
3014,7746.927020263866
3015,6662.137234316798
3016,13088.495557997707
3017,10741.952864051189
3018,12381.031686790233
3019,7150.388838295937
3020,8460.577031597735
3021,6954.34463219915
3022,6688.6653475245175
3023,18470.494770816542
3024,13958.08613372386
3025,8635.787606796188
3026,7444.761215626872
3027,7770.266889271839
3028,8409.784195785085
3029,5813.25918793651
3030,13083.65011566646
3031,7856.678936804289
3032,7972.8652293852965
3033,10640.175421494076
3034,6641.180148150911
3035,8886.74168616168
3036,9879.44905144992
3037,9617.686309326944
3038,10197.605368190518
3039,5685.761305527336
3040,8479.362448822845
3041,9046.437269022013
3042,12034.298781285179
3043,10275.408698342108
3044,10237.898504937686
3045,6737.80181406387
3046,11340.866347003142
3047,8035.90144216345
3048,6128.606352243021
3049,9092.240091470212
3050,9405.589428989308
3051,8456.59367316833
3052,9717.356782626583
3053,8257.536396834386
3054,8391.033955116367
3055,7186.894253209481
3056,10523.472730411771
3057,9288.393920559096
3058,9810.694979949234
3059,12304.830672686943
3060,8507.813227910197
3061,5831.939313386061
3062,14572.192906726727
3063,7209.432617816345
3064,4131.735947509567
3065,10330.467622927505
3066,12192.549254473657
3067,14797.25071990188
3068,6915.338805675574
3069,8239.916283144728
3070,8820.434546812412
3071,9777.432478541044
3072,7960.16628186967
3073,12033.317784119155
3074,4339.3748250156905
3075,7575.417229611839
3076,7528.603923774629
3077,6905.397357458309
3078,7682.52967886845
3079,9516.660595462887
3080,10101.07088517343
3081,9020.678698821075
3082,10603.622619191692
3083,10906.390171893863
3084,11929.677785377853
3085,7137.096432612423
3086,9527.262374255693
3087,9804.246829506572
3088,12003.478535448463
3089,10455.475254118703
3090,4998.078527590685
3091,9862.422546480022
3092,9465.150213294757
3093,10099.103940871566
3094,7759.717634562093
3095,5914.564194218675
3096,11967.939539931733
3097,7806.474701017068
3098,11769.602864668614
3099,9200.166240031705
3100,7347.112335066198
3101,10939.712546704059
3102,8563.32993962397
3103,9193.954546838448
3104,11723.752486688662
3105,7805.001807770072
3106,12461.889682849564
3107,13721.37313345861
3108,11072.034590606063
3109,6245.2854652225515
3110,8330.719695764057
3111,6409.311914764331
3112,0.0
3113,9965.397581558935
3114,8129.535704764189
3115,10969.854380997045
3116,6830.540685464269
3117,8362.810067139791
3118,8426.745832251401
3119,11819.194084543307
3120,7607.3279073945105
3121,7981.998639947489
3122,7184.565058992671
3123,10033.188137825386
3124,7519.1604293246855
3125,10343.62789546436
3126,10570.101835783007
3127,9770.975264157196
3128,11847.295274657045
3129,8767.240423551277
3130,7830.2634604452305
3131,6741.060273219042
3132,7998.332944072916
3133,13792.266196337114
3134,11922.586034920274
3135,11623.29584552364
3136,15359.453487802704
3137,6898.520008083074
3138,6751.080864142896
3139,8469.227451576917
3140,11045.22279383578
3141,13325.991682723687
3142,11072.357595334997
3143,10909.084019656331
3144,10974.8897747072
3145,10262.044248031614
3146,9212.310763101834
3147,7977.00580994991
3148,6181.6768788913905
3149,6955.865090676823
3150,5398.928970312056
3151,7670.845505420643
3152,9868.011860241413
3153,20470.254611296044
3154,9795.811001189111
3155,6908.9268490064605
3156,10261.250712219397
3157,6581.070727336532
3158,8767.283206211925
3159,5742.261215464094
3160,12534.448144882224
3161,9329.211561009366
3162,8389.648569752504
3163,16953.980385325
3164,12326.777110667392
3165,6755.984233765097
3166,10205.365799225296
3167,5411.911951075301
3168,6978.386149926343
3169,7136.43730931852
3170,11672.342880017208
3171,6710.781477331254
3172,6548.185910366274
3173,7921.770737530753
3174,7637.623246206935
3175,9295.613557518238
3176,10464.055120379078
3177,5700.425401329358
3178,10233.065943695858
3179,11785.104493399416
3180,9513.096383733835
3181,6771.574548662253
3182,6344.992405681592
3183,10326.713439945413
3184,7103.261021432973
3185,12947.74866622047
3186,6649.670687802264
3187,8253.330043374555
3188,9815.563609275006
3189,7818.767558168202
3190,7290.297012652243
3191,7825.213217781744
3192,9880.535595520781
3193,13401.599457527649
3194,12531.80778856184
3195,7948.520660131998
3196,5951.619535278385
3197,8830.243016527696
3198,8860.608995997158
3199,6088.357311413125
3200,8322.554503057192
3201,7908.046025771074
3202,15913.455541799238
3203,11021.667638116462
3204,8273.422251530179
3205,10328.570177056885
3206,7271.54016795082
3207,11069.17066757398
3208,8269.869935436362
3209,16149.120884114454
3210,9539.99422296681
3211,7630.446606499211
3212,7516.533710529011
3213,5237.343239758701
3214,8568.16062671329
3215,21894.74331445711
3216,5828.223905214503
3217,7095.7726481356285
3218,11755.571348853067
3219,9115.579726391408
3220,9943.39727805571
3221,11986.82350966561
3222,8349.589659022135
3223,7557.020382382411
3224,5842.131142058027
3225,14087.553767342422
3226,8774.22914463966
3227,9942.813165794054
3228,11849.0907802445
3229,7375.72910642752
3230,10771.641321570449
3231,9092.393538326773
3232,5593.471727053805
3233,10919.791262030183
3234,11074.990047276433
3235,6710.04659929195
3236,10566.447142799581
3237,9810.110093355335
3238,5661.902625347171
3239,13222.275366183581
3240,9718.630375734368
3241,9864.335226823123
3242,6737.846120865736
3243,6671.710424830887
3244,9427.658226995958
3245,0.0
3246,11544.434364108018
3247,5712.71494586204
3248,8491.955468476506
3249,5971.962604456261
3250,8539.059401137742
3251,7951.269279454365
3252,8914.842619418076
3253,9733.865008305616
3254,11750.494000437202
3255,8928.688696865856
3256,9872.809925545378
3257,8596.098617512538
3258,11144.491230194484
3259,14047.964238195658
3260,9799.955316823989
3261,4396.493962477025
3262,9165.827941145579
3263,9512.216859602047
3264,5513.693814672734
3265,15527.381767127501
3266,8235.359030453757
3267,8880.59668306288
3268,14063.144058911035
3269,9178.078092661255
3270,5828.912682931209
3271,16825.30282095785
3272,13079.144338503442
3273,8316.308750524842
3274,12372.199297044732
3275,11779.95942180739
3276,9201.92472903042
3277,7862.716814608761
3278,8765.745990170764
3279,7811.2922050991065
3280,8799.63311982218
3281,9771.410781088684
3282,5853.701440764121
3283,9713.014720648778
3284,10041.329250083692
3285,8416.625120942459
3286,11151.700722461714
3287,8226.746671877743
3288,9268.356318755767
3289,5248.693254966944
3290,10235.918809261682
3291,9318.056932369602
3292,8297.166468798496
3293,9227.01971341285
3294,10032.360549669587
3295,12938.359454126785
3296,7950.318565073106
3297,7612.26291853544
3298,8935.116659765376
3299,9739.09724105332
3300,9961.94421168752
3301,5874.152984246183
3302,5950.231797264969
3303,10290.290469237681
3304,8661.695335719141
3305,8566.365217000537
3306,10216.67251208283
3307,8390.60694000128
3308,9228.109197099777
3309,7018.3683598069065
3310,4322.577583389437
3311,9996.911894267185
3312,8729.025734004437
3313,8712.371250385853
3314,13084.212337251663
3315,10860.191202604452
3316,6370.617093192048
3317,9953.814382547836
3318,5878.987483032023
3319,4026.603944882161
3320,9237.078699737498
3321,16142.730412800867
3322,9804.17633023844
3323,9442.205132709683
3324,6742.782876430809
3325,8690.767119758882
3326,11622.122147357779
3327,8815.399483349353
3328,12063.065818032934
3329,6761.294871175715
3330,6723.164613004509
3331,7618.611782837593
3332,7997.790035889078
3333,6742.622905389137
3334,6892.971355778964
3335,7097.264395690156
3336,6790.258735624322
3337,9742.748898157804
3338,9749.519217894029
3339,7721.018669541333
3340,8661.978598768786
3341,10175.422693856646
3342,7841.533304313829
3343,6970.30249001129
3344,13897.377833398175
3345,9884.369586330424
3346,7871.9206529776875
3347,5041.6912980235975
3348,13102.810296523858
3349,8837.239462008894
3350,7577.41185696408
3351,12092.952282156895
3352,11422.74533198194
3353,9733.348191188983
3354,8622.203063579595
3355,9656.898871713829
3356,12092.617357514446
3357,18685.571060483024
3358,7021.4859419922395
3359,6798.273831576049
3360,6886.806259548779
3361,8725.573510312506
3362,8020.6616388681105
3363,11129.494956337836
3364,11301.448739218327
3365,8282.064369574315
3366,5551.667009258238
3367,8562.769541103758
3368,12431.494241475308
3369,6856.665996789353
3370,10412.922757419747
3371,5468.505721516741
3372,9957.172738392648
3373,10834.546291315462
3374,9759.109534682659
3375,10929.839775678003
3376,8803.433952357855
3377,6721.596585868491
3378,8558.799322325514
3379,9696.651667736312
3380,11796.749996336112
3381,9785.47645201217
3382,11850.400257263402
3383,8812.46586132661
3384,6060.698400575495
3385,12839.012450720953
3386,6126.6221281579765
3387,12299.322096190312
3388,8285.798896602768
3389,6541.2927335545655
3390,10317.154136019695
3391,8195.501351242552
3392,9698.053774288635
3393,10953.805875810473
3394,5238.880089416378
3395,6088.559175666146
3396,10662.042073395809
3397,12611.96098278455
3398,14097.767675331934
3399,8285.57253200267
3400,8999.133152452681
3401,8591.585550130036
3402,9321.715016057644
3403,6863.800150897102
3404,13805.80714748229
3405,12104.129618585239
3406,17218.20348256265
3407,6843.257499389069
3408,8159.34041305433
3409,0.0
3410,11016.219762043265
3411,6898.644479587382
3412,13452.484913548204
3413,9436.930225540855
3414,8487.450758796027
3415,7810.933903915593
3416,7248.117062598211
3417,6759.7907902460365
3418,9558.90779242586
3419,6925.230579478723
3420,6707.05479080229
3421,11475.009705125609
3422,8964.260027222143
3423,23724.96187147624
3424,9722.621881137095
3425,0.0
3426,0.0
3427,0.0
3428,0.0
3429,0.0
3430,0.0
3431,0.0
3432,0.0
3433,0.0
3434,0.0
3435,0.0
3436,0.0
3437,0.0
3438,0.0
3439,0.0
3440,0.0
3441,0.0
3442,0.0
3443,0.0
3444,0.0
3445,0.0
3446,0.0
3447,0.0
3448,0.0
3449,0.0
3450,0.0
3451,0.0
3452,0.0
3453,0.0
3454,0.0
3455,0.0
3456,0.0
3457,0.0
3458,0.0
3459,0.0
3460,0.0
3461,0.0
3462,0.0
3463,0.0
3464,0.0
3465,0.0
3466,0.0
3467,0.0
3468,0.0
3469,0.0
3470,0.0
3471,0.0
3472,0.0
3473,0.0
3474,0.0
3475,0.0
3476,0.0
3477,0.0
3478,0.0
3479,0.0
3480,0.0
3481,0.0
3482,0.0
3483,0.0
3484,0.0
3485,0.0
3486,0.0
3487,0.0
3488,0.0
3489,0.0
3490,0.0
3491,0.0
3492,0.0
3493,0.0
3494,0.0
3495,0.0
3496,0.0
3497,0.0
3498,0.0
3499,0.0
3500,0.0
3501,0.0
3502,0.0
3503,0.0
3504,0.0
3505,0.0
3506,0.0
3507,0.0
3508,0.0
3509,0.0
3510,0.0
3511,0.0
3512,0.0
3513,0.0
3514,0.0
3515,0.0
3516,4225.297900779849
3517,0.0
3518,0.0
3519,0.0
3520,0.0
3521,0.0
3522,0.0
3523,0.0
3524,0.0
3525,0.0
3526,0.0
3527,0.0
3528,0.0
3529,0.0
3530,0.0
3531,0.0
3532,0.0
3533,0.0
3534,0.0
3535,0.0
3536,0.0
3537,0.0
3538,0.0
3539,0.0
3540,0.0
3541,0.0
3542,0.0
3543,0.0
3544,0.0
3545,0.0
3546,0.0
3547,0.0
3548,0.0
3549,0.0
3550,0.0
3551,0.0
3552,0.0
3553,0.0
3554,0.0
3555,0.0
3556,0.0
3557,0.0
3558,0.0
3559,0.0
3560,0.0
3561,0.0
3562,0.0
3563,0.0
3564,0.0
3565,0.0
3566,0.0
3567,0.0
3568,0.0
3569,0.0
3570,0.0
3571,0.0
3572,0.0
3573,0.0
3574,0.0
3575,0.0
3576,0.0
3577,0.0
3578,0.0
3579,0.0
3580,0.0
3581,0.0
3582,0.0
3583,0.0
3584,2988.3760330457276
3585,0.0
3586,0.0
3587,0.0
3588,0.0
3589,0.0
3590,0.0
3591,0.0
3592,0.0
3593,0.0
3594,0.0
3595,0.0
3596,0.0
3597,0.0
3598,0.0
3599,0.0
3600,0.0
3601,0.0
3602,0.0
3603,0.0
3604,0.0
3605,0.0
3606,0.0
3607,0.0
3608,0.0
3609,0.0
3610,0.0
3611,0.0
3612,0.0
3613,0.0
3614,0.0
3615,0.0
3616,0.0
3617,0.0
3618,0.0
3619,0.0
3620,0.0
3621,0.0
3622,0.0
3623,0.0
3624,0.0
3625,15016.078360982174
3626,27674.610958429756
3627,0.0
3628,0.0
3629,0.0
3630,0.0
3631,0.0
3632,0.0
3633,0.0
3634,9839.724404204426
3635,0.0
3636,0.0
3637,0.0
3638,0.0
3639,0.0
3640,0.0
3641,0.0
3642,0.0
3643,0.0
3644,0.0
3645,0.0
3646,0.0
3647,0.0
3648,0.0
3649,0.0
3650,0.0
3651,0.0
3652,0.0
3653,5688.654526318395
3654,0.0
3655,0.0
3656,0.0
3657,0.0
3658,0.0
3659,0.0
3660,0.0
3661,0.0
3662,0.0
3663,3537.039541547098
3664,0.0
3665,0.0
3666,0.0
3667,0.0
3668,0.0
3669,0.0
3670,0.0
3671,0.0
3672,0.0
3673,0.0
3674,0.0
3675,0.0
3676,0.0
3677,0.0
3678,0.0
3679,0.0
3680,0.0
3681,7390.660866433373
3682,0.0
3683,0.0
3684,0.0
3685,0.0
3686,0.0
3687,0.0
3688,0.0
3689,0.0
3690,0.0
3691,0.0
3692,0.0
3693,0.0
3694,0.0
3695,0.0
3696,0.0
3697,0.0
3698,9915.732945769714
3699,0.0
3700,0.0
3701,0.0
3702,0.0
3703,0.0
3704,0.0
3705,0.0
3706,0.0
3707,0.0
3708,0.0
3709,0.0
3710,0.0
3711,0.0
3712,0.0
3713,0.0
3714,0.0
3715,0.0
3716,0.0
3717,0.0
3718,0.0
3719,0.0
3720,0.0
3721,0.0
3722,0.0
3723,0.0
3724,0.0
3725,0.0
3726,0.0
3727,0.0
3728,0.0
3729,0.0
3730,0.0
3731,0.0
3732,0.0
3733,0.0
3734,0.0
3735,0.0
3736,0.0
3737,0.0
3738,0.0
3739,0.0
3740,0.0
3741,0.0
3742,0.0
3743,0.0
3744,0.0
3745,0.0
3746,0.0
3747,0.0
3748,0.0
3749,0.0
3750,0.0
3751,0.0
3752,0.0
3753,0.0
3754,0.0
3755,0.0
3756,0.0
3757,0.0
3758,0.0
3759,0.0
3760,2020.7485995299332
3761,0.0
3762,0.0
3763,0.0
3764,0.0
3765,0.0
3766,0.0
3767,0.0
3768,0.0
3769,0.0
3770,0.0
3771,0.0
3772,0.0
3773,0.0
3774,6138.501359343067
3775,0.0
3776,0.0
3777,0.0
3778,0.0
3779,0.0
3780,0.0
3781,0.0
3782,0.0
3783,0.0
3784,0.0
3785,0.0
3786,0.0
3787,0.0
3788,0.0
3789,0.0
3790,0.0
3791,0.0
3792,0.0
3793,0.0
3794,0.0
3795,0.0
3796,0.0
3797,0.0
3798,0.0
3799,0.0
3800,0.0
3801,0.0
3802,0.0
3803,0.0
3804,0.0
3805,0.0
3806,0.0
3807,0.0
3808,0.0
3809,0.0
3810,0.0
3811,0.0
3812,0.0
3813,0.0
3814,0.0
3815,0.0
3816,0.0
3817,8245.6192448081
3818,0.0
3819,0.0
3820,0.0
3821,0.0
3822,0.0
3823,0.0
3824,0.0
3825,0.0
3826,0.0
3827,2923.250961978498
3828,0.0
3829,0.0
3830,0.0
3831,5790.031319913489
3832,0.0
3833,0.0
3834,0.0
3835,0.0
3836,0.0
3837,0.0
3838,0.0
3839,0.0
3840,0.0
3841,0.0
3842,0.0
3843,0.0
3844,0.0
3845,0.0
3846,0.0
3847,0.0
3848,0.0
3849,0.0
3850,0.0
3851,0.0
3852,0.0
3853,0.0
3854,0.0
3855,0.0
3856,0.0
3857,0.0
3858,21534.20400488354
3859,0.0
3860,0.0
3861,0.0
3862,0.0
3863,0.0
3864,0.0
3865,0.0
3866,0.0
3867,0.0
3868,0.0
3869,0.0
3870,0.0
3871,0.0
3872,7155.925574091531
3873,0.0
3874,0.0
3875,0.0
3876,0.0
3877,0.0
3878,0.0
3879,0.0
3880,0.0
3881,0.0
3882,0.0
3883,0.0
3884,0.0
3885,0.0
3886,0.0
3887,0.0
3888,0.0
3889,0.0
3890,0.0
3891,0.0
3892,0.0
3893,0.0
3894,0.0
3895,0.0
3896,0.0
3897,0.0
3898,0.0
3899,0.0
3900,0.0
3901,0.0
3902,0.0
3903,0.0
3904,0.0
3905,0.0
3906,0.0
3907,0.0
3908,0.0
3909,0.0
3910,0.0
3911,0.0
3912,0.0
3913,0.0
3914,0.0
3915,0.0
3916,0.0
3917,0.0
3918,0.0
3919,0.0
3920,0.0
3921,0.0
3922,0.0
3923,0.0
3924,0.0
3925,0.0
3926,0.0
3927,0.0
3928,0.0
3929,0.0
3930,0.0
3931,0.0
3932,0.0
3933,0.0
3934,0.0
3935,0.0
3936,0.0
3937,0.0
3938,0.0
3939,0.0
3940,0.0
3941,0.0
3942,0.0
3943,0.0
3944,0.0
3945,0.0
3946,0.0
3947,12566.670711526069
3948,0.0
3949,0.0
3950,0.0
3951,0.0
3952,0.0
3953,0.0
3954,0.0
3955,0.0
3956,0.0
3957,0.0
3958,0.0
3959,0.0
3960,0.0
3961,0.0
3962,0.0
3963,0.0
3964,0.0
3965,0.0
3966,0.0
3967,0.0
3968,0.0
3969,0.0
3970,0.0
3971,0.0
3972,0.0
3973,0.0
3974,0.0
3975,0.0
3976,0.0
3977,0.0
3978,0.0
3979,0.0
3980,0.0
3981,0.0
3982,0.0
3983,0.0
3984,0.0
3985,0.0
3986,0.0
3987,0.0
3988,0.0
3989,0.0
3990,0.0
3991,4820.635162964526
3992,16136.314787119542
3993,0.0
3994,0.0
3995,0.0
3996,0.0
3997,0.0
3998,0.0
3999,0.0
4000,0.0
4001,0.0
4002,0.0
4003,0.0
4004,0.0
4005,0.0
4006,0.0
4007,0.0
4008,0.0
4009,0.0
4010,0.0
4011,0.0
4012,0.0
4013,0.0
4014,0.0
4015,0.0
4016,0.0
4017,0.0
4018,0.0
4019,0.0
4020,12520.869907343667
4021,0.0
4022,0.0
4023,0.0
4024,0.0
4025,0.0
4026,0.0
4027,0.0
4028,0.0
4029,0.0
4030,0.0
4031,0.0
4032,0.0
4033,0.0
4034,0.0
4035,0.0
4036,0.0
4037,0.0
4038,0.0
4039,0.0
4040,0.0
4041,0.0
4042,0.0
4043,0.0
4044,0.0
4045,0.0
4046,0.0
4047,0.0
4048,0.0
4049,0.0
4050,0.0
4051,0.0
4052,0.0
4053,0.0
4054,0.0
4055,0.0
4056,0.0
4057,0.0
4058,0.0
4059,0.0
4060,0.0
4061,0.0
4062,0.0
4063,0.0
4064,0.0
4065,0.0
4066,0.0
4067,0.0
4068,0.0
4069,0.0
4070,0.0
4071,0.0
4072,0.0
4073,0.0
4074,0.0
4075,0.0
4076,0.0
4077,0.0
4078,0.0
4079,0.0
4080,0.0
4081,0.0
4082,0.0
4083,0.0
4084,0.0
4085,0.0
4086,0.0
4087,0.0
4088,0.0
4089,0.0
4090,3279.026087811796
4091,0.0
4092,0.0
4093,0.0
4094,2453.9235541748394
4095,0.0
4096,0.0
4097,0.0
4098,0.0
4099,0.0
4100,0.0
4101,0.0
4102,0.0
4103,0.0
4104,0.0
4105,0.0
4106,0.0
4107,0.0
4108,0.0
4109,0.0
4110,0.0
4111,0.0
4112,0.0
4113,0.0
4114,0.0
4115,0.0
4116,0.0
4117,0.0
4118,0.0
4119,0.0
4120,0.0
4121,0.0
4122,0.0
4123,0.0
4124,0.0
4125,0.0
4126,0.0
4127,0.0
4128,0.0
4129,0.0
4130,0.0
4131,0.0
4132,0.0
4133,0.0
4134,0.0
4135,0.0
4136,0.0
4137,0.0
4138,0.0
4139,0.0
4140,0.0
4141,0.0
4142,0.0
4143,0.0
4144,0.0
4145,2952.998920217783
4146,0.0
4147,0.0
4148,0.0
4149,0.0
4150,0.0
4151,0.0
4152,0.0
4153,0.0
4154,0.0
4155,0.0
4156,0.0
4157,0.0
4158,0.0
4159,0.0
4160,11891.684761870498
4161,0.0
4162,0.0
4163,0.0
4164,0.0
4165,0.0
4166,0.0
4167,0.0
4168,0.0
4169,0.0
4170,0.0
4171,0.0
4172,0.0
4173,0.0
4174,0.0
4175,0.0
4176,0.0
4177,0.0
4178,0.0
4179,0.0
4180,0.0
4181,0.0
4182,0.0
4183,0.0
4184,0.0
4185,0.0
4186,0.0
4187,0.0
4188,0.0
4189,0.0
4190,0.0
4191,0.0
4192,0.0
4193,0.0
4194,0.0
4195,0.0
4196,0.0
4197,0.0
4198,0.0
4199,0.0
4200,0.0
4201,0.0
4202,0.0
4203,0.0
4204,0.0
4205,0.0
4206,0.0
4207,0.0
4208,0.0
4209,0.0
4210,0.0
4211,0.0
4212,0.0
4213,0.0
4214,0.0
4215,0.0
4216,0.0
4217,0.0
4218,0.0
4219,0.0
4220,0.0
4221,0.0
4222,0.0
4223,0.0
4224,5971.79343661509
4225,0.0
4226,0.0
4227,0.0
4228,0.0
4229,0.0
4230,0.0
4231,0.0
4232,0.0
4233,0.0
4234,0.0
4235,0.0
4236,0.0
4237,0.0
4238,0.0
4239,0.0
4240,0.0
4241,0.0
4242,0.0
4243,0.0
4244,0.0
4245,0.0
4246,0.0
4247,0.0
4248,0.0
4249,0.0
4250,0.0
4251,0.0
4252,0.0
4253,0.0
4254,0.0
4255,0.0
4256,0.0
4257,0.0
4258,0.0
4259,0.0
4260,0.0
4261,0.0
4262,0.0
4263,0.0
4264,0.0
4265,14051.705520433998
4266,5354.5444723813425
4267,0.0
4268,0.0
4269,0.0
4270,0.0
4271,0.0
4272,0.0
4273,0.0
4274,0.0
4275,0.0
4276,0.0
4277,0.0
4278,0.0
4279,0.0
4280,0.0
4281,4163.413586624639
4282,4269.57068661159
4283,6842.465159994971
4284,3449.85348788075
4285,5670.687735418273
4286,4932.698679297054
4287,5429.061585308383
4288,6053.906129281925
4289,4548.835014796082
4290,3293.4181949768063
4291,5783.657092691544
4292,5165.274323867486
4293,4445.392778809889
4294,5841.002072317535
4295,5717.597370611947
4296,3425.709130005744
4297,4407.078427667297
4298,7041.7335173059955
4299,8093.109197950785
4300,6331.512270837644
4301,7044.006858581002
4302,3119.47399437999
4303,5367.028724639644
4304,3029.676795558463
4305,7488.187031970929
4306,8617.143469993538
4307,9327.919442695791
4308,5779.347969881633
4309,2656.5523365680538
4310,4096.379684368903
4311,5038.539345487566
4312,7054.73373287468
4313,4394.692303820171
4314,5535.6321727572795
4315,4592.495335513808
4316,5344.809981094616
4317,2110.1042852016553
4318,7616.317094298877
4319,4398.095164887406
4320,6360.49851314996
4321,5761.41937382611
4322,3038.45996242412
4323,8253.094831662562
4324,6142.239771025522
4325,4543.200073221814
4326,3704.2026214110133
4327,7574.703761004475
4328,10326.694504501575
4329,6353.510925228228
4330,5945.997514650652
4331,7446.86388137385
4332,7244.65937478069
4333,5711.29059330455
4334,6091.8055770344035
4335,2496.1967786756445
4336,2864.3484677536967
4337,4170.879217917765
4338,6130.081356476036
4339,7738.158416965965
4340,7215.892457913474
4341,4270.574476842852
4342,7941.015062281127
4343,6820.82138598049
4344,4720.485524218214
4345,2486.9008944719035
4346,10096.01934590544
4347,3147.4964736643897
4348,4460.82421000455
4349,6457.396887607968
4350,4043.481016056866
4351,5411.59679530963
4352,2808.0394091033854
4353,5776.39439325085
4354,5292.6102617794495
4355,5024.683757275599
4356,7270.097942575072
4357,7213.061160047798
4358,5018.031658187036
4359,3308.9975571541663
4360,7455.714306824249
4361,10983.328231962478
4362,5290.936064920359
4363,2982.6384336176848
4364,6388.749094378595
4365,5438.55117690605
4366,5725.03655282578
4367,7652.793547271549
4368,1981.9872648862297
4369,7732.609770960537
4370,4682.450505569949
4371,6159.652788559009
4372,7452.341239023962
4373,2741.072419357743
4374,4179.65361164172
4375,5138.8915064701005
4376,7272.9590964154295
4377,6465.598607264364
4378,4342.6785631568255
4379,4408.434087910132
4380,6410.083753183279
4381,5777.051297502046
4382,4854.627302941534
4383,5722.430314790509
4384,4611.444737890551
4385,6044.999598105584
4386,4757.637090448449
4387,3091.1920534154574
4388,5331.28673442248
4389,5507.485388970518
4390,5998.302777777083
4391,7046.510095910333
4392,7747.732515927532
4393,4217.462452587613
4394,7438.572334495964
4395,3118.905385957711
4396,3200.528038743639
4397,7214.866423071157
4398,6547.729523082563
4399,6923.500816742783
4400,8897.373608901029
4401,6730.791110966064
4402,5096.655367857283
4403,6179.53009202698
4404,6909.9408540454315
4405,4590.997422556711
4406,2966.3183492904686
4407,4744.417146938099
4408,4681.22260274081
4409,4922.561555220894
4410,3112.479232101188
4411,5193.612882355593
4412,5920.613242532534
4413,5478.518887632427
4414,5679.5185249956385
4415,2874.0665655928588
4416,5765.215805924641
4417,6714.862793062029
4418,3326.3895367163877
4419,5213.010854211989
4420,3582.856607775059
4421,5245.934145491738
4422,3337.945808078276
4423,4327.783555525251
4424,5126.97891064624
4425,7147.815415758551
4426,6272.464793494948
4427,6059.221513671441
4428,11978.479025263965
4429,4302.440604272729
4430,5180.460963752489
4431,9748.997106105811
4432,5628.7204354262985
4433,7821.355885779022
4434,5945.948452572509
4435,5360.01529253008
4436,6369.947056336709
4437,4527.081479185373
4438,4643.258336916029
4439,8127.244896475043
4440,5066.993999459824
4441,2437.668431002403
4442,3479.2015198816835
4443,7402.457925070768
4444,8805.52708201419
4445,5660.554526687311
4446,5805.7220528576
4447,4525.228599131631
4448,2860.7207276577724
4449,1455.9901371926783
4450,3322.0838373401643
4451,5630.986553079541
4452,7240.722942094835
4453,5094.030333276466
4454,4233.224515196318
4455,7598.031672239168
4456,7819.422292906922
4457,7199.052381984488
4458,4847.5236936161145
4459,8032.834932726675
4460,8578.510245066762
4461,3406.9251565588434
4462,4897.010937144755
4463,4728.207371479637
4464,6142.651911226879
4465,3289.0225446900986
4466,5085.748955757625
4467,4540.749480339094
4468,8549.760342471203
4469,5872.27867742256
4470,7077.6951753008725
4471,6710.947804173583
4472,4854.780026712375
4473,7600.913955522853
4474,16291.203216425087
4475,8573.11978484418
4476,3730.646008798292
4477,2918.602765710365
4478,6204.681245384241
4479,6150.519962182851
4480,4345.842501144696
4481,9165.23354871054
4482,17564.032494146577
4483,4104.829046708661
4484,2877.3514902706975
4485,9916.254898348996
4486,3081.36115346488
4487,4938.376392575255
4488,3192.5797009681764
4489,5615.781406740255
4490,0.0
4491,6005.406182275293
4492,5121.3175404914755
4493,5136.536908206332
4494,9334.647373272717
4495,5956.005232292787
4496,5831.5344438267875
4497,6548.662048500766
4498,4852.965534315739
4499,5566.534831777513
4500,7668.427492420817
4501,4697.331127468062
4502,5428.832084922825
4503,4290.742379416293
4504,3521.497386890437
4505,5622.770971954977
4506,4474.971335409131
4507,4733.429173244128
4508,7520.477660495436
4509,8904.667163587892
4510,6857.449787897836
4511,4155.566275329895
4512,3893.2268206030417
4513,4431.8243013134015
4514,4628.184603415755
4515,6038.509979875148
4516,3069.7898243761288
4517,6678.835647961164
4518,5157.3704571067165
4519,7679.563642757032
4520,5592.894369407012
4521,4466.303419314182
4522,3115.661761082913
4523,2524.366902392982
4524,8574.917790281055
4525,5241.820919488925
4526,5365.325391749422
4527,13591.693342568775
4528,7337.8831680038775
4529,3475.435942850609
4530,5554.28910099512
4531,2538.8323503215042
4532,4235.381023722689
4533,3628.3184054484027
4534,3670.7517429378577
4535,8751.827423719933
4536,4686.849201336181
4537,9071.702189095085
4538,9995.157890574852
4539,5585.046659301048
4540,5330.942317185475
4541,4120.514508945083
4542,4907.046449013433
4543,4572.9568139877565
4544,10289.037685129695
4545,6107.070017960569
4546,7318.075694216234
4547,3284.5409292161053
4548,5331.699026050288
4549,5502.751883606028
4550,7694.838156785802
4551,6651.600823155041
4552,5220.297283642228
4553,6284.230021029608
4554,4728.617795234564
4555,7844.974596320234
4556,6812.6001249072515
4557,6673.1034623804835
4558,8567.06313503125
4559,6885.637217405106
4560,7864.312707319355
4561,3437.5487049030603
4562,5034.639970033694
4563,4936.333306296363
4564,8989.707133982
4565,6764.5538889408135
4566,7029.87190875623
4567,5942.558348763153
4568,7518.049511082762
4569,4672.715118139996
4570,6447.343075487042
4571,5688.338071608425
4572,3232.767545092365
4573,12005.199663588352
4574,15846.056370615612
4575,6305.47166083767
4576,6192.353507208406
4577,6837.995835499713
4578,7858.58015190317
4579,7372.679322123149
4580,2697.625134067061
4581,4378.149757676999
4582,5378.835732569886
4583,8071.285997562027
4584,2443.9317630155233
4585,4143.812371493524
4586,5083.634561086257
4587,4882.3047192172835
4588,4833.034557113855
4589,3269.0647025796943
4590,3090.507637283085
4591,7599.94664037471
4592,3884.3886106654118
4593,4645.079471249768
4594,5379.244619701455
4595,5129.595017824968
4596,9207.618677333452
4597,9073.136496489586
4598,4897.658693805363
4599,6837.633617530633
4600,5978.403252569618
4601,10246.590614108201
4602,4779.340832375235
4603,3033.594175945363
4604,4713.195163308271
4605,11363.017383280307
4606,3837.871157688944
4607,6541.398613941169
4608,2018.3834184610066
4609,3471.9715572872396
4610,6246.610477465589
4611,5801.153545879722
4612,4778.72008991065
4613,8010.760264371195
4614,8442.965157044215
4615,8218.595708390094
4616,4436.223239662835
4617,9208.720624238644
4618,1373.370504721558
4619,3639.9706320607975
4620,6214.018644101771
4621,4549.797041073854
4622,8854.093444755186
4623,2555.882668174508
4624,4645.629899012407
4625,5014.473438087325
4626,8131.891934726603
4627,9784.95463761659
4628,4910.402919522329
4629,3046.311352571382
4630,8089.335067919061
4631,8451.513818430969
4632,4208.203111634262
4633,5081.229695062964
4634,8831.427391564128
4635,5194.589950515433
4636,4592.4616498327905
4637,3485.7413135193797
4638,7491.677111304015
4639,4297.072237589374
4640,11300.626578340663
4641,7004.846462364375
4642,10542.761568821248
4643,6198.3801010053485
4644,4536.139671010333
4645,1720.8371317800759
4646,5280.6696033217895
4647,5600.670663037994
4648,5050.954889573625
4649,8391.480546798315
4650,5101.331636045455
4651,2571.6364140617857
4652,6937.255810157343
4653,3041.2981863752943
4654,7068.5555432547935
4655,6905.8188765837795
4656,6626.192834375532
4657,7607.606159580797
4658,5007.610280680481
4659,6711.227303588345
4660,6093.194849515488
4661,5051.0729768988085
4662,5926.544683351633
4663,3332.10449191627
4664,8450.172430244966
4665,6083.44323751981
4666,3472.0612518894686
4667,4613.470652824219
4668,7155.48885251859
4669,5613.4945101428075
4670,3719.0558340670786
4671,4656.676032223526
4672,5209.085618301155
4673,5200.996887712917
4674,4782.850355398282
4675,8638.715908372902
4676,4064.9225767496164
4677,3182.0429442173167
4678,5753.107969659524
4679,5396.5940132624455
4680,3238.487568790448
4681,5074.281880020353
4682,8453.80737312157
4683,6638.616393516772
4684,9880.613239227405
4685,8096.964794559769
4686,7233.213755838704
4687,6735.677195893861
4688,4191.973628924988
4689,9884.923935796547
4690,7995.9255980776625
4691,6930.182313635994
4692,4805.405720609841
4693,4817.003833205061
4694,4937.381144000439
4695,2222.9423113590037
4696,10567.682119531763
4697,6236.883976613585
4698,5169.272355850636
4699,4955.198337528119
4700,1356.0265878920006
4701,7786.813585360654
4702,5593.390903735611
4703,4327.944251539699
4704,3445.81579166963
4705,5118.5482000023885
4706,4896.03959566751
4707,4398.935142849728
4708,9091.238804572686
4709,5198.421025926125
4710,4388.096461459917
4711,3181.6225190454243
4712,2344.612441825201
4713,4910.501413151728
4714,12934.66345294199
4715,3535.6169586287697
4716,5700.940959213511
4717,4820.1599604221165
4718,3717.8531396676067
4719,3211.525829057741
4720,5486.126462368106
4721,2570.5365359406815
4722,7495.297413882807
4723,5550.416705584486
4724,2812.2010637194016
4725,8128.523513615626
4726,2547.463828700205
4727,4133.746655275411
4728,9987.964750981424
4729,7221.260362039502
4730,7726.021232504418
4731,2523.1165880910085
4732,4045.0719453048387
4733,4556.05128372055
4734,3792.6955575714205
4735,14689.428092870503
4736,9698.439317133261
4737,5172.329824487724
4738,3067.235824986767
4739,5526.134484928699
4740,4487.427065669219
4741,2491.2878219441213
4742,6790.68649626439
4743,4700.938199453819
4744,5039.8474019697305
4745,6987.533515843855
4746,4608.292857461027
4747,4593.29377185181
4748,5536.728484226068
4749,5928.210232118017
4750,7026.561164377179
4751,2763.8609494227194
4752,5248.662695847382
4753,6159.021019927436
4754,7224.934427801151
4755,5472.79083047538
4756,7457.410300039687
4757,2992.653291839986
4758,8202.421131751942
4759,5065.725369010264
4760,2791.2642859381453
4761,4180.373030640318
4762,4328.174117604934
4763,4292.028218202151
4764,7010.423991745418
4765,3747.6058385693273
4766,5290.774578295357
4767,4591.133556938088
4768,7324.119860808635
4769,6209.722171239337
4770,5692.2432886757815
4771,7542.170197522819
4772,5731.706076959472
4773,2514.742612255224
4774,11341.014330304648
4775,3191.6187344838727
4776,2755.7466379265898
4777,5498.510157110782
4778,8603.55980723584
4779,9495.815773389437
4780,4117.135110443626
4781,4621.962830248334
4782,5662.61573064123
4783,6230.135652101722
4784,4628.063213906971
4785,7350.065849182335
4786,2465.524319203062
4787,4009.9731327174704
4788,4025.9174223700657
4789,3600.9613434073904
4790,3108.098709428919
4791,6969.063211202202
4792,6056.467407532771
4793,5773.205559185604
4794,4655.399934567465
4795,7645.3921782248035
4796,7550.203405108062
4797,4620.815483197177
4798,5242.799748606944
4799,5561.985094284637
4800,7112.78808289239
4801,4798.089565159306
4802,1999.9948057644797
4803,6427.405735014935
4804,6069.4530236371675
4805,5851.999014686384
4806,5086.065612831049
4807,3348.4201952386447
4808,8219.961772451727
4809,2872.998217827717
4810,8144.603980853776
4811,4942.37535982513
4812,4255.030828884719
4813,7310.050777618075
4814,4174.543932238793
4815,4524.322721395797
4816,7482.610173221966
4817,2640.3205391236083
4818,7357.145351128994
4819,9520.74885104476
4820,6414.558363713638
4821,2615.514581524231
4822,4922.600907741003
4823,3528.538197432289
4824,1967.5560159216093
4825,4606.604586717769
4826,5659.48808074395
4827,5015.8601161378765
4828,4432.404331534171
4829,5227.9545538716275
4830,4582.647855901452
4831,7270.361274722112
4832,5193.596178208549
4833,5157.574900710541
4834,4200.895645015295
4835,5422.706703111223
4836,4956.638658386073
4837,6126.403709206768
4838,7404.280995501549
4839,5867.840280085938
4840,7803.064020197423
4841,5633.370275205789
4842,5272.315134085174
4843,3003.609705486865
4844,5556.746184699463
4845,8797.298624251394
4846,6210.425221514516
4847,7161.850565078932
4848,13397.754126613514
4849,3110.171076615538
4850,4398.8123300004245
4851,3774.287062834965
4852,7651.032330236148
4853,8921.416368174328
4854,7467.235816285661
4855,7183.283597243674
4856,7248.132851507967
4857,6563.291802735904
4858,6287.839878956992
4859,5124.003463398103
4860,2353.42355281087
4861,4469.609897922416
4862,3107.63174204386
4863,3043.6131025637064
4864,6190.736707454755
4865,16087.87502597717
4866,5517.474032195441
4867,3114.084090605073
4868,4482.821981410802
4869,4447.465478934218
4870,5375.737275596031
4871,2253.8123110388638
4872,6613.727113044609
4873,6223.1882711824965
4874,3646.211983095959
4875,11175.362797974087
4876,10251.979915764166
4877,3070.753724774856
4878,5111.581638825919
4879,3618.152441349175
4880,3572.057370735718
4881,4085.034332107539
4882,7493.123526650451
4883,3688.431070872872
4884,4370.829280845082
4885,4314.793875317906
4886,4946.458034887808
4887,4690.475904600651
4888,6957.47340536699
4889,3116.5848521654802
4890,7771.371966389106
4891,6544.954357380046
4892,4555.858570287496
4893,3901.308001881579
4894,3626.98719380304
4895,4626.100193509581
4896,4427.67298860547
4897,8710.843897730309
4898,4346.580487890047
4899,4201.974418686813
4900,6089.843435916782
4901,4749.177354122802
4902,4901.976945626596
4903,4545.232527821849
4904,5532.010711554421
4905,9708.251158992138
4906,6345.909939530428
4907,5691.905138829095
4908,3372.6542382097064
4909,4906.4345558185405
4910,5507.264109930267
4911,3464.8250343062386
4912,4806.702052460861
4913,4870.464451786057
4914,10352.913672545288
4915,6508.910403910703
4916,4193.851894642367
4917,4924.245383388512
4918,4400.0076175960585
4919,6007.452070254594
4920,5234.332692491941
4921,8461.851798038868
4922,6113.2110393089315
4923,4944.303050356237
4924,3901.9312331602546
4925,2132.1038380093455
4926,3006.0872100478387
4927,18583.38788204434
4928,2301.5502125665917
4929,4865.211630168846
4930,5541.020193442997
4931,5877.965429916401
4932,5313.30675266742
4933,7903.613955268184
4934,5333.8118477407625
4935,4969.542518542044
4936,2788.0250096705245
4937,8016.124550272545
4938,4177.0344293269345
4939,6268.3636364758095
4940,8415.3597826954
4941,4236.561474199173
4942,7248.734931159544
4943,6143.477318547187
4944,3503.762241457669
4945,5511.00200819366
4946,6824.930270890017
4947,2965.693632046404
4948,7752.275891129214
4949,6294.986745364615
4950,4985.665330287043
4951,9377.5346220788
4952,6945.819094637305
4953,5787.489742465948
4954,4282.0857670586975
4955,3848.6345485115285
4956,5147.190280359228
4957,0.0
4958,6314.225788401824
4959,2517.0925325122216
4960,5260.985170122754
4961,2703.369678456029
4962,5557.820320848354
4963,4932.032129376296
4964,4254.794159119616
4965,5475.195105795893
4966,8393.17273506524
4967,5438.7996982070135
4968,6223.1669054577505
4969,5080.895514677343
4970,4883.076158905839
4971,9396.172555675237
4972,6389.24870339363
4973,3224.8713974383186
4974,5293.8986051653055
4975,5144.380605623949
4976,3321.7816661644847
4977,10946.116751799262
4978,5433.961205573716
4979,4930.584958612932
4980,8962.590858977683
4981,6049.824236392063
4982,2070.2988396430765
4983,9400.820970249091
4984,7900.936478333766
4985,5894.766158894019
4986,7160.925237767808
4987,6562.60202144503
4988,6542.087647449608
4989,4647.194276997912
4990,4183.798211047416
4991,3741.138105169785
4992,5405.5318218592165
4993,7008.843867340772
4994,2517.067886281808
4995,7243.515141900626
4996,6602.89834493935
4997,4368.330688636325
4998,6567.9194838252515
4999,4664.879614996488
5000,5968.262752373975
5001,4239.8530539686935
5002,4729.62029601577
5003,4677.3915895897135
5004,3659.4408064755044
5005,5669.311700582067
5006,6965.564157926994
5007,7664.60403645097
5008,5360.947869744206
5009,4258.281986944082
5010,6024.835853840941
5011,6509.906567436736
5012,6408.410060064511
5013,3074.8658778717995
5014,2689.4019602974504
5015,7602.899718208031
5016,6282.913061636069
5017,3780.485079017132
5018,6990.85986431587
5019,5836.135031473071
5020,5435.707794389514
5021,4617.794163856141
5022,1381.1892320802635
5023,6471.084220902503
5024,5710.41015288087
5025,5012.531641418913
5026,8295.860392745892
5027,6089.75278638661
5028,3449.943235711242
5029,4921.846333184635
5030,3355.6769006158343
5031,1199.257579163215
5032,5289.61561986571
5033,9502.109247394463
5034,5295.281643460361
5035,4418.225711773709
5036,3014.3918282574728
5037,4641.9319095182445
5038,6819.423625525289
5039,5280.296314999704
5040,8588.147473644378
5041,3752.983027518371
5042,3938.4814087149293
5043,3446.7329680418898
5044,5402.088195503168
5045,3154.3832607959716
5046,2513.3546962842006
5047,4347.470033239158
5048,4009.1156444404546
5049,6042.531715816546
5050,4260.4192344672265
5051,4880.40781974335
5052,4925.824313544203
5053,7269.138353202051
5054,4793.715850878096
5055,3452.237934345427
5056,9799.318968231164
5057,5849.251762367111
5058,5601.117457311784
5059,1650.1550497692215
5060,4677.575513891935
5061,5658.434937586209
5062,4252.535439445146
5063,7614.679207527674
5064,7994.693171028581
5065,5687.951150378528
5066,6104.08133457995
5067,6021.714087166912
5068,7066.752423305923
5069,9995.711262635445
5070,3299.349382027647
5071,3802.3200811824418
5072,4956.834605024283
5073,5132.739508698357
5074,5227.385113338992
5075,6992.780293502475
5076,6325.8898022696785
5077,5596.239281820566
5078,2575.0626850973977
5079,5440.16315666695
5080,7611.0146834127945
5081,3330.3031382363292
5082,6187.8345538718795
5083,2968.247618003404
5084,6453.638431324357
5085,5485.885459948078
5086,4832.248780538169
5087,5303.871182996995
5088,4221.851121652618
5089,4673.113492105605
5090,6085.265923742423
5091,4624.274544117787
5092,7858.310425096078
5093,5204.234842328585
5094,8663.677926852673
5095,5396.652261983816
5096,3337.835403445738
5097,8043.9753049997835
5098,3043.1904476692616
5099,7893.47626559795
5100,5570.621709138497
5101,4614.005899802452
5102,6623.523450550538
5103,4492.01553858907
5104,4501.8046577071445
5105,6761.022749338288
5106,2963.3151952320673
5107,2789.2913563983366
5108,5984.034004483078
5109,5714.519535625574
5110,9566.652296448097
5111,5668.377152111858
5112,5333.239297333785
5113,3310.238115688351
5114,6095.293514094714
5115,3103.946934125188
5116,9703.78437634445
5117,7128.499214016852
5118,11215.89045734033
5119,4821.180730418313
5120,4932.1282779401445
5121,7502.716414852161
5122,8155.537532519796
5123,2978.135019756652
5124,8935.049772363636
5125,5727.46353900057
5126,5635.961934278987
5127,5052.586157337845
5128,4502.912097155443
5129,3079.6075646599343
5130,5341.7212243879085
5131,3728.5839756335404
5132,2569.2764187477874
5133,6850.384414454674
5134,5252.184584664483
5135,21778.182672369567
5136,6782.397846237608
5137,4048.5704705217736
5138,6072.819706900571
5139,9183.318504802985
5140,5499.625624133569
5141,6348.692160970859
5142,5259.985198777488
5143,6264.395608591918
5144,6361.8798070024895
5145,4450.722913356915
5146,4510.711411699287
5147,6119.360506520132
5148,6861.170000937725
5149,5845.976659840762
5150,7062.502927511904
5151,5329.822862318415
5152,4169.971829179151
5153,4767.464572052009
5154,8895.849751420745
5155,9101.927115194861
5156,7673.169515426771
5157,6799.753857074422
5158,3279.528783130856
5159,5329.6866889724815
5160,3821.3759545965127
5161,7037.1475921561005
5162,9356.920544298773
5163,9035.721833733425
5164,5393.331119442115
5165,4203.830698413501
5166,4159.806749141619
5167,4955.467558696682
5168,8392.35801491957
5169,5398.998880486652
5170,5056.130476522794
5171,4615.715977011733
5172,6089.888042282906
5173,2944.804325077396
5174,7063.286901122873
5175,4308.569402789883
5176,6350.567270635307
5177,5407.027662670478
5178,4691.601800114306
5179,7503.8451229658995
5180,6342.648103411074
5181,4518.451279301849
5182,5427.539020769339
5183,6894.677702405673
5184,9895.009131249633
5185,5731.331776241742
5186,7126.628568977979
5187,7090.616508247406
5188,7868.415631205696
5189,5960.671115246514
5190,7701.957084968169
5191,3892.9205874649883
5192,4055.517666249561
5193,4847.209469937807
5194,6149.537207102916
5195,8270.607752861579
5196,6790.799952657307
5197,5111.825344278525
5198,7147.020140936056
5199,6376.229249793228
5200,7688.0349644371945
5201,3081.470693087507
5202,11030.1469733809
5203,3810.122625236546
5204,5295.114000924994
5205,7066.117484670736
5206,4285.878317100724
5207,5447.272151449014
5208,4816.666637064095
5209,6499.120868773292
5210,5235.96168399389
5211,4741.404352417119
5212,7014.458573067287
5213,6935.540836443556
5214,6033.142834985435
5215,4444.504882668135
5216,6801.214911254999
5217,10779.503840492318
5218,5937.331236394325
5219,4305.388944420897
5220,6176.222049642858
5221,5664.691897299225
5222,5402.011697782311
5223,7084.006191833203
5224,3132.4043158525096
5225,7507.292924110445
5226,5203.115287259985
5227,6326.249938432326
5228,8365.693878689495
5229,3918.5912664246516
5230,4742.59237747279
5231,4842.691326357332
5232,7224.314372943414
5233,6919.7319688445605
5234,4355.699501355507
5235,4220.444931811076
5236,6370.854181776637
5237,5546.129230940331
5238,5220.597704366064
5239,6100.285287764471
5240,5472.59559493702
5241,6443.594039992119
5242,5010.392647106947
5243,3808.9264276501517
5244,5572.938884353966
5245,6585.734599275982
5246,6632.925590403556
5247,7076.800692631051
5248,7195.88211985659
5249,4773.274055940722
5250,8279.714375203428
5251,4641.271765102925
5252,5374.435484096318
5253,7916.826816625206
5254,5846.349843699454
5255,8450.036893714701
5256,7686.238665022617
5257,6795.405343761684
5258,5420.760100895758
5259,6301.112467756063
5260,6960.97841039417
5261,5626.2223337760015
5262,3458.713484039363
5263,4990.393739167267
5264,6776.715195081981
5265,4915.506238031221
5266,3812.6540815163758
5267,6732.860949339089
5268,5749.254315978088
5269,5350.329054167853
5270,5486.1683400181
5271,4420.443887781712
5272,6223.779267425822
5273,6355.729510224734
5274,5257.291316631245
5275,5126.2616573916075
5276,4327.0202219070225
5277,5602.972127377553
5278,3430.7749613816013
5279,5555.231818741454
5280,5278.496274204722
5281,7275.023336192822
5282,6653.697950448413
5283,5835.02147459697
5284,11203.091101419981
5285,4500.099733637807
5286,4921.193730315226
5287,9390.496050515963
5288,5997.748124324247
5289,7491.348579118014
5290,6288.113081389818
5291,5345.3372104087075
5292,5975.280826033221
5293,5044.121731623686
5294,6199.435389140182
5295,9844.022913196364
5296,6662.658280728463
5297,2984.037468051263
5298,4276.6698855372615
5299,7564.617715442964
5300,8050.356032838339
5301,5323.020573712091
5302,5898.623755458461
5303,4478.129944833525
5304,4028.0824762137404
5305,2788.234266337857
5306,4296.572722758012
5307,5938.282639194972
5308,6642.445559798991
5309,5769.400221989097
5310,5300.523768829881
5311,7191.361735017608
5312,8019.690738216792
5313,6866.275536154645
5314,4691.714274043601
5315,9009.843148150323
5316,9015.482316619158
5317,4630.057208810098
5318,6151.1061276703895
5319,4621.772783796866
5320,6051.619470577209
5321,3640.339364350615
5322,6029.124737086011
5323,4584.356795087327
5324,8732.836726787906
5325,6282.808780854228
5326,7078.999354924679
5327,6885.378993749388
5328,4939.955182962098
5329,7816.907928567511
5330,16564.948612043183
5331,9342.287748895411
5332,4906.778340268468
5333,2993.66731904633
5334,5867.034815337576
5335,6836.57857106434
5336,5122.696354681164
5337,11523.80461827688
5338,18575.831821145337
5339,3824.5565999416285
5340,4680.892203185222
5341,9217.794484505906
5342,4256.256550676596
5343,6510.035870179231
5344,5430.298039318384
5345,6934.236026823546
5346,0.0
5347,5616.429677919653
5348,5373.034026682836
5349,6237.000511034711
5350,9120.275570649805
5351,5909.836647483419
5352,5614.544498238358
5353,6444.947942051341
5354,4658.553575326618
5355,5175.525997106588
5356,7063.212442795388
5357,4615.59068480169
5358,5356.718628659187
5359,5921.844335626708
5360,5437.471806023015
5361,5467.163698219543
5362,6054.9677385474815
5363,6267.130320062858
5364,7353.210071753502
5365,8854.416529095253
5366,6701.4444342540755
5367,4832.824319869483
5368,3722.5470869409205
5369,5619.15796005344
5370,5814.588060327436
5371,5568.756119718202
5372,4063.4806454878185
5373,7229.405148921524
5374,5935.691552697292
5375,9339.681872207302
5376,6092.245257777227
5377,4837.686296982922
5378,4465.739509081996
5379,3907.7913132539834
5380,8974.37510026303
5381,5050.035560582749
5382,6472.238876486112
5383,14341.387267713966
5384,6828.598189619282
5385,5300.386203744464
5386,5345.409121529206
5387,3877.628320089005
5388,5699.612515602536
5389,3664.309154343188
5390,4729.681848705709
5391,9221.42174982624
5392,4655.940784140103
5393,11898.962962579544
5394,11437.11358290023
5395,5293.727557178512
5396,6023.35029743005
5397,4708.586953583428
5398,5972.056293076322
5399,4694.655322668435
5400,10028.33582931565
5401,6444.837551103069
5402,8132.589474594493
5403,3795.041895219092
5404,6477.717389287067
5405,5216.26053970116
5406,7657.201174862838
5407,6280.555407973995
5408,5613.550748600125
5409,6098.377359686726
5410,6166.697820626598
5411,7181.944751994914
5412,7984.71571512989
5413,6053.417246606305
5414,9109.723789845419
5415,6139.562145660684
5416,8196.485703995279
5417,4731.9974013297315
5418,4832.3946767972375
5419,4792.375759094503
5420,9470.575330945241
5421,6102.212871033873
5422,6856.5600840946
5423,6014.780232660158
5424,7788.067279983852
5425,4472.199992855795
5426,7342.244444774505
5427,6049.920393563283
5428,3683.5584110896307
5429,11724.085426045343
5430,15602.995329187983
5431,6234.695903091492
5432,6272.006979428062
5433,8077.323322557257
5434,8994.505785890595
5435,9461.160786878845
5436,4545.574770768565
5437,5876.8797894333975
5438,5523.7270094635205
5439,7813.196880267486
5440,3307.55538014646
5441,5168.194240464975
5442,5302.623621161891
5443,5110.491913608743
5444,6350.5699189987845
5445,4533.049957790077
5446,4016.0006717158763
5447,6750.8086448757
5448,4040.116172562052
5449,4689.602057362365
5450,5449.016197367775
5451,5332.570237848138
5452,9067.388870562369
5453,8422.45385241
5454,6122.037747836178
5455,6069.827302233256
5456,5888.020208942146
5457,10321.338904082544
5458,5907.691490109208
5459,4544.383457873523
5460,4526.41876334839
5461,9927.81176106744
5462,3966.4364953804657
5463,6242.90301709874
5464,3046.5179384367616
5465,4296.107089682501
5466,6649.346826225715
5467,5547.068212312646
5468,4669.79401167095
5469,7904.773489629039
5470,8808.920997506635
5471,10544.541638218567
5472,5993.843329917804
5473,8990.008244395372
5474,2496.205536776565
5475,4690.580955569019
5476,5923.098912426003
5477,4325.471498351552
5478,7725.361963109596
5479,4175.117835305383
5480,4531.619076168642
5481,7229.783643533533
5482,9341.340618947335
5483,8722.363843233084
5484,5188.354203754015
5485,4493.296452826285
5486,10075.9992875371
5487,7074.858650712543
5488,4870.086756942182
5489,4999.511166544308
5490,7079.007351837769
5491,7732.41958788569
5492,4379.138420377801
5493,4699.713214093545
5494,7245.82705661509
5495,6481.335961637911
5496,11162.98495622384
5497,6126.032694291598
5498,10737.484845934337
5499,6153.767919898324
5500,4756.260831412019
5501,2866.5699811062464
5502,5347.293864917951
5503,5326.625620525418
5504,5308.5218797932985
5505,7206.210838098562
5506,4817.9485790266535
5507,3985.701940501532
5508,6677.055141829745
5509,3224.0221607248004
5510,6804.553416564709
5511,6309.938336593652
5512,6760.458365594288
5513,7326.428051699518
5514,5069.522368398773
5515,7847.84524224097
5516,5768.000327591784
5517,5126.513642884528
5518,5554.282414418997
5519,4290.13116187956
5520,9240.45324081813
5521,6001.836291884695
5522,4266.922061521553
5523,6226.356050785615
5524,7440.391767960308
5525,6349.310274385327
5526,5326.210072004981
5527,7165.047864379995
5528,5222.860633345645
5529,6132.766265364684
5530,4918.844497931511
5531,7965.536808943346
5532,4867.172595634269
5533,5464.5297913318755
5534,5495.248319767165
5535,5359.1771472341225
5536,4014.464858213735
5537,5039.868518793081
5538,8279.875909349823
5539,8058.311941964065
5540,9508.575130679492
5541,9575.911926699559
5542,7526.5656627502285
5543,7459.279393725098
5544,4482.005218886631
5545,9517.661009417901
5546,9662.698968961782
5547,6686.344765710209
5548,6764.930743387479
5549,7132.333466001998
5550,5319.327882746514
5551,3159.0923069885357
5552,10299.135313725157
5553,6009.91052915551
5554,5968.18382502663
5555,5306.216154703296
5556,2440.2746291765943
5557,9603.458426597186
5558,5472.27382089137
5559,4332.465455972788
5560,4362.143469482705
5561,4865.726169279998
5562,5890.520770858528
5563,6471.672132001281
5564,6791.81508913024
5565,5015.547023015783
5566,4369.248479165612
5567,3583.0387287205176
5568,3053.522443327307
5569,6228.755322481221
5570,15701.015751456467
5571,3740.392068061681
5572,5366.398877394859
5573,5746.259638014357
5574,4585.9141810861465
5575,4373.887158910347
5576,5200.226881909778
5577,3476.2637007648477
5578,6982.060375766357
5579,6019.17135265449
5580,3239.802832523681
5581,8559.507978524076
5582,4487.295489364958
5583,4401.831739656362
5584,10770.088226053409
5585,6911.719910592961
5586,8386.922613118586
5587,4479.121395043383
5588,5145.503344639398
5589,4430.205966322976
5590,4454.058934995141
5591,12982.703727718874
5592,9151.595036851728
5593,5728.663584888863
5594,4493.499046110959
5595,5139.871099479923
5596,5372.274845322063
5597,3650.4772817669623
5598,8511.62950711481
5599,4686.9130545242
5600,4769.653783282476
5601,6909.798468139563
5602,4445.455165402573
5603,5515.861271768583
5604,5969.750733918163
5605,6021.424376610491
5606,6568.053537338305
5607,3440.8167544172265
5608,5195.732353050541
5609,5881.020134903283
5610,7706.645059443662
5611,7042.433045720268
5612,6790.060525944631
5613,4046.728509033649
5614,7494.1895712477335
5615,5110.421691202415
5616,4108.431696997415
5617,5835.681245652955
5618,6000.225417840918
5619,5187.86830789836
5620,6342.499394378197
5621,5296.995245532385
5622,5129.8936321709425
5623,4793.309309375862
5624,6917.223045887959
5625,5761.741311232582
5626,5918.282310372445
5627,8210.178451276366
5628,5486.14691529541
5629,3806.0457779367166
5630,10486.341915647674
5631,4438.277385370212
5632,2941.8162464487737
5633,6443.283534405277
5634,7953.020875194217
5635,9731.359612133863
5636,4300.8895658687425
5637,5435.5495603947875
5638,5391.795448067964
5639,6106.358513163499
5640,5346.88664820556
5641,7394.02503295161
5642,2961.115929815532
5643,4751.419176925983
5644,4853.841082526104
5645,4515.8678355868915
5646,4459.0623311260515
5647,6212.8684792277345
5648,6417.893067014808
5649,5803.497268084879
5650,6471.686052381568
5651,6690.927899512547
5652,7692.649456066214
5653,4476.150114630086
5654,5561.622448349766
5655,6099.150382758045
5656,7525.241733564893
5657,6769.347402078125
5658,3201.056019698064
5659,8471.717192822596
5660,5854.348171171501
5661,6409.00683175689
5662,4744.461517396119
5663,3757.5877204129274
5664,7480.399046557009
5665,4792.157411753038
5666,7858.061604141596
5667,5694.102441179524
5668,4646.648263132294
5669,7070.794783491119
5670,5023.306339288593
5671,5431.2445389602635
5672,7157.701147375772
5673,4728.908007309695
5674,8319.98791787115
5675,9558.025582376205
5676,6736.995276056545
5677,3997.6083718115447
5678,5009.499364970109
5679,3991.472878639285
5680,2781.827442168572
5681,6551.529420486572
5682,5316.787956823593
5683,7500.513493780848
5684,4334.414856720275
5685,5363.626067377146
5686,5126.362700276801
5687,7384.864784781605
5688,4948.188074800073
5689,5028.805895211976
5690,4661.419418088483
5691,6310.230113594936
5692,4775.172195065534
5693,6694.695467819583
5694,6959.547187146994
5695,6231.504879796366
5696,7393.05527190454
5697,5998.260933697346
5698,5497.066296554249
5699,4186.39824327088
5700,5181.03219594885
5701,9658.035749116481
5702,7663.324359595169
5703,8736.18979987248
5704,14217.428702936577
5705,4417.906855884293
5706,4365.829349893023
5707,5298.945355699871
5708,7380.332990908725
5709,9002.2639364046
5710,6963.763901869097
5711,7248.585924548213
5712,7148.017939825153
5713,6438.764473341161
5714,6118.008725624821
5715,5136.811311644417
5716,4004.107318786317
5717,4434.681522586087
5718,3372.132412817768
5719,4540.06613232117
5720,6606.969824248978
5721,15171.039617386403
5722,6137.285496001078
5723,4418.173673131385
5724,6213.93896849218
5725,4336.136471662024
5726,5628.184007391277
5727,3714.380838801504
5728,7583.110670304776
5729,6053.014054986707
5730,5442.77748513091
5731,11446.751140629367
5732,11256.167346094011
5733,4368.315449695889
5734,6055.532576227693
5735,3769.6068028936766
5736,4401.525558941183
5737,4503.285502260473
5738,7271.173241975554
5739,4166.657376876235
5740,4349.988782390281
5741,4699.204909803635
5742,5041.531052572976
5743,5775.614618909164
5744,6533.894026364164
5745,3500.458343370862
5746,6903.175301589551
5747,7518.5285859301
5748,6093.5648691377955
5749,4428.699421809435
5750,3894.7499285631147
5751,6755.137813097488
5752,4381.711770966922
5753,8896.112301743486
5754,4358.749210419444
5755,5289.482054192606
5756,6241.337436423083
5757,4880.242672464649
5758,4609.972223639399
5759,4700.57258298708
5760,5862.592925114532
5761,9263.16041375723
5762,8118.429080199428
5763,5426.525591916146
5764,3704.172381956058
5765,5390.191634570377
5766,5326.484498468678
5767,4073.742689196268
5768,5068.388050904158
5769,5196.915078995355
5770,10472.107910821418
5771,6773.253848202616
5772,5411.944926814353
5773,6249.786624504341
5774,4322.3113522337935
5775,7548.703905472786
5776,5144.156517926234
5777,10736.623114678043
5778,6083.901604909102
5779,4917.479837091893
5780,4741.519454649625
5781,3548.8624754868974
5782,5191.592915808608
5783,17728.628847192613
5784,3723.704662506898
5785,4645.4774142478345
5786,7891.831362823325
5787,5822.726167645965
5788,6129.584427544062
5789,7457.330352988402
5790,5242.664624212493
5791,4668.83860723005
5792,3861.2833328428287
5793,9174.547874366452
5794,5418.685460880478
5795,6375.458385354151
5796,7265.633323598206
5797,4395.069937635744
5798,6930.984830678116
5799,6022.0883109081415
5800,3681.3116439135492
5801,7227.410504103012
5802,8797.160797995939
5803,4052.208349237818
5804,7030.677478585059
5805,6387.621514381303
5806,5323.678496937861
5807,8972.354701678067
5808,6450.999993248812
5809,6377.501751108859
5810,4401.32859020865
5811,4423.572376361246
5812,6095.049402737605
5813,3892.5244009822322
5814,7200.727939542464
5815,3705.4453178940353
5816,5336.105780560555
5817,3914.389356591687
5818,5442.811326271603
5819,5082.048803114592
5820,5789.100321067744
5821,6036.124054918339
5822,7873.926559742344
5823,5401.373851409384
5824,6502.152574156864
5825,5206.580866559311
5826,7066.159168018528
5827,9554.579344714683
5828,6271.3719123623905
5829,3138.281256781027
5830,5530.261215792209
5831,6125.189837400847
5832,3359.853175019345
5833,10637.625453778599
5834,5187.051323919362
5835,5546.980564065877
5836,9483.42035542308
5837,6001.6172494234825
5838,3569.1321198277956
5839,10283.755687125114
5840,9087.013235863684
5841,5536.127633103451
5842,7754.889231985434
5843,7718.851740793338
5844,5905.170517060381
5845,4881.611153466237
5846,5621.022078351554
5847,4649.729831168296
5848,5342.031602018132
5849,6366.788647142214
5850,3712.2411390208945
5851,6270.492640974481
5852,6492.2015360732685
5853,5381.853333381794
5854,6848.9733018781335
5855,5426.854181888574
5856,5956.564721295611
5857,4908.054679325754
5858,6458.2821187093805
5859,5963.646708922274
5860,5389.441551746403
5861,5757.302179382552
5862,6511.184399232809
5863,8424.358960319849
5864,5239.535450868125
5865,4495.472864841264
5866,5978.539022322678
5867,6403.349624272361
5868,6266.486852866504
5869,3901.775295462799
5870,3809.753680869629
5871,6477.168652607349
5872,7481.487989249949
5873,5088.799545808859
5874,6649.38075817326
5875,5555.111697064498
5876,5759.189961331609
5877,4570.055681629776
5878,2865.6825002768824
5879,6435.91462224127
5880,5826.478058409836
5881,5487.855236523436
5882,8173.9974543000935
5883,6786.113643535415
5884,3981.456538038701
5885,6663.155015553024
5886,3638.3472850760613
5887,2117.47131481403
5888,5818.943913485147
5889,10303.405192248078
5890,6354.108538675002
5891,6045.81550029321
5892,3854.0741135880667
5893,5485.192089877076
5894,7022.861388663741
5895,5411.170994750977
5896,7571.244432865425
5897,4316.793616535052
5898,4165.260399506022
5899,4508.51415472055
5900,5180.878795180081
5901,4409.326330051606
5902,4288.882742487637
5903,4640.222413470735
5904,4258.537157254597
5905,6090.060502996864
5906,5748.14420530079
5907,4820.089040996631
5908,5428.463071690594
5909,6742.2516519755945
5910,5120.492487689672
5911,4115.012654208284
5912,9193.833875441549
5913,6271.980823933236
5914,5295.569125428591
5915,3083.4493500184008
5916,8655.122586423739
5917,5764.764862818899
5918,4748.314353076163
5919,7625.406749318988
5920,7115.642808029121
5921,6188.467999236881
5922,5739.116978280479
5923,6341.250319551638
5924,7814.997713782837
5925,11250.440076696343
5926,4379.917497326605
5927,4354.127023663537
5928,4726.0107400494335
5929,5696.270663290018
5930,5216.0841658786185
5931,6892.588062250318
5932,7380.973497075534
5933,5227.802748565817
5934,3703.384010937417
5935,5134.1923597096775
5936,9824.314545878084
5937,4569.120311252089
5938,6719.943834166446
5939,3261.948296489866
5940,6501.235810856358
5941,6807.912652969499
5942,6257.60881056634
5943,6960.035921915083
5944,5591.080736405741
5945,4421.2280523865
5946,5683.720147029438
5947,6100.337068045939
5948,7729.153952667258
5949,6368.33497544139
5950,7658.91338669195
5951,5492.530063622261
5952,3972.2004026520644
5953,8577.317881940668
5954,3787.301773076353
5955,8102.2242240278865
5956,5398.009354900226
5957,4343.041748474225
5958,6297.709192118877
5959,5168.389127085789
5960,6246.50397673311
5961,7329.132256176189
5962,3308.1596508467733
5963,3869.6117842488534
5964,6533.537112539232
5965,7505.5315230510205
5966,9477.658912165336
5967,5454.887977509321
5968,5625.885138009705
5969,5070.472256000077
5970,6080.039213611849
5971,4425.017033736097
5972,9500.340377758463
5973,7976.792436108087
5974,10967.134284903777
5975,4286.721935601548
5976,5336.701339521229
5977,10163.501904025765
5978,8904.496979548221
5979,4353.196087668103
5980,9404.244715432184
5981,5613.289086351883
5982,5456.441690040267
5983,4657.357836699879
5984,4597.40746342413
5985,4442.240127372873
5986,5704.487043390518
5987,4297.853516472176
5988,4128.417743395076
5989,7386.696535097907
5990,5917.131489711611
5991,18862.127472029362
5992,6285.020771956621
5993,3860.8727676120902
5994,5875.024391292552
5995,9223.229702063656
5996,5233.380906141927
5997,6135.4036036432435
5998,5047.927103618135
5999,6014.264976023574
6000,6121.120783437306
6001,4115.5150985560285
6002,4280.626520928606
6003,5548.741015079584
6004,6686.195306808618
6005,5642.161746999086
6006,6609.19364443251
6007,4917.041431982729
6008,3995.931070421046
6009,4400.567320041719
6010,8164.876894460789
6011,8518.5903968292
6012,7310.895745231511
6013,6490.176857502551
6014,3475.0262956317
6015,4951.855942409205
6016,3692.965963101184
6017,6849.061253218486
6018,8422.692265937032
6019,8627.858491826568
6020,4939.682186980997
6021,4144.379565384611
6022,4008.4388389826963
6023,4610.983710565427
6024,8018.262541319986
6025,4875.866527971549
6026,4718.243675005073
6027,4275.539558108963
6028,5857.239255698113
6029,2880.9060958899286
6030,6741.574402510248
6031,4010.1972513492847
6032,6090.457885818704
6033,4988.378816088543
6034,4510.196542654987
6035,6959.9027128899515
6036,6077.7543054182415
6037,4482.351988790109
6038,5161.091107028791
6039,6413.846325104948
6040,9433.490568795392
6041,5353.770979623143
6042,6955.528033454846
6043,6997.218810848919
6044,7267.405073975355
6045,5508.971634040585
6046,7290.108184397243
6047,3823.0093234588226
6048,3929.8735928111546
6049,4782.299670439445
6050,5642.61892663883
6051,7618.380040441456
6052,6237.874062385196
6053,4901.2906165471
6054,6761.44994669687
6055,6128.401111748517
6056,7514.037857493239
6057,3055.260590265228
6058,10756.394624173043
6059,3722.163990862677
6060,5018.575152695268
6061,6850.513230765218
6062,4008.564425416713
6063,4977.728706968112
6064,4581.53956399838
6065,6007.001485536505
6066,4850.496847488085
6067,4503.96781909413
6068,6605.310213931281
6069,6334.808009847017
6070,5786.815529649079
6071,4341.774900944908
6072,6578.5341188548655
6073,10045.746420943118
6074,5605.601507987731
6075,4229.46336329343
6076,5595.2138795784695
6077,5415.5082643797805
6078,5019.5844494732055
6079,6634.273669614924
6080,3083.4664256628757
6081,7008.165078558083
6082,4951.769820555971
6083,5822.941093797338
6084,8126.075604876131
6085,3635.1361886403083
6086,4397.210137367372
6087,4515.417709282785
6088,6816.543294771862
6089,6790.242702941192
6090,4074.6644274903483
6091,3958.7190108212258
6092,5904.708098164891
6093,5078.791756552508
6094,4935.98916247478
6095,5835.24294821791
6096,5263.068372836355
6097,6273.406329386181
6098,4691.890512222998
6099,3650.408561254132
6100,5095.813117179045
6101,6194.265717351253
6102,6396.358338336147
6103,6674.09360381501
6104,6842.5517004922
6105,4459.445560995407
6106,7632.431229545232
6107,4439.90033793489
6108,5016.158553956173
6109,7360.898073830236
6110,5360.252532767292
6111,7896.678170961797
6112,7094.946484202869
6113,6284.77041833912
6114,4942.953704207167
6115,6100.578782927298
6116,6520.035720331535
6117,5437.352993475148
6118,3378.125093360497
6119,4888.2853298161845
6120,6436.705332930045
6121,4697.067569355373
6122,3685.4352265054345
6123,6510.7633764276015
6124,5524.203698007979
6125,5127.20805830056
6126,4962.342134007277
6127,4245.0451847195445
6128,6122.5631443425
6129,5948.877254343556
6130,4946.82368932242
6131,4745.795133420321
6132,4199.050231559965
6133,5196.236427734246
6134,3286.581853984234
6135,5267.870691853698
6136,4859.770675617673
6137,6843.899455013977
6138,6465.77243966937
6139,5581.565424603534
6140,10678.413961305188
6141,4445.913322412141
6142,4657.520678351665
6143,9004.452534271757
6144,5512.713271247333
6145,7028.084723331482
6146,6121.336210502345
6147,4884.643424646664
6148,5522.903024582556
6149,4781.81800243364
6150,5992.243193764324
6151,9369.714090607937
6152,6293.387995368908
6153,2823.365862434549
6154,4065.2940018995027
6155,7022.020655369615
6156,7364.56739234179
6157,4894.3467592851175
6158,5445.545540210962
6159,4086.772374124043
6160,3970.4253394329317
6161,2874.3010173927332
6162,4056.5499043658738
6163,5399.641878502493
6164,6216.622671538011
6165,5523.028282251293
6166,5041.871032767599
6167,6831.996643440758
6168,7436.985411379689
6169,6249.335550698937
6170,4292.420482687228
6171,8495.76787077242
6172,8233.380408333587
6173,4429.719793426876
6174,5917.323718203421
6175,4256.423146716689
6176,5499.753817701926
6177,3494.5655477090545
6178,5883.20881945445
6179,4216.174927187304
6180,8186.975619125258
6181,5753.568581969864
6182,6735.918212281548
6183,6643.890879319332
6184,4512.224887395317
6185,7239.67505332635
6186,16067.118152526817
6187,8901.535499267558
6188,4790.71472005794
6189,2582.18393815489
6190,5433.874922686976
6191,6746.68744701489
6192,4911.937612415879
6193,10943.112163728683
6194,17684.716753913584
6195,3714.2470390074454
6196,4436.589554909689
6197,8825.283385926386
6198,4044.035858392563
6199,6268.775477390029
6200,5091.096644784476
6201,6587.945241118053
6202,5620.050697565188
6203,5196.585185020084
6204,4948.747309904715
6205,6007.1675540904325
6206,8230.16223409694
6207,5454.832981050866
6208,5107.911990726217
6209,6270.012551476041
6210,4334.619722722071
6211,4895.341954766301
6212,6747.720579364148
6213,4259.205909162417
6214,4943.63944570831
6215,5598.5387176135255
6216,5208.73013443574
6217,5330.572725754884
6218,5816.7707652731015
6219,6006.385272212108
6220,6868.923698459102
6221,8481.961221466503
6222,6459.25764302692
6223,4597.05480775866
6224,3455.9385613906993
6225,5360.377285512831
6226,5516.916194494334
6227,5083.057712288936
6228,3938.2644662551083
6229,6995.4796859121225
6230,5487.260277455489
6231,8885.815557112437
6232,5837.980584977366
6233,4443.476319366839
6234,4240.354189303021
6235,3784.7569923650035
6236,8175.002204790869
6237,4620.085068850716
6238,6079.259254249984
6239,13847.827699500873
6240,6318.533921296242
6241,5171.681165186082
6242,4958.244935494143
6243,3742.447720460048
6244,5419.824405770053
6245,3457.359255185024
6246,4535.022941673679
6247,8993.71103337579
6248,4234.132099449449
6249,11448.947636516135
6250,11367.625677199885
6251,4909.834193123662
6252,5770.833188239359
6253,4610.813994086747
6254,5621.364759131851
6255,4559.2473266373045
6256,9431.256980025413
6257,6020.758737090469
6258,7777.470758782493
6259,3783.8384575433024
6260,6163.366568892489
6261,4813.029911018908
6262,7363.99772646467
6263,5777.19869425099
6264,5285.412018646119
6265,5561.130944057364
6266,5939.142972943637
6267,6834.41057886483
6268,7471.361024756448
6269,5508.67426226851
6270,8550.044523706483
6271,5571.29386526087
6272,7651.2741080074775
6273,4517.755346738111
6274,4541.369141055189
6275,4408.269876900623
6276,8827.296725237127
6277,5552.762771686408
6278,6272.976564829609
6279,5543.420621265148
6280,7194.5541537897025
6281,4031.1048475612843
6282,6915.047610603702
6283,5925.219988200782
6284,3448.445088873761
6285,11384.095075885807
6286,15062.47367957229
6287,5699.611006438
6288,5876.280498008609
6289,7632.690720084352
6290,8341.06853677755
6291,9169.817539734218
6292,4317.539681360933
6293,5657.160471473267
6294,5061.95755154971
6295,7138.133180010948
6296,3195.027727509918
6297,4979.629142371954
6298,4861.5289424637995
6299,4941.376000808396
6300,6137.06154252478
6301,4384.068375582644
6302,3940.71896989665
6303,6210.12535157732
6304,3857.8125337252186
6305,4283.429371233062
6306,5077.806077167571
6307,4891.784758918074
6308,8116.874364600855
6309,7631.037869068137
6310,5866.004002514877
6311,5566.446593487572
6312,5474.641410967607
6313,9837.165459396456
6314,5710.939579262948
6315,4248.902976562599
6316,4224.9376611604275
6317,9365.975217121431
6318,3860.8859055184944
6319,5781.969587101663
6320,2708.61900323643
6321,4141.762650904993
6322,6530.184417493935
6323,5189.0080327396045
6324,4357.567081135876
6325,7202.845369449309
6326,7850.042998143558
6327,10083.336868476712
6328,5741.015607485973
6329,8129.866062078594
6330,2469.7250058531713
6331,4233.565757880727
6332,5444.4988586894715
6333,3960.1789287843294
6334,7389.246553477772
6335,3990.4411247431963
6336,4435.4802490005595
6337,6846.841543238627
6338,9026.778020931659
6339,8239.094164362097
6340,4941.170468682465
6341,4238.458690260394
6342,10074.659109590042
6343,6833.307406859644
6344,4780.736075540036
6345,4555.796653796003
6346,6794.095045772195
6347,7412.469204684535
6348,3992.2591271080673
6349,4554.989799481574
6350,6918.607045812833
6351,6156.11482620441
6352,11139.94423016601
6353,5782.058457727604
6354,10364.416850068099
6355,5615.354555658648
6356,4282.958209009255
6357,2985.6316411552875
6358,5104.22537282574
6359,4944.72036431096
6360,4937.223261259884
6361,6971.226795032882
6362,4514.770470479581
6363,3824.2712189779354
6364,6151.525706790547
6365,3040.5840333266456
6366,6681.179253369513
6367,5862.022786701987
6368,6649.03088190235
6369,6963.0865652330285
6370,4750.855703674774
6371,7393.557834649095
6372,5572.078645065086
6373,4821.067467525184
6374,5179.310047721344
6375,4151.293692770972
6376,8984.657078619977
6377,5547.931652780034
6378,4111.392393085241
6379,5965.3317864332585
6380,7064.201735228372
6381,6104.277349337248
6382,4957.884060159863
6383,6599.291176512074
6384,4955.771332771707
6385,5603.547682903367
6386,4603.3274066589765
6387,7254.820385131829
6388,4837.001839314038
6389,5349.247051902896
6390,5054.518192046469
6391,4879.343089554793
6392,3941.327738841022
6393,4680.87316892598
6394,7371.113606540563
6395,7845.192941289627
6396,8853.304546554606
6397,9173.556582699714
6398,6953.603012288282
6399,7260.477498443787
6400,4254.945404333446
6401,9178.887611693397
6402,9203.395548128545
6403,6110.512748923086
6404,6449.297158480906
6405,6753.03433164137
6406,5118.870996081861
6407,3209.82274541819
6408,9803.604772970999
6409,5678.29651674994
6410,5855.97192987313
6411,5043.3281644047
6412,2390.5150174340265
6413,9189.899899828884
6414,5059.986885085294
6415,4026.6135452085555
6416,4066.479537621525
6417,4488.320738642366
6418,5555.468586422773
6419,6140.334432892519
6420,6444.245913405657
6421,4788.023537980755
6422,3983.4843354464897
6423,3573.2739735165833
6424,2910.8041693104688
6425,5733.274510396746
6426,15376.538536982087
6427,3706.039799018905
6428,4950.872879101722
6429,5507.149939126886
6430,4344.530241545839
6431,4131.6053739835215
6432,4694.522959495784
6433,3332.2947510153394
6434,6529.952473637778
6435,5543.655597274351
6436,3237.2924223672053
6437,7682.309810862299
6438,4275.706113900804
6439,4083.15074558514
6440,10431.397951817818
6441,6417.39901298296
6442,7691.566685219885
6443,4278.495692031683
6444,4933.519367233019
6445,4062.7775851171095
6446,4039.839780730643
6447,12836.055468975963
6448,8768.681071847752
6449,5214.815707132941
6450,4309.247608898606
6451,4711.049949446751
6452,5073.519710085053
6453,3585.9143112655793
6454,8614.2668180615
6455,4599.106335945657
6456,4607.156218158252
6457,6321.564144004402
6458,4049.2476310802817
6459,5223.683453364157
6460,5843.128293757963
6461,5569.943188002882
6462,6054.292667308356
6463,3423.0779485711246
6464,4937.129222354407
6465,5402.184985917901
6466,7267.591343813484
6467,6604.3652794055915
6468,6230.945153884178
6469,3958.4117662908193
6470,7055.629899883676
6471,4935.025145503143
6472,3934.270937378164
6473,5547.866810226959
6474,5764.904505519354
6475,5048.950756173524
6476,5974.502599759244
6477,4965.393189369601
6478,4821.998030260939
6479,4413.589098773021
6480,6678.815956849869
6481,5460.149211380657
6482,5528.772919999234
6483,7486.000148957486
6484,5021.424184708076
6485,3691.2418891288394
6486,9783.767809321993
6487,4394.765880355927
6488,2697.749455576519
6489,6143.649694883506
6490,7193.292002926538
6491,9572.74252487578
6492,4159.904240595458
6493,5027.486153113157
6494,5131.698714307864
6495,5934.317870697644
6496,4968.259066521422
6497,6998.4736298634325
6498,2778.621439083129
6499,4387.480277800457
6500,4417.175206911328
6501,4189.295236699679
6502,4273.569869459297
6503,5760.527856845531
6504,5964.8416469774365
6505,5531.55707437509
6506,6159.309328073239
6507,6259.019761544932
6508,7074.245827018854
6509,4152.548386019322
6510,5325.394573031045
6511,5814.921828173815
6512,6988.109354844724
6513,6396.605880721016
6514,3325.7852939170966
6515,8047.525549795305
6516,5390.101058144347
6517,5997.733179004954
6518,4450.761891696714
6519,3715.134389834194
6520,7109.434790158349
6521,4635.397784292013
6522,7359.8645845322435
6523,5237.144413458518
6524,4501.839782395815
6525,6651.05516812919
6526,4929.73976379552
6527,5023.996382129781
6528,6916.132877945145
6529,4611.486766471801
6530,7712.145319970503
6531,9005.493954386477
6532,6554.403081766994
6533,3912.3784962330255
6534,4672.258230720005
6535,3873.2507508579374
6536,2567.958759457604
6537,6223.3558910054735
6538,4892.175749982661
6539,6948.17123640519
6540,3980.343589124999
6541,4891.071404976698
6542,4928.54267153392
6543,7307.258360259822
6544,4633.401517434754
6545,4706.588686750533
6546,4307.109668157909
6547,6114.391847879021
6548,4546.824834471403
6549,6402.380059919164
6550,6648.51075643192
6551,6075.87701658231
6552,6994.175612802689
6553,5472.206328846869
6554,4985.698187665419
6555,4009.759516408377
6556,4807.20010696066
6557,9035.220335622882
6558,7269.68373230809
6559,9025.9654081476
6560,12920.443710923091
6561,4216.975550184154
6562,4032.782109365008
6563,4979.717158661878
6564,7041.863919886089
6565,8182.354496183542
6566,6633.349249984452
6567,6840.3381265487205
6568,6770.127448730271
6569,6194.277596554354
6570,5603.800289390516
6571,4843.252793930229
6572,3815.251453799961
6573,4118.165587162131
6574,3401.1622296032865
6575,4334.726017859479
6576,6155.948345893012
6577,14172.316335696381
6578,5959.143485399609
6579,4260.862207207898
6580,5964.512250324837
6581,3946.8082747004464
6582,5243.4150782930865
6583,3608.685576124916
6584,7561.306641444001
6585,5569.71674187792
6586,5046.111825372625
6587,11187.931896918708
6588,10766.982498297306
6589,4232.933505575735
6590,5940.410594536212
6591,3522.070085010189
6592,4236.437997870008
6593,4300.984941906185
6594,6805.994044588467
6595,3934.2418034175303
6596,3980.7844045797483
6597,4580.848433640341
6598,4723.509466755858
6599,5521.453442366121
6600,6152.096085986391
6601,3425.9667242331225
6602,6270.838269775985
6603,7208.96959608547
6604,5662.948269405493
6605,4116.295799548336
6606,3773.3204982637303
6607,6468.315448523729
6608,4150.605759772936
6609,8484.931057876931
6610,4023.734197371147
6611,4838.867249582535
6612,5970.751336537628
6613,4651.470734934796
6614,4259.614343324612
6615,4417.356970090806
6616,5495.932648045461
6617,8745.136660462023
6618,7637.658615160914
6619,5024.144995652695
6620,3632.8384480145487
6621,5123.708201829342
6622,5093.5477154785385
6623,3794.9138648105472
6624,4771.041676926119
6625,4977.030923187585
6626,10005.352822881568
6627,6602.042996593928
6628,5024.636400894211
6629,6170.82298817763
6630,4146.958053057807
6631,7068.185158081101
6632,4873.6633497369685
6633,10572.013452475885
6634,5546.748667646473
6635,4578.998009727301
6636,4483.756057568278
6637,3411.989919783956
6638,4947.1232832912165
6639,16327.240521852062
6640,3548.6117405338987
6641,4238.4572417821955
6642,7397.474152955383
6643,5429.775764517574
6644,5874.705123682403
6645,7120.281947094337
6646,4892.234743061525
6647,4366.768387064296
6648,3602.0357751213883
6649,8597.849017249706
6650,5207.944709943345
6651,6128.628095088624
6652,6995.779324449254
6653,4282.406078237376
6654,6534.771508890646
6655,5448.094882884394
6656,3492.2682970827336
6657,6835.678546358266
6658,8255.523257210742
6659,3911.282945202733
6660,6616.581992590768
6661,5840.098829410782
6662,4988.2572208387655
6663,7832.416028865849
6664,5949.293149182168
6665,6097.445653724513
6666,4153.823629035131
6667,4032.2251929865884
6668,5969.713439845755
6669,3692.228653380916
6670,6949.0708759870395
6671,3590.297446273561
6672,5005.840675368071
6673,3711.7366401555187
6674,5055.728672226518
6675,4820.0146180085785
6676,5581.214602461558
6677,5553.571565343296
6678,7124.095168743627
6679,5139.648549011956
6680,6311.779924102833
6681,5062.863723853009
6682,6760.672085193901
6683,8981.870756623266
6684,6092.710542898277
6685,2790.1145220826056
6686,5324.218817026477
6687,5780.972430472893
6688,3284.6091490593685
6689,9888.87751897458
6690,4843.674074757488
6691,5389.822609080284
6692,9042.325066915746
6693,5862.635697644961
6694,3558.340160492012
6695,9877.154448268042
6696,8352.038135846436
6697,5084.803575652971
6698,7458.770089542558
6699,7261.743420597598
6700,5461.587797735223
6701,4775.183578952527
6702,5304.033253362513
6703,4461.588167124388
6704,5075.224347820371
6705,5833.303621579008
6706,3688.7916235804223
6707,5864.773202723413
6708,6011.334930649278
6709,5091.406510821723
6710,6631.441279808356
6711,5040.847249024128
6712,5712.75919134628
6713,4902.129585888857
6714,6140.8983884345525
6715,5635.8478310676555
6716,5076.911746144232
6717,5563.047685197626
6718,5994.869521506395
6719,7864.031750545399
6720,4852.863679185176
6721,4295.465028071737
6722,5417.084024123802
6723,6002.18887880684
6724,5980.101568610638
6725,3749.0117909421756
6726,3678.2759081085583
6727,6404.032189310289
6728,6828.069869785883
6729,4877.322931037302
6730,6172.620905180193
6731,5046.094680009242
6732,5542.17347187341
6733,4164.903935093294
6734,2879.0247515518313
6735,5930.976103643989
6736,5369.401599905773
6737,5018.761606169404
6738,7622.334295664354
6739,6740.014794795937
6740,3970.9891553534185
6741,6414.459924445783
6742,3605.6374457622546
6743,2464.108635731478
6744,5421.551332532612
6745,9929.797134545011
6746,6063.7955816175645
6747,5691.920211130965
6748,3790.483048487548
6749,5188.497856269191
6750,6866.758468874502
6751,5068.696556183482
6752,7060.245571186612
6753,4142.3444255900395
6754,3988.762752471888
6755,4322.195154107616
6756,4925.05806467756
6757,4204.602019537994
6758,4172.908681573897
6759,4274.6778209828
6760,3991.9519320283475
6761,5807.993973733462
6762,5573.505663188959
6763,4518.3956140714545
6764,5271.003698162474
6765,6212.771812814013
6766,4888.805613213404
6767,3963.2997983352907
6768,8481.950893140804
6769,6019.280498216856
6770,4827.232366491294
6771,2989.9355208084553
6772,8047.539106715527
6773,5256.088229300506
6774,4387.123273718341
6775,6908.918679530878
6776,6932.253615866018
6777,5971.721687787854
6778,5259.758946238385
6779,6097.236940373525
6780,7157.839749515794
6781,11043.425004558208
6782,4191.732804783819
6783,4024.9667791151733
6784,4272.966543768762
6785,5457.568821906309
6786,4806.760165901494
6787,6782.764898903707
6788,7044.153437992152
6789,4877.880885773563
6790,3525.363551153383
6791,4818.013952422643
6792,9951.239503208695
6793,4270.6925946343345
6794,6169.569543155065
6795,3254.5900115483328
6796,5967.163901703164
6797,6362.283520070461
6798,5966.355771367735
6799,6739.828228661281
6800,5302.100451234334
6801,4023.584854693934
6802,5170.645864095006
6803,5849.378735813605
6804,7201.0979636546335
6805,6116.677303258455
6806,7051.936542955733
6807,4997.591477340116
6808,3922.8584956543004
6809,8067.979229196833
6810,3688.259614502905
6811,7572.8948951303255
6812,4977.8565464223375
6813,4007.1102058624533
6814,6146.997450250014
6815,4907.938922860245
6816,5976.784437143247
6817,6920.122083665064
6818,3321.300657955175
6819,3768.672310348206
6820,6093.54616854171
6821,7077.891183015998
6822,9009.811311582469
6823,4888.317145770329
6824,5412.407409948936
6825,4821.9247885103705
6826,5507.177540885201
6827,4245.773597174684
6828,8826.311938330271
6829,7421.481510994592
6830,10773.704450644545
6831,4003.3555001546088
6832,5037.177233064139
6833,10146.900937706028
6834,8512.346725507423
6835,4132.894282792735
6836,8581.978937363858
6837,5451.443164383945
6838,4938.287412471435
6839,4364.643255421842
6840,4221.991165224534
6841,4240.441408808366
6842,5481.747417622783
6843,3981.7527327799535
6844,4026.8832965492275
6845,6944.898787295025
6846,5611.46077299686
6847,18518.548969178122
6848,5753.533832001558
6849,3771.000212431223
6850,5690.634455661507
6851,8725.769714802289
6852,5013.591066674606
6853,6177.831357137843
6854,4902.447164941751
6855,5978.454746286856
6856,6166.997629328507
6857,4097.455972476392
6858,4145.073525264866
6859,5327.285367745176
6860,6616.773563182901
6861,5530.388821285576
6862,6378.175612077367
6863,4735.478004480013
6864,3958.975475732848
6865,4249.297380638924
6866,7976.954737065878
6867,8360.093984534482
6868,7139.774117442937
6869,6299.98474069584
6870,3496.045729443956
6871,4803.655148541747
6872,3668.263448718594
6873,6794.387190492614
6874,8099.046631427699
6875,8454.42879081176
6876,4873.071580441038
6877,4083.9996613801873
6878,3915.8927731809504
6879,4559.954639140394
6880,7900.420817873529
6881,4766.112674732419
6882,4576.113534893967
6883,4200.0393795962245
6884,5779.805495429354
6885,2922.5212540106645
6886,6527.230598007081
6887,3859.189717546033
6888,6070.90716615015
6889,4902.678030834226
6890,4428.997952628803
6891,6749.058022911859
6892,6040.189566650263
6893,4597.696261930554
6894,5128.613477810428
6895,6090.9129902880195
6896,9198.45774775882
6897,5095.745590840703
6898,6967.138457468852
6899,6921.890605877317
6900,7000.777769455745
6901,5347.625783522911
6902,7153.273087879266
6903,3847.6632993039098
6904,3864.1095287002904
6905,4719.098339415077
6906,5438.247029397256
6907,7451.116722808946
6908,6202.666768448904
6909,4803.950653848627
6910,6526.779901040564
6911,6110.396572069303
6912,7137.881799207566
6913,3148.2680991347224
6914,10670.64301072352
6915,3733.3088119891077
6916,4869.163797542535
6917,6799.323838762843
6918,3880.983772422062
6919,4901.8340378086505
6920,4462.520335823526
6921,5867.363736539646
6922,4699.427399100245
6923,4400.783384389645
6924,6428.845317094841
6925,6062.067267313972
6926,5735.270946772186
6927,4239.348381475483
6928,6468.812461408829
6929,9773.994821757722
6930,5533.459036711246
6931,4118.378454492526
6932,5473.4644574220465
6933,5387.504253846438
6934,4877.568202033937
6935,6471.666922448545
6936,3079.4751130451505
6937,6855.292324009427
6938,4867.615336705244
6939,5693.452449879289
6940,8135.689885594463
6941,3634.984196372565
6942,4265.972602420244
6943,4432.346022258714
6944,6638.788728657439
6945,6703.040357762516
6946,3907.668669481328
6947,3880.368518431708
6948,5814.82744213108
6949,4898.711967446936
6950,4796.048329452893
6951,5830.334513757336
6952,5211.091802472476
6953,6301.165500482209
6954,4571.472695601841
6955,3677.9965956563356
6956,4956.25843515253
6957,6214.616507192795
6958,6325.818764051801
6959,6521.170056522131
6960,6658.089168354773
6961,4394.933683340237
6962,7306.281741381676
6963,4407.491473088937
6964,4861.982312891988
6965,6933.804654178523
6966,5188.128576163668
6967,7799.853755341221
6968,6867.63443764391
6969,6154.745213156394
6970,4753.3961814292115
6971,6060.70303270458
6972,6297.342244734074
6973,5333.950502113394
6974,3417.545120788579
6975,4785.419527893826
6976,6407.986837719946
6977,4555.640799129774
6978,3630.3217683090597
6979,6469.263437789169
6980,5586.295979517985
6981,5055.636848724261
6982,4917.656685045853
6983,4107.964489162038
6984,6117.942383981269
6985,5736.67512227046
6986,4851.611589571019
6987,4664.640471066562
6988,4088.1114993166175
6989,5025.89357925426
6990,3407.3565717883985
6991,5212.911584114472
6992,4768.422368250421
6993,6632.43661745516
6994,6401.853827276921
6995,5613.782767961412
6996,10504.390406393202
6997,4480.97776349425
6998,4455.838127697023
6999,8960.635098421375
7000,5297.369980445327
7001,6858.34105492484
7002,6109.07882592669
7003,4697.022078228695
7004,5376.474626040774
7005,4712.538889331109
7006,5929.332155981775
7007,9289.983306922013
7008,6218.7617474746
7009,2760.673754259815
7010,4040.273137272812
7011,6890.876677845044
7012,7098.9314027950595
7013,4817.451088365915
7014,5305.4329989048
7015,3905.108793760396
7016,3911.009630892034
7017,2809.2192190385326
7018,4025.727933109529
7019,5083.576238896819
7020,6053.605556638912
7021,5550.437712736274
7022,4886.836865887381
7023,6589.68077267008
7024,7224.667252624936
7025,6061.45768627622
7026,4188.590501933993
7027,8447.730458437878
7028,7997.766529578228
7029,4339.968380826751
7030,5794.239759117928
7031,4168.5891154601195
7032,5443.375577570875
7033,3310.2487430984775
7034,5841.419745761066
7035,4173.343186445238
7036,8047.934090789707
7037,5629.6202429016
7038,6626.3228708008255
7039,6627.516569314689
7040,4328.921225388806
7041,7009.575516652238
7042,16092.866716496435
7043,8397.910162678332
7044,4713.959975805192
7045,2720.834242721826
7046,5227.968727025254
7047,6649.007901200787
7048,4815.3107329806635
7049,10947.392269193548
7050,17049.947720537322
7051,3710.955707841957
7052,4368.736781941303
7053,8345.795691867252
7054,3926.365184184982
7055,6239.726988610816
7056,4958.441608774089
7057,6542.522289677916
7058,0.0
7059,5103.268668276795
7060,4829.085996455633
7061,5883.04608228494
7062,7975.945494885164
7063,5227.80470383447
7064,4951.901390834149
7065,6110.754866434514
7066,4203.237176376507
7067,4952.961999898994
7068,6508.920405155123
7069,4165.758563287347
7070,4864.73661611792
7071,5563.632655306182
7072,5073.633351378625
7073,5206.158213146809
7074,5714.2284505190255
7075,5997.208715109201
7076,6603.254909426522
7077,8156.661194479192
7078,6368.959590266136
7079,4582.660996260097
7080,3546.8620633650294
7081,5283.1070804007095
7082,5467.592195580731
7083,4942.185842771441
7084,3834.6869128665758
7085,6978.096890920875
7086,5283.141869049414
7087,8481.190442526153
7088,5785.341479452671
7089,4292.1601419354565
7090,4128.605809489083
7091,3742.024384031604
7092,7796.557114361175
7093,4555.526912175748
7094,5984.5257840232925
7095,13868.743613289691
7096,6076.084356249305
7097,4991.769880485081
7098,4778.621446174915
7099,3703.6342893056926
7100,5363.208246258835
7101,3462.372193346594
7102,4578.767964833541
7103,8634.84302720817
7104,4109.716692487092
7105,11308.924022033447
7106,11123.250420222552
7107,4741.8907791757765
7108,5727.723592886208
7109,4550.5234726989265
7110,5492.086351162722
7111,4549.980193899427
7112,9116.156953124291
7113,5863.020994773209
7114,7759.999413434507
7115,3802.290460864601
7116,6118.043094630643
7117,4630.235296674247
7118,7173.977518175305
7119,5632.284984060058
7120,5185.836705394521
7121,5397.805242946492
7122,5842.201345511556
7123,6722.201828853998
7124,7237.131868034406
7125,5359.348125947743
7126,8464.098391362735
7127,5491.484865536113
7128,7508.259869714949
7129,4501.977424157868
7130,4363.250913160652
7131,4285.231836310032
7132,8520.23411682555
7133,5434.974234960236
7134,6066.7492181001735
7135,5486.868671340946
7136,6943.923110889671
7137,3858.8394690099303
7138,6803.975055448362
7139,5814.581401574161
7140,3319.270196367705
7141,11136.301005712668
7142,14531.3674477396
7143,5624.660504447171
7144,5745.530027794582
7145,7482.84618613208
7146,8149.022432616191
7147,8894.559203421144
7148,4189.542534853125
7149,5598.478051556917
7150,4868.505177362175
7151,6922.1643431737075
7152,3268.8024735593935
7153,4893.063397363905
7154,4720.931708806481
7155,4818.661560078913
7156,6080.428802887119
7157,4326.730941221646
7158,3905.05849291513
7159,6059.941227990105
7160,3778.158213714616
7161,4205.124866099423
7162,4904.533524815549
7163,4785.58547819181
7164,7929.7100310650485
7165,7418.625325827588
7166,5837.224198021362
7167,5510.392571931649
7168,5289.887915834959
7169,9607.427054600394
7170,5672.8272838873945
7171,4145.235355112111
7172,4151.903071271736
7173,9201.320337857938
7174,3791.5461603687995
7175,5657.98820804405
7176,2777.3079198596897
7177,4116.650080915929
7178,6464.877899051491
7179,4976.74755592492
7180,4255.618378124746
7181,6965.201447072585
7182,7597.902455512904
7183,9904.434493560826
7184,5594.614076623403
7185,8041.600053515826
7186,2721.939548029131
7187,4093.516410035484
7188,5178.942031083358
7189,3845.5341912710664
7190,7233.610398879436
7191,3970.134968692621
7192,4360.665026199189
7193,6667.07312774319
7194,8953.26384928397
7195,7844.489987603966
7196,4850.941763009321
7197,4098.4512435119395
7198,10013.494958176472
7199,6695.7144702356345
7200,4672.666984156224
7201,4356.769613195918
7202,6674.899854908725
7203,7255.5403974004885
7204,3871.368272721112
7205,4452.011708530528
7206,6702.665744490003
7207,6099.899981464238
7208,10832.335395439779
7209,5671.506928754355
7210,10174.665880060276
7211,5486.589473144146
7212,4115.776354945141
7213,2906.3128635740927
7214,5126.941159180674
7215,4826.248339455173
7216,4789.242173619963
7217,6753.415844014439
7218,4338.551289138141
7219,3793.008961471915
7220,5990.274269949432
7221,3220.1724491391815
7222,6608.933539907586
7223,5735.242138359122
7224,6532.020496654876
7225,6823.580249723055
7226,4561.840621879481
7227,7186.719001316839
7228,5606.486575586491
7229,4705.005747551628
7230,4954.967320784685
7231,4051.400870065956
7232,8622.48564005499
7233,5390.160816601252
7234,3954.0803431097524
7235,5925.0699049456725
7236,6971.804310112271
7237,6080.755757276479
7238,4891.483310642672
7239,6546.57156051319
7240,4953.748060635316
7241,5523.329157405614
7242,4532.953583025234
7243,6982.298800755982
7244,4792.195331203893
7245,5213.141093618466
7246,4885.232736118459
7247,4748.711096554165
7248,3849.6252235222814
7249,4544.481956654024
7250,7154.906591796786
7251,7684.046284136786
7252,8561.93906547174
7253,8853.065347914353
7254,6707.255802520758
7255,7195.629885097596
7256,4155.189156366746
7257,9141.467525849872
7258,9155.182952432995
7259,6086.125256411027
7260,6428.496306948017
7261,6619.25059163416
7262,5029.169831678877
7263,3201.556041339269
7264,9706.599949567624
7265,5561.354269451722
7266,5832.181511113018
7267,4866.231651372446
7268,2533.522184287673
7269,8924.241816717737
7270,4885.554717647588
7271,3921.8370129693685
7272,3971.357424067261
7273,4385.190512835825
7274,5612.1688021422215
7275,6076.381676937173
7276,6272.967943282637
7277,4682.006967269663
7278,3844.7050938496905
7279,3595.6185467297487
7280,2979.7058690797953
7281,5557.957062491064
7282,15593.167596168729
7283,3647.3247713141427
7284,4774.6141202284325
7285,5485.85815590707
7286,4205.404651409432
7287,3959.2152568292863
7288,4580.0963338038955
7289,3378.331894201015
7290,6285.876645727717
7291,5355.042502816857
7292,3287.965536185687
7293,7432.298404894016
7294,4246.458465332899
7295,4120.098045064797
7296,10031.31390692505
7297,6155.150640819399
7298,7708.152608717083
7299,4181.249788469216
7300,4873.779089809694
7301,3978.147781093905
7302,3909.7746189920804
7303,12647.327738836733
7304,8576.351085889923
7305,5023.24278047332
7306,4232.0151491296565
7307,4605.246250931694
7308,4923.98030227909
7309,3507.908769852016
7310,7883.453468375559
7311,4605.308810636612
7312,4557.947245111087
7313,6099.8036032950395
7314,3858.334797401926
7315,5199.478501701643
7316,5756.633760014889
7317,5429.6776449039535
7318,5894.266711700054
7319,3474.609310793097
7320,4942.54725411964
7321,5212.690887067855
7322,7084.638783269603
7323,6502.9125431611665
7324,6089.318073270743
7325,3825.7982841101693
7326,6753.657023299246
7327,4871.218843975936
7328,3848.6069196637914
7329,5510.034980789599
7330,5681.044625423872
7331,4967.891069243682
7332,5799.476115399805
7333,4854.692532045527
7334,4709.571991678282
7335,4274.990518867947
7336,6523.209460957972
7337,5260.069628370127
7338,5422.142677410169
7339,7195.176654531369
7340,4866.01852574772
7341,3620.6878751466593
7342,9603.831366618384
7343,4311.426280406161
7344,2913.949723017315
7345,6124.945260592302
7346,7000.059574205159
7347,9460.999967795779
7348,4073.2062230973092
7349,4909.097359684223
7350,5107.366415563979
7351,5897.482610466451
7352,4774.458580490814
7353,6879.241972626141
7354,2776.2057615470926
7355,4360.880124969013
7356,4403.462755911551
7357,4023.600438086687
7358,4214.6410587063065
7359,5621.809115744026
7360,5830.231857378279
7361,5518.287439526887
7362,6178.772125293994
7363,6153.025523229071
7364,6906.4907236832205
7365,3977.4003484518453
7366,5261.884279497243
7367,5762.532195834028
7368,6784.327423324785
7369,6306.783394278557
7370,3140.1621344274295
7371,7787.203570643107
7372,5230.112409196012
7373,5816.9494493287
7374,4403.319958153959
7375,3706.869762537729
7376,6906.0446738683195
7377,4612.4620336352855
7378,7189.120096908667
7379,5111.647860991174
7380,4499.1442156016465
7381,6517.824854360943
7382,4846.647535901304
7383,4953.813879377926
7384,6872.335096381949
7385,4556.503012399953
7386,7748.353591694974
7387,8520.931303234007
7388,6494.879309791742
7389,3858.046616485005
7390,4580.480209534672
7391,3815.2587267411996
7392,2858.9898906269823
7393,6154.605430490035
7394,4738.884850647846
7395,6882.266943502114
7396,3830.260832954503
7397,4722.489548972708
7398,4840.7427246427405
7399,7168.589610188067
7400,4535.845607894512
7401,4574.831117881904
7402,4242.564298924098
7403,6015.2082133088725
7404,4300.0480494210115
7405,6262.955902737356
7406,6455.347254728156
7407,6045.137943641614
7408,6851.642163532314
7409,5294.33712288932
7410,4821.49368614796
7411,3964.5571655187837
7412,4656.791407684497
7413,8627.513495235627
7414,7093.190934884493
7415,8580.299480913827
7416,12545.670426806952
7417,4084.5648064432285
7418,3931.5413628324764
7419,4891.9232688932
7420,6803.4878297534415
7421,7876.7099581030025
7422,6460.407075559395
7423,6633.633719014981
7424,6541.462994103096
7425,6218.437996787873
7426,5395.60617431375
7427,4646.647842477813
7428,3772.628171687947
7429,3984.7369026375873
7430,3325.8177612749773
7431,4352.395337664354
7432,6022.749145051996
7433,13927.942724588684
7434,5924.818226407888
7435,4157.582726503308
7436,5933.682424485183
7437,3806.414805515936
7438,5059.103782618023
7439,3550.9575396901296
7440,7218.129630491903
7441,5429.93717668754
7442,4923.519342688799
7443,10954.371648355
7444,10635.5741218877
7445,4157.302974603212
7446,5806.337528437235
7447,3530.706074907112
7448,4144.60738977435
7449,4292.847820580441
7450,6550.406554582662
7451,3869.7676323014916
7452,3846.9872311033196
7453,4576.175542776275
7454,4571.894546922901
7455,5499.392851694036
7456,6061.694823897116
7457,3395.7349805557933
7458,6088.10325130892
7459,7098.57546207835
7460,5425.544317722318
7461,4026.949450092901
7462,3800.1204230112667
7463,6506.639188943958
7464,4130.720481039866
7465,8406.755889271511
7466,3852.8451260438546
7467,4672.010744260405
7468,5944.390909218764
7469,4497.294279202526
7470,4233.756897612218
7471,4252.64503592609
7472,5394.688860355487
7473,8555.346344566731
7474,7364.729151284798
7475,4872.838349396825
7476,3605.1403628419375
7477,5120.392374020278
7478,5115.690450686822
7479,3729.7641989194885
7480,4658.086381739463
7481,4870.913595786165
7482,9783.897808981945
7483,6439.967037172685
7484,4902.880476275307
7485,6084.147024377263
7486,4161.217970774618
7487,7010.241842357022
7488,4777.560998836602
7489,10468.19542001254
7490,5432.290060030697
7491,4449.545783759953
7492,4441.875296016954
7493,3313.962271143301
7494,4881.313598229479
7495,15734.229359969042
7496,3530.071369803374
7497,4122.688809639208
7498,7143.692881388649
7499,5309.400853872136
7500,5871.965513088591
7501,6914.153620794218
7502,4794.645583058251
7503,4249.571656814065
7504,3574.913751636274
7505,8427.222574489375
7506,5076.575890669599
7507,6123.969004274492
7508,6866.494061043315
7509,4271.797977093171
7510,6325.762997504285
7511,5251.9123840498005
7512,3478.73753435915
7513,6726.108697981648
7514,8136.28836202596
7515,3899.391343995393
7516,6373.391913487438
7517,5627.2398573531145
7518,4842.5074795840965
7519,7709.0522557769145
7520,5752.522773671535
7521,6034.021795667717
7522,3973.4863010279623
7523,3895.816539992593
7524,5834.311444028912
7525,3582.776095939335
7526,6908.131025376384
7527,3542.095903375293
7528,4985.77538492399
7529,3698.991636504141
7530,4877.566051079419
7531,4781.064698559349
7532,5559.011737328188
7533,5369.300943511349
7534,6896.955370839905
7535,5143.06738590881
7536,6328.329090321154
7537,5005.72444478934
7538,6720.739099302127
7539,8942.075984031206
7540,6048.198239898556
7541,2791.0794239621
7542,5216.32461179309
7543,5728.741427324002
7544,3329.3586336715935
7545,9607.824698414808
7546,4741.285831153846
7547,5350.993182997379
7548,8983.035870100764
7549,5790.415176410244
7550,3446.7058307501993
7551,9610.289766031201
7552,8220.806020898655
7553,4890.379794120778
7554,7376.987255156274
7555,6948.349494852467
7556,5270.188848268198
7557,4742.316016190758
7558,5236.160240335468
7559,4351.233109803198
7560,5033.845202582456
7561,5731.571026443555
7562,3685.29843146066
7563,5820.173418389966
7564,5876.513802849292
7565,5015.896466538733
7566,6476.504693040353
7567,4915.554704225307
7568,5703.858282821871
7569,4773.2175605214625
7570,5983.127096993916
7571,5615.491201730022
7572,4874.645390005978
7573,5594.698398093547
7574,5867.651851185366
7575,7792.723012397874
7576,4774.019695554998
7577,4317.5943333041905
7578,5142.094069722117
7579,5854.695182096396
7580,5872.334729963412
7581,3666.0530274950465
7582,3646.9859788009576
7583,6367.729797564691
7584,6775.5247224731265
7585,4761.052275635805
7586,6038.927123691428
7587,4898.388620377112
7588,5438.755432478959
7589,4006.5921780845206
7590,2796.7683257762724
7591,5749.698740939383
7592,5120.907699965115
7593,4945.591937581229
7594,7721.73251811841
7595,6710.809298546398
7596,3897.436251878879
7597,6255.684592135518
7598,3644.574668384704
7599,2442.3257380445093
7600,5257.669948844578
7601,9781.010849704704
7602,5947.5569766396975
7603,5612.465382564186
7604,3815.950947743206
7605,5158.374981317493
7606,6833.003292952634
7607,4994.689996161859
7608,6830.62022454809
7609,4024.057174642882
7610,3920.1693589048814
7611,4265.38320847502
7612,4816.611846265835
7613,4082.3114615491586
7614,4053.3039623072787
7615,4156.89139198589
7616,3869.9322731035622
7617,5758.371015236364
7618,5642.15911289339
7619,4440.029236707691
7620,5178.496178290959
7621,6075.462954584812
7622,4810.355930717411
7623,3891.3271463072388
7624,8063.95876379503
7625,5989.908314324376
7626,4661.045836247503
7627,3110.175918926907
7628,7871.386865993402
7629,5069.190036181907
7630,4348.531627547479
7631,6773.538814065071
7632,6877.74928089711
7633,5915.552021533333
7634,5044.281660368666
7635,6074.771082451272
7636,7046.296635466638
7637,10920.32930313059
7638,4142.348344494159
7639,3894.6245833229914
7640,4134.491199082398
7641,5369.9652295160495
7642,4631.314296574357
7643,6750.969001711531
7644,6888.254890026634
7645,4809.450366099683
7646,3436.788573850582
7647,4802.091985052564
7648,9351.884249574845
7649,4095.6863238320507
7650,6020.5063874219095
7651,3270.965373028815
7652,5750.310273987578
7653,6244.850283443509
7654,5920.63821861174
7655,6668.6231429678655
7656,5198.386345480231
7657,3953.5355138584723
7658,4943.455289193561
7659,5811.998850840643
7660,6929.468240096538
7661,5978.447102819856
7662,6843.786875053596
7663,4917.1354523351965
7664,3841.480567226503
7665,8028.410777911421
7666,3637.5894335090447
7667,7385.406456971425
7668,4890.504540248865
7669,3853.7737759658557
7670,6043.572832719737
7671,4853.927369764648
7672,5897.34837044161
7673,6804.484563654172
7674,3245.2643361428295
7675,3719.5188849350316
7676,6009.506997328609
7677,7067.40414459284
7678,8822.843278851251
7679,4862.071400514705
7680,5299.733909238709
7681,4793.760344140913
7682,5330.223198801141
7683,4090.872231636019
7684,8431.174834638754
7685,7188.714326955828
7686,10620.651558011421
7687,3941.441013606633
7688,4952.00655438286
7689,9633.006074071867
7690,8248.158343297158
7691,4097.318578689642
7692,8356.779484571764
7693,5382.54036294252
7694,4843.961717341738
7695,4249.733465377681
7696,4203.589812066273
7697,4086.634445502105
7698,5466.915443020942
7699,3842.3588723668827
7700,4042.8619450701162
7701,6832.710876080195
7702,5491.430582311595
7703,17987.547269507
7704,5586.182646214146
7705,3760.862513156992
7706,5768.463022619644
7707,9260.495734299657
7708,5233.35819229905
7709,6380.723141441621
7710,5146.866735746518
7711,6074.3894051512425
7712,6269.304528453645
7713,4024.5614509720745
7714,4302.0746073456985
7715,5327.760279587371
7716,6803.244971689795
7717,5686.204109685663
7718,6437.361711210425
7719,4791.729782472244
7720,4053.1051913870633
7721,4299.281844323054
7722,8265.253857045664
7723,8447.466314777295
7724,7295.571517775271
7725,6373.455463633771
7726,3622.666460262565
7727,4749.316911305644
7728,3767.060232823494
7729,6935.300220937632
7730,8039.239620407631
7731,8738.094344909814
7732,4912.450714867889
7733,4158.704805690073
7734,4058.137794544034
7735,4530.899522668366
7736,8166.252813685293
7737,4773.716832343472
7738,4586.741393461366
7739,4291.432256308815
7740,5902.708045378644
7741,2992.010935792975
7742,6534.819925633996
7743,3846.283363243362
7744,6248.356814746725
7745,4941.272749290511
7746,4607.698935075866
7747,6728.72525006243
7748,6235.245379102276
7749,4708.625563286362
7750,5275.92542930342
7751,6152.84193862907
7752,9006.175407907924
7753,5052.1645227403205
7754,7112.391175501254
7755,7007.072650486978
7756,7047.6510367426545
7757,5395.868006928835
7758,7350.731151289537
7759,3984.82711240443
7760,4023.8101076855482
7761,4853.978111854527
7762,5405.792796734726
7763,7505.077301374268
7764,6329.332035482809
7765,5059.14541328843
7766,6473.398843360095
7767,6299.918108321655
7768,7332.602676886048
7769,3219.986638003175
7770,10875.7668795317
7771,3812.734800935216
7772,5048.710589113658
7773,6945.599490593966
7774,3862.285244746837
7775,4943.401185308488
7776,4697.225329604773
7777,5915.47560353656
7778,4686.137088392953
7779,4436.9321594049
7780,6430.04867889743
7781,6146.7769721837885
7782,5816.921698644193
7783,4389.371473449993
7784,6690.979900739239
7785,9906.153302266686
7786,5726.316924940259
7787,4324.23170656779
7788,5387.491974599413
7789,5627.55727185147
7790,4790.555829468324
7791,6402.4842834305855
7792,3219.5605465691824
7793,6877.998628830159
7794,5022.074837890241
7795,5688.850378127363
7796,8556.170660719567
7797,3730.6007458032436
7798,4274.106556220561
7799,4532.814181683775
7800,6621.737810557992
7801,6789.039662427898
7802,3993.5341956290463
7803,3904.8643876318592
7804,5796.14638154296
7805,4860.545262770398
7806,4958.403589547457
7807,5923.235422907345
7808,5435.135849848814
7809,6432.84727647298
7810,4609.853869935679
7811,3799.580049870145
7812,4972.45934736115
7813,6467.366964220415
7814,6586.692629452695
7815,6469.234591449237
7816,6575.5473412207275
7817,4408.728664707728
7818,7537.183129226578
7819,4555.993665138422
7820,5151.324349134271
7821,6913.998350128043
7822,5217.052260691806
7823,8131.925590788143
7824,6847.711341370088
7825,6228.025930274581
7826,4759.708590057025
7827,6229.19129188033
7828,6394.043060626415
7829,5597.259357467595
7830,3587.1469274822402
7831,4907.907869050884
7832,6711.946892700662
7833,4545.405768666039
7834,3719.864606990652
7835,6636.909240903917
7836,5696.466168418408
7837,5167.5589204333455
7838,4870.013571795778
7839,4268.520721321542
7840,6286.3639829159265
7841,5754.596340792708
7842,5095.769533051043
7843,4754.31247018972
7844,4337.999798058782
7845,5037.866147442918
7846,3577.8934151244357
7847,5490.118130265343
7848,4803.877693894756
7849,6596.532613167356
7850,6615.124211739139
7851,5783.393995654298
7852,10344.387752248153
7853,4684.519238554106
7854,4442.675108084621
7855,9197.102128590326
7856,5204.523435848411
7857,6838.429969398737
7858,6251.416552184758
7859,4663.177731458056
7860,5392.917744085295
7861,4846.674103086776
7862,6101.8322149635305
7863,9597.133520502164
7864,6344.541144879609
7865,2719.202525430217
7866,4162.445254642463
7867,6808.99677993838
7868,7129.4680713847465
7869,4885.664838804978
7870,5321.513889399178
7871,4000.0884451092697
7872,4015.15371305962
7873,2976.5770293925657
7874,4131.51333727098
7875,5115.222947522654
7876,6158.053130117944
7877,5750.468430609862
7878,5129.279620676542
7879,6536.374566924922
7880,7262.843044533339
7881,6079.532813688461
7882,4194.87196943155
7883,8721.674209085704
7884,7975.038244830782
7885,4540.774250212266
7886,5896.416380982277
7887,4198.7771375776765
7888,5497.808628276994
7889,3458.827640905759
7890,6016.768252094905
7891,4223.918138987986
7892,8346.891446243058
7893,5655.711645136186
7894,6627.592656224975
7895,6749.85463552276
7896,4357.343065135958
7897,7050.5184707556045
7898,16620.95632354418
7899,8492.536644796079
7900,4957.255474424737
7901,2776.4943052573435
7902,5280.210340982554
7903,6803.351743052551
7904,5015.71236186054
7905,10877.785769854268
7906,18231.95302555664
7907,3784.402161263262
7908,4509.348194572828
7909,8536.271020595803
7910,3986.7381840012476
7911,6375.479874800359
7912,5204.555746319117
7913,6633.529810000419
7914,0.0
7915,5203.1869582192785
7916,4825.724138097943
7917,6120.524410765002
7918,8146.213258900853
7919,5177.420319064979
7920,4926.00762632591
7921,6325.427005419024
7922,4269.969706573127
7923,5065.574110198059
7924,6503.018997628927
7925,4306.189191217856
7926,4786.995393256006
7927,5757.429301760594
7928,5343.823687061573
7929,5435.487307101594
7930,5801.632568579458
7931,6248.918626183816
7932,6545.888749699751
7933,8213.894914691158
7934,6524.375878488157
7935,4720.318579207816
7936,3527.7642278382164
7937,5399.761615169802
7938,5692.076862781778
7939,4955.058408465376
7940,3953.0969795794354
7941,7027.561861222327
7942,5205.160870958916
7943,8601.084812114112
7944,5978.321585946533
7945,4345.3868988423965
7946,4268.756515230687
7947,3822.786293758062
7948,7934.2361058782
7949,4542.77571685751
7950,6118.257913325187
7951,14623.12624249607
7952,6103.706868258135
7953,5175.36950552764
7954,4731.283743483233
7955,3827.653193099801
7956,5613.596040953533
7957,3677.7910857795623
7958,4688.13081573567
7959,8994.106299904184
7960,4112.535042999782
7961,11487.333842370674
7962,11569.323458499432
7963,4744.031973172439
7964,5800.465546617923
7965,4739.849209472687
7966,5738.263049577962
7967,4671.619142473504
7968,9174.106568854155
7969,5866.679365046107
7970,7982.881490910467
7971,3895.0740909702213
7972,6304.7117884114095
7973,4689.883299484116
7974,7413.695910055902
7975,5627.706685978157
7976,5319.778552937297
7977,5338.997202655614
7978,6058.747413616497
7979,6753.382764011542
7980,7452.78643760005
7981,5393.91049106998
7982,8650.517654982981
7983,5507.886274067116
7984,7732.878131054431
7985,4680.408598287727
7986,4390.1674118561605
7987,4330.667507772121
7988,8653.00298111365
7989,5370.9840191476305
7990,6088.197527619215
7991,5495.299501082778
7992,6901.876684744337
7993,3949.722511154946
7994,6945.588234996743
7995,6028.993047251952
7996,3450.1014490890166
7997,11406.293443191445
7998,14920.6656887052
7999,5662.487463725884
8000,5721.024948241369
8001,7731.16919872929
8002,8462.604042415507
8003,9236.01750238472
8004,4341.909428402637
8005,5813.542927822078
8006,4860.3527987720945
8007,6934.125889781865
8008,3383.188691163885
8009,5136.775140436629
8010,4738.35995393251
8011,4949.404418700524
8012,6290.039338754127
8013,4455.345674863438
8014,4067.9079339609034
8015,6058.554618612458
8016,3866.452740885817
8017,4276.898313688962
8018,4918.337565543655
8019,4847.191375084631
8020,7940.23966380843
8021,7487.552874534726
8022,6112.354885906901
8023,5498.954815972939
8024,5306.495968637059
8025,9897.466343621196
8026,5784.09925066197
8027,4315.874916609672
8028,4203.903172116908
8029,9216.654217283132
8030,3895.1330528844856
8031,5654.63957074547
8032,2927.567360126345
8033,4249.217211554308
8034,6624.273046218004
8035,4968.327064248746
8036,4248.229041652328
8037,6922.525988617329
8038,7780.235663639269
8039,10225.309653152399
8040,5670.502050004732
8041,8419.682419018744
8042,2707.5011340199408
8043,4089.405804459035
8044,5179.691271829545
8045,3935.6912393140183
8046,7487.555125450442
8047,4063.003557495387
8048,4536.643805739768
8049,6892.374831401029
8050,9239.151088580411
8051,7916.659950941915
8052,4986.435975499966
8053,4279.818150382693
8054,10348.89759045005
8055,6663.8487112663215
8056,4794.838912238646
8057,4371.264095441986
8058,6644.862947416685
8059,7519.683018161327
8060,3952.5672849729062
8061,4609.306239919853
8062,6671.941252380979
8063,6289.872765193965
8064,11179.946302760824
8065,5675.243357414597
8066,10435.594539042844
8067,5517.350005298297
8068,4222.682401746996
8069,3032.539653633749
8070,5326.565802807189
8071,4810.80436188818
8072,4806.547297637314
8073,6893.070258540654
8074,4405.202918233441
8075,3827.3909029462893
8076,5964.767441104676
8077,3273.4076273324417
8078,6667.61749907151
8079,5648.131863649029
8080,6754.276354765347
8081,6789.610546949152
8082,4548.651148920491
8083,7506.054394858206
8084,5799.369492251861
8085,4723.562265524809
8086,4906.406950042044
8087,4239.576738858328
8088,8945.17348346577
8089,5490.2161966884005
8090,4148.013518480961
8091,6110.1172663111765
8092,7044.497072279097
8093,6259.568413960659
8094,5086.061670567896
8095,6732.903475047352
8096,5100.918892459926
8097,5514.236387674546
8098,4544.075947399409
8099,6970.767844266636
8100,4947.789517137732
8101,5511.341630336702
8102,4874.468296061335
8103,4751.555783257295
8104,3928.327152935389
8105,4489.193637126355
8106,7210.172966130399
8107,8011.049889411032
8108,8623.50067317719
8109,9186.591857347681
8110,6658.354813926571
8111,7271.0674853416585
8112,4346.123364381273
8113,9363.737114391604
8114,9324.631811300696
8115,6241.319878010841
8116,6633.197045590821
8117,6830.499552489539
8118,5112.123941296644
8119,3319.621798834937
8120,9987.998905178638
8121,5631.912470326534
8122,6024.931080948707
8123,5037.967010230749
8124,2551.8096840505823
8125,9202.167808317216
8126,4851.733900357941
8127,3971.4031706408064
8128,4074.5347943042966
8129,4442.909605388575
8130,5777.3933373235195
8131,6291.453472281993
8132,6298.298555424009
8133,4686.164655060388
8134,3880.821959836963
8135,3711.9166294935926
8136,3005.044694448188
8137,5607.807771374694
8138,16162.49057445403
8139,3753.3848874863697
8140,4800.499289894071
8141,5677.04420183604
8142,4367.925902936642
8143,3939.6331750776326
8144,4621.57063356708
8145,3488.0241773494513
8146,6306.392436184793
8147,5294.229334575021
8148,3387.056508251844
8149,7520.846946629127
8150,4467.939356955972
8151,4282.552284020023
8152,9943.623629792188
8153,6215.636516562354
8154,7858.427448937023
8155,4431.560175201086
8156,5073.358516704372
8157,4007.664210806901
8158,4010.5187568485803
8159,12720.86896972571
8160,8652.79377161151
8161,5001.003650731932
8162,4409.785043626734
8163,4652.212293917506
8164,5130.234082760854
8165,3679.4103715510364
8166,8374.82614919284
8167,4759.447193788601
8168,4571.34158794234
8169,6161.579980205523
8170,3934.376366864755
8171,5382.089433278885
8172,5885.679151827117
8173,5456.884205309726
8174,5879.547203123864
8175,3625.119562978211
8176,5026.954699338517
8177,5201.763053831012
8178,7106.886556822414
8179,6597.57845600058
8180,6083.2090468700935
8181,3953.0280285084705
8182,6707.659158903682
8183,5026.609529650833
8184,3889.6385580596207
8185,5660.130730047334
8186,5845.604126424649
8187,5191.236523278435
8188,5836.11990542211
8189,5087.461586291763
8190,4723.228552292379
8191,4317.6270200518275
8192,6656.4457040872
8193,5292.908587475241
8194,5534.740561279501
8195,7154.142374054844
8196,4833.290353137734
8197,3776.811036051163
8198,9543.954986925735
8199,4497.584992026215
8200,2849.852404772965
8201,6352.888099295324
8202,7020.0624676618245
8203,9775.84882730582
8204,4250.681102337461
8205,5142.401410107459
8206,5306.780936712455
8207,6022.685204907608
8208,4720.511226487338
8209,6935.565521624325
8210,2813.9374127210253
8211,4450.998610410356
8212,4453.144070609012
8213,4098.7893145180615
8214,4410.9963340656
8215,5623.443238238077
8216,5841.892264331059
8217,5676.0362897467885
8218,6404.596161724809
8219,6337.934378419405
8220,6966.88247557914
8221,3946.4653382735255
8222,5480.949757744857
8223,5933.8452659374825
8224,6777.199226422749
8225,6472.740119888009
8226,3277.88285301011
8227,8054.463747661479
8228,5263.450309408826
8229,5797.5165124987825
8230,4445.24293325079
8231,3801.6985928523823
8232,6974.855151074354
8233,4669.773040927653
8234,7182.7440238128975
8235,5137.067005480159
8236,4611.371430399173
8237,6545.404807550172
8238,5128.063629072059
8239,5064.440393429741
8240,7037.839940545765
8241,4652.842174704883
8242,7997.052285801339
8243,8491.258072603581
8244,6705.929812054808
8245,3999.490190950033
8246,4637.4706295964315
8247,3855.2004807197127
8248,2961.7148295153684
8249,6315.93882999815
8250,4717.175672018162
8251,7040.336996359551
8252,3874.065122851403
8253,4755.156392469927
8254,4983.28769626693
8255,7156.367616281827
8256,4506.997321667938
8257,4618.095246196171
8258,4344.46418956574
8259,6225.45227964117
8260,4382.323974964504
8261,6475.687503343667
8262,6628.844405382427
8263,6211.7235845768355
8264,6787.953260002069
8265,5298.089662351839
8266,4763.076522785456
8267,4092.0822279924146
8268,4698.38559899516
8269,8750.90133746013
8270,7063.969214069833
8271,9020.85369752369
8272,13035.129589028262
8273,4289.898643688586
8274,4017.6083305285997
8275,5141.604849721477
8276,6719.024107083074
8277,7912.581966474037
8278,6482.286328963782
8279,6597.783699056247
8280,6507.895672657931
8281,6457.889659801109
8282,5317.117268451115
8283,4681.284513226154
8284,3870.5237114944557
8285,4010.897035230052
8286,3488.178393036719
8287,4498.682027900192
8288,6115.131860123359
8289,14399.052357949906
8290,6193.601837165835
8291,4398.782086066221
8292,6065.727370018614
8293,3822.125452237479
8294,5046.455065321681
8295,3718.9590551969736
8296,7705.379645210826
8297,5409.410102721457
8298,5092.788264172866
8299,11165.339014722256
8300,10404.988238427597
8301,4317.284232951483
8302,6038.023329086177
8303,3573.0034121757194
8304,4322.164135051436
8305,4435.170397104336
8306,6491.272785226158
8307,3899.793981581532
8308,3883.479846439185
8309,4687.541441307314
8310,4633.753391047655
8311,5649.345666652859
8312,6144.252975992263
8313,3634.4533724443877
8314,6132.256973534429
8315,7200.391118214323
8316,5441.864457839965
8317,4008.4411448896712
8318,3778.1959484364356
8319,6696.824801448781
8320,4304.013072440087
8321,8683.012106405224
8322,3935.5378740326764
8323,4712.671267280248
8324,6071.39664215123
8325,4512.0483549888
8326,4258.5070934371715
8327,4269.537572825586
8328,5431.183236174697
8329,8849.334503577178
8330,7728.492073720018
8331,4812.409387024492
8332,3708.7276102455744
8333,5303.85543480118
8334,5270.326341983031
8335,3742.880769354403
8336,4785.817120552737
8337,5090.743086349705
8338,10276.048906858417
8339,6710.0728882285175
8340,5116.556965216788
8341,6258.2796181965905
8342,4303.196515417329
8343,7126.907717312759
8344,4826.287242077011
8345,10816.199446853518
8346,5442.456107938561
8347,4441.499344398659
8348,4560.483933260575
8349,3537.6492143666915
8350,5148.126422017325
8351,16201.877849508104
8352,3637.5906506243314
8353,4113.081156463916
8354,7238.5809716641115
8355,5364.495458546644
8356,6057.804404204056
8357,6933.703704344544
8358,4828.296658358784
8359,4359.082066817316
8360,3671.907991345875
8361,8695.592268715463
8362,5179.595767474657
8363,6295.9953341138535
8364,6818.390294716006
8365,4427.5600519783975
8366,6315.692324873992
8367,5314.432936217539
8368,3565.7722654389245
8369,6846.979868456984
8370,8428.392654173114
8371,4009.170319979051
8372,6351.406454995654
8373,5627.597726092501
8374,4754.034648071636
8375,7905.633047007065
8376,5829.797029720478
8377,6247.4324151987885
8378,4190.772692410629
8379,3924.867705185673
8380,6031.919341241735
8381,3625.4364215721694
8382,7047.823735048375
8383,3691.266929831844
8384,5148.644374028712
8385,3817.2163547303344
8386,4873.560692367008
8387,4967.728137514941
8388,5773.926590194203
8389,5382.420470437015
8390,6851.78514552752
8391,5290.156167617072
8392,6493.126686186478
8393,5106.111479805388
8394,6865.438125242503
8395,9284.000316948734
8396,6231.523326821741
8397,2800.534177321536
8398,5429.487978149252
8399,5959.017367114997
8400,3455.97308440812
8401,9718.294845886106
8402,4760.624395623964
8403,5513.852135110031
8404,9313.734382238754
8405,5940.618206608022
8406,3585.203776687002
8407,9949.82033749217
8408,8401.68294873549
8409,4931.053271618662
8410,7763.482627451568
8411,7027.353193203909
8412,5325.7059658168755
8413,4836.539762823384
8414,5363.874313412193
8415,4552.028917740667
8416,5301.34058282535
8417,5743.273786923007
8418,3826.6120068242953
8419,5912.752450583431
8420,5882.385615605025
8421,5242.632177623372
8422,6556.3392469946075
8423,5116.366802355104
8424,5804.685295647032
8425,4781.58713547681
8426,6149.457475303417
8427,5794.002392497982
8428,5123.702453927679
8429,5793.505772038765
8430,5825.632222598115
8431,8191.224176958493
8432,4771.580708187495
8433,4496.289850689994
8434,5161.749107718372
8435,5836.335640507931
8436,5841.857242230288
8437,3732.7145687123425
8438,3768.9058802113523
8439,6529.626689892411
8440,6972.548284506608
8441,4977.015949303991
8442,6103.787644800839
8443,4848.604593931726
8444,5592.98563191323
8445,4076.103077098973
8446,2920.9914275085853
8447,5799.0865715140335
8448,5117.502057745081
8449,5002.071698620347
8450,8045.752781850657
8451,6818.8278460139545
8452,4035.732433287958
8453,6419.305530738094
8454,3755.941581032613
8455,2638.549809173113
8456,5318.157736993265
8457,10209.137747603545
8458,6188.950536433845
8459,5792.657072158288
8460,3979.4688038171944
8461,5337.619311273442
8462,6932.742973251313
8463,5026.89466922168
8464,6959.473705672405
8465,4145.581409695515
8466,4107.025974135556
8467,4461.221093761634
8468,5049.297304668717
8469,4249.674927738266
8470,4200.349305261858
8471,4150.439172201127
8472,4044.158870698866
8473,5906.088170128624
8474,5752.03525116192
8475,4440.375959281544
8476,5351.031610641244
8477,6080.781958245826
8478,4946.068958871984
8479,4077.9558820740594
8480,8245.627872446914
8481,6172.553953513909
8482,4652.530578618341
8483,3263.41109128549
8484,8202.430426669833
8485,5005.127882689291
8486,4424.904450474488
8487,6744.080118217455
8488,6988.881653820062
8489,6186.989963414217
8490,5039.853350976021
8491,6262.22083201933
8492,7100.7247086056805
8493,11221.226234759459
8494,4337.228951452785
8495,3948.2754543238248
8496,4135.305775177112
8497,5645.643412841434
8498,4600.388955414463
8499,6770.623901800377
8500,7004.169862617956
8501,4802.3848053344445
8502,3613.6305404858285
8503,4812.00667028112
8504,9643.739738713375
8505,4266.853889513142
8506,6156.666734034016
8507,3441.6537555648197
8508,5794.186686458683
8509,6433.96981224404
8510,6061.7428709188025
8511,6889.424567896136
8512,5392.1285371225
8513,3986.650702052111
8514,4928.187333743729
8515,5951.4444072834685
8516,6981.351537002394
8517,6181.966048527432
8518,6820.837100475212
8519,4888.981914682105
8520,3924.5010946267216
8521,8393.939744771953
8522,3766.2463193453086
8523,7770.852814521881
8524,4837.39494690643
8525,3908.53713183412
8526,6113.511627531266
8527,5016.250281498501
8528,6052.480239141747
8529,6933.903782286377
8530,3341.8934196500827
8531,3809.2546862552254
8532,6213.278640516365
8533,7145.873115082436
8534,9111.737197636829
8535,4820.201819680069
8536,5523.100637068112
8537,4980.444950778288
8538,5475.12741834586
8539,4206.013275454765
8540,8476.48121411306
8541,7430.905887789949
8542,10889.743283935428
8543,4007.293087297318
8544,5178.835763545821
8545,9770.952088816468
8546,8478.790939839597
8547,4274.560145325646
8548,8382.594403817711
8549,5600.373948494666
8550,4853.628024910109
8551,4305.104010585077
8552,4286.86964775664
8553,4265.298577323553
8554,5651.901265099546
8555,3922.114072647084
8556,4192.30874018332
8557,6872.357773566509
8558,5710.8048217422665
8559,18530.800745883855
8560,5607.283053325703
8561,4150.043546832654
8562,6032.419670183817
8563,9648.295351633484
8564,5604.731264637704
8565,6724.088705185482
8566,5548.2270501386165
8567,6427.571845468436
8568,6650.622187479975
8569,4332.936315944219
8570,4587.928097352803
8571,5767.030898043002
8572,7043.158259317299
8573,5948.6019463893845
8574,6778.785907659896
8575,5277.403055645299
8576,4345.696519884157
8577,4740.959458241361
8578,8711.659519437346
8579,8974.853124722207
8580,7823.146290027182
8581,6796.850408593729
8582,3825.526828529543
8583,5128.537874956849
8584,4039.7837455490576
8585,7266.188602787127
8586,8458.287011948085
8587,9108.216603064053
8588,5430.227285423986
8589,4330.505967263804
8590,4304.938692395132
8591,4758.479106123536
8592,8451.53272003029
8593,5001.49205641645
8594,4903.002855474599
8595,4681.1502631719095
8596,6237.851985889167
8597,3337.795146929661
8598,7107.492929678174
8599,4250.50537974414
8600,6522.082028219351
8601,5373.070234768593
8602,4920.923388219577
8603,7151.695802984075
8604,6639.96759846442
8605,4966.579518939725
8606,5634.4202330261805
8607,6698.110097572185
8608,9753.842247523004
8609,5610.270897528636
8610,7583.664716927692
8611,7384.962994920776
8612,7739.834517541574
8613,5868.092219070132
8614,7783.499585538774
8615,4283.578869632507
8616,4274.596672111423
8617,5124.939701143012
8618,5918.769969624756
8619,8078.846634120104
8620,6764.153171623196
8621,5429.811574317947
8622,6881.808065617363
8623,6629.771365042012
8624,7549.642744426339
8625,3593.519245895879
8626,11418.151352802784
8627,4084.001398285542
8628,5427.129400058515
8629,7169.713875943712
8630,4213.166778625671
8631,5403.018821617053
8632,4906.499724044085
8633,6407.427613852983
8634,5031.676199750055
8635,4727.700451616032
8636,6860.129652061218
8637,6717.74127100653
8638,6102.718078484029
8639,4671.756583912355
8640,6954.241264333972
8641,10690.889468493264
8642,6047.124961968715
8643,4610.479465909857
8644,5876.600757086595
8645,5997.716379048878
8646,5110.158448169059
8647,6867.452526410808
8648,3520.2233517727686
8649,7490.7292629484455
8650,5351.017427996737
8651,6223.423773202779
8652,8980.98121419156
8653,3947.0867146146484
8654,4677.57094664842
8655,4770.926023987343
8656,7027.669999924296
8657,7052.15044485559
8658,4248.987881145618
8659,4253.092475138716
8660,6337.589069284588
8661,5344.563791151188
8662,5388.299051205193
8663,6366.310603643688
8664,5779.356580576559
8665,6680.321245625028
8666,4870.919548604419
8667,3983.0273219502096
8668,5609.111140653696
8669,6746.747925801451
8670,6812.090961518315
8671,6848.787742347357
8672,6996.045796806101
8673,4783.337017626553
8674,8153.553874316307
8675,4950.051217194756
8676,5423.091597079068
8677,7594.642049182594
8678,5871.2528036661915
8679,8400.879182423747
8680,7296.969278583151
8681,6703.709646949907
8682,5011.369982455942
8683,6551.086861178883
8684,6804.655101927666
8685,5885.30326132039
8686,3882.772967675015
8687,5108.284397385051
8688,6843.983336761664
8689,4829.514515402988
8690,3966.380089559182
8691,6850.133784411236
8692,6016.491450301231
8693,5587.417058435631
8694,5381.882666231209
8695,4536.131870009289
8696,6612.710726860271
8697,6266.654979295141
8698,5433.187661960728
8699,4995.45905330128
8700,4630.880306690922
8701,5552.7059859793635
8702,3838.316367929134
8703,5830.492269906102
8704,5187.704980176697
8705,7042.91589469243
8706,6815.742421981559
8707,6086.142638430472
8708,10906.97269950933
8709,5005.049758185677
8710,4811.877284510968
8711,9710.883661272681
8712,5691.714188530508
8713,7363.9039442098865
8714,6556.565556286625
8715,5033.291064802086
8716,5923.67784124423
8717,5164.0069233188115
8718,6444.577450037723
8719,10074.019309174884
8720,6499.026483903877
8721,3107.7261575706307
8722,4438.499198770324
8723,7300.177010722945
8724,7945.9082410963465
8725,5354.503961325741
8726,5708.222022324292
8727,4298.464754703705
8728,4281.459926386293
8729,3245.59483592054
8730,4354.889301101408
8731,5656.358988565154
8732,6624.147914833414
8733,6056.209628332689
8734,5579.427069750088
8735,6928.693045034351
8736,7950.978481758479
8737,6573.724535201908
8738,4598.321127968107
8739,9127.507244643657
8740,8566.839954609437
8741,4818.681980557939
8742,6171.593413633644
8743,4638.602107226443
8744,5968.116442885858
8745,3786.4124240681276
8746,6418.531415207179
8747,4646.001452130412
8748,8771.284581456483
8749,6053.564832365694
8750,7061.970200739165
8751,7044.241115814347
8752,4715.037872638558
8753,7767.8168236868
8754,17264.996236516676
8755,9084.997231557865
8756,5245.390611414726
8757,3169.2244687661473
8758,5715.418081720313
8759,6991.434046069767
8760,5351.992158659563
8761,12069.327906307788
8762,19333.137531847944
8763,4127.685293349952
8764,4809.4906043174515
8765,9348.71264316597
8766,4352.519112509735
8767,6688.693776533781
8768,5614.413530465741
8769,6860.678445318322
8770,0.0
8771,5704.024951167148
8772,5299.604080051212
8773,6520.131395394532
8774,8691.03558605974
8775,5747.196959197393
8776,5590.835360467869
8777,6640.964117086662
8778,4674.748565543708
8779,5499.871296830764
8780,6889.784842365506
8781,4687.491647531448
8782,5123.318251470568
8783,6030.305074138497
8784,5650.407083348869
8785,5739.425177835011
8786,6195.898741839298
8787,6573.598721178623
8788,6928.496965755571
8789,8756.741223555153
8790,6759.715545044943
8791,5018.670470112895
8792,3804.4984341086697
8793,5695.7938053260295
8794,6014.2816119748195
8795,5494.733241264904
8796,4243.557059737354
8797,7352.411871374563
8798,5650.739337137927
8799,8676.80857405676
8800,6324.265211418442
8801,4728.045011985926
8802,4481.511671541193
8803,4158.595005863536
8804,8443.057852432992
8805,4776.559297920588
8806,6494.626155014865
8807,15677.99539368109
8808,6685.70617926529
8809,5470.509267711336
8810,5007.904285830858
8811,4043.1330149631817
8812,5899.060148503509
8813,3926.847403175877
8814,4948.48912222266
8815,9269.71422488343
8816,4488.691031310006
8817,11733.895320071155
8818,12176.74220645148
8819,5051.004864581645
8820,6113.845873483391
8821,4928.778629725136
8822,6091.8282962145
8823,4976.839386388505
8824,9671.568652144546
8825,6352.265231866083
8826,8273.080548800895
8827,4209.565768324387
8828,6548.768442791106
8829,4934.511266488426
8830,7926.346173447582
8831,6092.303737819929
8832,5640.980180483923
8833,5833.862234996908
8834,7456.248198454583
8835,7192.157451449551
8836,7872.741467365533
8837,5906.367861600716
8838,9125.051203969282
8839,6024.430663845026
8840,8267.754812787263
8841,4945.858171482167
8842,4743.556138561007
8843,4724.443562032926
8844,9239.31270072181
8845,5878.802648735068
8846,6540.4948242665505
8847,6056.519665863829
8848,7404.795144621997
8849,4297.74837485774
8850,7209.014313662032
8851,6448.993145998305
8852,3718.850795291877
8853,11991.065774022232
8854,15893.114495888278
8855,6276.048333896914
8856,6169.67831051721
8857,8107.917506489544
8858,8771.153217183086
8859,9731.442701337714
8860,4581.763941887088
8861,6123.79257568502
8862,5369.818846417011
8863,7606.917354539717
8864,3806.1637130166546
8865,5364.257600031634
8866,4936.574660571227
8867,5329.956864546757
8868,6599.6933365643645
8869,4772.9442681727805
8870,4368.732830482597
8871,6568.421825201991
8872,4252.751581953373
8873,4684.1461740837885
8874,5409.411624692335
8875,5206.481384978798
8876,8460.496446105382
8877,8140.226723340826
8878,6529.260542924397
8879,5949.833992211454
8880,5800.938723151833
8881,10626.053033096228
8882,6015.455890223962
8883,4583.848061129516
8884,4606.563127928315
8885,10021.336991475457
8886,4184.149777460568
8887,6079.533895753862
8888,3209.8278225833465
8889,4441.200832980213
8890,6964.853382565716
8891,5586.362234224499
8892,4639.024012279056
8893,7757.085554479062
8894,8363.039044634223
8895,10690.691522210536
8896,5688.628685168312
8897,8715.372471655137
8898,3011.7734891029772
8899,4588.50591773641
8900,5697.157469320951
8901,4270.928303924807
8902,8020.00413882811
8903,4298.620354440515
8904,4922.514547831241
8905,7157.29784843264
8906,9621.676096331821
8907,8532.868459043057
8908,5241.579145158985
8909,4593.393106365348
8910,10769.346456944757
8911,7182.103197202244
8912,5135.706131128788
8913,4719.212866746948
8914,7155.843850337075
8915,7921.017630945203
8916,4327.340340050498
8917,4910.828978125687
8918,7085.640760022269
8919,6592.687233709208
8920,11738.054598004994
8921,6241.593514436739
8922,11082.58484883209
8923,6049.173955646149
8924,4666.2493528293335
8925,3303.7740430255585
8926,5670.100565842979
8927,5255.209119717533
8928,5146.955459544669
8929,7266.748375770046
8930,4719.53436270713
8931,4119.286747128709
8932,6475.866964560137
8933,3692.7520102341364
8934,6992.538813818511
8935,6291.679825617695
8936,7017.683000360893
8937,7167.244988029054
8938,4864.979948970732
8939,7976.03700694805
8940,6094.608254381141
8941,5021.816899189786
8942,5472.674022857076
8943,4499.828344548337
8944,9387.442176094162
8945,5941.907753594625
8946,4385.9028423591535
8947,6506.219771035977
8948,7396.5559068127595
8949,6598.3221336931165
8950,5402.8011918401935
8951,6935.502321983343
8952,5530.579073533968
8953,6216.949116080959
8954,4858.533289078848
8955,7660.593567385418
8956,5188.707076594142
8957,5795.211022715697
8958,5503.606843277593
8959,4976.931469435255
8960,4248.090102157196
8961,4853.241166340381
8962,7926.203406638291
8963,8396.570288074008
8964,9271.407152668484
8965,9508.70420283062
8966,7109.396870088854
8967,7743.2179394974
8968,4642.714955262259
8969,9937.317665537528
8970,9919.25500125689
8971,6586.097547374401
8972,6823.198867603253
8973,6991.51110652272
8974,5598.032324815319
8975,3692.860732737975
8976,10727.436389568811
8977,6225.148566284447
8978,6364.261173711602
8979,5388.460444761244
8980,2765.9550669453233
8981,9651.319593540133
8982,5399.572064410273
8983,4313.460149506072
8984,4393.341983601808
8985,4806.103861896171
8986,6058.401056602064
8987,6564.487873714885
8988,6799.408556211348
8989,4925.735354299355
8990,4176.892585749659
8991,3992.5354733502836
8992,3251.0382760876932
8993,6090.7504038640745
8994,17242.172824401896
8995,4019.1752042590197
8996,5185.470907565688
8997,5981.6930628928485
8998,4679.548290857653
8999,4239.451623035363
9000,4875.549996910479
9001,3844.176247823863
9002,6794.887890043691
9003,5669.371639051133
9004,3741.072625727362
9005,8143.9434195743925
9006,4723.587302278686
9007,4539.290426427207
9008,10081.49321903536
9009,6745.9653870781685
9010,8355.85571880973
9011,4685.356808843452
9012,5420.17383399116
9013,4316.757268122924
9014,4328.161908522033
9015,13698.011349483566
9016,9162.512977664774
9017,5564.050023465555
9018,4638.721130983686
9019,4894.645152463927
9020,5591.203484390029
9021,3972.89057371544
9022,8652.264995507425
9023,4955.565175690405
9024,4813.89583260995
9025,6605.10539676564
9026,4248.707763929594
9027,5765.459528665113
9028,6223.42290220987
9029,5966.843875763229
9030,6470.295280743772
9031,3934.5502883240647
9032,5535.740843946169
9033,5716.6290817168165
9034,7786.419358321147
9035,6807.9907048262085
9036,6603.651197803363
9037,4231.04464830579
9038,7245.433089515829
9039,5251.377666685116
9040,4223.49475202164
9041,5932.319167961796
9042,6111.088632959794
9043,5511.923739942999
9044,6397.954546917498
9045,5482.455209812678
9046,4997.132015987515
9047,4700.867906622689
9048,6979.907556241161
9049,5790.058382973923
9050,6116.010440171311
9051,7797.760694559161
9052,5363.528224672681
9053,4050.236245998707
9054,10265.627798073714
9055,4656.764339571124
9056,3122.6710789551917
9057,6607.1598336852885
9058,7784.131433348433
9059,10428.70954353302
9060,4549.29254377293
9061,5566.125400409782
9062,5790.031232079854
9063,6408.529631663336
9064,5046.97732160233
9065,7580.240586452035
9066,3153.629706094576
9067,4769.767919939193
9068,4739.482828414829
9069,4399.427781667699
9070,4654.891704775863
9071,6122.474457568758
9072,6445.804182379134
9073,6116.025513886624
9074,6639.596485952495
9075,6801.750054254656
9076,7628.041717973401
9077,4312.287861673869
9078,5879.67756730001
9079,6313.0188832059375
9080,7355.511924976421
9081,6713.385687953724
9082,3570.040956721519
9083,9151.876147997384
9084,5722.874341700514
9085,6261.831048775457
9086,4760.208839118275
9087,4084.0627180139736
9088,7668.123151717365
9089,4951.33889638612
9090,7936.784063769724
9091,5732.064349564321
9092,4951.610949409202
9093,6887.724281673638
9094,5470.862422970696
9095,5640.553448669857
9096,7448.524232810909
9097,4918.4229101097735
9098,8365.503506638965
9099,9060.625106985375
9100,6938.368691984071
9101,4296.157858964557
9102,4969.66996420204
9103,4212.491636399644
9104,3303.277917601217
9105,6668.601754186127
9106,5040.196566344142
9107,7273.087231678095
9108,4239.260351258188
9109,5045.661352056617
9110,5356.114857058637
9111,7646.30532251631
9112,4798.10093445944
9113,4807.281899080772
9114,4665.922291782033
9115,6642.846138554951
9116,4718.321622855416
9117,6745.068764435506
9118,6942.544693670644
9119,6630.816495434227
9120,7259.203458244798
9121,5732.161932281024
9122,5189.859839486941
9123,4363.544059780311
9124,4934.223689968625
9125,9334.738936522619
9126,7395.07125877679
9127,9339.282075776631
9128,14269.005668339796
9129,4478.407500707508
9130,4311.02109253238
9131,5413.799345139233
9132,7141.330942597218
9133,8478.93506914398
9134,6900.250564814792
9135,6930.085670353517
9136,6936.736468406606
9137,6646.992539074449
9138,5813.032500690508
9139,4939.068153870077
9140,4085.4946944672893
9141,4313.195271501365
9142,3815.400032629606
9143,4761.9367549851895
9144,6534.005132466171
9145,15369.222068009807
9146,6557.77825576363
9147,4652.7171736923565
9148,6442.664180323132
9149,4256.6636052224085
9150,5701.5876609212355
9151,4014.8329125679566
9152,8149.28892750647
9153,5939.980238578849
9154,5612.4152968762
9155,11783.196378472072
9156,10884.73479192193
9157,4530.919944134286
9158,6456.21098606574
9159,3832.4768613300066
9160,4528.901973415625
9161,4850.066180100293
9162,6897.220535591738
9163,4277.162944282892
9164,4234.670527325877
9165,4907.871649772376
9166,4868.388081102524
9167,5791.985098247881
9168,6577.861256744791
9169,3894.085691713218
9170,6641.290239534628
9171,7586.547224362551
9172,5778.142961784164
9173,4468.1624769592045
9174,4050.519536217886
9175,6905.5873975758905
9176,4585.280631658315
9177,9039.756431832076
9178,4300.476433283833
9179,5170.099947344947
9180,6454.475364193262
9181,4795.338081152175
9182,4627.255100645302
9183,4660.619085987419
9184,5871.861648996992
9185,9285.238678821375
9186,8034.19609100399
9187,5332.223705946822
9188,4048.2621779333767
9189,5812.166396564272
9190,5720.536007035015
9191,4108.796809837329
9192,4971.962697792571
9193,5358.748078455584
9194,10623.812572034281
9195,7056.343993799607
9196,5415.708350452852
9197,6593.63416227866
9198,4585.01143397614
9199,7478.260784962648
9200,5237.5780178222385
9201,11225.065686236177
9202,5857.339870819012
9203,4775.894618727496
9204,4867.005320812299
9205,3849.4172212191456
9206,5552.9020340845955
9207,17490.966375875145
9208,3933.3783255188373
9209,4496.3014706417525
9210,7655.173905269018
9211,5698.593652558376
9212,6469.0320685023535
9213,7642.9163201206375
9214,5278.497409264832
9215,4699.940656275185
9216,3859.616033205566
9217,9169.970522738859
9218,5607.476722352045
9219,6685.304132290897
9220,7337.989764552867
9221,4743.025137191363
9222,6669.846832904797
9223,5902.6162631163625
9224,3804.222222117161
9225,7083.197597576247
9226,8565.766840579206
9227,4262.832645552744
9228,6870.97616460394
9229,6077.562011355241
9230,4809.7296313340485
9231,8399.968570226245
9232,6390.254026770743
9233,6622.582459452015
9234,4524.160986566165
9235,4227.821333579074
9236,6393.572151990977
9237,3937.7395758423227
9238,7431.762147322421
9239,3937.4776546050543
9240,5590.439328085805
9241,4073.171072955398
9242,5345.7132443202445
9243,5201.034168147357
9244,6020.891384063526
9245,5812.587311616005
9246,7342.629879695901
9247,5725.0158118132495
9248,6711.803784290296
9249,5557.194605271095
9250,7074.977249284222
9251,9804.450656893638
9252,6637.567283392056
9253,3157.205673942142
9254,5772.1832737782315
9255,6357.2187326038675
9256,3788.980775320298
9257,10097.896651814768
9258,5057.77453628884
9259,5832.763647052919
9260,9759.055801723247
9261,6366.446887318867
9262,3891.6596397311973
9263,10655.99624662988
9264,8786.523773201225
9265,5473.256460377188
9266,8231.187127409718
9267,7487.246909708703
9268,5763.371467047524
9269,4990.220960067723
9270,5699.0096981622655
9271,4861.6356933186225
9272,5690.38445484493
9273,6250.451073866868
9274,4000.0621526076493
9275,6479.056708638295
9276,6433.311134084863
9277,5614.400478052142
9278,6909.569762059313
9279,5579.228963715624
9280,6122.036978518898
9281,4725.481256369666
9282,6546.9491300906275
9283,6033.206292465561
9284,5524.656253660648
9285,6094.094980298981
9286,6365.508384845611
9287,8625.504879185291
9288,5060.432491869939
9289,4738.525742257251
9290,5635.143545668758
9291,6418.8920150188715
9292,6441.4316788296255
9293,4019.195753378811
9294,4013.182905602586
9295,6883.6688091349915
9296,7961.524856158809
9297,5400.253720822412
9298,6536.2948812948025
9299,5383.890529620455
9300,5851.253673450842
9301,4427.2979687716
9302,3241.925625462401
9303,6279.871292185011
9304,5603.166943377968
9305,5469.1187979540455
9306,8625.249299494179
9307,7029.247355494934
9308,4293.491920247726
9309,6668.125384318366
9310,3979.1449096536776
9311,2810.962971348852
9312,5667.829435356134
9313,10636.328485542972
9314,6499.838017899589
9315,6064.105631480594
9316,4269.7759739019575
9317,5678.120694118413
9318,7247.3906194464535
9319,5558.738649559215
9320,7740.784801198756
9321,4382.495747067057
9322,4362.101383287967
9323,4733.309023297178
9324,5406.112403079027
9325,4537.203328838119
9326,4487.311435564962
9327,4612.652110038259
9328,4369.354014920692
9329,6333.409223255159
9330,6036.408142545884
9331,4810.684877270725
9332,5727.113971327409
9333,6595.993482752566
9334,5195.88203182525
9335,4314.2667583074235
9336,8824.51059091372
9337,6512.523622358638
9338,4970.590481061915
9339,3611.8040073619986
9340,8697.79495971234
9341,5587.339075801398
9342,4755.578333369671
9343,7456.456386883259
9344,7372.226296691677
9345,6567.829100346435
9346,5669.76191164593
9347,6640.733109407265
9348,7668.953102574042
9349,11907.248441118176
9350,4582.097938603696
9351,4324.254288856792
9352,4592.3343042488805
9353,5967.119068260105
9354,4892.120066691147
9355,7000.069055594887
9356,7281.892023693668
9357,5225.087371893701
9358,3820.2233253542254
9359,5304.121756324156
9360,10102.761433908658
9361,4567.645570029744
9362,6524.472301021959
9363,3763.6819928259397
9364,6341.793945901836
9365,6754.0662501585375
9366,6357.476279342077
9367,7117.172104352871
9368,5740.374570836241
9369,4315.655984337357
9370,5619.000491531773
9371,6258.680764132541
9372,7558.021717316168
9373,6499.432367660212
9374,7560.748117871078
9375,5297.83404143636
9376,4287.071078577814
9377,8870.639967161822
9378,4031.41313689529
9379,8289.38043198598
9380,5312.035347070505
9381,4288.455049093777
9382,6571.921718980038
9383,5269.750924654362
9384,6307.961631968147
9385,7164.927402489057
9386,3749.9570959365096
9387,4105.687124086207
9388,6575.708429779194
9389,7474.3558878017675
9390,9287.172280357998
9391,5308.4363021839845
9392,5929.953483833499
9393,5371.229964847695
9394,5917.929292084037
9395,4413.700846615968
9396,9003.390096028157
9397,7957.864517488837
9398,11668.886130824792
9399,4309.407299832517
9400,5508.243920368995
9401,10939.764862747514
9402,8711.606188484566
9403,4533.065091714474
9404,8855.501846822872
9405,5912.001933944399
9406,5386.416144209485
9407,4692.925481838978
9408,4674.365278267552
9409,4542.703001498605
9410,5972.692012336765
9411,4269.078641155712
9412,4489.468340120739
9413,7333.402386231691
9414,6072.396600770207
9415,19648.733711955807
9416,6224.950639904278
9417,0.0
9418,0.0
9419,0.0
9420,0.0
9421,0.0
9422,0.0
9423,0.0
9424,0.0
9425,0.0
9426,0.0
9427,0.0
9428,0.0
9429,0.0
9430,0.0
9431,0.0
9432,0.0
9433,0.0
9434,0.0
9435,0.0
9436,0.0
9437,0.0
9438,0.0
9439,0.0
9440,0.0
9441,0.0
9442,0.0
9443,0.0
9444,0.0
9445,0.0
9446,0.0
9447,0.0
9448,0.0
9449,0.0
9450,0.0
9451,0.0
9452,0.0
9453,0.0
9454,0.0
9455,0.0
9456,0.0
9457,0.0
9458,0.0
9459,0.0
9460,0.0
9461,0.0
9462,0.0
9463,0.0
9464,0.0
9465,0.0
9466,0.0
9467,0.0
9468,0.0
9469,0.0
9470,0.0
9471,0.0
9472,0.0
9473,0.0
9474,0.0
9475,0.0
9476,0.0
9477,0.0
9478,0.0
9479,0.0
9480,0.0
9481,0.0
9482,0.0
9483,0.0
9484,0.0
9485,0.0
9486,0.0
9487,0.0
9488,0.0
9489,0.0
9490,0.0
9491,0.0
9492,0.0
9493,0.0
9494,0.0
9495,0.0
9496,0.0
9497,0.0
9498,0.0
9499,0.0
9500,0.0
9501,0.0
9502,0.0
9503,0.0
9504,0.0
9505,0.0
9506,0.0
9507,0.0
9508,4427.928725280956
9509,0.0
9510,0.0
9511,0.0
9512,0.0
9513,0.0
9514,0.0
9515,0.0
9516,0.0
9517,0.0
9518,0.0
9519,0.0
9520,0.0
9521,0.0
9522,0.0
9523,0.0
9524,0.0
9525,0.0
9526,0.0
9527,0.0
9528,0.0
9529,0.0
9530,0.0
9531,0.0
9532,0.0
9533,0.0
9534,0.0
9535,0.0
9536,0.0
9537,0.0
9538,0.0
9539,0.0
9540,0.0
9541,0.0
9542,0.0
9543,0.0
9544,0.0
9545,0.0
9546,0.0
9547,0.0
9548,0.0
9549,0.0
9550,0.0
9551,0.0
9552,0.0
9553,0.0
9554,0.0
9555,0.0
9556,0.0
9557,0.0
9558,0.0
9559,0.0
9560,0.0
9561,0.0
9562,0.0
9563,0.0
9564,0.0
9565,0.0
9566,0.0
9567,0.0
9568,0.0
9569,0.0
9570,0.0
9571,0.0
9572,0.0
9573,0.0
9574,0.0
9575,0.0
9576,3127.451815683734
9577,0.0
9578,0.0
9579,0.0
9580,0.0
9581,0.0
9582,0.0
9583,0.0
9584,0.0
9585,0.0
9586,0.0
9587,0.0
9588,0.0
9589,0.0
9590,0.0
9591,0.0
9592,0.0
9593,0.0
9594,0.0
9595,0.0
9596,0.0
9597,0.0
9598,0.0
9599,0.0
9600,0.0
9601,0.0
9602,0.0
9603,0.0
9604,0.0
9605,0.0
9606,0.0
9607,0.0
9608,0.0
9609,0.0
9610,0.0
9611,0.0
9612,0.0
9613,0.0
9614,0.0
9615,0.0
9616,0.0
9617,15294.3320211007
9618,28936.40048950677
9619,0.0
9620,0.0
9621,0.0
9622,0.0
9623,0.0
9624,0.0
9625,0.0
9626,7835.237993369882
9627,0.0
9628,0.0
9629,0.0
9630,0.0
9631,0.0
9632,0.0
9633,0.0
9634,0.0
9635,0.0
9636,0.0
9637,0.0
9638,0.0
9639,0.0
9640,0.0
9641,0.0
9642,0.0
9643,0.0
9644,0.0
9645,5338.36191802166
9646,0.0
9647,0.0
9648,0.0
9649,0.0
9650,0.0
9651,0.0
9652,0.0
9653,0.0
9654,0.0
9655,3565.3362528675784
9656,0.0
9657,0.0
9658,0.0
9659,0.0
9660,0.0
9661,0.0
9662,0.0
9663,0.0
9664,0.0
9665,0.0
9666,0.0
9667,0.0
9668,0.0
9669,0.0
9670,0.0
9671,0.0
9672,0.0
9673,8019.810750222767
9674,0.0
9675,0.0
9676,0.0
9677,0.0
9678,0.0
9679,0.0
9680,0.0
9681,0.0
9682,0.0
9683,0.0
9684,0.0
9685,0.0
9686,0.0
9687,0.0
9688,0.0
9689,0.0
9690,10262.48986861179
9691,0.0
9692,0.0
9693,0.0
9694,0.0
9695,0.0
9696,0.0
9697,0.0
9698,0.0
9699,0.0
9700,0.0
9701,0.0
9702,0.0
9703,0.0
9704,0.0
9705,0.0
9706,0.0
9707,0.0
9708,0.0
9709,0.0
9710,0.0
9711,0.0
9712,0.0
9713,0.0
9714,0.0
9715,0.0
9716,0.0
9717,0.0
9718,0.0
9719,0.0
9720,0.0
9721,0.0
9722,0.0
9723,0.0
9724,0.0
9725,0.0
9726,0.0
9727,0.0
9728,0.0
9729,0.0
9730,0.0
9731,0.0
9732,0.0
9733,0.0
9734,0.0
9735,0.0
9736,0.0
9737,0.0
9738,0.0
9739,0.0
9740,0.0
9741,0.0
9742,0.0
9743,0.0
9744,0.0
9745,0.0
9746,0.0
9747,0.0
9748,0.0
9749,0.0
9750,0.0
9751,0.0
9752,2016.8557343839914
9753,0.0
9754,0.0
9755,0.0
9756,0.0
9757,0.0
9758,0.0
9759,0.0
9760,0.0
9761,0.0
9762,0.0
9763,0.0
9764,0.0
9765,0.0
9766,6190.198366205581
9767,0.0
9768,0.0
9769,0.0
9770,0.0
9771,0.0
9772,0.0
9773,0.0
9774,0.0
9775,0.0
9776,0.0
9777,0.0
9778,0.0
9779,0.0
9780,0.0
9781,0.0
9782,0.0
9783,0.0
9784,0.0
9785,0.0
9786,0.0
9787,0.0
9788,0.0
9789,0.0
9790,0.0
9791,0.0
9792,0.0
9793,0.0
9794,0.0
9795,0.0
9796,0.0
9797,0.0
9798,0.0
9799,0.0
9800,0.0
9801,0.0
9802,0.0
9803,0.0
9804,0.0
9805,0.0
9806,0.0
9807,0.0
9808,0.0
9809,8423.332836030842
9810,0.0
9811,0.0
9812,0.0
9813,0.0
9814,0.0
9815,0.0
9816,0.0
9817,0.0
9818,0.0
9819,2952.7825749281988
9820,0.0
9821,0.0
9822,0.0
9823,5733.325359272754
9824,0.0
9825,0.0
9826,0.0
9827,0.0
9828,0.0
9829,0.0
9830,0.0
9831,0.0
9832,0.0
9833,0.0
9834,0.0
9835,0.0
9836,0.0
9837,0.0
9838,0.0
9839,0.0
9840,0.0
9841,0.0
9842,0.0
9843,0.0
9844,0.0
9845,0.0
9846,0.0
9847,0.0
9848,0.0
9849,0.0
9850,20115.16722181571
9851,0.0
9852,0.0
9853,0.0
9854,0.0
9855,0.0
9856,0.0
9857,0.0
9858,0.0
9859,0.0
9860,0.0
9861,0.0
9862,0.0
9863,0.0
9864,7055.4750106873535
9865,0.0
9866,0.0
9867,0.0
9868,0.0
9869,0.0
9870,0.0
9871,0.0
9872,0.0
9873,0.0
9874,0.0
9875,0.0
9876,0.0
9877,0.0
9878,0.0
9879,0.0
9880,0.0
9881,0.0
9882,0.0
9883,0.0
9884,0.0
9885,0.0
9886,0.0
9887,0.0
9888,0.0
9889,0.0
9890,0.0
9891,0.0
9892,0.0
9893,0.0
9894,0.0
9895,0.0
9896,0.0
9897,0.0
9898,0.0
9899,0.0
9900,0.0
9901,0.0
9902,0.0
9903,0.0
9904,0.0
9905,0.0
9906,0.0
9907,0.0
9908,0.0
9909,0.0
9910,0.0
9911,0.0
9912,0.0
9913,0.0
9914,0.0
9915,0.0
9916,0.0
9917,0.0
9918,0.0
9919,0.0
9920,0.0
9921,0.0
9922,0.0
9923,0.0
9924,0.0
9925,0.0
9926,0.0
9927,0.0
9928,0.0
9929,0.0
9930,0.0
9931,0.0
9932,0.0
9933,0.0
9934,0.0
9935,0.0
9936,0.0
9937,0.0
9938,0.0
9939,12891.13358733292
9940,0.0
9941,0.0
9942,0.0
9943,0.0
9944,0.0
9945,0.0
9946,0.0
9947,0.0
9948,0.0
9949,0.0
9950,0.0
9951,0.0
9952,0.0
9953,0.0
9954,0.0
9955,0.0
9956,0.0
9957,0.0
9958,0.0
9959,0.0
9960,0.0
9961,0.0
9962,0.0
9963,0.0
9964,0.0
9965,0.0
9966,0.0
9967,0.0
9968,0.0
9969,0.0
9970,0.0
9971,0.0
9972,0.0
9973,0.0
9974,0.0
9975,0.0
9976,0.0
9977,0.0
9978,0.0
9979,0.0
9980,0.0
9981,0.0
9982,0.0
9983,4778.595762775417
9984,16247.697951530026
9985,0.0
9986,0.0
9987,0.0
9988,0.0
9989,0.0
9990,0.0
9991,0.0
9992,0.0
9993,0.0
9994,0.0
9995,0.0
9996,0.0
9997,0.0
9998,0.0
9999,0.0
10000,0.0
10001,0.0
10002,0.0
10003,0.0
10004,0.0
10005,0.0
10006,0.0
10007,0.0
10008,0.0
10009,0.0
10010,0.0
10011,0.0
10012,12538.939071388726
10013,0.0
10014,0.0
10015,0.0
10016,0.0
10017,0.0
10018,0.0
10019,0.0
10020,0.0
10021,0.0
10022,0.0
10023,0.0
10024,0.0
10025,0.0
10026,0.0
10027,0.0
10028,0.0
10029,0.0
10030,0.0
10031,0.0
10032,0.0
10033,0.0
10034,0.0
10035,0.0
10036,0.0
10037,0.0
10038,0.0
10039,0.0
10040,0.0
10041,0.0
10042,0.0
10043,0.0
10044,0.0
10045,0.0
10046,0.0
10047,0.0
10048,0.0
10049,0.0
10050,0.0
10051,0.0
10052,0.0
10053,0.0
10054,0.0
10055,0.0
10056,0.0
10057,0.0
10058,0.0
10059,0.0
10060,0.0
10061,0.0
10062,0.0
10063,0.0
10064,0.0
10065,0.0
10066,0.0
10067,0.0
10068,0.0
10069,0.0
10070,0.0
10071,0.0
10072,0.0
10073,0.0
10074,0.0
10075,0.0
10076,0.0
10077,0.0
10078,0.0
10079,0.0
10080,0.0
10081,0.0
10082,3255.7865227191974
10083,0.0
10084,0.0
10085,0.0
10086,2489.93600695459
10087,0.0
10088,0.0
10089,0.0
10090,0.0
10091,0.0
10092,0.0
10093,0.0
10094,0.0
10095,0.0
10096,0.0
10097,0.0
10098,0.0
10099,0.0
10100,0.0
10101,0.0
10102,0.0
10103,0.0
10104,0.0
10105,0.0
10106,0.0
10107,0.0
10108,0.0
10109,0.0
10110,0.0
10111,0.0
10112,0.0
10113,0.0
10114,0.0
10115,0.0
10116,0.0
10117,0.0
10118,0.0
10119,0.0
10120,0.0
10121,0.0
10122,0.0
10123,0.0
10124,0.0
10125,0.0
10126,0.0
10127,0.0
10128,0.0
10129,0.0
10130,0.0
10131,0.0
10132,0.0
10133,0.0
10134,0.0
10135,0.0
10136,0.0
10137,3051.9792743399144
10138,0.0
10139,0.0
10140,0.0
10141,0.0
10142,0.0
10143,0.0
10144,0.0
10145,0.0
10146,0.0
10147,0.0
10148,0.0
10149,0.0
10150,0.0
10151,0.0
10152,11767.973919431633
10153,0.0
10154,0.0
10155,0.0
10156,0.0
10157,0.0
10158,0.0
10159,0.0
10160,0.0
10161,0.0
10162,0.0
10163,0.0
10164,0.0
10165,0.0
10166,0.0
10167,0.0
10168,0.0
10169,0.0
10170,0.0
10171,0.0
10172,0.0
10173,0.0
10174,0.0
10175,0.0
10176,0.0
10177,0.0
10178,0.0
10179,0.0
10180,0.0
10181,0.0
10182,0.0
10183,0.0
10184,0.0
10185,0.0
10186,0.0
10187,0.0
10188,0.0
10189,0.0
10190,0.0
10191,0.0
10192,0.0
10193,0.0
10194,0.0
10195,0.0
10196,0.0
10197,0.0
10198,0.0
10199,0.0
10200,0.0
10201,0.0
10202,0.0
10203,0.0
10204,0.0
10205,0.0
10206,0.0
10207,0.0
10208,0.0
10209,0.0
10210,0.0
10211,0.0
10212,0.0
10213,0.0
10214,0.0
10215,0.0
10216,6075.147870310708
10217,0.0
10218,0.0
10219,0.0
10220,0.0
10221,0.0
10222,0.0
10223,0.0
10224,0.0
10225,0.0
10226,0.0
10227,0.0
10228,0.0
10229,0.0
10230,0.0
10231,0.0
10232,0.0
10233,0.0
10234,0.0
10235,0.0
10236,0.0
10237,0.0
10238,0.0
10239,0.0
10240,0.0
10241,0.0
10242,0.0
10243,0.0
10244,0.0
10245,0.0
10246,0.0
10247,0.0
10248,0.0
10249,0.0
10250,0.0
10251,0.0
10252,0.0
10253,0.0
10254,0.0
10255,0.0
10256,0.0
10257,13709.943082270376
10258,5740.169497036709
10259,0.0
10260,0.0
10261,0.0
10262,0.0
10263,0.0
10264,0.0
10265,0.0
10266,0.0
10267,0.0
10268,0.0
10269,0.0
10270,0.0
10271,0.0
10272,0.0
10273,4141.277130598917
10274,4051.4708305375093
10275,6976.731823076943
10276,3256.8493362426057
10277,5540.645447075014
10278,4841.759813029924
10279,5396.8075758510795
10280,6029.530638239877
10281,4814.831298301849
10282,3285.8806410948073
10283,5786.525491233011
10284,5382.605416536147
10285,4127.7956334794835
10286,6027.156956879241
10287,5789.481265453016
10288,3357.3495365533245
10289,4406.3716107825585
10290,7022.254216055429
10291,8086.780071248607
10292,6028.794969070319
10293,7014.164661478487
10294,3202.0440354755196
10295,5510.862679698263
10296,3189.411702701067
10297,7484.627473534788
10298,8220.208968427489
10299,9964.246924833544
10300,5886.034169507865
10301,2528.490090874599
10302,4213.7741210525055
10303,5801.221069256257
10304,7010.7163720155795
10305,4057.393167366729
10306,5654.18444921625
10307,5132.671369207566
10308,5242.463705464483
10309,2114.7551178282392
10310,7831.288612702426
10311,4340.945819774303
10312,7307.2791442835205
10313,6149.61440928217
10314,3122.5254898126072
10315,8490.12127268895
10316,6197.764788505228
10317,4669.269912477334
10318,3441.866038790043
10319,7675.22260630137
10320,10491.866194834176
10321,6307.1690278605665
10322,5724.115928703171
10323,7736.361360877081
10324,7166.732867834276
10325,5554.73806988824
10326,6018.793885060615
10327,2371.7066521250085
10328,2722.268394659594
10329,4011.16040146434
10330,6262.148822598925
10331,8202.69468211058
10332,7425.607713976731
10333,4146.8260402038495
10334,8284.953755636525
10335,7907.46868303484
10336,4827.450197108821
10337,2506.9819652457636
10338,10584.663897324306
10339,3098.6964116239415
10340,4636.928832623545
10341,6398.941414280116
10342,4188.354505299071
10343,5323.649365831185
10344,2836.336709165318
10345,5758.5221845834885
10346,5433.936305141314
10347,5666.261830423008
10348,8200.145337286729
10349,7126.514514688283
10350,5006.100527813346
10351,3384.3783173405636
10352,7455.606843300226
10353,11869.966794290836
10354,5174.809527994001
10355,2999.8853887598057
10356,6448.787822291413
10357,5503.606380024991
10358,6126.855714003966
10359,9026.644825398951
10360,1907.9621814757108
10361,7687.054069873964
10362,4710.8126090645665
10363,6378.461849383119
10364,7471.9674930276315
10365,2583.763454547593
10366,4249.95410831325
10367,5192.273336934518
10368,7423.467885700282
10369,7150.02005577917
10370,4305.477733200343
10371,4546.7289812063045
10372,7470.086807809683
10373,5841.288963825408
10374,4902.913824908441
10375,6389.5376270648885
10376,4603.691982177876
10377,6056.513079990783
10378,4729.364928716518
10379,3049.164608902459
10380,5296.025992661734
10381,5776.588478395968
10382,6593.23026196724
10383,7044.894312374045
10384,7733.676567501274
10385,4243.581307333048
10386,7553.204548827848
10387,3155.662694735889
10388,3193.251556431744
10389,7379.283873672777
10390,6754.791827581334
10391,6958.427141533679
10392,9021.402367336945
10393,6849.793947711076
10394,5160.447786893907
10395,6370.082206419372
10396,7081.768538318263
10397,4620.922549591152
10398,2985.381891114131
10399,4830.118121753755
10400,4738.79472593106
10401,4959.788687188237
10402,3049.164608902459
10403,5056.584604442057
10404,6734.855451135076
10405,5922.189000863849
10406,5819.129439253404
10407,2649.218090009314
10408,5774.590016097908
10409,6996.485352183503
10410,3341.5155779919382
10411,5617.225657926638
10412,3689.983788795529
10413,5229.737490721934
10414,3558.677217121228
10415,4123.691726643155
10416,5121.44088631746
10417,7143.912497730807
10418,6756.389960343725
10419,6784.4809380948
10420,13783.934918521452
10421,4368.298640966734
10422,5248.896848377158
10423,9742.756180491166
10424,5450.9609605288815
10425,7721.471161872537
10426,5978.6800049779
10427,5581.48142960495
10428,6775.549760708745
10429,4691.161860213336
10430,4543.490558052822
10431,7952.485683106879
10432,5019.187837178795
10433,2473.76139476191
10434,3528.330056729356
10435,7284.806606286676
10436,9016.197021426628
10437,6116.386246571164
10438,5860.578000485512
10439,4576.609542200434
10440,2662.9775901813064
10441,1597.993158725097
10442,3320.344466453235
10443,5777.938333685322
10444,7406.144260220102
10445,5039.731997875664
10446,4210.6624503099565
10447,7541.440448107712
10448,8119.960250882464
10449,7209.3778857361785
10450,5189.966604554573
10451,8299.04628505097
10452,8857.623151455919
10453,3342.7998629474637
10454,4890.195004584834
10455,4952.326032414108
10456,6224.994515505488
10457,3353.6932432450494
10458,4977.755897577013
10459,4495.091049204356
10460,8590.02344276157
10461,5763.598882033426
10462,7081.491301507066
10463,6949.687821895448
10464,4942.048285831048
10465,7786.637719570662
10466,17231.227738996586
10467,8911.347442691082
10468,3589.5689666467038
10469,3083.120147730638
10470,6258.309929346663
10471,6189.981909741374
10472,4606.475117186635
10473,9190.165905193926
10474,17868.664554725954
10475,4351.983297286692
10476,2857.4999979277623
10477,10590.669900835046
10478,3039.3982545272916
10479,4891.768221889012
10480,3168.2206912519514
10481,5567.915564531671
10482,4234.7072746144995
10483,6760.220776829162
10484,5443.526038557553
10485,4955.75597370498
10486,9517.22574082343
10487,6196.491905893793
10488,5930.142349443578
10489,7443.730525022645
10490,5498.076600367396
10491,5850.354581869637
10492,8885.988427885935
10493,5202.9238005472
10494,5792.302921171204
10495,3963.0834220638785
10496,3607.6017323608476
10497,5767.908994437773
10498,4546.522621670853
10499,4880.347155873871
10500,8219.614793007413
10501,9122.234429917457
10502,6957.977647567749
10503,4060.2145124964104
10504,4034.8945473531426
10505,4249.5788661721235
10506,4471.77109646371
10507,6213.000337737296
10508,3092.282593441046
10509,6534.766095587187
10510,5134.987024212752
10511,7936.662741225795
10512,5717.772083417584
10513,4638.2473187862015
10514,3010.1593047551623
10515,2425.508842935328
10516,8487.940745929018
10517,5875.379506772578
10518,5165.1875711486255
10519,14317.06532382495
10520,7646.517490278199
10521,3446.874531482314
10522,5778.602173341151
10523,2399.8042981790927
10524,4012.57324102502
10525,3724.6695139357194
10526,3736.972384604537
10527,9039.908256430383
10528,4736.5676323198795
10529,9043.257825529166
10530,10280.038134730774
10531,5825.395672291373
10532,5163.600982786701
10533,4147.721198144735
10534,4772.684319728925
10535,4549.517584487864
10536,11147.64610454108
10537,6171.4120099313095
10538,7324.6339774427925
10539,3355.4692343526312
10540,5535.713229815233
10541,5798.455658859252
10542,8422.543504675948
10543,6900.6075659561575
10544,5107.614951533674
10545,6372.323736412199
10546,4735.471814821747
10547,7715.861756654497
10548,6752.525525762127
10549,6962.39129512351
10550,8387.597029279792
10551,7099.632899852525
10552,7917.009301274618
10553,3389.2494860811594
10554,5526.588513798141
10555,4988.148295376385
10556,8958.286578356923
10557,6958.700360577513
10558,7075.370879829324
10559,6093.225626648605
10560,7529.6312392134605
10561,4800.193598146128
10562,6423.3834838599305
10563,5478.525688565018
10564,3235.729308806728
10565,12255.54478387887
10566,16215.934516909398
10567,7035.187403620982
10568,6442.16311356548
10569,6758.67364199838
10570,7531.503046848669
10571,7676.9554040807525
10572,2619.0229186922993
10573,4187.71649961277
10574,5361.454438462582
10575,8323.931456309561
10576,2436.897602982265
10577,3869.9492904842377
10578,5146.086416116731
10579,5179.504292363856
10580,4776.744226955931
10581,3330.551578680444
10582,2930.078496617834
10583,7798.883710439315
10584,4140.6270197484955
10585,4784.4701939987835
10586,5297.4010858573365
10587,4926.462418759248
10588,9478.197947799325
10589,10450.564805747737
10590,5039.471516116131
10591,7084.725682680941
10592,6394.756703616892
10593,10195.3932636679
10594,4621.842110498738
10595,2812.800488188156
10596,5247.954605056483
10597,11666.765666812555
10598,3972.3058202005827
10599,6779.42863587953
10600,1997.590648018791
10601,3532.398059543647
10602,6301.028112222905
10603,6308.680788782793
10604,5161.545605004601
10605,8927.8527084678
10606,8724.196587842445
10607,7914.5205023414255
10608,4277.126582882889
10609,9805.217587350053
10610,1362.6991236949043
10611,3601.843951856638
10612,6276.331545043621
10613,4732.149075176843
10614,8877.392752922777
10615,2412.028944605255
10616,5026.756771581457
10617,5050.508755406293
10618,8318.146611427128
10619,9674.86118677917
10620,4973.1904698199305
10621,2999.623616850921
10622,8405.899319735501
10623,8668.333140796287
10624,4182.72620787992
10625,5510.013965376576
10626,9151.988737494868
10627,5466.265499639288
10628,4734.334856037338
10629,3487.012048753757
10630,7662.195249431545
10631,4089.6972207987515
10632,11314.870796453564
10633,7320.616451314743
10634,10753.600753675048
10635,6982.614097439051
10636,4578.548931834087
10637,1573.0611049668018
10638,5415.404937523136
10639,6023.373958688809
10640,5165.436775549855
10641,8391.842662389068
10642,5727.2392407098305
10643,2521.5042403917973
10644,7101.521183067655
10645,3149.477533491403
10646,8173.570009747773
10647,7037.931424775179
10648,6809.781155846143
10649,7557.010740108069
10650,5034.88465578453
10651,6643.02117405225
10652,7009.994037864887
10653,5195.105466850872
10654,6614.213991119087
10655,3234.093769500465
10656,8563.553951668797
10657,6219.128254896849
10658,3516.481038121381
10659,4500.746307587594
10660,7322.243147549334
10661,5618.84301061992
10662,3639.345066892081
10663,4767.884745980913
10664,5267.097935889134
10665,5043.513572170257
10666,4764.075269039874
10667,8784.08776016326
10668,3774.1580580585287
10669,3125.01169157572
10670,6032.160873970239
10671,5516.878878423201
10672,3299.5657859312496
10673,5105.347237069757
10674,8855.470670543098
10675,6780.180294678296
10676,9733.430897821054
10677,8241.864164916726
10678,7272.526741779869
10679,6726.4963726630185
10680,4222.533306933452
10681,9882.423716007881
10682,8088.6334215677525
10683,6936.844247471641
10684,4844.641688567786
10685,4884.470849862096
10686,4957.148052813329
10687,2188.4608087332217
10688,11585.08102340728
10689,6909.374889414479
10690,5088.442507455758
10691,5144.758201890316
10692,1415.0551304152746
10693,7516.661217262637
10694,5858.693401012229
10695,4357.97286680418
10696,3599.788371905742
10697,5268.774359585506
10698,4912.441976716503
10699,4125.486372387082
10700,9586.947946851144
10701,4965.680517623438
10702,4597.641558151787
10703,3190.100381018391
10704,2311.2418587531406
10705,4720.695616617086
10706,13517.974206534785
10707,3718.0348007773378
10708,5646.848103680563
10709,4770.965001918521
10710,3851.585168879323
10711,3087.3304362474723
10712,5802.9945697052435
10713,2459.453800245696
10714,8946.789987932047
10715,5655.467357943365
10716,2735.707673811197
10717,8292.300031997966
10718,2565.612153350783
10719,4228.061335025653
10720,9926.393009668534
10721,7131.110208433007
10722,8141.630695978501
10723,2462.712183012955
10724,4057.2727715143897
10725,4709.231574060143
10726,3853.2730995856796
10727,14486.620983624445
10728,10903.473241559253
10729,5113.5770450761265
10730,2959.500953436728
10731,5805.293393112739
10732,4400.417268440244
10733,2336.214200515179
10734,6748.9535756005835
10735,4654.8606404539
10736,5725.883349763614
10737,6962.621577835014
10738,4810.582843258308
10739,4567.507604460775
10740,5604.173659498512
10741,6268.643770529079
10742,7123.488810340098
10743,2596.3258252464107
10744,5708.669755231177
10745,6561.311596850832
10746,7196.061095319393
10747,5523.808803345003
10748,7505.5171597550525
10749,2732.321455393848
10750,8930.626990317813
10751,5118.176347841189
10752,2678.381931421235
10753,4028.3494969375565
10754,4105.992500167835
10755,4240.006559844492
10756,7228.42520758668
10757,3535.2202403688602
10758,5752.497098767493
10759,4676.956794496805
10760,7581.846432352249
10761,7262.103929084463
10762,5451.444871952526
10763,7856.790403838295
10764,6147.138277552385
10765,2339.6145004845557
10766,11227.641048693506
10767,3194.494076193057
10768,2712.244504335223
10769,5579.811857812139
10770,9287.850861014696
10771,9758.51114220381
10772,4328.1325785245335
10773,4493.979590885578
10774,6336.106817201664
10775,6309.472629006666
10776,4504.661223423962
10777,7373.600005893725
10778,2492.1907894138017
10779,3795.3859350186945
10780,3889.035845303723
10781,3600.9132999255244
10782,3177.086048386076
10783,7080.373972362462
10784,6041.045118659921
10785,6445.241729744454
10786,4646.305601369027
10787,8086.72355638166
10788,7526.519156102557
10789,4935.319826082037
10790,5481.468613544631
10791,5623.438889654718
10792,7057.2577602936035
10793,4751.823269583972
10794,1919.6141259176698
10795,6498.271960275908
10796,6311.643981960766
10797,5751.573415764942
10798,5189.049654424301
10799,3587.8437861209136
10800,9100.492291525017
10801,2929.392613209156
10802,8302.54959958167
10803,4937.212580305981
10804,4278.01219895711
10805,7232.646333298449
10806,3915.1641992684026
10807,4576.047364389969
10808,8458.479995976671
10809,2799.356769060154
10810,7229.071425651401
10811,9612.478167778267
10812,6775.026062983619
10813,2528.4763044855918
10814,5304.00700020806
10815,3532.5378658742934
10816,1887.746477488302
10817,4485.989876616035
10818,6019.320717845611
10819,5005.929514006383
10820,4807.499460112769
10821,5203.952736049401
10822,4784.918602477249
10823,7309.94669547546
10824,5378.945414730689
10825,5881.093137974441
10826,4141.979131142521
10827,5367.978916071546
10828,5596.910800921302
10829,6324.729599614661
10830,7618.105893111569
10831,6114.517244609262
10832,7956.98307727237
10833,5558.864172675745
10834,5225.009231738163
10835,2913.9690519227033
10836,5624.092483705523
10837,8558.470695745917
10838,5973.113638056621
10839,7283.425937704589
10840,13193.920496943476
10841,3051.914333175583
10842,4455.12772445163
10843,3645.6208011717217
10844,7733.544308270224
10845,9469.838215215046
10846,7808.927607583392
10847,7198.368979254991
10848,7238.679234621285
10849,7478.215726079994
10850,6550.724284643785
10851,5205.868825231122
10852,2094.735856891705
10853,4665.857500667331
10854,2936.6820110999374
10855,3027.866929896228
10856,6344.2500274683125
10857,16707.18160737297
10858,5629.992493706763
10859,3195.468341384575
10860,4349.418930757587
10861,4547.926935974596
10862,5492.44071464984
10863,2104.907648491576
10864,6522.691498472585
10865,6721.785638124071
10866,3403.7242553236642
10867,10983.664546464246
10868,10377.147645954492
10869,3007.2574455871136
10870,5267.641642078164
10871,3787.270062846744
10872,3743.926009828633
10873,4065.515302045042
10874,8295.851102687753
10875,3723.894396151984
10876,4577.169100432517
10877,4405.276629236261
10878,5073.477017639568
10879,4638.015295342306
10880,7084.961492200166
10881,3221.192642800428
10882,7889.237901745782
10883,6329.576539011845
10884,4627.157470103689
10885,3807.0159183672345
10886,3865.3541048590337
10887,4526.90438992894
10888,4934.180022584555
10889,8851.00773271263
10890,4522.163203469702
10891,4078.472294914122
10892,6281.420853622324
10893,4813.062125699967
10894,5480.033445377673
10895,4615.062087856648
10896,5941.904542519304
10897,9695.715438613443
10898,6345.895797851985
10899,5830.641946229616
10900,3438.9049528948744
10901,4949.334503866594
10902,6000.954387051321
10903,3520.3671701429153
10904,4805.715518472764
10905,4921.898332540571
10906,10833.087992170735
10907,6853.059278156936
10908,3966.174312363481
10909,4917.558453966729
10910,4951.62485224484
10911,5928.543145135887
10912,5507.986371555863
10913,8277.786122302025
10914,6743.717015761829
10915,4968.917900506771
10916,3740.371878302813
10917,2091.5321314072266
10918,2992.389866514192
10919,21185.258070680833
10920,2076.2826263506117
10921,4872.1333712633095
10922,5422.73595058169
10923,5885.757387604028
10924,5351.686488237732
10925,8028.4752911520945
10926,5209.944569847612
10927,5509.041031402487
10928,2605.250785353777
10929,8259.552522195987
10930,4140.244346191572
10931,6531.33385651201
10932,8764.696131877075
10933,4516.343793489421
10934,8119.9649623371315
10935,6610.178765439578
10936,3468.855798561262
10937,5609.469511308395
10938,6688.215095850443
10939,2778.8954240024473
10940,8228.565156786406
10941,6358.319298790233
10942,4862.923398412745
10943,9514.930608346933
10944,6988.216866984245
10945,5678.586118914323
10946,4363.764236010467
10947,4010.5413482748972
10948,5011.8715620546855
10949,3573.4341328665573
10950,6546.641020474515
10951,2365.94861135341
10952,5341.4171896360895
10953,2600.553228635233
10954,5653.973516040308
10955,5143.303910195192
10956,4068.829355071964
10957,5367.928576075128
10958,8418.285708772295
10959,5683.377778048982
10960,6163.4182482008
10961,5175.639908170838
10962,5004.297604014311
10963,9602.20714032507
10964,6765.790668700132
10965,3247.160700638594
10966,5459.242343947948
10967,4996.392978762574
10968,3593.416705334878
10969,12282.261162566676
10970,5710.065149663832
10971,4821.365328203452
10972,9123.70610377675
10973,6204.838785047758
10974,1979.867026115776
10975,9556.279249401845
10976,7897.306461441096
10977,6061.898848961631
10978,7337.845505994282
10979,6500.109245615887
10980,7703.474706482721
10981,4692.858960176903
10982,3779.88133516859
10983,3916.4693454637004
10984,5852.647656767786
10985,7244.885901543834
10986,2462.594242340275
10987,7608.55812130612
10988,6659.737744606275
10989,4183.57415948432
10990,6766.718386071523
10991,4527.532508327938
10992,6246.386692564752
10993,3873.530724548721
10994,4749.704905520452
10995,4598.651933308582
10996,3493.5682823927755
10997,5643.213134941986
10998,7056.872307759711
10999,7617.324618001855
11000,5555.666245651514
11001,4434.853490961355
11002,6293.559185028263
11003,6602.532247986781
11004,6650.271649682216
11005,2964.2419595950473
11006,2564.695758691902
11007,8060.306366080775
11008,6529.800503520201
11009,3969.555531099783
11010,6843.946476912035
11011,6306.047462223256
11012,5404.824554025329
11013,4697.168909012133
11014,1415.1669508639488
11015,6667.80567148788
11016,5513.742296024563
11017,5049.743867422309
11018,8714.337690816685
11019,6348.169987970707
11020,3398.9525388559127
11021,4760.812849855763
11022,3354.6091567784456
11023,1294.8688783298433
11024,5079.500467641015
11025,10302.54971371909
11026,5157.095412624823
11027,4212.940362521336
11028,2860.5795255463627
11029,4603.792409895163
11030,6879.794227958912
11031,5357.30233822569
11032,8723.96052206465
11033,3981.1356422545596
11034,4347.944484814751
11035,3517.8720001885063
11036,5651.404818231143
11037,3005.6230437163254
11038,2439.4025790413566
11039,4627.20056335285
11040,4206.549450336683
11041,6567.58575705414
11042,3807.223729731289
11043,5129.300071024785
11044,4865.7356964317005
11045,7318.39048488363
11046,4883.805841951984
11047,3760.1844292693695
11048,9902.767454433088
11049,5881.925865573087
11050,5962.204998097511
11051,1617.2918800744048
11052,4631.567898675651
11053,5664.934880656161
11054,4239.3147947189855
11055,7702.883810850097
11056,8487.604389520924
11057,5526.050981943621
11058,6253.379738850464
11059,6028.339195646246
11060,6960.818097662306
11061,10537.325630203955
11062,3084.848235603445
11063,3998.6255141001416
11064,4986.977208839744
11065,4935.45305632336
11066,5821.681162301319
11067,7147.670365864444
11068,6341.786129682861
11069,5899.19378257969
11070,2522.800319034908
11071,5835.218830859879
11072,7705.746166009717
11073,3314.5849296105034
11074,6371.877533544986
11075,3040.017787343131
11076,6770.918814416637
11077,5690.499665474321
11078,4793.967041637973
11079,5439.065131001542
11080,3847.1146389133855
11081,5001.038003457073
11082,6437.900952507361
11083,4611.2122666219075
11084,7875.797289663836
11085,5046.272850177385
11086,8646.322283759564
11087,5359.215563306348
11088,3297.061989525688
11089,7782.475167299778
11090,3091.55488695216
11091,7954.502318458049
11092,5795.934563508381
11093,4865.061988412844
11094,6806.225636358533
11095,4435.561517042576
11096,4347.66319315304
11097,6575.258967149768
11098,3073.732482871077
11099,2608.343670628842
11100,5674.756627818807
11101,5818.5119493373595
11102,10255.993647625048
11103,5791.342063437668
11104,5380.6122069982675
11105,3314.207392525589
11106,6340.709147863042
11107,2758.966600414631
11108,9583.37661844271
11109,7085.666874661189
11110,12543.494571064984
11111,5440.33809868198
11112,4897.034726214028
11113,7452.83394949452
11114,8001.680217896821
11115,2753.969612897735
11116,9023.47872392294
11117,6247.342652855891
11118,5776.86601014053
11119,5860.782786050649
11120,4588.57142019116
11121,3078.053013355826
11122,5291.3150140705675
11123,3857.253127077141
11124,2478.246423198413
11125,6866.21365674533
11126,5267.87064343139
11127,22595.37092318465
11128,7061.8410865032165
11129,5113.631945485156
11130,7552.302874159717
11131,11383.749513123033
11132,6924.0424990497795
11133,8064.596089491836
11134,6771.3457190674235
11135,7923.9620337304805
11136,8044.999303522717
11137,5571.492616278332
11138,5653.637467072269
11139,7689.361352826336
11140,8792.785121471476
11141,7338.475653536159
11142,9026.931565971203
11143,6628.101919448231
11144,5404.510225126528
11145,6078.591320582284
11146,10644.288983644754
11147,10812.71023872651
11148,9880.48131836648
11149,8392.291411130938
11150,4423.627732338147
11151,6754.00810932783
11152,4886.356349649441
11153,8676.831791339257
11154,11453.820647975297
11155,10727.132153158182
11156,6813.914343234672
11157,5432.451132563235
11158,5250.631534706815
11159,6256.585281681591
11160,10421.171572878495
11161,6830.4546056942745
11162,6202.520570787468
11163,5862.859482256268
11164,7644.4932041149605
11165,3611.0461583935667
11166,9086.815129163924
11167,5378.695939477676
11168,8129.112553944919
11169,7052.255425288306
11170,5974.469483059039
11171,9367.540253827256
11172,7941.413534409496
11173,5934.146487987589
11174,6939.258363387927
11175,8612.58493225833
11176,12342.419865612312
11177,7394.695707186435
11178,9039.307467690762
11179,9131.692008369431
11180,9957.608593213195
11181,7573.212343294242
11182,9693.262712157588
11183,4961.588269469532
11184,5109.552083609497
11185,6214.723763559893
11186,7573.28389722687
11187,10433.272400287007
11188,8520.036530442623
11189,6443.476244759464
11190,8648.04892744782
11191,8186.79920469357
11192,9848.240829065193
11193,3981.5700977942356
11194,13425.83094032078
11195,4865.232923750517
11196,6762.165438094113
11197,8930.250561627334
11198,5396.066394777414
11199,6953.697733240837
11200,6165.221972061421
11201,8210.484979045663
11202,6510.984916790583
11203,6080.55645452955
11204,8879.705472385785
11205,8672.517440235408
11206,7623.3498292212225
11207,5760.1272019848875
11208,8270.22339697591
11209,12909.001410412839
11210,7442.440301525659
11211,5588.336990667622
11212,7681.4711788889745
11213,7254.89706198221
11214,6739.072279196436
11215,8844.199636429357
11216,3903.3685383593697
11217,9430.802034695378
11218,6459.518318208665
11219,7905.667869687571
11220,10078.859167827277
11221,4926.927620072918
11222,6079.06931132322
11223,6086.177269388386
11224,8963.13103027837
11225,8963.32552218559
11226,5578.049521072989
11227,5353.107705684575
11228,8254.354284155384
11229,6974.835897922027
11230,6426.100360180862
11231,8099.851573841074
11232,7022.375585356631
11233,8322.598882853934
11234,6418.390590165801
11235,4821.978997816179
11236,6978.933400407788
11237,8286.697951392645
11238,8484.304726955846
11239,9005.361986203568
11240,9029.624197621833
11241,6138.318558552255
11242,10366.641614332946
11243,5884.606956476884
11244,6640.959613502523
11245,9885.517407574967
11246,7500.2110472239465
11247,10244.424397327346
11248,9718.650402394549
11249,8333.622297394631
11250,6417.134158833398
11251,7981.94911763373
11252,8639.53930011628
11253,7255.191767910851
11254,4652.969855280164
11255,6298.793633561659
11256,8491.30562949755
11257,6348.848762514979
11258,4802.913901072967
11259,8331.96822974728
11260,7318.7191664759275
11261,6791.940125046693
11262,6863.992445252868
11263,5531.544940136597
11264,8038.010873284551
11265,8188.843706861994
11266,6598.070943884369
11267,6327.936755076726
11268,5581.032620120712
11269,7191.2203056943845
11270,4523.8218651262305
11271,6989.538310047296
11272,6556.932996143892
11273,9252.037576125604
11274,8384.412417952379
11275,7286.955382768033
11276,13493.76527516906
11277,5868.788856515954
11278,6219.93732742426
11279,11134.08044375032
11280,7544.200327500253
11281,9502.59698029274
11282,8239.374876924314
11283,6575.823071598457
11284,7526.247910529349
11285,6321.12774276932
11286,7975.985442971656
11287,11868.93284964782
11288,8088.702176859861
11289,3476.1293270905326
11290,5335.820633446466
11291,9444.300585672661
11292,10217.419829932787
11293,6856.428989425447
11294,7451.320466531876
11295,5646.025535922425
11296,5310.236783649749
11297,3552.4784118693583
11298,5307.674379092456
11299,7352.832921436068
11300,8326.02517066937
11301,7271.923381432849
11302,6725.130006668489
11303,9208.919948638122
11304,10290.801085342775
11305,8571.157492151073
11306,5760.2171297212235
11307,10555.819243037638
11308,10827.950380459246
11309,5765.49159997816
11310,7774.231650170026
11311,5767.308447871173
11312,7488.345529327076
11313,4635.652420642211
11314,7669.402922660711
11315,5865.701211968811
11316,10110.084655091285
11317,7849.878034467333
11318,9098.84349880146
11319,8707.901315337018
11320,6199.241879523753
11321,9891.630674098575
11322,19496.515840052398
11323,11546.226162627812
11324,6214.955688142452
11325,3567.8383602106755
11326,7380.213931209393
11327,8825.87500592873
11328,6576.468861560002
11329,12926.64599376573
11330,20377.32108856508
11331,4914.287458007057
11332,5885.006495026355
11333,11027.960797864142
11334,5380.643218476549
11335,8396.577714304078
11336,6790.29729857162
11337,8332.548392362663
11338,6676.367834940735
11339,7154.063193385927
11340,6853.042153929311
11341,7946.695294467273
11342,10668.232378733677
11343,7524.941365711832
11344,7196.597536225275
11345,8201.46930606738
11346,5818.998135882758
11347,6516.886256691546
11348,9029.443902197641
11349,5993.835614838672
11350,6690.8957636101395
11351,7491.937433964981
11352,6779.510470810131
11353,6978.503847477316
11354,7559.3488014573195
11355,7788.651759965501
11356,9240.926046656423
11357,10621.632484956834
11358,8156.020716750618
11359,6144.371538858907
11360,4751.821440683512
11361,7007.407970248122
11362,7274.463459728548
11363,7011.949062053076
11364,5262.755312505109
11365,9249.581653190176
11366,7542.954310471061
11367,10904.457256679003
11368,7429.004725307882
11369,6105.889240470802
11370,5635.788086604509
11371,4963.575793994256
11372,10542.318049835869
11373,6278.559259343688
11374,8308.28203737462
11375,16864.022531801744
11376,8689.317711001371
11377,6729.057727157774
11378,6547.172466647776
11379,4884.847133347543
11380,7340.723719521505
11381,4594.732711645265
11382,6089.4243494594275
11383,11173.738872724565
11384,5840.810501020617
11385,14227.806296588655
11386,13635.969416924661
11387,6614.544047444764
11388,7413.4009814793435
11389,6043.917541571199
11390,7408.282349567351
11391,6009.573065060943
11392,12431.013276931262
11393,8319.308276740661
11394,10029.179014799049
11395,4991.451215281092
11396,8095.67480129337
11397,6486.344012671933
11398,9855.402183816286
11399,7658.261173077587
11400,6960.089891529516
11401,7716.857668916947
11402,7726.474414056655
11403,9071.571442854478
11404,10050.330196080744
11405,7652.363299666757
11406,10636.485957718414
11407,7601.131761810598
11408,10138.695250719184
11409,6010.397831797386
11410,6125.94384510921
11411,6109.53877184632
11412,11181.269251788628
11413,7548.215944430472
11414,8431.621326256132
11415,7496.3734645222185
11416,9976.28750568621
11417,5644.877774907131
11418,9241.286505326765
11419,7609.143466504825
11420,4835.553167194994
11421,14155.737456988405
11422,17525.85268660918
11423,7739.400185873215
11424,7971.262231151187
11425,10167.032470556442
11426,10329.19336074271
11427,11505.755424122684
11428,5744.029034857272
11429,7407.304132796276
11430,6932.741160799603
11431,9729.198577102887
11432,4296.399774700411
11433,6492.111339369974
11434,6446.318012345611
11435,6505.038411856834
11436,8110.81660968188
11437,5822.330898494587
11438,5073.62088088428
11439,8241.057684743779
11440,5103.231894657303
11441,5942.950372194655
11442,6887.2761449140935
11443,6730.007365511465
11444,10675.982885779942
11445,10452.766069251335
11446,7811.669310342238
11447,7631.544714118333
11448,7414.635128872761
11449,12308.565681040827
11450,7377.831562637334
11451,5654.259954618175
11452,5743.2380757462315
11453,12320.5445625734
11454,5052.999368295428
11455,7923.270073131085
11456,3685.2686773741557
11457,5455.921603895515
11458,8439.795308507802
11459,7164.53613882552
11460,5999.993285265323
11461,9884.34318860525
11462,10517.886838553648
11463,12446.191619877642
11464,7169.756634968241
11465,10608.025473026317
11466,3385.3806907921967
11467,6007.907344908074
11468,7466.264092754667
11469,5575.758552949783
11470,9734.656176786155
11471,5350.7640957686635
11472,5844.553309016703
11473,8937.692542190165
11474,11428.432006712968
11475,10551.681414263716
11476,6332.976837697995
11477,5571.748516386863
11478,12012.50482024544
11479,9150.174228239628
11480,6100.982573049858
11481,6130.889994903242
11482,8318.729594238144
11483,9842.53502490077
11484,5594.96474357288
11485,6064.50462062108
11486,8919.430909383664
11487,8296.433478580102
11488,13700.091577547924
11489,7780.834630276457
11490,12670.852825148128
11491,7749.281631283045
11492,6068.456594969854
11493,3623.946395711022
11494,6784.327283105967
11495,6897.574838026258
11496,6673.152183363399
11497,8930.758516759515
11498,6111.186872514512
11499,4972.031044435796
11500,8277.014824699014
11501,4116.374405239636
11502,8501.062126025905
11503,7996.825586553387
11504,8527.61325203969
11505,9653.429469091845
11506,6342.047342019801
11507,9807.010089972917
11508,7368.218041944946
11509,6478.395457398451
11510,7060.513826850379
11511,5432.687135239977
11512,11160.728456309527
11513,7552.254479378343
11514,5484.037508991142
11515,7902.289197131739
11516,9478.883714821597
11517,8178.203997601184
11518,6643.337690332195
11519,8788.472308769684
11520,6660.0972827208625
11521,7726.580042225318
11522,6304.958466498424
11523,10181.15757652991
11524,6317.97358636085
11525,6917.388463480167
11526,6918.2990594776675
11527,6510.968727234184
11528,5053.248262347686
11529,6143.1638183602245
11530,10225.417550326993
11531,10173.18532298786
11532,11548.74243065906
11533,11606.039776522422
11534,9463.42444908797
11535,9242.064172278868
11536,5714.171653505631
11537,11278.384256280997
11538,11737.26755966654
11539,8129.337837582715
11540,8544.591840744682
11541,9135.863075308987
11542,6767.406182707275
11543,4073.8093455830276
11544,12253.990520872992
11545,7806.259486209326
11546,7361.014087803684
11547,6641.028810963511
11548,3128.271917928493
11549,11501.537068204278
11550,6937.842789833482
11551,5516.225136067941
11552,5377.354159670903
11553,6040.053761911509
11554,7360.116024883846
11555,7845.034597113725
11556,8223.541661056326
11557,6397.0272889582675
11558,5475.806605643419
11559,4594.157149996118
11560,3796.705731383789
11561,7846.898274735228
11562,18452.978278328705
11563,4837.768419874436
11564,6812.709634582824
11565,7118.275433426828
11566,5742.402608394694
11567,5606.995511626621
11568,6360.2372472348
11569,4559.622085873831
11570,8712.802906522491
11571,7676.79450861299
11572,4230.957547752585
11573,10341.375603034423
11574,5605.90933709267
11575,5556.729310063989
11576,12484.670773605105
11577,8402.378840869571
11578,10245.474278155096
11579,5495.738691722318
11580,6552.613992952309
11581,5590.133169845116
11582,5643.569992157807
11583,15611.282529288568
11584,11485.745325909442
11585,7432.762229953494
11586,5673.8796235855725
11587,6429.9259560613455
11588,6871.836405800566
11589,4798.199247044949
11590,10431.386905083586
11591,5931.666840817034
11592,6124.669783283254
11593,8790.777420329805
11594,5577.26653349167
11595,6944.734264875667
11596,7619.505638382971
11597,7494.9943779067735
11598,8161.608705332354
11599,4463.351889269347
11600,6684.443040925301
11601,7271.683961687284
11602,9774.763238036785
11603,8834.126382670756
11604,8249.710814532362
11605,5191.783111048368
11606,9558.785084715128
11607,6460.878803050185
11608,5169.8060544761
11609,7392.794714803154
11610,7487.9531052175425
11611,6698.190549462472
11612,7780.6179349653385
11613,6801.600162513994
11614,6618.637557365316
11615,6174.1059585001285
11616,8475.999277809267
11617,7653.896257674797
11618,7440.075600141412
11619,10349.866716340686
11620,6867.096306869827
11621,4815.605421402672
11622,12558.208678885247
11623,5649.795450867853
11624,3540.817203396426
11625,8516.726360484146
11626,9897.721565738626
11627,12001.384300045142
11628,5494.772603195561
11629,6886.546610614432
11630,6890.784084350683
11631,7711.666409814372
11632,6702.120718373955
11633,9672.825783378528
11634,3488.491837246715
11635,6119.544166482122
11636,6147.1650319898445
11637,5687.255479525155
11638,5733.4573423291895
11639,7658.547082666853
11640,8174.589272770182
11641,7247.413719101923
11642,8328.067104975595
11643,8326.826502571666
11644,9757.702264683738
11645,5624.785230245943
11646,7243.300485943603
11647,7799.631605316022
11648,9643.5626286547
11649,8761.911415266344
11650,4115.119447962872
11651,10040.284768435831
11652,7448.676704570004
11653,8306.426193922996
11654,6070.58489944296
11655,4798.318647137443
11656,9395.115436146718
11657,6077.297936331082
11658,9973.999746448351
11659,7320.061220512112
11660,5950.671136646276
11661,8938.973500764187
11662,6594.028618438364
11663,6781.421879999144
11664,9126.289919357188
11665,5895.976192498838
11666,10267.73953675617
11667,11450.527508619
11668,8508.004742423822
11669,5114.65754192308
11670,6323.4481698738955
11671,5187.834480292036
11672,3458.689713756733
11673,8485.279768220029
11674,6467.87959419089
11675,9404.85972578024
11676,5387.70468406155
11677,6626.237478764591
11678,6646.0497645674095
11679,9707.080882977578
11680,6146.880541590985
11681,6346.447448202793
11682,5790.688355823271
11683,8036.135589497254
11684,6082.480267871418
11685,8354.818053015922
11686,8751.074271456804
11687,8144.313834528751
11688,9319.808814938715
11689,7577.32045572815
11690,6829.354510934826
11691,5266.370586326847
11692,6448.007304112104
11693,11490.955942523664
11694,9828.855262937777
11695,10759.833062688685
11696,15774.08268846972
11697,5608.536124869158
11698,5528.2377645791175
11699,6723.890515944561
11700,9300.477572695823
11701,10976.180521560864
11702,8655.104782273236
11703,9184.071728225992
11704,9059.42029784107
11705,8243.519866317753
11706,7649.393664278783
11707,6462.686953310968
11708,5037.5626189594295
11709,5589.519687843371
11710,4436.758352283397
11711,5717.897243322414
11712,8456.946294744324
11713,17160.212327042245
11714,7782.047600648251
11715,5572.1420188433785
11716,8027.2653407785665
11717,5497.451877718344
11718,7336.362857422323
11719,4750.953804782705
11720,10016.406867793692
11721,7478.452526557902
11722,6888.86756254497
11723,13487.023585927256
11724,12903.011729671602
11725,5448.297827939845
11726,7727.696634756124
11727,4846.928418139376
11728,5555.054652298029
11729,5800.990259636378
11730,9280.415516802845
11731,5393.188571108638
11732,5423.111831539745
11733,6014.195233763806
11734,6448.847642910942
11735,7181.107733113943
11736,8187.054405882944
11737,4674.227751284758
11738,8379.2186318963
11739,9421.207536255091
11740,7679.693488054619
11741,5638.264900830065
11742,5159.966832527089
11743,8522.329450200148
11744,5519.953728041455
11745,10638.217477280228
11746,5401.156751644283
11747,6573.549768812365
11748,7913.892734741799
11749,6129.570691411676
11750,5744.852484818778
11751,5979.5271020406135
11752,7420.63191470134
11753,10836.324295694414
11754,9978.194617937475
11755,6840.7855300091705
11756,4769.586609206325
11757,6915.171361292692
11758,6745.661060633334
11759,5276.9364638182315
11760,6457.400847229601
11761,6496.635875017112
11762,12712.584331995133
11763,8404.910184524622
11764,6650.117940164858
11765,8133.308412882685
11766,5488.407356431332
11767,9297.116732622268
11768,6452.267573621286
11769,12732.995215129444
11770,7553.574445717773
11771,6043.510428004275
11772,6002.269223477576
11773,4690.729841510467
11774,6696.025122645408
11775,21243.767850012817
11776,4762.77154495775
11777,5904.106521904035
11778,10062.796404491275
11779,7498.300270513671
11780,7696.4009842175865
11781,9484.262378066436
11782,6827.066213319219
11783,6065.425409228485
11784,4876.157839576308
11785,10943.685021941992
11786,6917.240836713429
11787,8131.866897749499
11788,9118.977034360025
11789,5736.52655671474
11790,8608.865713622585
11791,7577.401103523073
11792,4812.439590428732
11793,9100.963647801082
11794,10443.346277521117
11795,5242.4850481460335
11796,8606.66321784371
11797,7837.373404588896
11798,6528.848258918285
11799,10654.38091667063
11800,8004.306207235184
11801,8156.979292164504
11802,5543.454242113899
11803,5492.948696937109
11804,7521.455790074145
11805,5028.101838964235
11806,9188.131194134721
11807,4788.321225606173
11808,6775.408919429019
11809,4963.82123427487
11810,6842.795934515683
11811,6356.138330575528
11812,7344.116998281707
11813,7617.047096537254
11814,9917.921744962123
11815,6916.596149839569
11816,8334.394006763348
11817,6621.866126050875
11818,8891.915067059497
11819,11420.620993571032
11820,8083.9154126387275
11821,3755.610343454787
11822,7030.995911618609
11823,7531.597170003223
11824,4457.246821881253
11825,12790.540510032477
11826,6565.437959058321
11827,7154.246409038244
11828,11266.768898621354
11829,7570.996840927739
11830,4666.377406466447
11831,12755.112629058593
11832,10591.48780275607
11833,6900.980357468532
11834,9595.500917601414
11835,10031.918645054497
11836,7437.410905305122
11837,6165.681872356801
11838,7036.312149418609
11839,6000.078660404151
11840,6723.056551221173
11841,8121.2387339854695
11842,4845.953269946391
11843,7956.200920406782
11844,8181.45592149921
11845,6758.223788059462
11846,8830.942440960911
11847,6680.617575509421
11848,7484.881153970247
11849,6038.935759470738
11850,8583.971022729784
11851,7473.9704081774435
11852,6724.452557940423
11853,7262.987722155214
11854,7995.794043933373
11855,10317.841792620846
11856,6633.0313422629815
11857,5756.507391730679
11858,7361.433059218621
11859,8155.978689590565
11860,8091.849813594588
11861,4891.60360837173
11862,4789.021940218171
11863,8163.894683341769
11864,9174.675731172425
11865,6398.102368187219
11866,8345.155677096373
11867,7003.527352180586
11868,7210.292770428167
11869,5724.3967480154415
11870,3539.1463070095924
11871,7934.935093020849
11872,7377.2083790737715
11873,6980.052120160323
11874,10092.429458121724
11875,8731.702408393001
11876,5125.0510889353145
11877,8603.481733837512
11878,4758.220554925833
11879,3145.10824120484
11880,7489.180823361937
11881,12585.043965551657
11882,8046.611447620696
11883,7447.578867005809
11884,4977.558225394111
11885,6841.528008178527
11886,8888.374046189925
11887,6760.9779103048395
11888,9672.26436823038
11889,5545.909189263926
11890,5466.778303773494
11891,5756.264071360933
11892,6513.818400355447
11893,5544.338081657008
11894,5388.5922732548215
11895,5743.020072160526
11896,5330.848128639153
11897,7663.365165316446
11898,7334.711530795761
11899,6044.335612387886
11900,6988.596151279826
11901,8407.357265691673
11902,6307.2695347391655
11903,5356.317822967823
11904,11313.474223885105
11905,7923.011706179968
11906,6473.826712419419
11907,3959.1702320407912
11908,10714.628351019326
11909,7275.30027884359
11910,6057.671104771883
11911,9309.485640707488
11912,8864.501735392183
11913,7654.054157291542
11914,7082.764524888771
11915,7846.30744798057
11916,9872.942843659212
11917,13365.198563519085
11918,5548.466859941422
11919,5642.995808173322
11920,6005.323507674982
11921,7076.4319325563165
11922,6405.236298031277
11923,8873.48651083167
11924,9061.538800455648
11925,6586.518533653819
11926,4839.706787081878
11927,6655.1110747216135
11928,11630.305567934733
11929,5619.971141657422
11930,8338.145893388419
11931,4406.879140496445
11932,8154.674345784787
11933,8657.927994415431
11934,7923.068272815797
11935,8752.698667083912
11936,7127.737523714864
11937,5612.165014223431
11938,7150.685013564767
11939,7679.109346710705
11940,9767.408401070856
11941,8149.665755994697
11942,9651.78797447391
11943,6990.655948165681
11944,4941.204503993611
11945,10417.456173313807
11946,4883.915398546147
11947,10137.33809757187
11948,6871.574897927002
11949,5574.174026271977
11950,8223.40471346222
11951,6467.7413637292975
11952,7792.808782133729
11953,9268.907053084959
11954,4253.790925916834
11955,4896.387241068908
11956,8352.171833810839
11957,9330.081477476495
11958,11200.930483823566
11959,6789.284739610848
11960,6979.769333843283
11961,6330.423494210447
11962,7549.990779744862
11963,5555.25082193203
11964,11283.930771682553
11965,9764.383399844197
11966,13161.113310481955
11967,5537.900443523291
11968,6730.35626066345
11969,11941.48194938007
11970,10880.528576053664
11971,5485.9805109621075
11972,11155.928626485626
11973,7154.792447056419
11974,6903.636428197444
11975,6071.475332277808
11976,5916.449522205432
11977,5563.294271456108
11978,7002.762667376301
11979,5523.7881526851725
11980,5288.641446887325
11981,9067.231348515052
11982,7400.2379342165605
11983,23161.954616791005
11984,7816.567080095549
11985,5115.578940550562
11986,7589.994882194664
11987,11746.363486788421
11988,6823.164048471289
11989,8040.670031620184
11990,6615.561557224905
11991,7923.293442780037
11992,8050.593558152173
11993,5539.145874038609
11994,5669.132480221064
11995,7368.15936762036
11996,8667.567054509507
11997,7230.237206300404
11998,9260.853584511193
11999,6485.109208647821
12000,5411.063412391346
12001,5882.223652717107
12002,10483.206339386432
12003,10737.044682049273
12004,9808.92506443674
12005,8332.276349595053
12006,4614.382470147694
12007,6442.310410512473
12008,4880.554211490289
12009,8735.169743796261
12010,11073.597846456543
12011,10869.788967054732
12012,6717.778561996368
12013,5449.992275096614
12014,5247.724688462678
12015,6152.93368346851
12016,10566.284249218173
12017,6658.6010653857575
12018,6081.8226291128485
12019,5739.639101715077
12020,7710.4059152778045
12021,3534.084913040377
12022,8848.847701604533
12023,5193.284750175468
12024,7999.400027972795
12025,6927.944303511771
12026,6017.762183993023
12027,9113.274148351273
12028,7842.230891732347
12029,5994.969895101576
12030,6809.760708264929
12031,8427.611565281426
12032,12156.831282231979
12033,7256.111951655217
12034,9318.856963528606
12035,9118.596173060878
12036,9808.44177602481
12037,7397.943896176886
12038,9666.871374759157
12039,5092.7357759338365
12040,5160.1510248765735
12041,6298.385769139063
12042,7330.373360738915
12043,10337.385054250513
12044,8269.045733562201
12045,6403.171507977432
12046,8435.314168200155
12047,8056.178763424163
12048,9838.360715921643
12049,3850.641720564754
12050,13955.602281175281
12051,4904.937693109945
12052,6737.818785920766
12053,8858.047998849801
12054,5341.0182569585995
12055,6805.915276266247
12056,6118.153887833473
12057,8013.966813641571
12058,6292.427241544395
12059,6027.537263868125
12060,8880.61374155058
12061,8454.10268451195
12062,7581.804386505019
12063,5753.805794628738
12064,8249.761215264003
12065,12978.742191940764
12066,7265.806578380811
12067,5654.662091831068
12068,7509.527324851057
12069,7145.8800066460635
12070,6567.735993293904
12071,8761.217683160909
12072,3962.726618134672
12073,9264.270516961997
12074,6360.896796016625
12075,7789.520538792918
12076,10148.654445958873
12077,4811.736079217849
12078,5877.710194858426
12079,6005.414831933129
12080,8987.181250631818
12081,8872.083364293921
12082,5497.240613191662
12083,5278.317591299977
12084,8128.365835135582
12085,6884.485271787942
12086,6451.122681113031
12087,7992.58057753364
12088,7047.682287042286
12089,8315.813555139952
12090,6288.901514086147
12091,4770.09407709055
12092,6829.060311194793
12093,8424.634472765605
12094,8509.56341383932
12095,8806.127214555205
12096,8859.270126279293
12097,6087.970453853213
12098,10151.833111203025
12099,5896.092881018673
12100,6507.520601576417
12101,9855.8908114808
12102,7312.605097212882
12103,10342.877495026021
12104,9550.390541967952
12105,8242.963298377546
12106,6301.270553574866
12107,7893.493867593495
12108,8466.696208926105
12109,7154.816801208921
12110,4629.113520548603
12111,6368.590055431616
12112,8450.33463513721
12113,6225.909512223414
12114,4751.732967781748
12115,8351.100532340897
12116,7377.404871493382
12117,6859.4735709568
12118,6720.179699125624
12119,5494.8031974947735
12120,8072.634250870569
12121,7995.980972261018
12122,6616.573691796072
12123,6217.588728493494
12124,5652.786675511292
12125,6857.517289736736
12126,4567.591420862724
12127,6824.772512044385
12128,6556.403412004522
12129,9031.184080349285
12130,8430.722900768946
12131,7250.098129061235
12132,13584.350575004704
12133,5916.066770402557
12134,6103.513221814721
12135,11222.821784513597
12136,7246.725159886976
12137,9398.012982206339
12138,7996.237254774994
12139,6337.667009945368
12140,7329.978765604983
12141,6305.8796910405845
12142,8008.715701605097
12143,11845.24429803429
12144,7999.172529391955
12145,3455.5965972459453
12146,5278.588495541477
12147,9161.77631936741
12148,9758.504621058717
12149,6758.831345690553
12150,7301.701353018033
12151,5469.738716194545
12152,5350.60865002958
12153,3602.059994387997
12154,5339.203985457697
12155,7070.437193934964
12156,8286.87820330382
12157,7191.140529251127
12158,6681.864594846886
12159,9002.032252881858
12160,10155.076208827939
12161,8340.127376738457
12162,5723.533674043797
12163,10760.36491999027
12164,10519.74726514279
12165,5739.507136404226
12166,7816.362971468005
12167,5682.928751797938
12168,7245.200152063145
12169,4446.2098082107905
12170,7779.16429024186
12171,5721.925243642949
12172,10279.732478013371
12173,7765.082329155618
12174,8832.827493591585
12175,8618.671894994566
12176,5949.493247132094
12177,9677.422084768801
12178,19501.47214880316
12179,11494.209248683801
12180,6211.631572106829
12181,3423.9063186906565
12182,7177.246649604137
12183,8801.510838877455
12184,6563.39300593362
12185,13066.48732900204
12186,19792.975498803113
12187,4902.419483526734
12188,5918.79164739952
12189,11313.00972708436
12190,5290.366289299398
12191,8248.366875885325
12192,6674.844216864495
12193,8376.94597524768
12194,6370.6748156018
12195,7080.882842386102
12196,6671.547726440201
12197,7944.4503085628985
12198,10504.25269309243
12199,7355.530727063854
12200,6982.964061469258
12201,8080.317864674336
12202,5748.62292947638
12203,6436.576732433346
12204,8858.741366032085
12205,5850.250694593301
12206,6670.671032024342
12207,7404.219166443735
12208,6762.983254593002
12209,7033.456685649881
12210,7532.0801014807685
12211,7919.8268459860265
12212,8995.270240504
12213,10377.83261701104
12214,8185.319917021731
12215,6079.40401281114
12216,4538.785191077078
12217,7042.456947338738
12218,7186.404801335923
12219,6798.780254540576
12220,5240.638100173294
12221,9247.342281758662
12222,7402.148613379095
12223,10805.06861741309
12224,7438.222207220734
12225,5975.923426016675
12226,5620.74242618826
12227,4970.098091186212
12228,10480.451778692175
12229,6100.072256103877
12230,8083.049122643944
12231,17332.981789199213
12232,8442.806961028855
12233,6828.756244874923
12234,6366.243951636321
12235,4867.026485786538
12236,7244.322426744108
12237,4594.929538710368
12238,6138.287230132554
12239,11132.738438606344
12240,5609.83871753538
12241,14759.801552132561
12242,14380.741363261739
12243,6407.033604965671
12244,7440.0273474687665
12245,6033.472757051294
12246,7257.618275676321
12247,6023.823535571745
12248,12277.586127631694
12249,8097.779317434165
12250,10144.317502608714
12251,5050.789229846084
12252,8000.713841154962
12253,6358.0773065314115
12254,9929.855175590916
12255,7612.767752785027
12256,6868.238436224942
12257,7450.94177989029
12258,7523.626614139511
12259,8859.497494423505
12260,9966.275007876588
12261,7484.212281714924
12262,10584.16041176185
12263,7491.818940489984
12264,10112.229531186033
12265,5989.964017166334
12266,6102.037074301344
12267,5892.1552939893445
12268,11199.347477295474
12269,7386.353527098936
12270,8278.652623296171
12271,7463.767886520107
12272,9819.772278234792
12273,5448.732563998624
12274,9050.657296689698
12275,7581.8208630064955
12276,4662.179658539242
12277,14489.168748757378
12278,17859.56399272331
12279,7609.334565407043
12280,7803.720706355262
12281,10138.416735382567
12282,10495.031891475264
12283,11656.841555925988
12284,5734.550780715635
12285,7381.812335095759
12286,6765.896495249763
12287,9506.702317303163
12288,4239.581585417468
12289,6472.881563462456
12290,6274.473382693563
12291,6565.545484978579
12292,8016.291183528696
12293,5924.424061464124
12294,5137.512710607943
12295,8126.378036179325
12296,5098.5275451119605
12297,5827.070923247255
12298,6872.827991422481
12299,6684.338049257054
12300,10376.868830030007
12301,10237.78496237323
12302,7883.001785092825
12303,7484.49926406034
12304,7224.495548614823
12305,12270.979831101004
12306,7368.659402596779
12307,5617.9613722370605
12308,5713.900068592353
12309,12072.060417043023
12310,4976.03296663981
12311,7692.7655347836135
12312,3488.2916757938747
12313,5426.426126380331
12314,8516.427636102037
12315,7084.24935075171
12316,5787.008168074741
12317,9712.558053816501
12318,10345.252758554127
12319,12811.716185717374
12320,7102.885307675088
12321,10766.542170236256
12322,3384.3235834498705
12323,5815.714674337793
12324,7131.9857055099255
12325,5403.312781930757
12326,9559.463035221665
12327,5339.169875969862
12328,5751.518084119721
12329,8945.65432385858
12330,11666.253016626975
12331,10680.005964420876
12332,6288.717930685281
12333,5497.423453817468
12334,12728.12102012405
12335,8984.244006622028
12336,6165.091879759054
12337,6076.504113724871
12338,8429.975250957323
12339,9854.926785142825
12340,5432.1260838776525
12341,6086.6767300627225
12342,8894.537161871018
12343,8171.842690617514
12344,14077.037444116359
12345,7607.065991220397
12346,12728.75659280805
12347,7746.394028133342
12348,5819.286337634868
12349,3647.2686082421474
12350,6774.4218729398435
12351,6843.486426593158
12352,6562.710428405358
12353,8629.910926583814
12354,5929.075073418052
12355,5022.149465715188
12356,8044.5249929385745
12357,3869.9138848617563
12358,8556.866786369343
12359,7882.849874633863
12360,8597.007160406274
12361,9156.370541480532
12362,6222.881756477007
12363,9704.04257233722
12364,7358.439344945006
12365,6443.162935336176
12366,6957.044630491911
12367,5489.599104184629
12368,11247.607659115287
12369,7359.766021139678
12370,5447.856454615171
12371,7901.658964558025
12372,9132.429891054768
12373,8000.551772788309
12374,6558.570949099612
12375,8599.639904667627
12376,6667.119384359955
12377,7364.295175707808
12378,6198.245321108894
12379,9776.026423419215
12380,6369.323012006121
12381,7020.156411695934
12382,6734.245243988678
12383,6265.055682002687
12384,5079.054292021737
12385,6075.416739458484
12386,9962.550442764517
12387,10046.05616384781
12388,11357.678989937805
12389,11711.749020278734
12390,9164.533037682515
12391,9270.479522229172
12392,5619.085085259687
12393,11499.377761506881
12394,11839.52184931926
12395,7897.713023991506
12396,8616.87974959444
12397,8845.73600827839
12398,6731.204579258928
12399,4189.209446393577
12400,12366.49604887304
12401,7799.228951267694
12402,7524.120767883281
12403,6645.425062950045
12404,3134.6415616131003
12405,11559.094789897435
12406,6908.704825776246
12407,5403.233238411183
12408,5303.7914593581545
12409,5976.773182173409
12410,7310.353062086945
12411,7960.726852123973
12412,8061.103562617477
12413,6330.202145547031
12414,5395.352872589733
12415,4679.201969066239
12416,3625.345719649404
12417,7668.225060361725
12418,17830.124149017567
12419,4817.543433448999
12420,6658.414401359648
12421,7046.871541331773
12422,5701.668559119418
12423,5546.027099783446
12424,6165.030012437997
12425,4580.890162153481
12426,8525.27474185872
12427,7431.30456071549
12428,4331.3703544284435
12429,10235.926085163119
12430,5680.516631851548
12431,5501.172739924881
12432,12541.986576080715
12433,8425.901842617264
12434,10144.385304343603
12435,5536.939793694961
12436,6564.969662705613
12437,5507.940139427557
12438,5430.0267799605135
12439,16436.80876568354
12440,11489.431666692575
12441,7000.304753349569
12442,5792.491488794328
12443,6282.175346860268
12444,6744.64041381672
12445,4840.899301770705
12446,10893.825398402876
12447,6072.943664132114
12448,6067.9386047038315
12449,8502.144108538447
12450,5391.104319138002
12451,7022.678049806979
12452,7728.353361407406
12453,7341.782676947339
12454,8082.594330424494
12455,4539.074505563503
12456,6731.473326256527
12457,6996.481330445375
12458,9753.593922092588
12459,8654.459813293384
12460,8130.607207180561
12461,5244.606290700379
12462,9296.314918250975
12463,6480.0398646442545
12464,5208.484115204008
12465,7199.405470273291
12466,7472.660322793731
12467,6745.773187599995
12468,7736.476995194493
12469,6623.1490454946115
12470,6475.054263854903
12471,5899.136354082471
12472,8384.72091848068
12473,7308.446065657515
12474,7362.217288235616
12475,10153.914028316112
12476,6718.845852914485
12477,4789.608366091568
12478,12296.348321421363
12479,5717.216543734434
12480,3537.2105619140652
12481,8273.9232828557
12482,9734.74476707397
12483,11909.242698728156
12484,5573.428697251297
12485,6743.720366545282
12486,6844.444521177648
12487,7746.921547150419
12488,6449.723193441312
12489,9490.375076421209
12490,3463.5267512710657
12491,6003.203750861046
12492,6072.344904100855
12493,5685.707734608145
12494,5770.672858665346
12495,7587.8404635516
12496,8088.2539015780485
12497,7136.172648853586
12498,8381.955559978735
12499,8135.034775717369
12500,9434.471187421259
12501,5501.711953417983
12502,7223.112358848209
12503,7854.415755533394
12504,9469.421498954121
12505,8530.065430598006
12506,4340.099886109753
12507,9647.244165739708
12508,7272.414611701027
12509,8022.871322594743
12510,6051.226103929784
12511,4850.458745294482
12512,9473.020061647694
12513,6111.50117034101
12514,9735.462519633804
12515,7122.193394500678
12516,6003.510646836724
12517,8542.62672749882
12518,6670.7271592780635
12519,6748.664801546939
12520,8942.38831569678
12521,5969.44612987885
12522,10126.01060956967
12523,11218.464534389861
12524,8575.158183660378
12525,5130.786886633361
12526,6262.1568035251785
12527,5200.393998211752
12528,3488.482150710792
12529,8420.013669426928
12530,6353.883813910846
12531,9024.728760603211
12532,5320.359131894029
12533,6507.692877410206
12534,6570.994989007247
12535,9571.53141938096
12536,6067.4145456505385
12537,6139.928982725822
12538,5706.899030215726
12539,8011.1792241080275
12540,5990.311157209832
12541,8291.836074026298
12542,8516.76512653629
12543,8171.72257180269
12544,9238.933774895855
12545,7391.945811216536
12546,6627.45998614796
12547,5229.640529943359
12548,6277.300133336789
12549,11379.496245452623
12550,9639.23942083128
12551,11052.947646615545
12552,15455.478971728753
12553,5596.170957827155
12554,5489.3673684014775
12555,6700.930658463821
12556,9058.34410577989
12557,10896.063194364157
12558,8399.974303434783
12559,8904.320066103646
12560,8804.5711326496
12561,8196.404434483058
12562,7417.768755756533
12563,6260.1701039578375
12564,5106.756567809678
12565,5558.723947805553
12566,4533.120758395361
12567,5730.665043952554
12568,8410.047164058711
12569,17488.58257523825
12570,7777.517305494827
12571,5629.01043959901
12572,8014.812657388227
12573,5346.044613958524
12574,6995.503179992208
12575,4752.796904561714
12576,10143.851530285237
12577,7309.4150274302365
12578,6696.5899512920105
12579,13952.149121427918
12580,12595.70918527019
12581,5444.195532717126
12582,7851.495986159638
12583,4674.100417233358
12584,5606.48824599972
12585,5754.932038962825
12586,8987.892655943851
12587,5351.872594305947
12588,5311.671787246906
12589,6053.482756382667
12590,6287.366955980575
12591,7144.003586879351
12592,8025.318493502248
12593,4675.42015106419
12594,8175.9970612873885
12595,9409.812171093608
12596,7461.450664447419
12597,5400.125271566351
12598,5120.120285163075
12599,8517.887575045952
12600,5520.622454653369
12601,10606.217027724486
12602,5346.580030032935
12603,6423.842338048982
12604,7844.673264817299
12605,6079.065658804424
12606,5690.928670284849
12607,5833.357262558093
12608,7402.75219981465
12609,10807.138248950683
12610,9988.833859412189
12611,6703.836719529516
12612,4791.888555411536
12613,6849.158404880481
12614,6766.366285389914
12615,5177.129634941056
12616,6409.830021008415
12617,6393.868753296705
12618,13141.017380081677
12619,8436.448312682449
12620,6504.378678577887
12621,8119.974632385045
12622,5540.709997861713
12623,9260.505565582767
12624,6392.720785538722
12625,12955.907761233546
12626,7437.873652715137
12627,6041.045708060973
12628,5944.345551957036
12629,4580.7798794866385
12630,6652.627376102202
12631,20714.710584692155
12632,4727.717932548352
12633,5709.564679917338
12634,9698.048103192092
12635,7307.719304990037
12636,7770.534592191797
12637,9416.588033274329
12638,6714.496120779879
12639,5811.53475789331
12640,4848.496957836391
12641,11018.723051141691
12642,6890.005476081001
12643,8043.956750494477
12644,9085.170050668272
12645,5775.469693873566
12646,8580.06139061513
12647,7265.1222900200355
12648,4646.177422894453
12649,8949.196192326604
12650,10352.968642929018
12651,5279.246635993048
12652,8521.315413397286
12653,7760.763251468799
12654,6254.180523280236
12655,10418.473575521839
12656,7851.601127446643
12657,8046.845629347436
12658,5462.105648178573
12659,5387.375965993841
12660,7655.052323013934
12661,4951.729975655837
12662,9158.59169846638
12663,4776.9180081498835
12664,6729.472205640467
12665,4883.066827830443
12666,6802.474779238343
12667,6347.084810628436
12668,7251.658033112329
12669,7472.8346157320975
12670,9642.094434880028
12671,6858.396443961515
12672,8295.580751252883
12673,6727.498552556254
12674,8748.615897251735
12675,11589.353757524614
12676,8081.0322361401295
12677,3530.4277084144587
12678,7049.271388019102
12679,7498.646639952361
12680,4459.951859235015
12681,12831.03814228805
12682,6447.530504976616
12683,7117.266764768631
12684,11338.715056715582
12685,7474.001038977615
12686,4658.500103951773
12687,12992.877860633804
12688,10678.104455831728
12689,6770.635059158422
12690,9783.016076419653
12691,9780.092079133588
12692,7177.9576116276485
12693,6095.082971518966
12694,6961.013877392581
12695,6048.053356075447
12696,6739.551421663229
12697,7847.968768988834
12698,4816.219614768049
12699,7820.989957157482
12700,7894.006789859737
12701,6754.760729677605
12702,8658.679888432289
12703,6638.1121015528715
12704,7446.122150679867
12705,6010.67824553792
12706,8332.471577549146
12707,7335.744780259556
12708,6578.03449818286
12709,7220.099958716798
12710,7881.774519638375
12711,10298.686033984493
12712,6398.404745254534
12713,5857.81456451212
12714,7181.2683122177195
12715,8029.583601566639
12716,8037.932133385715
12717,4894.299014065949
12718,4777.985036627633
12719,8117.7554538207405
12720,8790.866324860954
12721,6363.843818204031
12722,8264.24344915075
12723,6878.9560766172335
12724,7151.5026121592455
12725,5517.131754796104
12726,3546.785748259899
12727,7894.862770058314
12728,7117.927636971016
12729,6716.371867831004
12730,10166.461055395217
12731,8684.24167357389
12732,5183.974772770928
12733,8543.528940955672
12734,4733.931925560437
12735,3319.6504253126527
12736,7331.771507944314
12737,13004.005073463184
12738,7990.843267999096
12739,7392.341494505765
12740,5112.002625037952
12741,6744.709924364089
12742,8955.89517461554
12743,6719.677707833309
12744,9590.444191361843
12745,5468.07974661883
12746,5356.219248019586
12747,5794.675954263559
12748,6459.27478762768
12749,5457.026442298896
12750,5382.594936606359
12751,5697.119760964808
12752,5290.934759940054
12753,7619.0802881150075
12754,7270.453243357221
12755,5955.38238192431
12756,6921.651867819103
12757,8152.673013442053
12758,6295.900228004935
12759,5369.620566533397
12760,11047.915291493891
12761,7931.977866516526
12762,6353.362495991274
12763,3862.6082483679957
12764,10751.648347100157
12765,7001.6534997588915
12766,5987.832784918098
12767,9039.624189318822
12768,8850.806121453656
12769,7753.707481362598
12770,6907.3853882798185
12771,7916.701623796177
12772,9601.000522506958
12773,14007.200712749605
12774,5485.303002001532
12775,5420.9010285419645
12776,5776.734008021431
12777,6898.426277775387
12778,6256.87223856191
12779,8829.21055560789
12780,9119.070719786017
12781,6576.03801661707
12782,4784.893177619592
12783,6660.349061265703
12784,11882.834724597735
12785,5543.7721689111795
12786,8245.136239019157
12787,4503.913696356392
12788,8003.758410695089
12789,8655.930827181994
12790,7881.130264040637
12791,8746.88506162747
12792,7027.749943252527
12793,5466.466175470705
12794,6970.603152589243
12795,7560.8404057451735
12796,9678.598427690222
12797,8080.463580327844
12798,9529.178068058603
12799,6757.0555460164205
12800,4917.706681418589
12801,10379.937996030201
12802,4941.1331505520675
12803,10032.826513358048
12804,6818.33081149253
12805,5387.939882441068
12806,8132.606063526746
12807,6415.238606079406
12808,7808.609787241003
12809,9151.097298539107
12810,4328.0101909131645
12811,4981.3845588807335
12812,8368.804197481077
12813,9428.021931885707
12814,11386.382844601478
12815,6696.031089537995
12816,7037.8700225074845
12817,6368.064633369432
12818,7348.6266611634865
12819,5472.881138806896
12820,11030.379455528138
12821,9715.258497179013
12822,13805.921625204444
12823,5430.486172463559
12824,6653.7990251559995
12825,11570.51502595573
12826,10388.577665360459
12827,5432.6377968432025
12828,11005.73036845825
12829,7158.7254768698995
12830,6720.171424535881
12831,5884.642194379253
12832,5750.816430065392
12833,5589.064811723956
12834,7086.552255716388
12835,5401.164847332701
12836,5249.975828252594
12837,9046.145676053553
12838,7277.326327662911
12839,22768.647818779027
12840,7749.903467188315
12841,5197.234320045489
12842,7716.918912793096
12843,11942.63846078027
12844,6923.605968098149
12845,8266.325190965394
12846,6661.136956010763
12847,8125.226312482574
12848,8319.940503239863
12849,5705.231454061293
12850,5866.042054060096
12851,7350.388638821324
12852,8891.305313762346
12853,7368.794205376658
12854,9084.210185412569
12855,6674.242881027652
12856,5649.984750873168
12857,6036.4243377986195
12858,10796.608411460738
12859,11084.726821343816
12860,10082.870452610474
12861,8562.727754509166
12862,4765.811766639859
12863,6530.701395628005
12864,5045.701360138143
12865,9008.515236270527
12866,11153.552606314255
12867,11425.772834635647
12868,6839.934235909606
12869,5732.599446940645
12870,5375.726371474824
12871,6175.435897819322
12872,11071.537881769533
12873,6789.42761451122
12874,6153.675309218756
12875,5929.820576637443
12876,7893.657209171398
12877,3736.540624000894
12878,8926.478327321882
12879,5342.70989809354
12880,8194.167095787041
12881,7008.10149613458
12882,6131.652180804477
12883,9166.561158122087
12884,8104.967229249745
12885,6276.071080349876
12886,7027.456859891356
12887,8484.210984570867
12888,12294.169260234974
12889,7245.454980945827
12890,9670.75587506187
12891,9579.635804865728
12892,9991.825406277912
12893,7382.532582753576
12894,9985.553309458723
12895,5215.243398517847
12896,5264.387128190173
12897,6449.684908021758
12898,7344.6729423730385
12899,10501.035171049396
12900,8605.914365313027
12901,6616.603998187029
12902,8726.409715062864
12903,8318.285945726122
12904,9902.329451490757
12905,4003.575177877484
12906,14645.313645266375
12907,5102.131088165724
12908,6759.004098142039
12909,9203.286507951783
12910,5455.975463203727
12911,6894.081935114929
12912,6185.99668946699
12913,8095.173020897178
12914,6274.8301682679585
12915,6287.433760760615
12916,8923.707580913324
12917,8546.088188423802
12918,7845.380798471797
12919,5904.763502593865
12920,8443.218149186961
12921,13486.638458651803
12922,7366.442198260043
12923,5858.47811265212
12924,7525.864923776729
12925,7202.602536539996
12926,6637.10691074036
12927,8975.904490587236
12928,3996.615456973523
12929,9364.22531059342
12930,6456.318916503556
12931,7984.3683386688845
12932,10506.041008172288
12933,5014.748748534779
12934,5980.036247184863
12935,6219.378461796731
12936,9107.851921000782
12937,8988.965833445785
12938,5688.115627588826
12939,5368.910808400749
12940,8342.784450773795
12941,6936.65968573728
12942,6602.197702460761
12943,8198.996284828725
12944,7226.953727966553
12945,8462.104873625645
12946,6372.6407119621
12947,4950.941985081768
12948,7043.714663560838
12949,8467.513113261833
12950,8663.51805677622
12951,8883.293743376138
12952,8991.967794973463
12953,6273.451713011109
12954,10342.688151034115
12955,6157.726010848624
12956,6669.030857800451
12957,9832.956456437254
12958,7353.720440555202
12959,10519.632151744776
12960,9701.526544150473
12961,8455.91737316177
12962,6296.940896866145
12963,8040.954809152896
12964,8628.268553796404
12965,7377.298469825794
12966,4701.381330650317
12967,6411.097380493013
12968,8752.080705437858
12969,6320.58928307259
12970,4803.646701939392
12971,8481.222050771788
12972,7694.272534433746
12973,6868.497785717062
12974,6836.340917721259
12975,5700.27374286481
12976,8259.039970856498
12977,8009.916293256187
12978,6692.236839385079
12979,6349.975746154225
12980,5850.577405441812
12981,7005.331151767955
12982,4699.796838225509
12983,7063.688577955597
12984,6698.504133230989
12985,9082.423839463136
12986,8590.044611580264
12987,7583.278648993992
12988,13888.005383737347
12989,6181.7352657725305
12990,6161.045063269264
12991,11593.765072103148
12992,7390.677085189499
12993,9611.142364168642
12994,8084.418550475462
12995,6454.218655436044
12996,7372.911665702098
12997,6513.718742038722
12998,8215.259119913486
12999,12314.759379483283
13000,7863.817932695841
13001,3485.567806952729
13002,5364.982860186083
13003,9528.509578465208
13004,9932.986125063831
13005,7064.952635357149
13006,7435.646469307529
13007,5562.093706792947
13008,5478.279233149854
13009,3564.581650361144
13010,5460.035072787766
13011,7216.04087126864
13012,8438.081888988314
13013,7454.682693881954
13014,6819.69419148957
13015,9029.825365370094
13016,10388.37387611236
13017,8409.202494276275
13018,5859.14381655081
13019,11234.47237462005
13020,10769.511389762612
13021,5947.65578017748
13022,7993.192881557211
13023,5759.710567894495
13024,7251.244592470216
13025,4469.78761678923
13026,7999.699928698956
13027,5915.545230593223
13028,10799.576584580376
13029,7961.368369567846
13030,9121.085054741534
13031,8914.847653967665
13032,5984.218154692986
13033,9927.86135591637
13034,20911.326221864354
13035,11635.970616888613
13036,6449.540752695132
13037,3533.2062058207025
13038,7224.900180296997
13039,9046.855689922759
13040,6662.893277044114
13041,13222.722918758742
13042,19701.99319504261
13043,5097.099203001209
13044,6089.239854202746
13045,11410.75611574482
13046,5384.213184254562
13047,8493.117088167273
13048,6912.113320905688
13049,8589.287598973702
13050,6334.90373934691
13051,7262.808215594618
13052,6734.714408724427
13053,8059.63946662112
13054,10848.069790770827
13055,7329.158580521686
13056,6925.4701708234825
13057,8286.184484572841
13058,6002.466428159328
13059,6564.80363160063
13060,9074.582773717955
13061,6106.42504043931
13062,6794.31030584044
13063,7581.376068247346
13064,6891.046042596413
13065,7179.268766880138
13066,7772.307339049198
13067,8228.56459635696
13068,9090.745599273512
13069,10384.826463635492
13070,8556.538437301268
13071,6187.764429245869
13072,4570.2014010394205
13073,7157.955114538972
13074,7341.081806328085
13075,7067.855276171708
13076,5346.559164754039
13077,9511.92554174933
13078,7358.044510153518
13079,10860.876836868758
13080,7753.605873190346
13081,6075.961690637269
13082,5740.083893758834
13083,5081.797017789385
13084,10640.648078594153
13085,6236.817580697845
13086,8284.871476539627
13087,18289.403973900746
13088,8558.737008889273
13089,6743.918790879471
13090,6413.742941674164
13091,5040.812311764444
13092,7353.874582845769
13093,4596.938707244852
13094,6276.805590190647
13095,11416.953939510917
13096,5660.328710535394
13097,15214.219467746907
13098,15203.053719630956
13099,6462.260878089017
13100,7641.935835910697
13101,6204.488802197393
13102,7335.759450276889
13103,6229.211511046215
13104,12409.931742398854
13105,8214.452267388946
13106,10500.177381730682
13107,5243.907731550761
13108,8120.417782095361
13109,6404.0691871566605
13110,10169.948409310726
13111,7827.684885773688
13112,7022.616805669341
13113,7466.945269738273
13114,7473.8136892011335
13115,8986.701269233807
13116,9950.42574127501
13117,7609.128144645471
13118,11017.430479558594
13119,7670.24320829413
13120,10425.512145379953
13121,6153.331902652095
13122,6196.11713722435
13123,5995.892922356247
13124,11415.277547275944
13125,7400.579846747277
13126,8423.910811100142
13127,7713.451323594197
13128,9787.06125958371
13129,5442.114011853001
13130,9251.447398878874
13131,7750.116093865128
13132,4562.980126357505
13133,15105.857288004376
13134,18606.45154475034
13135,7851.7657693594965
13136,7955.541993599482
13137,10583.531245838987
13138,10826.289204732868
13139,11881.253624382081
13140,5898.303567174727
13141,7542.3605460266635
13142,6789.058271202317
13143,9694.929478725253
13144,4252.194685285185
13145,6685.115753172244
13146,6393.899694889641
13147,6641.407035147653
13148,8258.189898708264
13149,6116.205402783833
13150,5300.909220349953
13151,8269.061558989451
13152,5177.14681005395
13153,5982.5661927642395
13154,6885.057648524628
13155,6818.31355966209
13156,10592.968286006871
13157,10403.475402527663
13158,8070.325671253773
13159,7699.127653341099
13160,7243.15984887634
13161,12628.347402030173
13162,7489.415045172303
13163,5822.908278238456
13164,5948.809750965328
13165,12029.277079816535
13166,5098.158296405697
13167,7939.640454513475
13168,3541.8279488781227
13169,5607.71767340402
13170,8681.32680818917
13171,7205.276376158446
13172,5884.895040365341
13173,9821.820704777045
13174,10413.28173895736
13175,13273.35983272895
13176,7104.275552615306
13177,11000.251459712734
13178,3515.775083858637
13179,6003.180192469364
13180,7276.478790072749
13181,5575.545545676914
13182,9673.668890720597
13183,5470.851966943198
13184,5949.131535567913
13185,9032.678150272788
13186,12128.517065140622
13187,10898.306996828882
13188,6390.84855524406
13189,5715.874528328428
13190,12971.465465800746
13191,9301.368581067176
13192,6237.659814295626
13193,6124.45155210902
13194,8834.518781823364
13195,10182.286453350272
13196,5502.037189192122
13197,6198.162519268792
13198,9017.45897057843
13199,8234.049293778751
13200,14730.43329175233
13201,7689.017619590445
13202,13414.078532073965
13203,7891.066230172077
13204,5896.837979394832
13205,3574.1888749537775
13206,6979.681078478905
13207,6856.9459841617145
13208,6573.026589421531
13209,8860.36540714066
13210,6082.472976532925
13211,5125.841832637803
13212,8207.387989371915
13213,4169.445019016219
13214,8731.077179118161
13215,8053.827239521324
13216,8852.762416355286
13217,9312.386260206906
13218,6290.065235044086
13219,9927.494373262898
13220,7648.723995569749
13221,6629.872359174946
13222,7037.876212562264
13223,5683.313246353779
13224,11634.642166634254
13225,7450.946963515391
13226,5682.200081336682
13227,8108.166294903323
13228,9467.531749256288
13229,8100.777417963628
13230,6712.296628454561
13231,8728.148390963828
13232,6718.531007125148
13233,7281.053600927462
13234,6346.605110697736
13235,9804.218343250055
13236,6453.073817067649
13237,7173.340269826428
13238,6885.548436043421
13239,6351.087302134166
13240,5204.582441705484
13241,6194.195781035835
13242,10108.687408886199
13243,10149.406598145868
13244,11572.12289166452
13245,11739.32017102835
13246,9071.978181506885
13247,9349.510524337067
13248,5747.881988914115
13249,11917.836790661646
13250,12129.669837797912
13251,8169.033936183372
13252,8676.912205152244
13253,8942.82348543135
13254,6975.52457227432
13255,4329.627792422385
13256,12561.485539277692
13257,8008.577460061835
13258,7804.488198214372
13259,6715.886164224331
13260,3237.8892610123203
13261,11768.985914742023
13262,7026.397696885315
13263,5411.176428861749
13264,5379.995673871711
13265,6157.170804407693
13266,7502.4158061479375
13267,8359.073119925954
13268,8352.174940230394
13269,6359.158002655645
13270,5440.857068900044
13271,4793.14130494244
13272,3659.3119632790895
13273,7848.606844843672
13274,17606.640389593736
13275,4932.063752751608
13276,6618.533941477648
13277,7286.26003678836
13278,5826.0343429691
13279,5815.896818622515
13280,6238.563924348059
13281,4671.756750466861
13282,8637.059369587303
13283,7399.535893944115
13284,4523.495079317272
13285,10482.685507538887
13286,5934.3345481114075
13287,5713.384110301557
13288,12482.510894503377
13289,8578.223771061332
13290,10551.886791675706
13291,5723.0361406198235
13292,6750.515010944261
13293,5702.710543098937
13294,5479.734682273008
13295,16861.81738772259
13296,11599.703377544698
13297,7047.909893942904
13298,6076.406966140046
13299,6405.1893254222
13300,6849.732712044241
13301,4794.315094800748
13302,10836.827540701977
13303,6277.874601743841
13304,6272.119037305873
13305,8563.277717351808
13306,5415.5544503817355
13307,7091.086691444829
13308,7952.71603654116
13309,7633.282769254122
13310,8107.638752074297
13311,4718.244817701025
13312,6795.61238448704
13313,7089.40714578225
13314,9884.045213967203
13315,8709.460108796
13316,8346.281633178845
13317,5381.521815055667
13318,9361.838941158534
13319,6719.769855863614
13320,5195.023407264869
13321,7260.206368885852
13322,7590.376841117736
13323,6810.988439288964
13324,7829.892384602149
13325,6752.552951883156
13326,6594.328896924571
13327,6011.372593379388
13328,8461.529532776623
13329,7361.865925817383
13330,7666.66799954762
13331,10315.108009269092
13332,6791.669102368094
13333,4857.133884382808
13334,12533.726879745915
13335,5906.505350794219
13336,3603.6229358971937
13337,8560.394175104882
13338,9814.024761562618
13339,12289.368434767015
13340,5740.499301890036
13341,6741.124952658378
13342,7005.24528700713
13343,7978.969357038246
13344,6551.15152756007
13345,9682.517983524513
13346,3502.255634829285
13347,6206.88120346109
13348,6226.524786110363
13349,5890.354493042437
13350,6030.657605437281
13351,7832.434670847532
13352,8355.854458360349
13353,7261.829895262304
13354,8647.699183532675
13355,8255.98300516321
13356,9698.291218649187
13357,5605.5554113898215
13358,7357.419514474801
13359,8023.593587162164
13360,9639.037168943882
13361,8644.743285541937
13362,4113.698006021409
13363,9675.934398932677
13364,7513.017186882185
13365,8204.04012510443
13366,6298.580226067713
13367,4950.676493812866
13368,9700.557077841384
13369,6256.8004363351565
13370,9855.681892508805
13371,7192.473472266882
13372,6206.077910570086
13373,8589.33240099184
13374,6925.741534295613
13375,7018.639479073116
13376,9413.462220257949
13377,6186.604248643246
13378,10352.117674695068
13379,11473.58187020678
13380,8763.741717034445
13381,5308.674645606484
13382,6548.218512219204
13383,5222.512660438845
13384,3532.0920569736886
13385,8506.506106534449
13386,6491.423882319142
13387,9239.08068690422
13388,5448.358593691602
13389,6642.511296180051
13390,6687.408156400269
13391,9880.251053362234
13392,6196.849163267825
13393,6257.414002157292
13394,5870.515901114545
13395,8176.624208220923
13396,6106.340464744155
13397,8478.606846585159
13398,8815.946232233084
13399,8353.51254075584
13400,9495.774149833607
13401,7392.708615820553
13402,6620.200951012338
13403,5354.721265662241
13404,6390.776041428367
13405,11594.025323218575
13406,9642.30756747094
13407,10974.24109557834
13408,15608.26612452923
13409,5750.211131977202
13410,5677.445739002393
13411,6801.345005149397
13412,9247.932597795734
13413,11137.66342767932
13414,8782.088501752303
13415,8943.621969690346
13416,8974.265548462201
13417,8457.353721688587
13418,7478.5463831393945
13419,6292.32878696814
13420,5207.2217223500975
13421,5651.493654240869
13422,4568.31466329107
13423,5972.079996345125
13424,8457.169740639882
13425,18581.718636919668
13426,7972.493554443464
13427,5774.363855776545
13428,8259.337594275436
13429,5400.997706767407
13430,7100.984586255218
13431,4750.977097457876
13432,10183.122666450194
13433,7501.941623919832
13434,6709.845609643464
13435,14613.894719954893
13436,12653.570409680846
13437,5639.1570958556695
13438,8024.067251424901
13439,4682.338190299238
13440,5814.8281764383
13441,5940.372729732595
13442,9120.818559058194
13443,5402.538946600668
13444,5391.942834604639
13445,6282.059918646116
13446,6362.833257913614
13447,7339.156189929596
13448,8225.549131236246
13449,4659.547826263594
13450,8299.778707092735
13451,9601.279754790075
13452,7573.4462089073095
13453,5550.928252033125
13454,5295.800835353933
13455,8566.255556435835
13456,5703.671795390281
13457,10978.670712659246
13458,5388.704608940556
13459,6592.297984926337
13460,8005.189036305579
13461,6318.313211354669
13462,5904.116808063637
13463,6039.841761954622
13464,7803.016367451912
13465,11177.657301621715
13466,10150.87284978987
13467,6750.19857372573
13468,4974.7981840172
13469,7064.400718458818
13470,6982.394812851733
13471,5243.977867600787
13472,6580.204789730796
13473,6556.250713062004
13474,13593.634479714343
13475,8714.183104182805
13476,6622.041469977101
13477,8261.570668127355
13478,5742.100805382731
13479,9429.751197735133
13480,6638.974940356703
13481,13627.851068193539
13482,7545.722958530855
13483,6200.16162686118
13484,6096.7193382161795
13485,4582.012563107779
13486,6825.859917990147
13487,19251.434512233096
13488,4862.08408894181
13489,5742.163484310136
13490,9807.16438710329
13491,7483.288198030219
13492,7946.544084696004
13493,9584.37594942671
13494,6827.018334496663
13495,6044.252199458652
13496,4954.9719179371605
13497,11399.342455715896
13498,7034.079405778272
13499,8252.70247984164
13500,9358.356554227012
13501,5966.777511149668
13502,8630.821277849413
13503,7204.858777441848
13504,4728.396868501571
13505,9075.286603809569
13506,10413.032842271572
13507,5475.349061582212
13508,8705.707484889868
13509,7889.09475663168
13510,6125.909648430948
13511,10736.215949313282
13512,8005.875034954498
13513,8106.624510571248
13514,5421.2134265007835
13515,5455.9286238853065
13516,7873.847409391745
13517,5002.786376389463
13518,9433.11081644541
13519,4943.748460953904
13520,6888.9115477619
13521,5073.737548560217
13522,6806.775752020058
13523,6464.480825651621
13524,7343.710049121201
13525,7574.190103080345
13526,9737.957120392557
13527,6963.7820288823
13528,8475.15304267307
13529,6870.974158810199
13530,9077.420896952732
13531,11783.03413169488
13532,8298.888329710617
13533,3523.9323291884243
13534,7193.286119680171
13535,7679.393864116727
13536,4673.0739827153275
13537,12989.652628533835
13538,6591.294973578991
13539,7236.65351504026
13540,11691.111972109693
13541,7533.272040641076
13542,4716.755622255799
13543,13284.444628271063
13544,10958.21820289044
13545,6832.891446154835
13546,10001.55279789171
13547,9871.893578555404
13548,7341.846461478141
13549,6286.19332898231
13550,7061.132125949084
13551,6242.228033649877
13552,6867.686546056054
13553,7961.207087820257
13554,4996.254657089557
13555,8100.60390767026
13556,8015.473595394439
13557,6904.431411314227
13558,8917.084449745249
13559,6741.217932605429
13560,7570.477991868917
13561,5946.539869660801
13562,8475.637727157324
13563,7449.469414691581
13564,6701.11536778453
13565,7419.028320449131
13566,8112.0621757098
13567,10647.380156289999
13568,6585.457235907713
13569,6089.038485737284
13570,7183.122558999248
13571,8035.054715724108
13572,8187.429542712519
13573,4875.9057266398995
13574,4838.493009728402
13575,8459.83965293864
13576,8787.553891619395
13577,6508.726018662274
13578,8445.27270021783
13579,6877.511166494194
13580,7404.41658625383
13581,5536.4124460200055
13582,3572.061131786566
13583,8006.3285641841985
13584,7164.675671144948
13585,6890.561160654804
13586,10644.155082280162
13587,8916.377283545651
13588,5290.166557736986
13589,8599.280964365236
13590,4851.635145094316
13591,3332.35232398184
13592,7457.872667623507
13593,13726.067309755017
13594,7921.974571632544
13595,7624.081434448573
13596,5309.840717883748
13597,6867.1530504032435
13598,9243.473776437286
13599,6886.173247459086
13600,9701.347974309252
13601,5642.916913296034
13602,5488.381945177473
13603,6041.763948951535
13604,6634.895749943268
13605,5568.415482270456
13606,5516.743007238656
13607,5787.067765825271
13608,5422.041809447215
13609,7837.069374538615
13610,7691.937559735536
13611,6169.1230429709685
13612,6977.764716147184
13613,8303.66310833401
13614,6405.399312965326
13615,5641.633050927569
13616,11139.13228953453
13617,8014.7380798388795
13618,6405.459536373533
13619,4093.6564807059335
13620,11168.232900759307
13621,7138.46902430979
13622,6140.573757931712
13623,9392.287513148196
13624,9308.828392265248
13625,7946.957981665985
13626,6987.768311283782
13627,8103.309938032256
13628,9935.817942565991
13629,14509.878089129732
13630,5655.668174148172
13631,5605.333298935048
13632,5759.774227335982
13633,7073.989132235669
13634,6333.593364613073
13635,9168.959970962502
13636,9252.18681197628
13637,6711.307607415587
13638,4768.637309415151
13639,6784.780295759883
13640,11718.126076089691
13641,5687.00979493204
13642,8431.560569250949
13643,4637.519318964254
13644,8105.953232862158
13645,8816.021258039478
13646,7956.475203355323
13647,8894.617085606465
13648,7170.437360452391
13649,5490.279352472766
13650,6976.921549381898
13651,7824.734996060858
13652,9754.901838511276
13653,8117.248590561485
13654,9653.502120185141
13655,6862.934748137664
13656,5050.534923979399
13657,10840.02068812825
13658,5131.485593272541
13659,10159.022198935676
13660,6810.799755760517
13661,5383.983975243887
13662,8397.681656261007
13663,6569.413104969287
13664,7922.367269255417
13665,9200.692218438046
13666,4372.486750502014
13667,5127.3116138994055
13668,8503.16036964395
13669,9772.416146001577
13670,11638.113346557046
13671,6788.824818114003
13672,7226.296871766087
13673,6599.459895749356
13674,7423.239503947223
13675,5630.791298399422
13676,11362.093518489002
13677,9924.25616971228
13678,14189.74035331339
13679,5485.156581446952
13680,6748.582158528798
13681,11625.014894235606
13682,10519.576138745184
13683,5745.524534301851
13684,11294.11218406972
13685,7316.961506680721
13686,6875.634786802214
13687,6152.414283381195
13688,5941.459716543009
13689,5731.269282040154
13690,7303.024667941837
13691,5629.096222990814
13692,5393.517953950062
13693,9330.538563351924
13694,7281.099353061066
13695,23052.496589276492
13696,7886.28875912248
13697,5519.151980407607
13698,8493.828092311978
13699,13515.213727702012
13700,7880.409837037832
13701,9266.984537398115
13702,7444.93662355021
13703,9008.60425867683
13704,9175.369622571181
13705,6183.095050421535
13706,6312.243810417216
13707,8069.8784814329265
13708,9819.591608742754
13709,8357.602976666996
13710,10120.040231264693
13711,7285.599043056146
13712,6133.317255238986
13713,6631.254008797732
13714,11679.459790253326
13715,12007.00818580719
13716,11379.344103445066
13717,9498.65845792347
13718,5053.519365415847
13719,7157.008589988172
13720,5392.685986049221
13721,9941.95340212204
13722,11980.538501791463
13723,12540.58116362235
13724,7551.021978564387
13725,6272.753387491646
13726,5737.758651409851
13727,6867.744162778018
13728,11885.741237593142
13729,7656.108617328539
13730,6807.557857200595
13731,6593.004595621345
13732,8790.746375723287
13733,4011.894246710656
13734,9656.91684941041
13735,5719.8380788656195
13736,9005.049560155989
13737,7904.500456126218
13738,6765.153848555969
13739,9916.818015215556
13740,9065.479160624292
13741,6961.734888039286
13742,7847.980960391857
13743,9311.364633637828
13744,13336.86404337404
13745,7921.367643227861
13746,10853.258714386695
13747,10488.420840087316
13748,10922.81271494004
13749,8278.846857704948
13750,11241.056384933492
13751,5719.934276243873
13752,5739.199239876917
13753,7188.661905288146
13754,7926.733779932626
13755,11479.154544653496
13756,9490.753186248743
13757,7503.84250539995
13758,9600.794180926483
13759,9179.15794189783
13760,11168.714735396585
13761,4280.0896822995
13762,15832.048348255628
13763,5445.843642781564
13764,7734.096177829594
13765,10237.923542158067
13766,6056.09428236641
13767,7716.506966181536
13768,6837.426998345192
13769,8968.321775562614
13770,6859.2113862117885
13771,6869.559020114362
13772,9614.92150333382
13773,9495.192270609206
13774,8760.493799738473
13775,6503.283721626565
13776,9477.150643334773
13777,14259.007968097907
13778,8191.084136401989
13779,6417.347936600059
13780,8075.344636477907
13781,8018.364664595034
13782,7129.4368178528675
13783,9699.802070043914
13784,4460.118480979391
13785,10471.16620221693
13786,7288.985746543627
13787,8737.649943470786
13788,11111.454787261308
13789,5358.534916328864
13790,6486.271641775541
13791,6854.061911319594
13792,9966.769551360998
13793,10205.868606218624
13794,6113.67296325723
13795,5648.51309080985
13796,9234.346027055784
13797,7621.954234257017
13798,7484.474135204024
13799,8997.23429118665
13800,8083.047919834412
13801,9438.597606496254
13802,7173.831260660394
13803,5329.909937278691
13804,7796.152428220698
13805,9410.768713613716
13806,9715.202850338517
13807,9742.29122838945
13808,9724.354953760707
13809,6975.600711949929
13810,11477.108217344583
13811,6818.622551609439
13812,7611.8865595964
13813,10900.153553147094
13814,8086.736995838162
13815,11544.42397221243
13816,10487.924201788815
13817,9501.510760859928
13818,7012.972026317576
13819,8779.377168363817
13820,9519.691732327667
13821,8320.59635930564
13822,5031.445618770242
13823,7184.504936237988
13824,9871.828101005554
13825,6973.879835073826
13826,5245.83481804801
13827,9614.685418296174
13828,8577.700189957111
13829,7768.3142810504405
13830,7577.2425210922565
13831,6199.218576526259
13832,9217.713178351329
13833,8778.785705469867
13834,7672.931584351459
13835,7001.54201225509
13836,6236.829051623251
13837,7817.3181759994595
13838,5077.596633867792
13839,7980.263418396333
13840,7469.882155082449
13841,9900.40905365011
13842,9576.632586747455
13843,8455.27040745929
13844,14944.94854253337
13845,6913.980103277054
13846,6697.172613278063
13847,12570.40457734237
13848,8083.262277263337
13849,10687.124642918858
13850,8939.9490725377
13851,7047.9560229664685
13852,8018.561060199344
13853,7204.777956177001
13854,9225.941519692367
13855,13707.59264180417
13856,8328.018338353126
13857,3655.5994413773974
13858,5748.333479588731
13859,10479.683509215207
13860,10964.960225512345
13861,7946.832750106747
13862,8363.304359641268
13863,6054.905107246847
13864,6009.699045936155
13865,3892.325666618499
13866,6061.651278652511
13867,7886.379799840319
13868,9324.530908647443
13869,8314.275752728769
13870,7682.398604687538
13871,9729.834596126308
13872,11423.346580764131
13873,9148.12166210187
13874,6372.07597331491
13875,12410.678202963481
13876,11584.99868071217
13877,6658.0037495401
13878,8826.230471146124
13879,6269.806086703985
13880,8036.4533724318835
13881,4763.491838223567
13882,8978.233018386312
13883,6591.712787058676
13884,11718.386283253509
13885,8744.82260733466
13886,10144.93625355719
13887,9947.541689078578
13888,6461.935327964295
13889,10864.028650325767
13890,21950.87310089245
13891,12748.647052435748
13892,7502.5194038716245
13893,3701.1595504583206
13894,7995.588787670484
13895,10134.687595612331
13896,7588.528931220551
13897,14001.968705172043
13898,20823.8641453922
13899,5382.256333775968
13900,6759.1622430583675
13901,12274.23433219914
13902,5703.814387929755
13903,9486.430880723414
13904,7775.706820355075
13905,9605.336525414747
13906,6480.103384988386
13907,8249.94818049088
13908,7502.942487310226
13909,9066.556908123828
13910,11963.380001458836
13911,7992.534069902299
13912,7666.762733759101
13913,9194.712213627345
13914,6773.097060648911
13915,7245.747634167306
13916,9839.222536022657
13917,6781.57312867007
13918,7412.622070397383
13919,8488.963630112306
13920,7836.981361546203
13921,8052.060082404078
13922,8793.485030509592
13923,9088.8537575806
13924,10000.908752513396
13925,11158.43645342044
13926,9624.36916002034
13927,6856.0923343258455
13928,4775.052153221885
13929,7967.909784631113
13930,8398.650249284541
13931,7734.168622291819
13932,5796.361639979579
13933,10429.256594116112
13934,8075.35471703885
13935,11389.462822553643
13936,8603.795382551325
13937,6610.568573297683
13938,6241.736158379029
13939,5485.745944938882
13940,11513.263342724493
13941,6928.725689241452
13942,9201.55389454763
13943,19405.554120300963
13944,9413.118730915654
13945,7600.28296363755
13946,7067.552310093072
13947,5379.495186668761
13948,8351.497103294896
13949,4974.068072523211
13950,6897.19597392576
13951,12490.14971229913
13952,6119.97740844038
13953,16477.41006780084
13954,16746.661212412786
13955,7067.560312627586
13956,8496.75167470938
13957,6855.6400850751015
13958,8169.913698197515
13959,6885.174987890837
13960,13617.52728950252
13961,9071.42528357192
13962,11587.539173697824
13963,5779.84495455311
13964,9035.163381446817
13965,7005.8454144372445
13966,11222.130305583678
13967,8578.041965539094
13968,7874.397206104392
13969,8160.904255345558
13970,7754.681513470956
13971,10062.135198106536
13972,11210.630783233883
13973,8208.39611178575
13974,11870.646648048756
13975,8340.639816705303
13976,11431.35597044676
13977,6787.549214511472
13978,6905.760459820738
13979,6496.177582521034
13980,12505.126389131598
13981,7971.033588319831
13982,9396.028412002726
13983,8524.59513063777
13984,10724.987028264055
13985,5800.539810696577
13986,10511.48695555628
13987,8551.762818227377
13988,4792.301609947739
13989,16617.39332250832
13990,19894.416752739777
13991,8596.38850987453
13992,8696.443366450367
13993,11671.755838211675
13994,11807.287401012898
13995,13149.252831599182
13996,6544.76569139316
13997,8504.89746930578
13998,7505.329277871286
13999,10787.12687133561
14000,4766.120398827172
14001,7606.55820194919
14002,7113.543541125679
14003,7491.344189062875
14004,9221.520309644027
14005,6736.076743286341
14006,5850.339048752322
14007,9105.719280596313
14008,5610.419357142426
14009,6634.409211684653
14010,7675.670303668419
14011,7618.578450469256
14012,11378.214722792585
14013,11275.574481030275
14014,9093.251657441484
14015,8278.0300931025
14016,7951.724524355714
14017,13854.957746238362
14018,8380.613845563712
14019,6324.5747217937615
14020,6494.052116217977
14021,13082.34105239421
14022,5515.933997761378
14023,8719.200823794503
14024,3904.1691029585754
14025,6134.4539508863145
14026,9869.72723121252
14027,7941.613331086146
14028,6426.793935261287
14029,10601.205366594695
14030,11380.823977782671
14031,14546.983278077558
14032,7354.6811143281075
14033,11878.174706944064
14034,3692.7757610362664
14035,6513.961228194228
14036,8003.096982022319
14037,6089.712727274459
14038,10740.453733161998
14039,6090.625367675734
14040,6556.595049989159
14041,9989.93045745445
14042,13215.406698661249
14043,11908.029043372186
14044,7227.353173328914
14045,6276.277778747872
14046,13977.048240030303
14047,9990.462366385724
14048,6932.426113177788
14049,6636.505764918517
14050,9696.76164194651
14051,11479.10562353603
14052,5964.493958402208
14053,6889.920640906775
14054,9907.50338604649
14055,9129.379487766284
14056,16022.623334911545
14057,8425.113637436041
14058,14247.647384587044
14059,8636.419449874058
14060,6369.150261405138
14061,3943.1604323152224
14062,7838.001855737043
14063,7647.974161640364
14064,7241.149748208868
14065,9905.189848379694
14066,6669.461703472915
14067,5501.074341343639
14068,8996.080299765268
14069,4490.778475652116
14070,9761.762700927873
14071,8635.429619131037
14072,9823.738061131531
14073,10286.643713590276
14074,6929.493725423538
14075,10971.50429297295
14076,8473.117844882116
14077,7465.982819378798
14078,7791.240331926338
14079,6103.49404618329
14080,12738.118011617282
14081,8243.655111553857
14082,6182.281785266829
14083,9067.659981734529
14084,10415.196742257105
14085,9079.344127483786
14086,7558.402004218214
14087,9730.614526627516
14088,7389.462448365401
14089,7430.425227876563
14090,7130.934671106811
14091,10653.0927300227
14092,7357.074363301433
14093,8014.114393734893
14094,7600.552618494963
14095,7046.167631873823
14096,5588.797337819964
14097,6823.216972186568
14098,11015.029381856497
14099,10912.224319763882
14100,12269.731378530545
14101,13148.559712571592
14102,9986.565309486354
14103,9891.796002686202
14104,6235.208767558124
14105,12886.653479520335
14106,13359.882659611292
14107,9102.106419253894
14108,9555.539224407348
14109,10031.464783312176
14110,7847.677470731047
14111,4768.815121041986
14112,13763.340517342856
14113,8820.944550223849
14114,8549.973836902966
14115,7534.94746676268
14116,3366.359782818329
14117,12884.0815288013
14118,7764.440319449461
14119,5756.628916652512
14120,5786.394023599278
14121,6721.795964411793
14122,8474.383333618476
14123,9335.397166642673
14124,9367.210645214522
14125,7083.835547555202
14126,5944.118761767106
14127,5103.6767029938555
14128,3918.874144373527
14129,8596.937149069872
14130,18680.88934363857
14131,5322.00776325066
14132,7204.184287874476
14133,8209.17952988328
14134,6313.756460783081
14135,6181.565635309283
14136,6971.751585313447
14137,4916.629401560123
14138,9483.125115461524
14139,8173.716779985283
14140,4912.712817292668
14141,11427.35259304269
14142,6721.215865603906
14143,6178.1439867581885
14144,12847.40941738074
14145,9556.937340034885
14146,11567.672180844487
14147,6415.213711502924
14148,7644.862534375826
14149,6092.741661567212
14150,6075.749548006976
14151,17739.957634786595
14152,12473.403465667436
14153,7852.976418857243
14154,6847.036792831883
14155,6999.954817590993
14156,7646.840593497362
14157,5183.99131346564
14158,11855.636068006432
14159,7054.3613610047705
14160,7106.228254034062
14161,9441.791793010061
14162,5943.244877168899
14163,7929.002045542506
14164,8768.702248756217
14165,8429.856368242683
14166,8870.662171212909
14167,5083.001556639354
14168,7585.061265963791
14169,7874.821108966355
14170,10863.577570049907
14171,9753.872209367948
14172,9255.730229863591
14173,5983.169014503695
14174,10280.088537511907
14175,7285.678524995174
14176,5559.603438309267
14177,8121.524263893128
14178,8489.39823380154
14179,7795.622977123057
14180,8595.643432005843
14181,7693.457706279175
14182,7463.900221210731
14183,6573.112415380735
14184,9541.704816704152
14185,8190.622260828324
14186,8596.313781479814
14187,11347.116808554483
14188,7629.862070423508
14189,5257.8905451808205
14190,13537.227808823669
14191,6581.804177288464
14192,3785.867307884692
14193,9745.470020109407
14194,10807.09131671379
14195,13628.291130207472
14196,6158.373559560658
14197,7562.693155528199
14198,7931.047499638718
14199,8813.615307336588
14200,7252.9497548070285
14201,10700.518658431774
14202,3760.5026563017987
14203,6810.132727315601
14204,6771.678324922994
14205,6268.518426685956
14206,6711.054894657702
14207,8603.124699694918
14208,9103.115832372969
14209,8044.779626322325
14210,9694.080608006481
14211,9317.120151242105
14212,10658.28984619223
14213,6048.147420892797
14214,8337.39576812479
14215,8930.355276053166
14216,10779.60501617114
14217,9624.375543283017
14218,4548.775261310992
14219,9960.540412543245
14220,8288.336828448457
14221,9032.115466341595
14222,6861.127965951401
14223,5294.483908332556
14224,10636.284057588895
14225,7090.8944001046675
14226,10819.439615225092
14227,8074.553321616002
14228,6764.028259153043
14229,9569.929023052882
14230,7842.819735705791
14231,8006.9299208071125
14232,10552.6304432541
14233,7032.8681293046175
14234,11416.12766787684
14235,12271.338667431184
14236,9817.305368803269
14237,5649.281431059161
14238,7366.506162322848
14239,5637.848042343618
14240,3881.3121449720147
14241,9351.529800699043
14242,7167.891504961664
14243,10273.28199134061
14244,6064.951854031932
14245,7428.323379517603
14246,7548.158367822623
14247,10990.059169403292
14248,6713.54466819077
14249,6989.202431281726
14250,6457.155598007108
14251,9126.049589865524
14252,6630.630145109119
14253,9428.175133368393
14254,9638.850911680764
14255,9131.233200059345
14256,10599.954256224459
14257,8064.864734831456
14258,7129.165348534599
14259,6000.601667841985
14260,7017.811782943325
14261,12692.717486263336
14262,10770.736885548891
14263,11720.486061480853
14264,16240.500376873506
14265,6296.470115935661
14266,6093.3345528908985
14267,7806.69206841372
14268,10110.963734799723
14269,11974.646694889609
14270,9667.561664400624
14271,9790.805024160381
14272,9762.114891267569
14273,9419.92480221299
14274,8146.600718916761
14275,7003.842134543935
14276,5601.220742021023
14277,6147.884863805153
14278,4841.726396351704
14279,6767.606906973802
14280,9307.178903062604
14281,20024.63625783607
14282,8900.468919341169
14283,6270.339559831793
14284,9321.442840655009
14285,5803.47308010116
14286,7846.089029811556
14287,5225.13473554752
14288,11438.664078396181
14289,8210.796884077728
14290,7761.659948601857
14291,15827.509073614065
14292,12603.497277269034
14293,6206.8412249778075
14294,9055.038571814104
14295,4860.358964268894
14296,6270.812580239244
14297,6544.211334695967
14298,10105.09352467459
14299,5888.193849190018
14300,5734.6199576235995
14301,7050.472383484904
14302,6980.460240458296
14303,8307.674692151548
14304,9187.124878814533
14305,4987.60440605365
14306,9243.811111481618
14307,10747.336244458536
14308,8306.083057292279
14309,6110.299467219191
14310,5635.936344205179
14311,9677.07295353057
14312,6184.6359572887695
14313,11919.5085399949
14314,5806.506768761528
14315,7435.394313278351
14316,8941.41604352788
14317,6923.776232503915
14318,6455.406314344211
14319,6778.719501636101
14320,8617.486595080061
14321,12072.545166209902
14322,11243.109736436549
14323,7192.451263126815
14324,5371.560590116023
14325,7918.269962577454
14326,7889.834712887783
14327,5628.0612442240945
14328,7441.360681574667
14329,7294.195228361845
14330,14504.782304077302
14331,9670.177150122348
14332,7521.305606216184
14333,9305.744723436006
14334,6342.0204215043805
14335,10405.456889103321
14336,7456.171736922322
14337,14702.016269761254
14338,8308.988190112264
14339,6718.258581023747
14340,6681.120742410788
14341,4894.746065208934
14342,7790.036903894221
14343,20211.78937612463
14344,5162.460441804183
14345,6170.920089240892
14346,11022.431714309014
14347,8310.54807492625
14348,8929.968061685035
14349,10685.882854046316
14350,7559.454130324266
14351,6575.81406441951
14352,5318.32714255789
14353,12435.631117269904
14354,7867.114386271208
14355,9151.02206137988
14356,10506.71499904432
14357,6550.436503221531
14358,9534.932447769186
14359,8069.122417992386
14360,4985.471295741898
14361,10069.77624993944
14362,11159.36596424985
14363,5983.3369424847415
14364,9509.32537293896
14365,8672.394916051031
14366,6198.064064331653
14367,11578.295200935641
14368,8664.269127890704
14369,8998.127717136236
14370,5924.394633040535
14371,5925.364104050473
14372,8551.946058142921
14373,5352.477497661372
14374,10637.99300609006
14375,5272.6232522116425
14376,7788.81079144698
14377,5378.263396873397
14378,7605.209841258057
14379,7247.259062290102
14380,8232.748979156395
14381,8468.452206710537
14382,10732.011304649863
14383,7875.492325988602
14384,9338.513052395892
14385,7735.97349323824
14386,10324.15017811237
14387,13032.753469367919
14388,9246.364931731967
14389,3800.1292014019295
14390,8147.886487222836
14391,8718.50427054436
14392,4927.370326099898
14393,13882.356578660041
14394,7396.804685886676
14395,8106.874605571291
14396,13001.914344278017
14397,8382.183128274608
14398,5075.333194071606
14399,14777.35898907111
14400,11978.804115561019
14401,7586.069737369148
14402,11138.340863341544
14403,11037.864153328852
14404,8105.439535091003
14405,6992.905229067324
14406,7865.774831994164
14407,6960.4719602183095
14408,7748.318205062147
14409,8659.927290298163
14410,5435.761144750833
14411,9004.92937462642
14412,8788.239696462419
14413,7767.8346554955215
14414,9910.106675954195
14415,7608.789862404734
14416,8393.845793045037
14417,6038.688686295089
14418,9226.118395251015
14419,8338.643764193532
14420,7562.484390950672
14421,8382.272841801236
14422,9012.390769835802
14423,11706.632851722734
14424,7202.165353156656
14425,6761.435393368751
14426,7924.39026450137
14427,8693.445875703166
14428,9021.449541563234
14429,5288.097223545194
14430,5320.656167467736
14431,9184.14347541294
14432,9047.921020690252
14433,7603.449700258121
14434,9266.988884350969
14435,7526.803708640109
14436,8182.5915600858425
14437,5964.185599483462
14438,3843.038309128578
14439,8762.742456932063
14440,7797.135577528388
14441,7804.2104069574925
14442,11593.633733251545
14443,9847.246292617096
14444,5760.34291013432
14445,9368.849185273733
14446,5254.640156198968
14447,3583.3124719137654
14448,8407.24650716904
14449,14867.588980688757
14450,8800.184183189256
14451,8483.10895139022
14452,5984.3740630974735
14453,7773.115867503291
14454,10329.401483189822
14455,7691.480055113632
14456,10836.31416093742
14457,6131.071071315637
14458,5937.074079857922
14459,6750.098345655684
14460,7287.736268483378
14461,6128.238537508455
14462,6167.757092560971
14463,6404.995654176024
14464,5845.16641400031
14465,8640.728290554429
14466,8829.56272857384
14467,6907.954464352235
14468,7854.282132222083
14469,9254.980027756004
14470,7240.436468286126
14471,6089.733111703188
14472,12146.211843677254
14473,8920.787944166428
14474,7015.65370264215
14475,4573.557087664646
14476,12547.4486840607
14477,7884.17359052046
14478,6734.178863616762
14479,10513.993369433914
14480,10417.271849815415
14481,8833.100316810582
14482,7698.811029368862
14483,9000.529569421127
14484,11130.437197712294
14485,16549.016440961917
14486,6331.730574316532
14487,6119.6595465133905
14488,6167.509936839668
14489,7959.3746873169575
14490,6998.8981769210495
14491,9989.287671609862
14492,10272.689354641136
14493,7467.841675769808
14494,5090.01197333491
14495,7613.639550158406
14496,12353.824292258449
14497,6201.878979931226
14498,9482.611301307434
14499,4980.689923056581
14500,8957.077444359695
14501,9914.672717989642
14502,8838.15944185409
14503,10041.780165320302
14504,7987.04218865779
14505,6014.8374075324045
14506,7708.592672515981
14507,8705.136041429638
14508,10700.899266183125
14509,8952.024115215547
14510,10538.223988916903
14511,7656.7089063115955
14512,5386.30655574639
14513,11799.846936517979
14514,5441.4773956055415
14515,11224.88129854681
14516,7554.717730110686
14517,5818.498438599918
14518,9355.338470359186
14519,7491.566436262935
14520,8733.134235090478
14521,10203.219149848223
14522,4672.108845643276
14523,5528.849205383862
14524,9432.381708263545
14525,11018.848678024047
14526,12658.480721188524
14527,7475.458172959219
14528,8028.31006341592
14529,7629.787669924338
14530,8279.087658302025
14531,6155.416333863593
14532,12273.501106046771
14533,11207.274794260975
14534,15678.404139901566
14535,6035.708898151091
14536,7397.523169720593
14537,11856.96017838725
14538,11115.944617908037
14539,6212.507534242373
14540,12217.264622181974
14541,8282.714773007789
14542,7594.962163021816
14543,6710.078178209368
14544,6540.050872987616
14545,6248.014853170686
14546,8360.173137927195
14547,6175.364494417588
14548,6051.494678510555
14549,10298.732508260044
14550,8136.047266602579
14551,23049.297836614605
14552,8631.388055270554
14553,6942.221589481022
14554,10426.928841321282
14555,16263.829339972566
14556,9811.121854910662
14557,11292.04653365428
14558,9097.379545829115
14559,10991.440841727974
14560,11189.448474338249
14561,7770.722143619702
14562,7620.06664911162
14563,10168.365664751545
14564,12086.651392654669
14565,10223.810482827206
14566,12610.521920410218
14567,8968.787185798117
14568,7478.843021870279
14569,8397.00391102075
14570,14303.179647408664
14571,14480.430756141854
14572,13618.089016525128
14573,11902.1881853202
14574,6001.825594829559
14575,8691.395958744946
14576,6585.156326433722
14577,12198.138479283427
14578,14625.553924744465
14579,15109.232938220479
14580,9350.028113622524
14581,7630.581205940014
14582,6971.314383232489
14583,8500.181239179437
14584,14342.987056933192
14585,9392.503986508535
14586,8534.381606083476
14587,8482.534707508325
14588,10661.393161914602
14589,5088.216518967861
14590,12280.82085352147
14591,7165.970642188296
14592,11195.021276243284
14593,9785.46265107285
14594,8283.336427080058
14595,12543.538152645533
14596,11231.20739444186
14597,8536.975266145228
14598,9599.72438278689
14599,11478.974665030684
14600,16124.605868961085
14601,9951.261817062927
14602,13628.571037253922
14603,12906.738875471912
14604,13583.157999449448
14605,10492.467294932565
14606,13849.444874370123
14607,7075.58285977881
14608,6860.474723961507
14609,8679.287533393881
14610,9891.075320632275
14611,14125.265642590964
14612,11983.115790684862
14613,9369.037199133983
14614,12301.054428641506
14615,11225.509937680166
14616,13586.740440425716
14617,5476.564731617351
14618,18090.776529089526
14619,6611.7241225725675
14620,9503.061430676644
14621,12310.037243507119
14622,7465.81661652109
14623,9636.289419218334
14624,8438.58954191545
14625,11273.143675755435
14626,8428.209171343675
14627,8592.18993837882
14628,12133.61020270309
14629,11759.58170986233
14630,10708.708139135537
14631,8128.673029065511
14632,11491.666272197614
14633,17092.66257426969
14634,10141.603203361545
14635,7846.363603382754
14636,10295.421839232022
14637,9901.97258638625
14638,8967.027213732064
14639,12345.573062033433
14640,5571.557803868189
14641,13504.183010566449
14642,8801.145889877633
14643,11095.07013473476
14644,13120.508415264747
14645,6086.530195318378
14646,8035.806671139317
14647,8535.618685521242
14648,12776.908750056358
14649,12627.786066777033
14650,7483.610281252016
14651,6969.8418739395265
14652,11453.487579543444
14653,9529.16038281429
14654,9212.095879070954
14655,10728.14963009657
14656,10143.807166793142
14657,11444.010940577784
14658,8929.997923098144
14659,6383.962071488265
14660,9887.141297301921
14661,11514.167048476182
14662,11935.711551450377
14663,12125.280422661881
14664,11982.710274873607
14665,8965.417644278092
14666,14760.392932310344
14667,8325.91065812722
14668,9431.46455860283
14669,13910.918243611095
14670,10273.132085508356
14671,14001.149982057808
14672,13199.571996657527
14673,11981.199516875346
14674,8641.243006782117
14675,10732.13092189294
14676,12069.130545331076
14677,10356.636903959834
14678,6128.803831584801
14679,8563.117170924828
14680,12279.687251578853
14681,8567.671479372233
14682,6189.284658072261
14683,11584.630779302237
14684,10466.106637275323
14685,9536.805528529607
14686,9297.39099024613
14687,7392.794960959612
14688,11121.21719851086
14689,10936.256069160361
14690,9580.477563884866
14691,8842.600278634472
14692,7693.974396181793
14693,9552.857600215268
14694,6272.895910537537
14695,9703.498661847276
14696,9409.269628274018
14697,12593.188561081814
14698,11831.613573273004
14699,10526.75973590044
14700,17887.01532594111
14701,8647.133404898708
14702,8303.290044168603
14703,15138.859036777838
14704,10200.599534408484
14705,13590.289043694183
14706,10841.907153655513
14707,8728.737488640745
14708,10071.311254489676
14709,9014.734338156153
14710,11129.191977036273
14711,16063.537422597781
14712,9471.705974027467
14713,4604.917338533572
14714,7012.912162263583
14715,13413.875310287189
14716,13714.112829401129
14717,9940.870189511179
14718,10294.818536904433
14719,7307.444860957858
14720,7186.349512563503
14721,5114.776011633561
14722,7227.753002121073
14723,9801.978300209896
14724,11857.367757004195
14725,10259.726818409392
14726,9365.83819218935
14727,12036.103100630897
14728,14161.056302638333
14729,11302.692682463135
14730,7953.138109597623
14731,14851.668030292783
14732,14517.583761552489
14733,8396.660864268417
14734,10740.288163310284
14735,7812.1505266071845
14736,10007.71000039322
14737,6239.075363021899
14738,10973.317180311547
14739,8411.52540793152
14740,14066.563711948462
14741,10708.971944464623
14742,13200.201225594652
14743,12000.506141323649
14744,8091.419528318221
14745,13800.74240231689
14746,24269.393177664344
14747,15912.40607319422
14748,9112.979913658715
14749,4724.629436257489
14750,9930.785922291388
14751,12196.003197747783
14752,9374.860140337432
14753,14834.776813831359
14754,23100.60333623356
14755,6574.911166273348
14756,8404.21850565187
14757,15413.602685172229
14758,6983.56706583812
14759,11550.897685716956
14760,9736.320513566161
14761,11689.039320265738
14762,7239.699696128509
14763,10365.197494828491
14764,9548.516839807224
14765,11157.738011147061
14766,15268.720847829818
14767,10198.977694362991
14768,9466.576466440953
14769,11327.78427801807
14770,8625.391895518856
14771,8812.445148865032
14772,12295.637693001345
14773,8827.140488400726
14774,9205.506674088454
14775,10360.783267789631
14776,9718.805271042744
14777,9911.425487232107
14778,10822.460175594902
14779,11247.935619136591
14780,12943.157961803696
14781,12635.859664484302
14782,11590.696784543281
14783,8338.6361730722
14784,6017.571820394299
14785,9649.935628397978
14786,10303.131234622864
14787,9636.97339696754
14788,7107.432557423949
14789,12804.943225019631
14790,10114.901200962831
14791,12908.87059700521
14792,10543.438544543671
14793,8375.104764696043
14794,7580.316678285896
14795,6744.292372142863
14796,14385.231443655452
14797,8669.99290590031
14798,11213.638146015619
14799,21038.513762685598
14800,11809.099491008765
14801,9237.373757195592
14802,8778.179539781648
14803,6394.446072363646
14804,10346.337402212985
14805,6030.351891892402
14806,8476.436437636039
14807,14984.546076752882
14808,7659.164238416327
14809,18025.429121547637
14810,19003.538198303842
14811,8681.955648007168
14812,10526.159121880748
14813,8436.081432606403
14814,10199.625449469757
14815,8281.605365227939
14816,16553.00733097129
14817,11332.918030702474
14818,14182.855803678767
14819,7097.490555556451
14820,11021.624763507933
14821,8639.55124534832
14822,13890.071501903405
14823,10777.872953925398
14824,9695.2354456919
14825,10254.151532672337
14826,8988.363393609057
14827,12516.983116974056
14828,13628.37005503643
14829,10219.15968532324
14830,14505.495318619514
14831,10531.925138267432
14832,14125.275534490214
14833,8338.724908794684
14834,8659.241715295613
14835,8072.148970055903
14836,15494.18398980115
14837,10079.410607281834
14838,11569.387838256762
14839,10715.79572638383
14840,13505.89042189979
14841,7322.404134773081
14842,12832.26810368253
14843,10543.432431620678
14844,5997.2082206834875
14845,19170.821837072028
14846,22992.292737056585
14847,11172.174055279263
14848,10879.972656219283
14849,14375.13929254094
14850,14237.993479821283
14851,15450.703526364732
14852,7863.81207690399
14853,10438.60064991406
14854,9321.940938375585
14855,13723.611563846773
14856,5854.422215942052
14857,9205.99443131997
14858,8698.12508819102
14859,9239.709611482227
14860,11175.60587634932
14861,8259.791690678692
14862,7140.395826367403
14863,11562.193558770763
14864,6932.135904023838
14865,8458.507699371916
14866,9563.06527061471
14867,9381.451637041802
14868,14682.179574651545
14869,14295.129968675943
14870,11206.990108370494
14871,10443.017022372014
14872,10199.198191779127
14873,16307.666958403937
14874,10349.138626948896
14875,7739.364205942776
14876,8172.94906994497
14877,16005.720281970673
14878,6722.374153323855
14879,10628.199937602401
14880,4953.633012515395
14881,7293.965581417459
14882,12352.891082262458
14883,9989.284850198721
14884,8047.710497507455
14885,13648.465734303054
14886,14086.889035786107
14887,16609.051095641666
14888,8084.499846602386
14889,14471.076482122235
14890,4606.95921228111
14891,8091.256317416892
14892,9950.424173788531
14893,7507.264197114557
14894,13097.612332703735
14895,7283.8157315238695
14896,8064.681302402374
14897,12144.490135554319
14898,15774.339320266268
14899,14946.715410230127
14900,8820.953436712218
14901,7739.444504381314
14902,15557.568590334275
14903,12478.82092218212
14904,8445.282407213746
14905,8367.84862359705
14906,12219.490714544361
14907,13978.578034872608
14908,7355.751523507917
14909,8484.459441976041
14910,12734.732561664621
14911,11186.138421996904
14912,18203.757819919207
14913,10605.810202356239
14914,16850.838613032618
14915,10807.802804687193
14916,7872.668941529229
14917,4875.073160869928
14918,9479.82644948392
14919,9564.280969851372
14920,9011.888351076455
14921,12220.030466153527
14922,8466.260484988223
14923,6676.677952346116
14924,11244.129327376902
14925,5581.921809154006
14926,11917.055776994615
14927,11090.69800334143
14928,12020.9535305862
14929,12913.534504465804
14930,8822.658908813564
14931,13604.58022066918
14932,10372.796491978053
14933,9154.912799269647
14934,9845.54904100154
14935,7392.2283971092465
14936,15315.411134540042
14937,10308.13786469114
14938,7551.418597798355
14939,11169.557555033365
14940,12909.538684280213
14941,11063.827101477587
14942,9452.754903194374
14943,11883.88576221636
14944,8928.731802345752
14945,8419.003146558123
14946,9041.143883711167
14947,13279.649817185033
14948,9052.104889332746
14949,9998.56855796597
14950,9538.742852125526
14951,8697.33860177927
14952,6878.0590529265155
14953,8511.63619389908
14954,13873.78921691693
14955,12835.364136058
14956,15287.57402708054
14957,15868.862358052163
14958,12883.667184663307
14959,10794.49817543274
14960,7506.470315944912
14961,15261.279461550517
14962,15918.973516104299
14963,11814.644227094841
14964,11506.961223481667
14965,12118.61017763385
14966,9738.45217865632
14967,5852.559823372916
14968,16494.443039011465
14969,11069.758396982133
14970,10573.877335845398
14971,9406.229343548983
14972,4094.298299437631
14973,15732.782166342813
14974,9678.57526213914
14975,7223.65016562322
14976,7099.336177814817
14977,8329.059990213247
14978,10365.7501057215
14979,11609.649574317431
14980,11768.329844168371
14981,8584.425130418162
14982,7273.249569765726
14983,6161.96617883959
14984,4886.536659824576
14985,10750.782456847804
14986,20194.572352738043
14987,6315.114166858871
14988,8840.255819156793
14989,10085.158449119459
14990,7679.328819113324
14991,7639.779161140374
14992,8605.662047715736
14993,5888.935667461037
14994,12016.20059406396
14995,10330.846672410678
14996,5881.707935989441
14997,14439.673272956288
14998,8439.685361506545
14999,7323.423714509122
15000,14241.97552948074
15001,11816.537085862323
15002,13801.122459115211
15003,8116.760377115893
15004,9345.038926066229
15005,7641.304432776758
15006,7346.909271012369
15007,20330.132040904173
15008,15694.37026418991
15009,9726.20172164377
15010,8273.535299910172
15011,8598.378042692973
15012,9434.809775480157
15013,6299.9067076515485
15014,14553.917112217523
15015,8601.456699259712
15016,8941.59435145827
15017,11639.767916022784
15018,7270.645375482135
15019,9817.556780716135
15020,10617.312877214306
15021,10645.174120357073
15022,11375.032490954178
15023,6122.7025804949135
15024,9253.297051952955
15025,10038.99691005315
15026,13619.447508318119
15027,11660.532917678785
15028,11547.70221250417
15029,7194.458161172929
15030,12850.607049889115
15031,8746.262322765015
15032,6689.6327802425985
15033,9908.33167492331
15034,10592.44545838446
15035,9486.220083288095
15036,10705.988452712507
15037,9373.68111066433
15038,9484.476394697971
15039,8179.351014010493
15040,11549.096177487672
15041,10240.045436275586
15042,10889.826982779066
15043,14087.67910677822
15044,9434.952188219368
15045,6332.394045464496
15046,16083.40741168592
15047,8186.131053941071
15048,4696.593928377523
15049,11464.194692061734
15050,13568.089129616212
15051,16306.126682334336
15052,7663.598503990797
15053,9235.456993936365
15054,9594.867464836358
15055,10765.65003241389
15056,9030.619785122492
15057,13651.22789601353
15058,4770.327078706071
15059,8424.008700824621
15060,8405.746078848591
15061,7705.031682254885
15062,8400.70470138869
15063,10649.587728741973
15064,11407.206591055516
15065,9952.258608959328
15066,11834.1594165203
15067,11976.085305755274
15068,13697.905309727264
15069,7669.780525618792
15070,10448.624255020095
15071,11010.029313987892
15072,13647.185029944596
15073,11628.78262964869
15074,5545.679629366937
15075,11064.655858266391
15076,10538.761423783144
15077,11259.065838843051
15078,8444.950155538121
15079,6477.388756222684
15080,13723.18813045003
15081,8763.237893303298
15082,13371.623120038417
15083,10237.494911861611
15084,8108.977407680738
15085,11927.397690127289
15086,9819.802189905515
15087,10256.884892472734
15088,13182.487862882039
15089,8898.846999189847
15090,13986.941707694994
15091,15210.300314391428
15092,12075.869886442833
15093,6876.173023365179
15094,9248.80899039062
15095,7037.339254719598
15096,4832.263276296662
15097,11338.88027988215
15098,9060.300554548841
15099,12467.250908398859
15100,7516.438202057583
15101,9219.921860346907
15102,9334.9464824733
15103,13189.063308427072
15104,8403.363408950077
15105,8866.851003592292
15106,7962.994865934478
15107,11220.282942858348
15108,8345.915670606957
15109,11475.651938675095
15110,11630.670197960058
15111,11005.247036123563
15112,13490.5876289305
15113,10042.15341861245
15114,8796.198892791548
15115,7174.70080343329
15116,8626.937619442248
15117,15329.879988604378
15118,13057.918327799507
15119,13160.555715005105
15120,17218.176754183147
15121,7361.449846382597
15122,7621.524316925571
15123,9482.012420696088
15124,12389.197436585762
15125,14969.638712872707
15126,12255.176677925163
15127,12339.513861038846
15128,12224.731904182032
15129,11460.617092988714
15130,10288.7117045133
15131,8673.251508637313
15132,6845.432514491485
15133,7715.346844021615
15134,5886.429345909114
15135,8366.84527451976
15136,11441.753469495112
15137,22945.62801881729
15138,11086.442802521859
15139,7684.972719776927
15140,11397.460652773241
15141,7308.147822927882
15142,9890.944346792188
15143,6299.359367654095
15144,14169.698297277939
15145,10359.040107680163
15146,9477.335363396047
15147,18613.137719166152
15148,13521.938411222414
15149,7441.516689034533
15150,11136.43423290789
15151,6047.83517733137
15152,7679.759580933916
15153,8078.915315726971
15154,13033.16734611421
15155,7282.848859519093
15156,7261.373414080826
15157,8818.84924312284
15158,8572.721207020873
15159,10197.536658266472
15160,11640.98038826012
15161,6162.774551928603
15162,11618.392916877367
15163,13061.811147466693
15164,10401.681447457482
15165,7580.393532830153
15166,7041.9441706172
15167,11881.733699732407
15168,7711.193307847462
15169,14397.979349949092
15170,7284.825308635666
15171,9318.000517558905
15172,10845.2242422843
15173,8665.647377519084
15174,8184.733380740862
15175,8704.527453832154
15176,10830.087713952444
15177,14558.33257886155
15178,13879.59945491282
15179,8885.059897934356
15180,6415.787610468013
15181,9743.079401207824
15182,9581.60649192664
15183,6862.998278190602
15184,9218.838748218623
15185,8842.81440108891
15186,17424.58273866178
15187,12152.199620982312
15188,9197.935974022546
15189,11394.13347862576
15190,7833.721893022602
15191,12560.597719276902
15192,9197.062534798488
15193,17222.473011572223
15194,10501.235549957477
15195,8529.764747555362
15196,8265.828544688857
15197,5907.571494767969
15198,9722.755463063202
15199,24922.972528426766
15200,6299.891721669364
15201,7744.260658513762
15202,13484.984793488618
15203,10280.071296012831
15204,10986.741244045108
15205,13701.23716057537
15206,9328.924527356026
15207,8324.908036570685
15208,6469.973601549747
15209,15270.004740703058
15210,9727.809630995647
15211,11128.245313884861
15212,13383.94884096116
15213,8130.1553967164
15214,11862.668084910532
15215,10194.490124058446
15216,6135.718880332957
15217,12358.628307307274
15218,12643.814827922206
15219,7212.177250737888
15220,11965.799094988897
15221,10992.100189171993
15222,6570.494939750641
15223,14715.839540062954
15224,10898.48176585614
15225,11070.411910962359
15226,7268.5811255167155
15227,7272.439765818998
15228,10479.368648094687
15229,6687.525958833117
15230,13293.123740384091
15231,6178.277870572984
15232,9253.807557511405
15233,6470.209902061298
15234,9582.319447607932
15235,8589.886040791456
15236,10138.527453618395
15237,10690.603491880152
15238,13394.73542903009
15239,9611.915877263013
15240,11298.477693352343
15241,9373.924491844858
15242,12521.678865012438
15243,15687.74479666595
15244,11233.841966066539
15245,4939.969466045356
15246,10147.191140158513
15247,10682.632566056853
15248,5950.626441551336
15249,16899.430033217373
15250,9214.417094449696
15251,9842.180033897173
15252,15483.436018232182
15253,10092.478189773175
15254,6328.595568254465
15255,17636.610926242807
15256,14460.143599016452
15257,9323.026397575246
15258,13644.449730692122
15259,13608.49247497369
15260,10218.506806952617
15261,8474.490037410662
15262,9777.606915939992
15263,8818.8084265059
15264,9439.232858738795
15265,10728.65438095632
15266,6363.351220754588
15267,10940.31788191108
15268,11248.337233256549
15269,9508.121833835054
15270,12740.029384693602
15271,9211.686057212071
15272,10221.896960164784
15273,6174.800529774894
15274,11226.763548567831
15275,10353.700577923351
15276,9272.754725757588
15277,10271.542938124228
15278,11188.47429885402
15279,14170.512515756018
15280,8825.582004773192
15281,8322.366889099376
15282,9982.043341228316
15283,10706.78892220351
15284,11144.536752800195
15285,6337.415515763448
15286,6520.834996169296
15287,11181.668191909943
15288,10015.653642634008
15289,9405.361154315
15290,11539.302066891767
15291,9384.323246113197
15292,10157.635432026244
15293,7816.46040359965
15294,4902.220011285244
15295,11042.4412305623
15296,9772.246376913004
15297,9716.948617439293
15298,14333.3010880659
15299,12098.580115753204
15300,6891.536921732738
15301,11351.609476368134
15302,6302.279791656884
15303,4578.686976824129
15304,10381.008714742547
15305,16812.54048065149
15306,11008.531054394414
15307,10569.210132319504
15308,7199.155952019955
15309,9545.962835934823
15310,13155.91728878047
15311,9578.2581323192
15312,13770.28338470482
15313,7278.374494366451
15314,7182.649410424989
15315,8310.813615559164
15316,8698.226374229465
15317,7330.146099786637
15318,7575.910599245803
15319,8092.189570183313
15320,7246.695566048131
15321,10642.772955874954
15322,10622.352180810309
15323,8885.0621469507
15324,9507.82396670279
15325,11523.350945056809
15326,8613.632983994563
15327,7408.493590737161
15328,15427.885020916252
15329,11193.757865975715
15330,8730.096595076502
15331,5714.7302764790475
15332,15135.179034359318
15333,9926.10116925683
15334,8424.8282739247
15335,13548.161942411127
15336,12820.416292869095
15337,11035.05525311145
15338,9587.541464797307
15339,10842.558916627026
15340,13676.485217553589
15341,19079.701726923366
15342,7722.663753114724
15343,7542.235649566873
15344,7628.589229077343
15345,9775.10368653739
15346,8854.337177195534
15347,12113.10867085945
15348,12710.787932002504
15349,9205.118435909144
15350,6046.243894619429
15351,9499.660140474229
15352,13710.319585996753
15353,7515.227323791272
15354,11732.105401647068
15355,5925.2732865001335
15356,11186.84505425155
15357,12265.44854309945
15358,10863.975339383178
15359,12243.93556852955
15360,9905.794694489283
15361,7560.010388236852
15362,9537.220144138477
15363,10796.28900292382
15364,13483.94290657314
15365,11050.916621319946
15366,13444.171139374432
15367,9627.399482161847
15368,6579.636068920441
15369,14182.185742716756
15370,6578.966071261379
15371,13662.78197560311
15372,9298.02164983497
15373,7290.301966633526
15374,11518.784062243325
15375,9078.493100321333
15376,10757.33481859872
15377,12272.358212318091
15378,5864.527319589142
15379,6681.7142466328005
15380,12023.884423398249
15381,13838.866740117468
15382,15283.170811544283
15383,9177.80292403874
15384,9663.60332216188
15385,9344.590504529468
15386,10411.951549869267
15387,7389.5213842974135
15388,15027.258492816112
15389,13802.331569227015
15390,17866.82261245776
15391,7397.645905014839
15392,8990.210179007265
15393,13111.171266096304
15394,12138.917933167822
15395,7509.004430504867
15396,15219.057246816923
15397,10325.454927556017
15398,9500.416833618565
15399,8551.160113621068
15400,8177.834715604301
15401,7610.300993588867
15402,10462.658089212391
15403,7820.8054183494505
15404,7226.490642534203
15405,13210.964350790478
15406,10007.918371948645
15407,26785.861077648322
15408,10908.252645478136
15409,0.0
15410,0.0
15411,0.0
15412,0.0
15413,0.0
15414,0.0
15415,0.0
15416,0.0
15417,0.0
15418,0.0
15419,0.0
15420,0.0
15421,0.0
15422,0.0
15423,0.0
15424,0.0
15425,0.0
15426,0.0
15427,0.0
15428,0.0
15429,0.0
15430,0.0
15431,0.0
15432,0.0
15433,0.0
15434,0.0
15435,0.0
15436,0.0
15437,0.0
15438,0.0
15439,0.0
15440,0.0
15441,0.0
15442,0.0
15443,0.0
15444,0.0
15445,0.0
15446,0.0
15447,0.0
15448,0.0
15449,0.0
15450,0.0
15451,0.0
15452,0.0
15453,0.0
15454,0.0
15455,0.0
15456,0.0
15457,0.0
15458,0.0
15459,0.0
15460,0.0
15461,0.0
15462,0.0
15463,0.0
15464,0.0
15465,0.0
15466,0.0
15467,0.0
15468,0.0
15469,0.0
15470,0.0
15471,0.0
15472,0.0
15473,0.0
15474,0.0
15475,0.0
15476,0.0
15477,0.0
15478,0.0
15479,0.0
15480,0.0
15481,0.0
15482,0.0
15483,0.0
15484,0.0
15485,0.0
15486,0.0
15487,0.0
15488,0.0
15489,0.0
15490,0.0
15491,0.0
15492,0.0
15493,0.0
15494,0.0
15495,0.0
15496,0.0
15497,0.0
15498,0.0
15499,0.0
15500,5088.717648466796
15501,0.0
15502,0.0
15503,0.0
15504,0.0
15505,0.0
15506,0.0
15507,0.0
15508,0.0
15509,0.0
15510,0.0
15511,0.0
15512,0.0
15513,0.0
15514,0.0
15515,0.0
15516,0.0
15517,0.0
15518,0.0
15519,0.0
15520,0.0
15521,0.0
15522,0.0
15523,0.0
15524,0.0
15525,0.0
15526,0.0
15527,0.0
15528,0.0
15529,0.0
15530,0.0
15531,0.0
15532,0.0
15533,0.0
15534,0.0
15535,0.0
15536,0.0
15537,0.0
15538,0.0
15539,0.0
15540,0.0
15541,0.0
15542,0.0
15543,0.0
15544,0.0
15545,0.0
15546,0.0
15547,0.0
15548,0.0
15549,0.0
15550,0.0
15551,0.0
15552,0.0
15553,0.0
15554,0.0
15555,0.0
15556,0.0
15557,0.0
15558,0.0
15559,0.0
15560,0.0
15561,0.0
15562,0.0
15563,0.0
15564,0.0
15565,0.0
15566,0.0
15567,0.0
15568,3466.972525148195
15569,0.0
15570,0.0
15571,0.0
15572,0.0
15573,0.0
15574,0.0
15575,0.0
15576,0.0
15577,0.0
15578,0.0
15579,0.0
15580,0.0
15581,0.0
15582,0.0
15583,0.0
15584,0.0
15585,0.0
15586,0.0
15587,0.0
15588,0.0
15589,0.0
15590,0.0
15591,0.0
15592,0.0
15593,0.0
15594,0.0
15595,0.0
15596,0.0
15597,0.0
15598,0.0
15599,0.0
15600,0.0
15601,0.0
15602,0.0
15603,0.0
15604,0.0
15605,0.0
15606,0.0
15607,0.0
15608,0.0
15609,16490.80597320721
15610,29927.25495079935
15611,0.0
15612,0.0
15613,0.0
15614,0.0
15615,0.0
15616,0.0
15617,0.0
15618,7957.305321368339
15619,0.0
15620,0.0
15621,0.0
15622,0.0
15623,0.0
15624,0.0
15625,0.0
15626,0.0
15627,0.0
15628,0.0
15629,0.0
15630,0.0
15631,0.0
15632,0.0
15633,0.0
15634,0.0
15635,0.0
15636,0.0
15637,6010.79995879646
15638,0.0
15639,0.0
15640,0.0
15641,0.0
15642,0.0
15643,0.0
15644,0.0
15645,0.0
15646,0.0
15647,3968.987788234728
15648,0.0
15649,0.0
15650,0.0
15651,0.0
15652,0.0
15653,0.0
15654,0.0
15655,0.0
15656,0.0
15657,0.0
15658,0.0
15659,0.0
15660,0.0
15661,0.0
15662,0.0
15663,0.0
15664,0.0
15665,7868.10731705864
15666,0.0
15667,0.0
15668,0.0
15669,0.0
15670,0.0
15671,0.0
15672,0.0
15673,0.0
15674,0.0
15675,0.0
15676,0.0
15677,0.0
15678,0.0
15679,0.0
15680,0.0
15681,0.0
15682,10477.28018161342
15683,0.0
15684,0.0
15685,0.0
15686,0.0
15687,0.0
15688,0.0
15689,0.0
15690,0.0
15691,0.0
15692,0.0
15693,0.0
15694,0.0
15695,0.0
15696,0.0
15697,0.0
15698,0.0
15699,0.0
15700,0.0
15701,0.0
15702,0.0
15703,0.0
15704,0.0
15705,0.0
15706,0.0
15707,0.0
15708,0.0
15709,0.0
15710,0.0
15711,0.0
15712,0.0
15713,0.0
15714,0.0
15715,0.0
15716,0.0
15717,0.0
15718,0.0
15719,0.0
15720,0.0
15721,0.0
15722,0.0
15723,0.0
15724,0.0
15725,0.0
15726,0.0
15727,0.0
15728,0.0
15729,0.0
15730,0.0
15731,0.0
15732,0.0
15733,0.0
15734,0.0
15735,0.0
15736,0.0
15737,0.0
15738,0.0
15739,0.0
15740,0.0
15741,0.0
15742,0.0
15743,0.0
15744,2394.689054809506
15745,0.0
15746,0.0
15747,0.0
15748,0.0
15749,0.0
15750,0.0
15751,0.0
15752,0.0
15753,0.0
15754,0.0
15755,0.0
15756,0.0
15757,0.0
15758,6707.944042326913
15759,0.0
15760,0.0
15761,0.0
15762,0.0
15763,0.0
15764,0.0
15765,0.0
15766,0.0
15767,0.0
15768,0.0
15769,0.0
15770,0.0
15771,0.0
15772,0.0
15773,0.0
15774,0.0
15775,0.0
15776,0.0
15777,0.0
15778,0.0
15779,0.0
15780,0.0
15781,0.0
15782,0.0
15783,0.0
15784,0.0
15785,0.0
15786,0.0
15787,0.0
15788,0.0
15789,0.0
15790,0.0
15791,0.0
15792,0.0
15793,0.0
15794,0.0
15795,0.0
15796,0.0
15797,0.0
15798,0.0
15799,0.0
15800,0.0
15801,8843.992172104967
15802,0.0
15803,0.0
15804,0.0
15805,0.0
15806,0.0
15807,0.0
15808,0.0
15809,0.0
15810,0.0
15811,3362.8659143663554
15812,0.0
15813,0.0
15814,0.0
15815,6324.490220681521
15816,0.0
15817,0.0
15818,0.0
15819,0.0
15820,0.0
15821,0.0
15822,0.0
15823,0.0
15824,0.0
15825,0.0
15826,0.0
15827,0.0
15828,0.0
15829,0.0
15830,0.0
15831,0.0
15832,0.0
15833,0.0
15834,0.0
15835,0.0
15836,0.0
15837,0.0
15838,0.0
15839,0.0
15840,0.0
15841,0.0
15842,20853.46960865669
15843,0.0
15844,0.0
15845,0.0
15846,0.0
15847,0.0
15848,0.0
15849,0.0
15850,0.0
15851,0.0
15852,0.0
15853,0.0
15854,0.0
15855,0.0
15856,7214.788524957149
15857,0.0
15858,0.0
15859,0.0
15860,0.0
15861,0.0
15862,0.0
15863,0.0
15864,0.0
15865,0.0
15866,0.0
15867,0.0
15868,0.0
15869,0.0
15870,0.0
15871,0.0
15872,0.0
15873,0.0
15874,0.0
15875,0.0
15876,0.0
15877,0.0
15878,0.0
15879,0.0
15880,0.0
15881,0.0
15882,0.0
15883,0.0
15884,0.0
15885,0.0
15886,0.0
15887,0.0
15888,0.0
15889,0.0
15890,0.0
15891,0.0
15892,0.0
15893,0.0
15894,0.0
15895,0.0
15896,0.0
15897,0.0
15898,0.0
15899,0.0
15900,0.0
15901,0.0
15902,0.0
15903,0.0
15904,0.0
15905,0.0
15906,0.0
15907,0.0
15908,0.0
15909,0.0
15910,0.0
15911,0.0
15912,0.0
15913,0.0
15914,0.0
15915,0.0
15916,0.0
15917,0.0
15918,0.0
15919,0.0
15920,0.0
15921,0.0
15922,0.0
15923,0.0
15924,0.0
15925,0.0
15926,0.0
15927,0.0
15928,0.0
15929,0.0
15930,0.0
15931,12918.336358934854
15932,0.0
15933,0.0
15934,0.0
15935,0.0
15936,0.0
15937,0.0
15938,0.0
15939,0.0
15940,0.0
15941,0.0
15942,0.0
15943,0.0
15944,0.0
15945,0.0
15946,0.0
15947,0.0
15948,0.0
15949,0.0
15950,0.0
15951,0.0
15952,0.0
15953,0.0
15954,0.0
15955,0.0
15956,0.0
15957,0.0
15958,0.0
15959,0.0
15960,0.0
15961,0.0
15962,0.0
15963,0.0
15964,0.0
15965,0.0
15966,0.0
15967,0.0
15968,0.0
15969,0.0
15970,0.0
15971,0.0
15972,0.0
15973,0.0
15974,0.0
15975,5602.795242384069
15976,16993.635629319084
15977,0.0
15978,0.0
15979,0.0
15980,0.0
15981,0.0
15982,0.0
15983,0.0
15984,0.0
15985,0.0
15986,0.0
15987,0.0
15988,0.0
15989,0.0
15990,0.0
15991,0.0
15992,0.0
15993,0.0
15994,0.0
15995,0.0
15996,0.0
15997,0.0
15998,0.0
15999,0.0
16000,0.0
16001,0.0
16002,0.0
16003,0.0
16004,12927.552940055064
16005,0.0
16006,0.0
16007,0.0
16008,0.0
16009,0.0
16010,0.0
16011,0.0
16012,0.0
16013,0.0
16014,0.0
16015,0.0
16016,0.0
16017,0.0
16018,0.0
16019,0.0
16020,0.0
16021,0.0
16022,0.0
16023,0.0
16024,0.0
16025,0.0
16026,0.0
16027,0.0
16028,0.0
16029,0.0
16030,0.0
16031,0.0
16032,0.0
16033,0.0
16034,0.0
16035,0.0
16036,0.0
16037,0.0
16038,0.0
16039,0.0
16040,0.0
16041,0.0
16042,0.0
16043,0.0
16044,0.0
16045,0.0
16046,0.0
16047,0.0
16048,0.0
16049,0.0
16050,0.0
16051,0.0
16052,0.0
16053,0.0
16054,0.0
16055,0.0
16056,0.0
16057,0.0
16058,0.0
16059,0.0
16060,0.0
16061,0.0
16062,0.0
16063,0.0
16064,0.0
16065,0.0
16066,0.0
16067,0.0
16068,0.0
16069,0.0
16070,0.0
16071,0.0
16072,0.0
16073,0.0
16074,3653.5848908247744
16075,0.0
16076,0.0
16077,0.0
16078,2859.874422229854
16079,0.0
16080,0.0
16081,0.0
16082,0.0
16083,0.0
16084,0.0
16085,0.0
16086,0.0
16087,0.0
16088,0.0
16089,0.0
16090,0.0
16091,0.0
16092,0.0
16093,0.0
16094,0.0
16095,0.0
16096,0.0
16097,0.0
16098,0.0
16099,0.0
16100,0.0
16101,0.0
16102,0.0
16103,0.0
16104,0.0
16105,0.0
16106,0.0
16107,0.0
16108,0.0
16109,0.0
16110,0.0
16111,0.0
16112,0.0
16113,0.0
16114,0.0
16115,0.0
16116,0.0
16117,0.0
16118,0.0
16119,0.0
16120,0.0
16121,0.0
16122,0.0
16123,0.0
16124,0.0
16125,0.0
16126,0.0
16127,0.0
16128,0.0
16129,3451.5028848140214
16130,0.0
16131,0.0
16132,0.0
16133,0.0
16134,0.0
16135,0.0
16136,0.0
16137,0.0
16138,0.0
16139,0.0
16140,0.0
16141,0.0
16142,0.0
16143,0.0
16144,12207.629524902906
16145,0.0
16146,0.0
16147,0.0
16148,0.0
16149,0.0
16150,0.0
16151,0.0
16152,0.0
16153,0.0
16154,0.0
16155,0.0
16156,0.0
16157,0.0
16158,0.0
16159,0.0
16160,0.0
16161,0.0
16162,0.0
16163,0.0
16164,0.0
16165,0.0
16166,0.0
16167,0.0
16168,0.0
16169,0.0
16170,0.0
16171,0.0
16172,0.0
16173,0.0
16174,0.0
16175,0.0
16176,0.0
16177,0.0
16178,0.0
16179,0.0
16180,0.0
16181,0.0
16182,0.0
16183,0.0
16184,0.0
16185,0.0
16186,0.0
16187,0.0
16188,0.0
16189,0.0
16190,0.0
16191,0.0
16192,0.0
16193,0.0
16194,0.0
16195,0.0
16196,0.0
16197,0.0
16198,0.0
16199,0.0
16200,0.0
16201,0.0
16202,0.0
16203,0.0
16204,0.0
16205,0.0
16206,0.0
16207,0.0
16208,6366.185988053462
16209,0.0
16210,0.0
16211,0.0
16212,0.0
16213,0.0
16214,0.0
16215,0.0
16216,0.0
16217,0.0
16218,0.0
16219,0.0
16220,0.0
16221,0.0
16222,0.0
16223,0.0
16224,0.0
16225,0.0
16226,0.0
16227,0.0
16228,0.0
16229,0.0
16230,0.0
16231,0.0
16232,0.0
16233,0.0
16234,0.0
16235,0.0
16236,0.0
16237,0.0
16238,0.0
16239,0.0
16240,0.0
16241,0.0
16242,0.0
16243,0.0
16244,0.0
16245,0.0
16246,0.0
16247,0.0
16248,0.0
16249,14596.208908960592
16250,5841.796448099477
16251,0.0
16252,0.0
16253,0.0
16254,0.0
16255,0.0
16256,0.0
16257,0.0
16258,0.0
16259,0.0
16260,0.0
16261,0.0
16262,0.0
16263,0.0
16264,0.0
16265,4382.5874245638815
16266,4577.778684971107
16267,7421.224388570117
16268,3608.6063749796367
16269,6298.2040964405205
16270,5142.093090234929
16271,5777.672251496338
16272,6139.277078226677
16273,4867.591049248209
16274,3594.9925132976687
16275,6142.248839179791
16276,5663.4034835943985
16277,4762.7700416647185
16278,6340.817574560364
16279,6154.816720120777
16280,3473.4735112767758
16281,4656.238418377758
16282,7657.225838618282
16283,8767.114886049321
16284,6410.6217175532365
16285,7356.4824995332065
16286,3331.844770024214
16287,5842.749316047295
16288,3115.7056741892397
16289,8297.379999436
16290,9071.895281083198
16291,9647.181878642494
16292,6268.3583234414455
16293,2951.4002122829397
16294,4214.008801356066
16295,5665.711559303681
16296,7608.039387478953
16297,4680.093441180922
16298,5853.6951305091325
16299,4926.909970198577
16300,5505.487922861493
16301,2422.5785503968414
16302,8419.019733602368
16303,4607.852147186686
16304,7362.112536247818
16305,6096.19466484647
16306,3392.3897470614534
16307,8898.772922628397
16308,6509.480406531652
16309,4934.080115054127
16310,3942.5000067005803
16311,8389.34776396373
16312,11054.493746466636
16313,6763.619579528215
16314,6164.6825741642115
16315,8192.515921155818
16316,7606.016633681672
16317,5958.579913605649
16318,6641.6004932051455
16319,2693.6968903765173
16320,3042.6339564554696
16321,4341.916745604977
16322,6498.997471856054
16323,8419.6738172486
16324,7832.087023964554
16325,4508.394081919187
16326,8624.904024323898
16327,7673.862769463895
16328,5194.383433007187
16329,2887.508903029565
16330,11020.690483994984
16331,3377.1482101804827
16332,4712.223223860769
16333,6628.72352997904
16334,4194.0616369278105
16335,5689.445391086297
16336,3046.980692777014
16337,6152.004630252625
16338,5772.416533769728
16339,5602.3382977020165
16340,7970.14395978985
16341,7540.026562529526
16342,5329.549837487301
16343,3686.051265679676
16344,7938.049951402722
16345,11359.544852636618
16346,5733.362944222449
16347,3408.7004586623643
16348,6829.471557758412
16349,5794.912289899911
16350,6213.7936138392815
16351,8502.507928073686
16352,2222.773334177134
16353,8280.71637782544
16354,5027.948409247603
16355,6472.672891749162
16356,8171.125199307215
16357,2974.5240270232166
16358,4547.751821690479
16359,5441.841736997951
16360,7846.461440546136
16361,7183.862038958329
16362,4590.538455324814
16363,4688.903334147883
16364,7279.186267092805
16365,6035.646471326667
16366,5094.6749192113575
16367,6189.669483538967
16368,4865.474780727549
16369,6241.461658953106
16370,4985.2102676349905
16371,3319.6265744331067
16372,5683.47561052352
16373,6013.936557684712
16374,6510.738202294487
16375,7670.61110507618
16376,8433.416746768413
16377,4297.815748614635
16378,8024.404985859786
16379,3371.5205922219925
16380,3456.4416648390943
16381,7801.661201629186
16382,6993.310454192529
16383,7313.838722577162
16384,9585.15211171934
16385,7200.357601707345
16386,5298.2948276686775
16387,6678.6653425508475
16388,7397.51230501441
16389,4897.975261270575
16390,3051.1793946509792
16391,5078.635872187577
16392,5057.23288214712
16393,5259.313396712397
16394,3331.2552608908854
16395,5577.609404544905
16396,6457.090668735465
16397,5912.7295868262645
16398,6117.840238005547
16399,3012.5564740373197
16400,6096.05162751451
16401,6982.494133387492
16402,3511.927352279742
16403,5799.224582731292
16404,4005.155591319441
16405,5589.208679420014
16406,3676.6378400227973
16407,4661.631236315621
16408,5427.441255357062
16409,7600.2507864536965
16410,6741.2108162166705
16411,6908.354647421144
16412,12435.476866138893
16413,4561.103145357805
16414,5562.883680091223
16415,10391.870098954594
16416,5827.4099667390765
16417,8487.29562696947
16418,6303.728297855189
16419,5787.034637711387
16420,6653.980667104731
16421,4842.486495015517
16422,4939.961073322546
16423,8822.016259658521
16424,5615.89278020486
16425,2720.3549755913095
16426,3798.724426606162
16427,7765.238070029921
16428,9488.913446584764
16429,6235.66560683334
16430,6187.683229519305
16431,4797.4871295113535
16432,2856.9718258012767
16433,1770.9471239720585
16434,3435.8701003430265
16435,6110.984933934252
16436,7809.866717603671
16437,5320.987143910797
16438,4570.704517209986
16439,7924.947189829665
16440,8689.621488180032
16441,7677.967705568084
16442,5163.7459610410015
16443,8421.46964642179
16444,9354.0098414171
16445,3621.7884719106996
16446,5128.142541266775
16447,5186.721760918252
16448,6667.121054083226
16449,3416.6693934053405
16450,5416.99095076177
16451,4687.504398273057
16452,9291.822045149209
16453,6184.369004161033
16454,7450.440779935726
16455,7098.897472273287
16456,5277.599870631267
16457,8074.4252338177685
16458,17173.75436410362
16459,8976.711369690254
16460,3876.3013796445166
16461,3158.8610391091333
16462,6706.7134875331385
16463,6503.4326665697345
16464,4694.811482040747
16465,9602.780668212015
16466,18703.857579729043
16467,4441.653849132221
16468,2972.4283497730885
16469,10530.672127455442
16470,3297.2810524131637
16471,5260.598448297448
16472,3408.135521291362
16473,5924.298775103444
16474,4505.857214370174
16475,6587.101780212619
16476,5509.58486626082
16477,5396.7306078296515
16478,9791.094536715334
16479,6547.123230289126
16480,6175.356301013251
16481,7494.9622888922195
16482,5343.256600401252
16483,6012.796902420998
16484,8404.634546338393
16485,5132.443805626591
16486,5913.895559385342
16487,4524.44957492319
16488,3794.8302651181907
16489,5990.245849479188
16490,4698.140198063728
16491,5171.42254824279
16492,7975.446526427787
16493,9693.806409047846
16494,7373.249870349415
16495,4472.612526431581
16496,4101.644869752464
16497,4716.079269733121
16498,4907.254389923841
16499,6556.209356459787
16500,3197.936932959758
16501,6831.969906713753
16502,5497.8773782489425
16503,8194.794192881947
16504,5920.342718725234
16505,4754.5241297083485
16506,3343.3912579972825
16507,2877.5186453656993
16508,9052.434183133648
16509,5751.016128667487
16510,5734.282613326761
16511,13827.222193164804
16512,8035.933136556369
16513,3875.3260622805274
16514,5973.829325201199
16515,2793.3717640170767
16516,4389.565422650876
16517,3962.6429948056802
16518,3900.3740033350914
16519,9148.357828695127
16520,5031.758925325151
16521,9737.454030850122
16522,10593.654872571913
16523,5941.689821348464
16524,5693.260022368697
16525,4361.870716462194
16526,5128.587654471017
16527,4921.305142063628
16528,10518.883193149175
16529,6323.552049328242
16530,8068.81668758593
16531,3427.433161152258
16532,5682.505010222348
16533,6003.95971179448
16534,8429.637641503052
16535,7000.377927210379
16536,5410.869267632399
16537,6775.7984421558795
16538,5061.689221266169
16539,8636.332335143397
16540,7344.798081321407
16541,7120.0343194455045
16542,9010.81315756465
16543,7522.009493831183
16544,8556.258760289335
16545,3805.062404747069
16546,5613.664943283117
16547,5258.2616059406755
16548,9629.093451130391
16549,7337.42378292067
16550,7191.591450270868
16551,6385.036563933338
16552,8097.536986610347
16553,5144.111486052581
16554,6611.326756953854
16555,6023.915346978285
16556,3359.877474438073
16557,12500.405156930161
16558,16372.336137327353
16559,6894.086624472378
16560,6565.4622069980505
16561,6836.478983452173
16562,8569.860051845051
16563,8018.333249171968
16564,2939.425476175986
16565,4679.57198776935
16566,5744.083657110853
16567,8665.684839744743
16568,2778.32727894583
16569,4334.539391183617
16570,5413.857399718126
16571,5219.187635417192
16572,5213.904408136621
16573,3485.6378630129298
16574,3265.976442797026
16575,8192.37828993271
16576,4238.80790514594
16577,5100.43524560409
16578,5643.657117089744
16579,5285.123052400572
16580,9944.576851310421
16581,9617.385091758935
16582,5196.321627229674
16583,7532.7452672878
16584,6401.8548220242565
16585,10618.58418816112
16586,5010.146199915192
16587,3163.6432861441567
16588,5224.773221242636
16589,12102.895231716382
16590,4137.104511902767
16591,7004.225605809465
16592,2260.3425895168543
16593,3816.607375559225
16594,6515.54460597371
16595,6219.32109148966
16596,5305.651519276136
16597,8643.543957499372
16598,9277.013755314674
16599,8650.85463083505
16600,4867.456561075656
16601,9414.855057223744
16602,1731.91876423204
16603,3953.6941993755754
16604,6702.861770361592
16605,4979.983409706541
16606,9326.604317910715
16607,2749.725942603826
16608,5250.299898217893
16609,5678.207271787131
16610,8265.932031892702
16611,10648.023643798982
16612,5104.312914736172
16613,3389.72362040808
16614,8880.645392502458
16615,9132.834083968797
16616,4398.195913857409
16617,5482.514531891123
16618,9545.855695562554
16619,5703.746899295001
16620,4981.502264104746
16621,3826.367397817956
16622,7999.887478403077
16623,4549.118224865684
16624,11598.34609111265
16625,7771.698086457389
16626,11174.643490429069
16627,7062.087462291813
16628,4901.029122683538
16629,2029.7674814837746
16630,5726.037082248243
16631,5947.1171019356725
16632,5321.0335565561945
16633,9033.930801892297
16634,5546.324405659092
16635,2833.465802693775
16636,7172.473291210307
16637,3459.3853458961685
16638,7811.912044769581
16639,7480.9481691815245
16640,6998.44250192638
16641,8268.81549043578
16642,5341.631647158451
16643,7257.0008609633605
16644,6775.867714993404
16645,5578.2154843599
16646,6299.192661120107
16647,3432.850523319358
16648,8733.971040588298
16649,6552.070008201169
16650,3727.857060846269
16651,4940.570102178862
16652,8070.231085591854
16653,6106.663027062025
16654,3878.422587919048
16655,5067.1075623985425
16656,5622.219186724952
16657,5680.671949771723
16658,5028.559533781788
16659,9662.270275282446
16660,4230.538538516608
16661,3569.284261639186
16662,6063.781718796631
16663,5718.374868234234
16664,3476.1205493436864
16665,5387.014715173315
16666,9385.01502278266
16667,7333.41780909794
16668,10511.234341337036
16669,8572.565387701226
16670,7904.099312950081
16671,7350.6594021526535
16672,4357.916161341989
16673,10584.550763899075
16674,8730.675959861159
16675,6903.94968671848
16676,5034.329184219633
16677,5395.169803353768
16678,5314.310073418341
16679,2461.583917980362
16680,11198.719288203127
16681,6665.060531052906
16682,5560.808856346641
16683,4944.189459982796
16684,1545.0245935058838
16685,8426.339917883573
16686,5772.7779720127055
16687,4419.4370469176
16688,3682.5477270661468
16689,5444.917533620094
16690,5424.106898222846
16691,4574.362276461923
16692,9947.896053206405
16693,5386.81841078831
16694,4643.399220536231
16695,3450.9545935593396
16696,2614.9313210355313
16697,5099.0884622371495
16698,13605.061403646852
16699,3799.806799600205
16700,6029.8851614638625
16701,5100.25006605419
16702,3904.471203559824
16703,3342.344577942887
16704,5906.050059701291
16705,2848.598986925201
16706,8293.065145563403
16707,5866.842192158176
16708,2947.673181986134
16709,8766.691489133647
16710,2802.4335441994967
16711,4437.280787360312
16712,10373.097780992675
16713,7544.469045370368
16714,8293.137034280004
16715,2736.1875170416265
16716,4265.716180150437
16717,4747.531258172152
16718,4062.568381330134
16719,14876.171715766704
16720,10006.657378856928
16721,5597.182296059099
16722,3243.4471581475864
16723,6072.383856536796
16724,4956.816891702955
16725,2702.1792444787648
16726,7136.677934412227
16727,4897.7617775019635
16728,5655.10029921479
16729,7471.410434042672
16730,4790.224639819904
16731,4798.638366298925
16732,5874.248880137695
16733,6248.832822014917
16734,7185.211015923535
16735,2942.768270303565
16736,5399.497971650831
16737,6358.9591129804
16738,7791.619498822016
16739,5946.010586125737
16740,7948.876978363345
16741,3007.0367457148354
16742,8734.143752770622
16743,5440.521993087505
16744,3022.0128492295703
16745,4316.204734507704
16746,4672.55909209261
16747,4615.909267618748
16748,7572.85834798041
16749,4302.823882067653
16750,5519.135288189781
16751,5043.5761345648125
16752,8067.996908893569
16753,7034.981854631676
16754,5993.323351934811
16755,8021.598541191267
16756,5976.160519670172
16757,2745.262499488369
16758,11751.096198933195
16759,3434.2253099707905
16760,2937.5240791138276
16761,5722.717554460755
16762,8958.336790374744
16763,9891.833346642346
16764,4299.925296453564
16765,4908.400701140155
16766,5904.3244432653155
16767,6715.926422486366
16768,4909.233665241962
16769,8017.510836319921
16770,2716.6655160380624
16771,4266.618066389818
16772,4264.6196706805595
16773,3746.542546332767
16774,3282.4763562396556
16775,7409.636497578489
16776,6678.927261837226
16777,6324.570069385628
16778,4843.90293876633
16779,8558.253208600376
16780,8080.482343681192
16781,5018.62194403677
16782,5549.431110301581
16783,5850.624585647592
16784,7582.157124372764
16785,5072.208033963433
16786,2248.817487379141
16787,6726.999722560665
16788,6812.031053052348
16789,6147.658598446449
16790,5398.982877088851
16791,3665.937782715272
16792,8838.405081875631
16793,3143.373065572462
16794,8949.35778099298
16795,5160.87416968492
16796,4588.194597361289
16797,7669.78648492234
16798,4791.6595042922545
16799,4704.424565942238
16800,8438.46996358444
16801,2817.135431778369
16802,7800.112330000894
16803,10137.756850541255
16804,6710.19514282973
16805,2851.7979977347204
16806,5214.713037166734
16807,3709.5379662485816
16808,2170.701795099001
16809,5006.133160085373
16810,6067.619018891392
16811,5545.176297110281
16812,4795.420663087529
16813,5506.392052389748
16814,4865.984722150359
16815,7804.765121592954
16816,5585.831025207796
16817,5660.98618186958
16818,4332.98732899887
16819,5656.072359431065
16820,5442.746222354235
16821,6564.596336819893
16822,8126.000149119917
16823,6141.646808246711
16824,8529.393151984654
16825,5877.043140142223
16826,5557.188990557692
16827,3205.370521115557
16828,5916.98524725949
16829,9578.459325520022
16830,6453.154614465871
16831,8088.872453321799
16832,13954.259426526889
16833,3322.324664621962
16834,4516.0134854939615
16835,3911.2458584611113
16836,8402.938871803484
16837,9151.08627446311
16838,8145.9507430541225
16839,7642.439751964446
16840,7771.304452546908
16841,7519.5923194766
16842,6715.197827467026
16843,5454.201164743483
16844,2514.1960926359925
16845,4836.534217070392
16846,3202.8885494543833
16847,3289.4341162506057
16848,6513.292721002491
16849,17299.097977330923
16850,5800.430319940761
16851,3420.7186799042315
16852,4860.616592576754
16853,4770.550177671846
16854,5801.811595377836
16855,2476.4502697716403
16856,6992.240507002282
16857,6800.6947495439545
16858,4081.778048345717
16859,12183.481846208677
16860,11292.602601648663
16861,3356.1181801487687
16862,5567.472260094196
16863,3810.157011825962
16864,3794.1162324979787
16865,4380.263167730661
16866,8104.917254758877
16867,3805.8656768626256
16868,4703.370574331446
16869,4547.230504175015
16870,5336.571085012517
16871,4927.441000747021
16872,7390.236554728632
16873,3453.335882545122
16874,8331.551128252062
16875,6968.816524979014
16876,4854.015009194487
16877,4046.1506051284273
16878,3915.636220089279
16879,4959.538321617738
16880,4842.445406234851
16881,9654.287276836229
16882,4653.1776372406375
16883,4399.255278935725
16884,6495.133352858118
16885,4964.0244671013015
16886,5578.296113948398
16887,4830.917871069496
16888,6183.424840103248
16889,10303.189788552487
16890,6897.610902308662
16891,6144.594868464453
16892,3656.142820538868
16893,5272.87000833627
16894,5981.02651850115
16895,3622.909711396832
16896,5101.707998999932
16897,5109.35950831023
16898,10833.17173068526
16899,6997.39694506169
16900,4325.4087903259915
16901,5239.29571415305
16902,4793.6614845342865
16903,6429.25231539891
16904,5371.866095223487
16905,9156.618919602834
16906,6445.431511747979
16907,5158.266515796058
16908,4073.1588572056694
16909,2389.2211024627813
16910,3205.7108603473616
16911,19449.854641686958
16912,2529.9717098236392
16913,5042.073715492093
16914,5872.683252630378
16915,6365.504876271257
16916,5617.152731529183
16917,8675.001665271728
16918,5693.049558936097
16919,5651.131316293792
16920,2932.132615702119
16921,8561.574307638073
16922,4478.186819326992
16923,6560.282040842114
16924,9057.748208488943
16925,4605.877786805006
16926,7983.586610724536
16927,6638.959855660474
16928,3679.286059199496
16929,5749.398373090055
16930,7097.21371758826
16931,3033.1274005497403
16932,8672.444533360163
16933,6575.594950658342
16934,5250.576191460267
16935,10077.588733058505
16936,7952.285906971926
16937,6324.622890341062
16938,4501.399859655408
16939,4128.009389038928
16940,5468.769789423351
16941,3657.6334272947406
16942,6971.152201721002
16943,2730.646931629633
16944,5669.8836626332795
16945,2949.1628810779807
16946,5696.166026923524
16947,5349.583209162061
16948,4612.030505188984
16949,5691.392907446792
16950,9118.967194449935
16951,5726.597933332581
16952,6508.492925399143
16953,5133.390770092715
16954,5327.2360752096865
16955,10229.185529412924
16956,6872.954964336887
16957,3676.570114317376
16958,5424.459222972242
16959,5416.6063599179915
16960,3666.4575640795624
16961,11445.937187968897
16962,5865.293877165213
16963,5074.814545336227
16964,9699.030511385186
16965,6265.206930867293
16966,2241.6890776732453
16967,9334.897618339683
16968,8570.382276381755
16969,6231.7526533266255
16970,7509.465230319771
16971,6683.071373920069
16972,7498.233547435119
16973,4941.229562787327
16974,4349.939290098225
16975,4041.268329586078
16976,5735.497068223971
16977,7773.704694712458
16978,2765.194608015031
16979,7777.733167729317
16980,6711.95358407352
16981,4581.851349846748
16982,6783.4803022425795
16983,4901.297071744566
16984,6401.773912658339
16985,4471.142857348625
16986,5041.830911663265
16987,4985.844683455116
16988,4056.922439048982
16989,5966.910308283404
16990,7338.732903301595
16991,8325.584601129241
16992,5863.384971374618
16993,4616.041361261919
16994,6312.647489399068
16995,7057.260282351726
16996,6830.004980945011
16997,3388.9693177053173
16998,2963.016489670259
16999,8246.800861545202
17000,6697.371972269623
17001,0.0
17002,7503.618528913872
17003,6266.757732403787
17004,5584.559270377606
17005,5023.3107517907965
17006,1638.5257702072781
17007,6766.871953254588
17008,5957.01385988628
17009,5245.1341891256925
17010,8951.532508024853
17011,6169.511848723018
17012,3684.358117511762
17013,5127.971905432311
17014,3577.800635730383
17015,1384.8228352108788
17016,5554.403522112531
17017,10056.83405707858
17018,5512.167641134925
17019,4686.180757622626
17020,3181.0093958720527
17021,4958.914657557654
17022,7161.848892169466
17023,5573.013024429258
17024,9032.903180744344
17025,4035.1174908257567
17026,4218.892671923895
17027,3673.7600875194494
17028,5879.31869870646
17029,3427.8263434872124
17030,2695.8183438346273
17031,4638.533187729527
17032,4350.177148620995
17033,6610.8890292230835
17034,4453.171389264089
17035,5254.572599854429
17036,5217.320477399185
17037,7878.764018009398
17038,5105.527013933105
17039,3627.3824147667915
17040,10580.648434931074
17041,6251.069498270742
17042,6029.838764714809
17043,1824.155694287253
17044,5167.149957514157
17045,5906.750521292427
17046,4542.0430629573
17047,8340.019943488076
17048,8631.851348885943
17049,6246.590411812433
17050,6644.8688255342095
17051,6364.706458605813
17052,7492.778138178999
17053,10733.271943814085
17054,3424.244409010516
17055,4094.9996025640994
17056,5429.637185361719
17057,5272.359548867033
17058,5763.733932631303
17059,7441.122668996628
17060,6714.336887542958
17061,6005.161926899182
17062,2867.170686513631
17063,5970.497934481084
17064,8243.825949736183
17065,3578.087325640336
17066,6483.767711089543
17067,3132.396894026927
17068,6697.251364694527
17069,5916.257757306054
17070,5123.102227500212
17071,5759.216626466848
17072,4615.360294776457
17073,5242.102319801083
17074,6492.948448213131
17075,4936.802195736277
17076,8456.240319049193
17077,5551.59058037303
17078,9389.288010341965
17079,5808.749166105089
17080,3609.6521721836993
17081,8743.719580675122
17082,3204.335275602474
17083,8570.879914633384
17084,5839.781605544814
17085,4975.693538910618
17086,6882.070748520128
17087,4765.179718774554
17088,4889.98805722249
17089,7106.855500482106
17090,3200.5347220344047
17091,2993.1568288723597
17092,6246.318107432494
17093,6491.381005091671
17094,9721.643420267308
17095,6037.846023391681
17096,5566.548055731413
17097,3408.384709586026
17098,6549.795824994244
17099,3269.829851569793
17100,10294.949678934328
17101,7807.398985549681
17102,11593.380282077505
17103,5198.058392334162
17104,5343.7721822673575
17105,8275.796819116018
17106,8796.132959420036
17107,3115.536015160909
17108,9654.563704639131
17109,6242.273542700595
17110,6100.510177482533
17111,5889.083818864207
17112,4833.933685762712
17113,3390.0878963544615
17114,5642.812626469414
17115,3889.136231619213
17116,2835.7113102812827
17117,7142.372368066839
17118,5575.223198772358
17119,22221.749895829667
17120,7197.064923226596
17121,4017.775077786146
17122,6293.165640759185
17123,9770.545227181616
17124,5739.205708808984
17125,6644.2402095453035
17126,5449.145542007483
17127,6443.279775046222
17128,6384.74781237092
17129,5111.831775944537
17130,4797.348813702887
17131,6373.938527519636
17132,7085.334367942454
17133,6210.442010837581
17134,7270.740419827674
17135,5749.756344169893
17136,4514.263535380117
17137,5059.745770367904
17138,9575.15562995676
17139,9791.532571336786
17140,8269.212542142044
17141,6950.195219279265
17142,3418.219666923504
17143,5478.881453765965
17144,4037.461593940087
17145,7303.020039594917
17146,9715.602031529961
17147,9368.899522439437
17148,5593.55561909863
17149,4761.476877787329
17150,4096.234401209604
17151,5173.398127723631
17152,8848.576122438571
17153,5661.331609846758
17154,5119.658704189634
17155,4993.659269954164
17156,6220.38707125204
17157,3035.719319123528
17158,7382.345525341187
17159,4198.7031047824
17160,6525.067788934692
17161,5688.298976924485
17162,5104.884579877349
17163,7575.170147072503
17164,6477.678182161653
17165,4719.70630607514
17166,5600.741907226918
17167,7216.087913099423
17168,10405.72450439021
17169,6031.984497842931
17170,7391.042879220037
17171,7204.348076823249
17172,8262.52782834469
17173,6208.614620160054
17174,8115.283087102568
17175,3923.37848776167
17176,4104.347473567386
17177,5218.754882987501
17178,6077.455245578648
17179,8885.605224802915
17180,7128.436102054083
17181,5319.652070047319
17182,7190.191093769748
17183,6493.10319618979
17184,8128.748919000361
17185,3131.457584578618
17186,11505.803516017555
17187,3954.0064760371156
17188,5488.353648338983
17189,7340.737757029926
17190,4288.116934528818
17191,5818.267172943994
17192,5187.670491277807
17193,6550.141248542665
17194,5485.368659592547
17195,5057.843731923902
17196,7267.00296252772
17197,7164.020983281493
17198,6405.698209451495
17199,4807.186039475736
17200,6715.8921888441655
17201,11406.318709002944
17202,6077.120043879045
17203,4500.021022430829
17204,6302.481464667733
17205,5711.0021417654325
17206,5796.9522539654345
17207,7207.049223921374
17208,3220.235551283034
17209,7615.325485188155
17210,5329.524155923256
17211,6464.681984487446
17212,8781.401258504558
17213,4288.78267305951
17214,5411.738119992354
17215,5344.637564651648
17216,7218.741086489292
17217,7125.5867252256385
17218,4363.857219104096
17219,4159.505957083072
17220,6681.481039009328
17221,5617.5458233169265
17222,5602.374544322488
17223,6279.119271157173
17224,5646.760040423237
17225,6572.683982628097
17226,5483.94223590779
17227,3889.9574553513025
17228,5802.595108597813
17229,6782.064428644821
17230,6797.18669523153
17231,7276.889473537558
17232,7571.0388300766845
17233,5073.054201869586
17234,8385.749050669836
17235,5000.680797867102
17236,5688.346322637186
17237,8158.094680379254
17238,6170.735515112503
17239,8633.555946478422
17240,7830.795673627986
17241,6823.307336015447
17242,5530.399078455639
17243,6475.699527071114
17244,7157.588273032813
17245,5920.948881745047
17246,3566.4172937356807
17247,5239.738346218548
17248,6973.33699603779
17249,5295.803376557837
17250,3911.62934237273
17251,6866.71061377846
17252,5822.982172970108
17253,5470.0404943530475
17254,5748.989527897836
17255,4675.326344209127
17256,6657.30841016698
17257,6602.063620653615
17258,5613.744081656092
17259,5192.1976431107705
17260,4425.64159090266
17261,5925.693429425021
17262,3487.5902337912976
17263,5737.997485825049
17264,5631.698645927427
17265,7515.46412458967
17266,6724.753518873723
17267,6056.665100176757
17268,12213.337026928602
17269,4627.229715065035
17270,5184.091788702076
17271,9866.690179646941
17272,6305.337523998102
17273,7604.32537702514
17274,6677.918209920301
17275,5536.413966753964
17276,6042.883024593172
17277,5234.228672308363
17278,6514.081756989095
17279,10183.928391604733
17280,6657.39405449545
17281,3071.797582468379
17282,4307.850471710666
17283,7838.741478321498
17284,8366.590591597425
17285,5808.177099236235
17286,6263.129323474233
17287,4731.018268371179
17288,4064.2935221970456
17289,2846.6512051237764
17290,4226.701416491318
17291,5909.701900104218
17292,6835.080753089971
17293,5756.4266806475025
17294,5481.2869209963865
17295,7528.746731357945
17296,8611.847185983293
17297,6876.304825286396
17298,5241.110911217777
17299,9271.880526710404
17300,9621.119688471998
17301,4889.72107877025
17302,6492.634078402167
17303,4991.156385249655
17304,6204.024219134296
17305,3675.1995403421774
17306,6309.099091329693
17307,4910.617221640418
17308,8784.343893978848
17309,6441.798208195792
17310,7415.5783673066935
17311,6974.5044143160985
17312,5173.594721321644
17313,8211.808248519805
17314,17164.770208903963
17315,10075.221366500084
17316,5502.745079537834
17317,3022.842169789915
17318,6162.826575766723
17319,7300.862211571214
17320,5322.14338417854
17321,11558.64040585282
17322,19333.274113860258
17323,3896.2995319923666
17324,4998.390850816046
17325,9220.088659222896
17326,4539.432386624431
17327,6952.188452578187
17328,5698.99612106701
17329,6952.962478120849
17330,5492.23957295536
17331,5993.52419424059
17332,5854.248057626784
17333,6337.004394743099
17334,9416.074737285764
17335,6157.213448607987
17336,5751.540795127474
17337,6638.232591788457
17338,4939.184768026033
17339,5323.007656785038
17340,7307.360774414747
17341,5002.209452548984
17342,5536.349321123398
17343,6162.804874323008
17344,5546.484303193091
17345,5609.440141722278
17346,6157.511269553686
17347,6367.1404992012995
17348,7672.979497109438
17349,8883.589319083387
17350,6798.656560908578
17351,5108.062502834998
17352,3765.819210829099
17353,5875.188644543852
17354,6148.831374314982
17355,5685.332090374003
17356,4165.131336595061
17357,7529.157039356028
17358,6307.583408889873
17359,9469.146782666776
17360,6148.438921141728
17361,5051.694387275426
17362,4645.870792501858
17363,4029.5479862938873
17364,9282.88204426036
17365,5190.206396907731
17366,6598.893071428309
17367,14874.675120670605
17368,7030.791671030472
17369,5804.795613456766
17370,5520.255669732973
17371,3971.338802359855
17372,6063.645258473846
17373,3759.2530162027874
17374,5024.317223642792
17375,9722.76518397498
17376,5007.347632641684
17377,13130.903469339999
17378,12200.107891513306
17379,5492.541318276255
17380,6137.814668802854
17381,4945.542788095233
17382,6028.16635384037
17383,5024.7276468392465
17384,10800.787325523108
17385,6708.83780756859
17386,8792.47556859295
17387,3827.9268122802578
17388,6669.418362956447
17389,5479.079307886146
17390,7864.124948697202
17391,6372.021439843219
17392,5876.226245124229
17393,6141.618931473157
17394,6281.249675437594
17395,7358.470820631661
17396,8295.246674856196
17397,6249.7573608481
17398,9543.722437801018
17399,6270.784585568866
17400,8647.844537969315
17401,5100.528677686674
17402,5371.45500432943
17403,5088.800859908194
17404,10043.094297568845
17405,6223.403420780689
17406,6942.489073387103
17407,6158.6557965298225
17408,8230.17984730237
17409,4714.0755610086735
17410,7889.038890053595
17411,6288.713953609702
17412,3843.1990520016693
17413,12446.827266750799
17414,16196.210420146877
17415,6381.195461214451
17416,6517.873700735516
17417,8735.112181453238
17418,9243.985195069426
17419,10012.577425730806
17420,5175.137680082554
17421,5974.146693391436
17422,5765.330744510949
17423,8044.3398775029145
17424,3416.7997263012803
17425,5491.332657926405
17426,5538.9869652981115
17427,5353.103969260941
17428,6543.913055038983
17429,4872.995749391041
17430,4085.7264248004694
17431,7035.325108562852
17432,4184.288521170125
17433,5097.04702581351
17434,5601.505335797369
17435,5622.9443725393
17436,9529.105234341141
17437,8859.995553781735
17438,6380.776778906339
17439,6091.630387706716
17440,5912.976777814767
17441,10636.304636137253
17442,6176.251812926465
17443,5041.3339437742
17444,4794.111436968353
17445,10483.309530823724
17446,3899.175855389117
17447,6465.269868277654
17448,3236.132836322849
17449,4301.617531999388
17450,6968.291186535171
17451,5834.005144295071
17452,5042.429308668283
17453,8229.714927801195
17454,9041.38481900546
17455,11053.691795466433
17456,6105.235023941259
17457,9389.621435680396
17458,2576.4484099718793
17459,5266.156065791596
17460,6256.754271223934
17461,4573.220955230171
17462,7924.548481594449
17463,4593.8004151030445
17464,4582.627542068238
17465,7393.837127507216
17466,9859.929669723017
17467,9010.415268765168
17468,5224.679295198388
17469,4699.753547321364
17470,10692.459893479481
17471,7209.403121138727
17472,5149.786070042686
17473,5197.316415595682
17474,7005.099465375876
17475,8174.323416597353
17476,4467.305222381317
17477,4976.35594862006
17478,7363.075812283515
17479,6705.001443615102
17480,12047.151603568025
17481,6281.879026721801
17482,11446.482315324576
17483,6402.508631467768
17484,5232.709549805216
17485,3059.6586197585984
17486,5519.907303484316
17487,5642.38009437864
17488,5692.686798857751
17489,7423.120969726731
17490,5126.953155834094
17491,4136.6782318853275
17492,6635.994250967178
17493,3259.133131454964
17494,6868.511475311424
17495,6489.3951806277855
17496,6997.97387479537
17497,7576.890275483396
17498,5272.869855360935
17499,8043.336515676669
17500,5841.8756072703045
17501,5376.427262868034
17502,5734.554656766065
17503,4515.0733817806595
17504,9681.507695513541
17505,6246.240979021697
17506,4490.464193667205
17507,6555.165029776606
17508,7670.133540153396
17509,6796.750027377414
17510,5539.919243568511
17511,7381.427035566968
17512,5416.657022190725
17513,6432.757518072918
17514,5238.188570488707
17515,8751.09386419225
17516,5227.254502829847
17517,5635.178924042736
17518,5650.1342910582625
17519,5374.664401916407
17520,3977.4103567489296
17521,5444.611790977612
17522,8576.550712830518
17523,8538.650117782528
17524,10184.826292744765
17525,10151.600106376694
17526,7778.699198946392
17527,7358.824432066881
17528,4443.867168672548
17529,9524.588866001288
17530,10318.087811877707
17531,6903.237135330756
17532,6877.058847593073
17533,7660.561878193999
17534,5655.3332214799175
17535,3205.286530783084
17536,10890.244276479241
17537,6304.474821126821
17538,6239.714353583909
17539,5413.724973341192
17540,2387.693985425184
17541,10135.76251877353
17542,5692.989191764618
17543,4193.0946781460725
17544,4386.984589333075
17545,5089.357102733398
17546,6258.477094705084
17547,6381.570621204869
17548,6941.636449985144
17549,4968.542035309567
17550,4467.394784598723
17551,3725.8706769821315
17552,3175.222903331649
17553,6455.860572998391
17554,16087.819820902514
17555,3896.3826258680006
17556,5358.436086324702
17557,5932.7237423405
17558,4861.1737370375595
17559,5004.958043754115
17560,5237.563886392577
17561,3633.68782775973
17562,7299.784432429781
17563,6267.163593662332
17564,3374.976842055886
17565,8857.67096797637
17566,4821.212268025016
17567,4598.567883465879
17568,11083.160739171002
17569,6957.697859970227
17570,8386.07875054568
17571,4590.123732391868
17572,5339.703340669912
17573,4570.230906196903
17574,4829.504521287772
17575,13986.296249302679
17576,9580.927993543759
17577,5965.2140361461115
17578,4961.420656924681
17579,5258.03757874173
17580,5730.949336273496
17581,3772.3859518256754
17582,8758.845475619748
17583,4951.499061364353
17584,5074.089973851277
17585,7242.282995664236
17586,4510.318655518533
17587,5586.003478240784
17588,6206.03676960706
17589,6171.77114240699
17590,6710.305820108652
17591,3463.9723978825737
17592,5469.011052985978
17593,5968.520978025139
17594,7988.661775280437
17595,7183.9531850891735
17596,6837.12014700636
17597,4313.046907667176
17598,7932.196410332017
17599,5367.9969787262735
17600,4219.338327575221
17601,6162.628863241479
17602,6293.755415824804
17603,5462.813314478229
17604,6470.210132059508
17605,5875.29081442902
17606,5327.616724935474
17607,5111.273487453104
17608,6842.301978672232
17609,5832.986276824784
17610,6216.969477729262
17611,8659.407358246706
17612,5709.149801109754
17613,3958.903478065925
17614,11231.963492497136
17615,4745.42380370077
17616,3013.449662721498
17617,6862.169830712684
17618,8333.05155773292
17619,10529.133363948495
17620,4397.1526393370195
17621,5829.633487184276
17622,5583.892308969302
17623,6328.503746550757
17624,5655.561074332116
17625,7636.54681958308
17626,3094.308986066663
17627,5405.020747941424
17628,5178.845842048996
17629,4780.019447457801
17630,4761.462989677609
17631,6180.499998183193
17632,6675.596771311901
17633,5888.073048064283
17634,6498.152335214633
17635,6877.206355652898
17636,8037.578228729513
17637,4645.8222256340305
17638,5887.507463327182
17639,6231.468706736637
17640,7960.4864647766635
17641,7226.064015187531
17642,3181.562184404028
17643,8354.479490162628
17644,6151.447536924939
17645,6903.983138093521
17646,4921.779716196758
17647,3793.341894328738
17648,7701.106223219612
17649,5102.346233374488
17650,8179.216899202485
17651,5797.1200963601705
17652,5011.412253869553
17653,7270.8754704915245
17654,5442.564146569672
17655,5592.234136024134
17656,7403.230995155473
17657,4995.506652423002
17658,8817.521933840531
17659,10152.983336231093
17660,7022.952185069961
17661,4076.608818698213
17662,5423.698839055572
17663,4130.737677470252
17664,2920.599062960412
17665,7116.931457535524
17666,5491.599634824501
17667,8005.5656729010425
17668,4376.5113606958785
17669,5515.092624547923
17670,5388.604427334898
17671,7601.303025051871
17672,5292.415188646015
17673,5273.01273667394
17674,5045.966526145749
17675,6421.895450094842
17676,5109.12157179697
17677,6842.053002685449
17678,7055.9167709757
17679,6373.979001675236
17680,7599.134718166196
17681,6265.130010099532
17682,5503.282804780934
17683,4256.353195869195
17684,5325.887188157564
17685,10255.66896210008
17686,7971.666752505089
17687,8964.518038477037
17688,14452.299043762776
17689,4682.194642383864
17690,4445.236426800698
17691,5778.541325268453
17692,7480.881999236343
17693,9389.270266259864
17694,6903.585823326433
17695,7510.379601034819
17696,7474.83929300265
17697,6632.307717602961
17698,6205.565568621954
17699,5337.7564671829905
17700,4221.963214226334
17701,4629.686316676579
17702,3497.525490945102
17703,4849.007095766547
17704,6767.188923182895
17705,16008.223304397547
17706,6377.356069121332
17707,4556.06595720712
17708,6578.940435602532
17709,4575.126126279513
17710,5839.671095127689
17711,3879.044362109899
17712,8063.8435072951215
17713,6227.84105908111
17714,5700.638411974956
17715,12608.703090859728
17716,11497.990779437769
17717,4560.543015458528
17718,6189.830369227001
17719,3821.8496274341787
17720,4668.549702025971
17721,4811.162920119307
17722,7529.880372460833
17723,4258.192457809833
17724,4547.071279702933
17725,5005.846928267972
17726,5234.3126574948765
17727,6027.457813587774
17728,6965.163471153688
17729,3518.3241140051728
17730,6872.948009505469
17731,7807.14329426535
17732,6495.990754883982
17733,4703.011183121565
17734,4023.700367347144
17735,6884.89734204917
17736,4459.700961007653
17737,9529.808856693644
17738,4345.012868626119
17739,5478.022507073748
17740,6410.653934097479
17741,4946.067024502515
17742,4935.238639272093
17743,4966.6366495758275
17744,6145.203039967603
17745,9419.464754369703
17746,8485.08825821191
17747,5615.075592490144
17748,3756.3695000517982
17749,5735.463359395113
17750,5602.775313301526
17751,4372.8332869753485
17752,5200.227379641228
17753,5251.122505636093
17754,11187.181075360371
17755,6886.758222422759
17756,5461.49080249513
17757,6256.188316639629
17758,4493.413637876957
17759,7936.489316519985
17760,5248.519425660614
17761,11324.74159740698
17762,6180.906024292572
17763,5173.709017285478
17764,5202.822816227674
17765,3767.56056903393
17766,5480.234090692723
17767,18600.34724231344
17768,4059.4878958029476
17769,4571.089653162687
17770,8394.595228444003
17771,6217.011996462806
17772,6457.025463284242
17773,7537.451208125075
17774,5765.638737965849
17775,4921.808810879352
17776,3937.3410147332347
17777,9524.672872859051
17778,5798.459587064567
17779,6523.5703754675715
17780,7342.016159049227
17781,4499.64127914929
17782,6860.516001125345
17783,6311.9914292183175
17784,3882.8160056088377
17785,7424.996050789019
17786,9173.259698749052
17787,4271.081359835804
17788,7140.775779454036
17789,6491.998845724862
17790,5506.045991471462
17791,9206.88688556216
17792,6509.929418592816
17793,6724.7711302273
17794,4528.608550867844
17795,4596.179584548269
17796,6190.159534186865
17797,4052.579632690726
17798,7502.24148064844
17799,4074.255837665692
17800,5498.4671896211585
17801,4033.425227263654
17802,5616.730405993725
17803,5258.018456202339
17804,5844.7636079136355
17805,6200.900987935928
17806,8080.677773828499
17807,5805.852626490215
17808,6971.865358788887
17809,5450.381424531964
17810,7501.474307540681
17811,9636.232409933775
17812,6362.9257335053135
17813,3260.9392637013716
17814,5689.046565542706
17815,6111.003566977946
17816,3485.4766626932765
17817,11237.56921256887
17818,5451.74587833928
17819,5724.514181997195
17820,9940.630703574487
17821,6244.6955795872245
17822,3638.370296271104
17823,11054.933617383813
17824,9436.916455271408
17825,5601.36432440323
17826,7937.59391617185
17827,8101.463782283295
17828,6161.734570805466
17829,4890.518785464181
17830,5945.71987731511
17831,5211.254568849041
17832,5512.411150531017
17833,6591.588359216308
17834,3807.4868070051693
17835,6423.811036485335
17836,6818.57269330139
17837,5728.209324117616
17838,7469.924211624175
17839,5657.413394205063
17840,6180.481507572828
17841,4934.573764479576
17842,6796.9839236388825
17843,6193.628253800784
17844,5604.63667986182
17845,5783.444368962163
17846,6529.059775003206
17847,8678.50104505759
17848,5470.697896063489
17849,4830.823566541333
17850,6151.869212915367
17851,6544.2285457284925
17852,6512.664055599791
17853,3974.8880096965618
17854,3831.456371417097
17855,6666.808423267429
17856,7736.83631530706
17857,5586.48516403279
17858,6798.329914556992
17859,5691.097619705904
17860,5977.10531807897
17861,4861.2701572297165
17862,3124.2705741089026
17863,6491.771644946266
17864,6242.433093061421
17865,5837.122648003892
17866,8686.365048012063
17867,6884.067601677553
17868,4011.4399148476855
17869,6903.067699722155
17870,3741.7667976945304
17871,2077.947574493872
17872,6172.172518753566
17873,11056.790907043893
17874,6687.556968375596
17875,6290.548700563827
17876,3985.2397162065354
17877,5820.213779942324
17878,7363.945173980509
17879,5609.681552094485
17880,7859.467874464928
17881,4592.357906870083
17882,4148.368891674395
17883,4811.073039569087
17884,5370.515229176405
17885,4613.671139569385
17886,4545.755933087107
17887,4878.562418278794
17888,4414.210114553777
17889,6315.70929879557
17890,6114.465595136309
17891,5156.12822037173
17892,5681.873908115222
17893,7032.650835143453
17894,5269.589629179245
17895,4117.444808740812
17896,9658.2703359532
17897,6544.9356655412275
17898,5423.502448750676
17899,3331.8271561139672
17900,9780.854906806018
17901,6056.820758042162
17902,5108.200702095454
17903,7942.970408192063
17904,7270.528911736494
17905,6397.97933898957
17906,5958.280651792893
17907,6356.02596506064
17908,8212.14461421747
17909,12063.433576613044
17910,4592.818134556248
17911,4418.87855076903
17912,5109.85352456003
17913,6008.442648092802
17914,5346.027280824412
17915,7086.357175965041
17916,7664.39190469172
17917,5447.281593209845
17918,4041.1054672669247
17919,5511.687261084562
17920,9818.799001734666
17921,5169.093784374294
17922,6812.222340451322
17923,3397.5220969135316
17924,6594.225090129212
17925,7206.750279918067
17926,6508.237416524753
17927,7198.340824917344
17928,5813.666096094973
17929,4608.985595826326
17930,5718.267797531817
17931,6311.478307266212
17932,8071.935048940473
17933,6952.479359606871
17934,7999.110655400502
17935,5740.168382828135
17936,3944.579888406275
17937,8967.609065141292
17938,3969.980508147413
17939,8471.296179298288
17940,5570.967313820475
17941,4358.478756593381
17942,6553.626268789414
17943,5176.843124920516
17944,6407.771114132995
17945,7559.235994600675
17946,3470.321228087246
17947,4002.989090311958
17948,6690.371197484372
17949,7760.969122548498
17950,9665.164231830615
17951,5612.642345968547
17952,5792.9893164571895
17953,5477.493691993243
17954,6226.096424511894
17955,4595.283135405516
17956,10123.747928436886
17957,8155.496932846149
17958,11869.782024106644
17959,4375.38364551935
17960,5766.208581647493
17961,9988.694020357843
17962,9122.5887549199
17963,4610.831661590234
17964,9941.272252194185
17965,5769.374443812243
17966,5767.77682517901
17967,4999.671789452353
17968,5120.790610745401
17969,4418.793548408944
17970,5862.8751173752635
17971,4180.902750774557
17972,4168.85144304112
17973,7582.6064152451645
17974,5829.46357296156
17975,19699.933174024536
17976,6407.572391652138
17977,3785.5625203501186
17978,5704.066646276827
17979,9022.965281834437
17980,5056.630754633581
17981,6040.451799650261
17982,4875.579999318668
17983,5742.874171407935
17984,5949.66803767502
17985,4092.947063552619
17986,4197.933322744074
17987,5552.191357366018
17988,6506.322977933004
17989,5520.319333881211
17990,6657.67914100959
17991,4887.467188605737
17992,4007.6946056015777
17993,4286.949694623999
17994,8342.987923701663
17995,8573.880235004799
17996,7151.234074890223
17997,6170.668665623032
17998,3547.2623312231394
17999,4770.8468060552495
18000,3705.4239649300102
18001,6708.142583271472
18002,8535.93758378833
18003,8800.122618312824
18004,4919.680091524206
18005,4110.234180647552
18006,3925.3815853569868
18007,4490.291793214059
18008,8109.713623911024
18009,4818.766962615402
18010,4531.419667857231
18011,4265.967108374589
18012,5653.840343918613
18013,2840.7577257571697
18014,6582.440293546807
18015,3870.481773152811
18016,5982.3820862266775
18017,4988.448727639571
18018,4473.461148393231
18019,6626.338107529069
18020,5999.245610099266
18021,4466.1841318653005
18022,5016.185165142339
18023,6215.490915646959
18024,9478.363470057559
18025,5286.8911401252935
18026,6983.9520341860825
18027,6662.643886037718
18028,7093.699704807089
18029,5322.643846917972
18030,7130.531845470287
18031,3783.098287013744
18032,3843.3781940298654
18033,4613.825126379714
18034,5466.325344859001
18035,7707.8532554987
18036,6070.909049805164
18037,4699.734596265202
18038,6487.137092318026
18039,5986.255188515221
18040,7254.171553771227
18041,2967.6314850200242
18042,10796.033840474343
18043,3739.0388469063632
18044,4936.85040540886
18045,6659.059619636534
18046,3961.849262222527
18047,4934.917280664684
18048,4526.929743240517
18049,5845.168151940194
18050,4696.849515562258
18051,4455.390988773789
18052,6495.825319168598
18053,6122.219302233372
18054,5631.512377986076
18055,4338.2081372012
18056,6127.189165008383
18057,10425.756983893261
18058,5300.040151299923
18059,4238.466814962176
18060,5573.556985396545
18061,5262.481881023345
18062,4876.783233250261
18063,6511.65339922362
18064,3036.482631923238
18065,6795.225103822873
18066,4684.090264841028
18067,5664.521926160411
18068,8290.936168680819
18069,3570.2864089092573
18070,4404.740397262489
18071,4510.697927548119
18072,6542.961149532241
18073,6567.9090129692695
18074,3977.622915758054
18075,3882.3095337270297
18076,5999.2742135419485
18077,4982.901687977361
18078,4886.7042003454235
18079,5608.563236549607
18080,5252.137105392768
18081,6056.24612442517
18082,4606.2706137896275
18083,3568.8142095701514
18084,5004.577102575416
18085,6162.158305934837
18086,6182.528854203038
18087,6497.4882437993565
18088,6809.749720778804
18089,4426.159437196231
18090,7391.563347911285
18091,4438.8778340036915
18092,4941.844617623217
18093,7167.346476447478
18094,5381.6751193722475
18095,8031.014361088986
18096,6988.9045836364385
18097,6181.062817854812
18098,4703.887902618462
18099,5840.9978239016755
18100,6179.822140891215
18101,5380.671691606518
18102,3379.2943321014905
18103,4717.651908609365
18104,6241.186366897623
18105,4607.139910736497
18106,3549.441729977295
18107,6303.547299315241
18108,5452.485202000942
18109,4962.823099015762
18110,4830.374787863909
18111,4184.263404645305
18112,6127.911139297286
18113,5909.477929967766
18114,4896.9288971852575
18115,4602.597291732776
18116,4142.025415176333
18117,5123.876685410183
18118,3392.162703042282
18119,5073.590111616382
18120,4697.626037148164
18121,6573.672173832503
18122,6171.045830479382
18123,5425.898384799025
18124,10689.886796317358
18125,4380.352828035438
18126,4549.417445021056
18127,9030.804797486537
18128,5342.0912975802785
18129,6755.925909206645
18130,5923.9286257364465
18131,4731.10183147402
18132,5382.771865993033
18133,4665.75569356947
18134,5930.608304100385
18135,9305.296196433133
18136,6087.515389048952
18137,2866.1339383599425
18138,3980.548151739534
18139,6946.561398464964
18140,7212.885194195857
18141,4863.012486249235
18142,5294.067917475281
18143,4022.6493597604426
18144,3947.4572239034633
18145,2921.000616126918
18146,3984.234014003085
18147,5132.13874161073
18148,6185.784564204153
18149,5233.527113581672
18150,4909.191063346922
18151,6687.952572401896
18152,7267.053825651267
18153,5972.774690054735
18154,4365.327018275175
18155,8521.11428184454
18156,8353.938062672978
18157,4404.110608024456
18158,5839.856373129705
18159,4265.612395863708
18160,5394.19004172211
18161,3504.218186350817
18162,5837.13503382769
18163,4232.140940757594
18164,8047.60091211304
18165,5586.07377134321
18166,6496.320523936893
18167,6195.832200647065
18168,4435.437199262189
18169,7133.091715507794
18170,15722.60461957212
18171,8897.263368011692
18172,4710.992488480675
18173,2517.306160824002
18174,5374.804188468877
18175,6625.755428271378
18176,4791.088025551091
18177,10646.145705528876
18178,18282.89132641618
18179,3701.1854960494998
18180,4390.9399631753895
18181,8780.681879069394
18182,3908.7037641346997
18183,6188.6566348257875
18184,4931.985854991016
18185,6413.276340399914
18186,4816.370701700627
18187,5155.474047531205
18188,4925.840963917672
18189,5747.75394013137
18190,8418.915694785272
18191,5403.699435349255
18192,5054.547994440551
18193,6161.549543016836
18194,4292.379481925653
18195,4797.061680382715
18196,6575.722600495229
18197,4263.493771247699
18198,4817.107288316922
18199,5396.261531735108
18200,4983.793499045818
18201,5181.524354643266
18202,5601.8172755069645
18203,5890.474947693033
18204,6606.606593387822
18205,8479.16330715609
18206,6128.817012886878
18207,4491.843669988653
18208,3353.166918208388
18209,5218.361504097694
18210,5197.139810321959
18211,5064.534717231892
18212,3976.2503867927994
18213,6983.396012613966
18214,5448.29120926274
18215,8798.114205411583
18216,5564.346430128988
18217,4398.717237764829
18218,4155.107117183853
18219,3797.5410014490735
18220,8211.995548615305
18221,4455.027078590656
18222,5852.178294745259
18223,14129.28244173122
18224,6140.86781431023
18225,5132.870649923516
18226,4712.667232656289
18227,3690.9992045205076
18228,5173.623115354215
18229,3449.744618424716
18230,4473.463021318968
18231,8826.028582643128
18232,4227.689560610011
18233,11868.756924163157
18234,11433.461702818715
18235,4732.2990549255965
18236,5592.75226827551
18237,4470.742631991089
18238,5267.099019984692
18239,4475.516702670011
18240,9664.16446486929
18241,5944.0919171747655
18242,7805.621513024313
18243,3699.5342420848506
18244,6076.812851911212
18245,4671.562219958854
18246,7210.240303323919
18247,5636.479421750064
18248,5199.301029178377
18249,5378.838750577883
18250,5783.591365632696
18251,6667.763326270581
18252,7135.206090089648
18253,5482.143786278265
18254,8583.32781194747
18255,5487.184081924298
18256,7687.408673276832
18257,4445.729705956636
18258,4575.116315026788
18259,4286.267162297944
18260,8892.11511217298
18261,5440.333451557147
18262,6184.231768896388
18263,5401.0522717077165
18264,7062.845116348025
18265,3991.602768146332
18266,6700.630841058409
18267,5779.037806499666
18268,3451.2559408523075
18269,11304.892064121163
18270,15272.5345444379
18271,5555.266635427545
18272,5874.262716633883
18273,7490.533523593498
18274,8466.3533017625
18275,9009.449875120921
18276,4310.992904604897
18277,5428.906611222413
18278,4965.268105381862
18279,7001.65758533746
18280,3077.45531911812
18281,4890.087048010382
18282,4671.324905989235
18283,4711.825443772233
18284,5947.729186822326
18285,4402.507849145123
18286,3879.4694505113057
18287,6051.911242221229
18288,3845.567219458669
18289,4264.017970852183
18290,5154.91728362448
18291,4812.65152525517
18292,8154.90634006641
18293,7910.142299177401
18294,5827.808530344647
18295,5465.83233567342
18296,5313.012282471831
18297,9774.600781155288
18298,5535.319840008873
18299,4209.039667217104
18300,4217.655373862031
18301,9593.79942237169
18302,3729.633331344811
18303,5574.851842291789
18304,2673.5815548177557
18305,4091.297346825609
18306,6740.824781462772
18307,5153.99591226598
18308,4325.532355842095
18309,7066.7838124344435
18310,8099.142940308518
18311,10447.829435469861
18312,5492.940467299009
18313,8469.481873775265
18314,2547.211312817772
18315,4285.606225909699
18316,5313.97894002295
18317,3980.6730675594918
18318,7296.467291592907
18319,4022.916874944551
18320,4273.30944107155
18321,6590.048374146348
18322,8972.51510005477
18323,8378.78864131865
18324,4648.3229089326605
18325,4170.235874421966
18326,10635.689283908447
18327,6670.437142733478
18328,4651.049386879934
18329,4462.204878220147
18330,6392.719865558479
18331,7275.792702033316
18332,3991.609063948802
18333,4463.680464996675
18334,6628.03444208625
18335,6101.697345092032
18336,10979.731814882884
18337,5766.238734389332
18338,10504.528122138714
18339,5541.840274797625
18340,4271.53998292324
18341,3035.0107063853397
18342,4996.061984202921
18343,4891.377829986683
18344,4779.377729061588
18345,6592.539000864911
18346,4448.596140098264
18347,3812.867513392915
18348,6013.440298098522
18349,2896.6416616536358
18350,6434.8555494976035
18351,5848.465668646197
18352,6357.942439560223
18353,6835.779576040958
18354,4591.090331460232
18355,7192.19648416751
18356,5420.972472230966
18357,4702.22066395954
18358,5158.316907205988
18359,4111.396687377652
18360,8837.945399998032
18361,5409.901256729815
18362,4071.454480050729
18363,5789.33271705424
18364,7048.454778629363
18365,6018.568428725911
18366,4831.131109885247
18367,6467.5647928761
18368,4813.216722716934
18369,5593.065427171841
18370,4554.152052673151
18371,7253.663329825169
18372,4831.642654815549
18373,5158.737026857919
18374,4943.514132427958
18375,4640.8012060584215
18376,3740.74731621724
18377,4582.337131122175
18378,7199.268578620959
18379,7834.912344243817
18380,8736.287692829726
18381,9269.963992945126
18382,6601.932148977754
18383,6977.390881687945
18384,4109.342760070256
18385,9139.575303279888
18386,9514.376932058005
18387,6000.030026781113
18388,6339.0560900868995
18389,6623.9486726863315
18390,5112.1518868251
18391,3093.3891791913306
18392,9948.74916394357
18393,5760.186109806259
18394,5821.916325712717
18395,4952.9813013284565
18396,2285.086434113869
18397,9169.795108698994
18398,5066.678415452561
18399,3924.2789539377186
18400,3971.361792350614
18401,4373.442695160175
18402,5241.031766413013
18403,5938.9532848128665
18404,6290.951215000201
18405,4528.454856705875
18406,3992.238926129557
18407,3507.291053838119
18408,2919.270490565822
18409,5633.590005605284
18410,15225.677611893207
18411,3696.635982790686
18412,4870.149088171448
18413,5310.940039937376
18414,4272.153352250314
18415,4112.020439308719
18416,4549.737346003511
18417,3305.1324654488817
18418,6302.416337399074
18419,5439.896441492135
18420,3261.899800721192
18421,7948.320476593438
18422,4286.281953064992
18423,3950.4555557091003
18424,10334.102679401001
18425,6168.208536604532
18426,7435.455615138438
18427,4139.713233125769
18428,4779.324799561495
18429,3964.5252499988037
18430,4032.871905690539
18431,12796.352552763226
18432,8754.450441305915
18433,5058.878363510492
18434,4279.621546067274
18435,4584.517284648104
18436,5038.78004561613
18437,3674.2189888795097
18438,8708.624875273139
18439,4492.926887673691
18440,4514.985252652301
18441,6225.672010707244
18442,3962.601130151812
18443,5067.908734178984
18444,5768.804936331268
18445,5372.7760251927575
18446,6097.6083119588275
18447,3423.0583961951766
18448,4849.874513288438
18449,5216.841314278735
18450,7092.097029379825
18451,6361.381151432515
18452,6040.7026035776535
18453,3959.808347874432
18454,6980.281725959974
18455,4743.956640563458
18456,3895.5896697505
18457,5337.3534606945395
18458,5551.260037811105
18459,4903.6431168068875
18460,5785.814453098595
18461,4843.601195227047
18462,4610.312453609578
18463,4267.368185286848
18464,6193.81582743141
18465,5327.51447125791
18466,5615.919615637912
18467,7456.42064618945
18468,4918.5054956781105
18469,3707.6794967177025
18470,9806.42773571024
18471,4415.055372040335
18472,2689.04358082488
18473,5967.445840606378
18474,7138.7533932502265
18475,9998.34165003168
18476,4144.811416368576
18477,4864.37404710564
18478,5055.2855867812705
18479,5770.893564922842
18480,4909.608278482572
18481,6938.110049875412
18482,2843.805639746327
18483,4393.250836418832
18484,4379.329346394608
18485,4071.18653222695
18486,4281.225931603747
18487,5491.653569290334
18488,5917.427123219382
18489,5425.612468300259
18490,6019.2808709399005
18491,6205.528904220745
18492,6903.79491293216
18493,4069.934795554235
18494,5314.238039806322
18495,5676.570998550935
18496,6868.547473395338
18497,6281.196863882502
18498,3356.254527002389
18499,7695.795315156213
18500,5299.171253678441
18501,5996.789773067987
18502,4393.291408048362
18503,3741.599457505181
18504,7005.356519960411
18505,4552.309416210956
18506,7302.861037572422
18507,5053.315656734699
18508,4443.761995537839
18509,6486.058242059341
18510,4860.686028453959
18511,4955.974503574466
18512,6860.78491035608
18513,4519.147731479251
18514,7589.859340355452
18515,8872.886214797809
18516,6273.425993802312
18517,3886.878353452286
18518,4582.4164358303615
18519,3923.3122752056674
18520,2532.30547169984
18521,6297.4851269635765
18522,4741.462238274358
18523,6942.438889475089
18524,3869.5792851192778
18525,4750.539935338805
18526,4767.903162315602
18527,7063.938663846223
18528,4575.0420128108635
18529,4568.283749842094
18530,4332.284577945375
18531,5937.213008040651
18532,4462.906211435259
18533,6065.518378968189
18534,6209.051708855886
18535,5948.225957880329
18536,6792.994738332526
18537,5343.46496719328
18538,4756.6395851622265
18539,3881.959719356398
18540,4640.439169661077
18541,8865.038527399573
18542,7107.680392300369
18543,8973.539202600212
18544,12938.27231812725
18545,4144.823858792618
18546,3985.082158997493
18547,4882.340064067482
18548,6868.307743320854
18549,8356.299888054116
18550,6182.118744897548
18551,6600.320647056243
18552,6583.514162905588
18553,6087.032174891294
18554,5469.860346149269
18555,4650.56711258273
18556,3773.338471516149
18557,4030.595175758113
18558,3411.1690765991225
18559,4346.628186170744
18560,6059.588479184207
18561,14762.441057409684
18562,5818.754055752359
18563,4215.266609205074
18564,5936.96799628616
18565,3941.4040859133825
18566,5154.855526382823
18567,3661.158951893774
18568,7435.649618724796
18569,5443.237200756046
18570,4904.108098587465
18571,10895.433252144696
18572,10440.214899483732
18573,4158.44219320801
18574,5743.2580610073
18575,3466.146762653652
18576,4167.5539217679925
18577,4248.111464063829
18578,6691.304367081025
18579,3876.213649792865
18580,3965.3841429902473
18581,4515.786068081528
18582,4634.837220662319
18583,5276.141741072601
18584,6078.785799373198
18585,3491.9480962477164
18586,6019.446389302822
18587,7083.358254965019
18588,5642.854810930615
18589,4071.974806053188
18590,3766.3422637155772
18591,6431.384106001958
18592,4131.828894600607
18593,8444.770856382498
18594,3993.760839914569
18595,4845.282106350754
18596,5837.786833765178
18597,4495.756613812428
18598,4242.2747472309875
18599,4337.542199556627
18600,5556.962258476035
18601,8364.996767582068
18602,7507.593696422502
18603,4934.514478241459
18604,3537.9077027934295
18605,5073.466225440097
18606,5021.500359902552
18607,3800.035986884165
18608,4497.414665097775
18609,4704.471302006549
18610,10510.36203151594
18611,6309.8741616376665
18612,4853.034328890774
18613,5801.313558112027
18614,4123.253855727005
18615,7068.808067517718
18616,4644.543562608041
18617,10700.410259868378
18618,5397.54090554317
18619,4536.429024848348
18620,4469.7269647575
18621,3476.1581083961078
18622,4884.08842210072
18623,16496.141568862127
18624,3573.524346597376
18625,4226.151909465841
18626,7194.873886145509
18627,5419.320329343685
18628,5890.788618320931
18629,6881.632953726764
18630,4852.89688609099
18631,4376.880967076904
18632,3616.2357964661337
18633,8733.207833479122
18634,5207.904148551175
18635,5899.089640071755
18636,6696.426879953831
18637,4236.3348313148035
18638,6200.577068038306
18639,5403.193695218789
18640,3491.2293958199057
18641,6546.885372349305
18642,8115.634562609914
18643,3925.916848986984
18644,6446.839575183455
18645,5786.5666420229645
18646,4851.236450280815
18647,7952.589357132198
18648,5798.28621462096
18649,6068.941093167112
18650,3992.674962604081
18651,4016.5898277542824
18652,5658.99800511822
18653,3727.7853421226655
18654,6917.322757081472
18655,3561.156150627184
18656,4935.072350126265
18657,3648.7408298807454
18658,4960.345564496561
18659,4681.971735431612
18660,5357.396394779561
18661,5373.407526408998
18662,6777.912369055066
18663,5055.771199522103
18664,6121.687375246302
18665,4906.872112181797
18666,6616.597954363115
18667,9023.620598813124
18668,5777.279489932428
18669,2914.0141163399917
18670,5210.005110215311
18671,5462.758859203654
18672,3314.059562385966
18673,10293.37505958848
18674,4671.666308680049
18675,5187.116264092871
18676,8928.251130530316
18677,5697.346477048542
18678,3480.275089117451
18679,10338.424262610743
18680,8276.771174053261
18681,4983.783284321008
18682,7292.493741267434
18683,6920.360480204767
18684,5397.375965747194
18685,4541.692290489481
18686,5168.479818826651
18687,4438.234475618673
18688,5006.427929354787
18689,5732.30315023686
18690,3724.3311476276285
18691,5766.726444035412
18692,6050.097979255041
18693,4930.804071025432
18694,6477.252573450227
18695,4869.508011114003
18696,5597.1595435781
18697,4743.066753718465
18698,6141.877407171289
18699,5488.812994613055
18700,4914.675250885581
18701,5383.739407396828
18702,5822.817093539112
18703,8067.445977816532
18704,4664.670303242386
18705,4302.363389271382
18706,5350.136385536676
18707,5897.853621603547
18708,5942.564858092341
18709,3688.381248298524
18710,3605.0069641608147
18711,6199.034770078027
18712,6702.396262690816
18713,4890.981784730887
18714,5983.14788048594
18715,4992.746784185526
18716,5282.06566961835
18717,4132.779814121755
18718,2921.3984815420936
18719,5865.46321886335
18720,5301.471606157278
18721,4984.525879371871
18722,7906.4271502086995
18723,6401.732638405501
18724,3927.29219146999
18725,6311.330703996472
18726,3563.470123998734
18727,2368.041685182518
18728,5260.290770793776
18729,10265.68791900238
18730,6058.598667070748
18731,5503.726648657791
18732,3801.1509530384074
18733,5075.863056557415
18734,6759.099879908611
18735,4968.073144639251
18736,7010.0737263531455
18737,4132.987914635292
18738,3894.5283383292285
18739,4266.830841470841
18740,4843.054092268695
18741,4065.456573584948
18742,4040.048991784951
18743,4197.685840509146
18744,3909.016341510125
18745,5626.457150587536
18746,5445.823551675136
18747,4380.040827691223
18748,5138.155602434377
18749,6039.774868094192
18750,4751.34318840677
18751,3908.987747391295
18752,8387.032724006789
18753,6104.218855504113
18754,4617.753483533512
18755,2983.754324161149
18756,8484.165236290057
18757,5140.778634519963
18758,4404.3867148888785
18759,6824.910122890553
18760,6612.709707730397
18761,5818.618474725762
18762,5146.761231096591
18763,5846.78196316597
18764,7024.046149013372
18765,11222.338525109863
18766,4097.6307177837825
18767,4025.8163519279133
18768,4278.959352342097
18769,5361.4747311239025
18770,4666.827838720948
18771,6655.000160074198
18772,7011.909364862694
18773,4782.60569565125
18774,3631.2136187582737
18775,4824.962025582123
18776,9730.863869197941
18777,4167.388560292862
18778,6052.476956188614
18779,3416.6025015991095
18780,5917.412552211701
18781,6281.864054363516
18782,5900.69963184635
18783,6425.356220468963
18784,5130.035736146859
18785,3943.8473892950265
18786,5051.416364454735
18787,5741.3551485949665
18788,7008.122717236892
18789,6121.805417000498
18790,6916.336473214603
18791,4943.474106603541
18792,3801.4208944950155
18793,8120.601746854756
18794,3684.2787838299087
18795,7479.023005169276
18796,4933.954077483647
18797,3918.7420046542475
18798,5966.419572135792
18799,4602.709706267684
18800,5799.148379567727
18801,6594.906267017711
18802,3228.1475659199423
18803,3768.90511930127
18804,6062.064705740307
18805,6967.685789438672
18806,9029.886312358645
18807,4837.441834815968
18808,5183.913167018054
18809,4711.399184054682
18810,5390.974590583924
18811,4165.048431949871
18812,8672.515709204075
18813,7132.359608917598
18814,10682.665627867122
18815,3992.8982729927243
18816,4966.029371058259
18817,9332.219221836216
18818,8322.87252347628
18819,4042.817355534656
18820,8542.332406032325
18821,5378.989722091412
18822,4915.577027914911
18823,4285.055108081038
18824,4259.023227223689
18825,4139.0391538472195
18826,5406.900724202148
18827,3929.477186026212
18828,3869.1447545543765
18829,6959.562884766215
18830,5291.161469831285
18831,18938.808230019997
18832,5744.582690369239
18833,3703.428294253253
18834,5569.934841902748
18835,8603.911239399802
18836,4830.859874957234
18837,6127.595865869199
18838,4685.060584571836
18839,5770.267172834577
18840,5942.1157736389605
18841,3967.1943816464027
18842,4129.579815760142
18843,5246.11997328868
18844,6486.964773374403
18845,5364.335973372502
18846,6376.188908946313
18847,4730.680709836669
18848,3964.64986761372
18849,4130.430367771189
18850,8136.216753494206
18851,8443.129281728825
18852,7059.990716787591
18853,6193.679505397695
18854,3463.203682155265
18855,4546.389667123071
18856,3604.5976889805597
18857,6595.553967913183
18858,8219.621187774095
18859,8653.676564049581
18860,4817.277461364606
18861,4071.4475739664595
18862,3852.6866375809077
18863,4388.281627196848
18864,8068.753186227439
18865,4654.268169144864
18866,4423.785795664539
18867,4189.033054912481
18868,5517.824930012116
18869,2893.3674870688947
18870,6372.710152066287
18871,3793.3196575107063
18872,5906.244933294784
18873,4925.228749914219
18874,4350.647323654822
18875,6499.493560911176
18876,5948.408188958771
18877,4464.299876879604
18878,4974.909155039658
18879,5981.372961018882
18880,9246.616263506447
18881,5088.2722964729655
18882,6919.289164761853
18883,6671.424569430852
18884,6902.45345298789
18885,5195.538192960174
18886,7068.774480200722
18887,3780.7141922528494
18888,3827.3106957646105
18889,4586.987418111787
18890,5257.344509941148
18891,7572.033512083236
18892,6066.970649817765
18893,4671.031756274068
18894,6279.476533113852
18895,6006.875309415595
18896,7022.012118924394
18897,3070.586941483551
18898,10608.698644627015
18899,3679.382526477582
18900,4741.643236114393
18901,6611.718056569849
18902,3876.7257096128938
18903,4840.059591484707
18904,4413.725666473702
18905,5781.903427956574
18906,4604.699402449704
18907,4334.10141652417
18908,6297.67424145896
18909,5934.436752916093
18910,5600.189161894635
18911,4189.065214192392
18912,6176.080718346884
18913,10230.003572565613
18914,5191.6397235073355
18915,4170.258178742661
18916,5346.458606235362
18917,5133.66496947979
18918,4653.884976392448
18919,6432.712696058903
18920,3008.2343434979925
18921,6586.612915868056
18922,4544.857650508015
18923,5600.032464033547
18924,8404.259994632157
18925,3624.590661573762
18926,4286.162210492125
18927,4383.524368394779
18928,6330.872234068499
18929,6516.445116622614
18930,3851.7456474042397
18931,3788.367219753482
18932,5779.863351793121
18933,4889.2123047436935
18934,4692.4677717438535
18935,5578.8592102909215
18936,5207.649276854382
18937,5959.477778262383
18938,4484.74833849353
18939,3603.7835324033836
18940,4867.551348530528
18941,6062.15633685291
18942,6111.4027033801285
18943,6436.089224597907
18944,6583.980772607943
18945,4354.355992606292
18946,7222.689004784033
18947,4358.674399803124
18948,4752.861776161659
18949,6894.587277506138
18950,5218.689247571432
18951,7698.239785433085
18952,6704.245490887311
18953,6044.084007994961
18954,4512.763344311387
18955,5867.568925157574
18956,6098.46645060943
18957,5236.78517803662
18958,3469.029093809521
18959,4587.60448294301
18960,6205.487542517909
18961,4420.596299939759
18962,3541.1703470592297
18963,6142.066220971821
18964,5373.947651925251
18965,4889.8725873238745
18966,4602.921984382304
18967,4035.5854155612274
18968,6009.400400043358
18969,5579.909366495255
18970,4764.898852791231
18971,4454.41459484196
18972,4009.017764540008
18973,5049.679420162611
18974,3420.9655530098057
18975,4980.321745281636
18976,4555.803043759908
18977,6332.368832929985
18978,6149.884479963105
18979,5328.905101414902
18980,10367.93366752372
18981,4338.742203088372
18982,4430.772475941151
18983,8902.667187415851
18984,5174.454989300027
18985,6612.725152517967
18986,5900.260230867453
18987,4594.449446153393
18988,5223.519500111291
18989,4519.8070252521065
18990,5840.691197531528
18991,9283.250186273806
18992,5983.84705002885
18993,2727.3610378863573
18994,3992.231204599357
18995,6809.894900095338
18996,6991.364269365847
18997,4940.516040273848
18998,5223.469479610106
18999,3858.704905872142
19000,3896.4225241662753
19001,2794.530062318903
19002,3966.775255862404
19003,5022.758552004777
19004,6015.8365589880805
19005,5222.468908300977
19006,4762.880047323057
19007,6540.718954696218
19008,7007.678188234545
19009,5813.359568199672
19010,4243.692868530089
19011,8304.859302315763
19012,8059.1436045434775
19013,4259.151477751182
19014,5692.862367147648
19015,4227.01972145185
19016,5298.654429584749
19017,3327.4484466831937
19018,5790.141073893765
19019,4146.794212185885
19020,7935.944189682553
19021,5340.303295804366
19022,6371.051119237026
19023,6355.191290889524
19024,4290.81199197131
19025,6924.35918741722
19026,15672.723314888979
19027,8618.812485593326
19028,4607.7239358659635
19029,2757.3106344705757
19030,5210.93696550378
19031,6652.154992887598
19032,4579.435763890613
19033,10528.436689684742
19034,17191.97874469088
19035,3682.817007558086
19036,4285.305233500935
19037,8223.196502967037
19038,3820.3897114627994
19039,6148.245084637925
19040,4821.516883849077
19041,6297.768602856383
19042,4728.315332764048
19043,4998.406382410434
19044,4757.559797405144
19045,5609.680513806812
19046,8195.78650910184
19047,5165.2762278045475
19048,4934.78890335741
19049,6012.515237575495
19050,4218.545494933716
19051,4725.829733683576
19052,6451.959197385508
19053,4163.265859225314
19054,4633.0966085222435
19055,5316.0657798620305
19056,4912.5904196258025
19057,5062.9830046426
19058,5519.0860026101445
19059,5902.328415201703
19060,6450.112751020243
19061,8216.257260548331
19062,6041.964144000967
19063,4398.168304349991
19064,3462.9116472653473
19065,5104.397449038168
19066,5174.971928798958
19067,4927.554888414934
19068,3838.2295959261974
19069,6878.240996672612
19070,5187.769390940313
19071,8514.63084168725
19072,5563.19783882778
19073,4198.904054397974
19074,4039.7622572106316
19075,3727.0394504757182
19076,7921.004203819921
19077,4399.584445224859
19078,5845.247131882289
19079,13975.743874760105
19080,6041.0739989306185
19081,4934.625850063662
19082,4549.0917199568985
19083,3653.3968323365725
19084,5179.255031307511
19085,3441.512504040085
19086,4446.736979194141
19087,8496.431896161565
19088,4132.753209448308
19089,11593.370138623
19090,11207.923179093643
19091,4606.581316631022
19092,5504.97113927954
19093,4384.198493766575
19094,5188.053175628134
19095,4444.809829021036
19096,9405.366085249281
19097,5778.937731690459
19098,7817.699223877571
19099,3725.5631136023553
19100,6023.796690779247
19101,4557.825876745202
19102,7070.362919080053
19103,5506.511262722141
19104,5096.517665608826
19105,5142.847067625999
19106,5728.585101651094
19107,6555.3635943953195
19108,7079.245735168053
19109,5263.23654479117
19110,8409.155741756944
19111,5264.591212552493
19112,7613.772181820923
19113,4429.409738982695
19114,4333.560633903579
19115,4189.93639877733
19116,8924.14479619007
19117,5304.96117034766
19118,5923.670157591164
19119,5326.813345030204
19120,6849.303266774661
19121,3885.270251452802
19122,6539.923390094482
19123,5692.251147320659
19124,3298.092589459938
19125,11134.340714841257
19126,14411.95358167311
19127,5464.148686443467
19128,5796.523200410209
19129,7556.340181840548
19130,8124.009323317436
19131,8823.22099838623
19132,4178.898956677292
19133,5371.012237978901
19134,4839.829603912977
19135,6845.540060358138
19136,3202.476141257661
19137,4806.984008415528
19138,4545.49640497289
19139,4620.826183080636
19140,5934.279577940911
19141,4251.493081061153
19142,3877.8210933110613
19143,5964.401538989142
19144,3758.3508331630355
19145,4177.238505763568
19146,4929.272047087283
19147,4743.126715256798
19148,8008.266344475888
19149,7682.368746372805
19150,5706.634972744474
19151,5326.931707408679
19152,5144.4150605436835
19153,9368.53027631494
19154,5529.619896227681
19155,4117.114050450471
19156,4113.664749459659
19157,9394.355127525121
19158,3642.3186125545953
19159,5468.5627649167745
19160,2742.4695226184504
19161,4077.270859150118
19162,6388.694880503411
19163,4993.5344138312585
19164,4199.607808860079
19165,6790.389837883557
19166,7824.734437801029
19167,10183.942021045223
19168,5313.969575211752
19169,8163.1014825643615
19170,2735.187537595661
19171,4052.528850842416
19172,5057.932131448854
19173,3919.11617596436
19174,7139.677504594697
19175,3938.7605118370925
19176,4175.823390305643
19177,6550.50676579159
19178,8951.256060341488
19179,7996.348799055554
19180,4593.165368129944
19181,4044.997778248609
19182,10360.07203451949
19183,6533.610839771188
19184,4605.2282888025975
19185,4329.249892885091
19186,6373.9086944049495
19187,7124.537024345668
19188,3872.0091880931154
19189,4354.069269563316
19190,6357.8548499589915
19191,6042.721346029607
19192,10627.26594180679
19193,5491.531839833075
19194,10433.151369853204
19195,5371.079564449938
19196,4008.075654121546
19197,2891.7186508162886
19198,4957.298249958532
19199,4870.590424636513
19200,4607.88938675546
19201,6449.253872111666
19202,4350.0018641960405
19203,3712.39155203371
19204,5782.06264576235
19205,3165.2891652110775
19206,6301.959655277956
19207,5656.542248560425
19208,6390.622937769307
19209,6629.466990176707
19210,4408.847270884625
19211,7101.295280977638
19212,5417.219334880996
19213,4531.740216748276
19214,5025.085051100637
19215,4011.4431328726564
19216,8578.934562474366
19217,5188.522347393985
19218,3926.5810013179635
19219,5805.753651324412
19220,6953.722378319001
19221,6022.317590633988
19222,4714.4787601933
19223,6395.780266252395
19224,4762.299233217559
19225,5495.296302330831
19226,4489.077537937583
19227,7004.145753694328
19228,4716.378838034027
19229,5061.147204103759
19230,4830.479980163065
19231,4523.050325938936
19232,3717.7106695231623
19233,4469.57798500771
19234,7092.988249489507
19235,7557.264438572429
19236,8580.936725938194
19237,8862.688102152832
19238,6378.655740687718
19239,7012.79032375436
19240,3989.5308744632925
19241,9039.749441184882
19242,9272.132734105458
19243,5972.033780433044
19244,6167.639958933827
19245,6613.292684843632
19246,5009.0935996544495
19247,3124.6621489870167
19248,9913.935863121991
19249,5565.7445179845045
19250,5723.332134397605
19251,4743.453820443472
19252,2433.0594053411423
19253,9000.232714817637
19254,4924.739423959117
19255,3854.0654220326714
19256,3870.2114594091645
19257,4335.905842929704
19258,5296.958368434827
19259,5891.007985326402
19260,6153.095208022343
19261,4435.5880074857105
19262,3816.075493015803
19263,3584.276843896478
19264,2948.2531719546664
19265,5418.843767122341
19266,14841.625758957869
19267,3632.4182045031685
19268,4774.129835786778
19269,5278.034989666729
19270,4042.8406417239826
19271,3977.407460742745
19272,4489.061480403262
19273,3407.9641185585147
19274,6099.006038227848
19275,5291.781998995236
19276,3325.461764303684
19277,7700.8991097
19278,4221.040230558004
19279,3977.06711446874
19280,9987.060145716923
19281,6111.9319878410915
19282,7433.716943953743
19283,4087.9137675149695
19284,4673.531212149797
19285,3952.6598859635847
19286,3833.8783399123026
19287,12893.565100434025
19288,8661.698361910001
19289,4941.964193649239
19290,4204.092889322337
19291,4496.117368798617
19292,4848.941733163559
19293,3488.2342599958897
19294,7913.533830156956
19295,4512.080783741048
19296,4444.187603320026
19297,6010.33841465274
19298,3782.171346048646
19299,5011.785436121231
19300,5668.591583152902
19301,5303.156062460018
19302,5837.179872128408
19303,3446.507813967294
19304,4771.947011386697
19305,5144.592422894933
19306,6946.406547024335
19307,6284.570473030242
19308,5950.567100413615
19309,3784.662992559235
19310,6647.790344091125
19311,4665.817043815836
19312,3798.438222256031
19313,5287.475379792247
19314,5528.655311434485
19315,4776.700065661916
19316,5670.707553608995
19317,4767.150839519201
19318,4553.098576850637
19319,4138.9040366486815
19320,6127.4287106520005
19321,5071.058095699693
19322,5431.521737799733
19323,7326.547067568877
19324,4831.028940525127
19325,3648.033113217887
19326,9688.466687606884
19327,4318.935905676658
19328,2926.4050870882
19329,5896.440483879635
19330,7001.453355502584
19331,9875.062397249725
19332,4019.0130790323533
19333,4774.290111158985
19334,4984.851623969453
19335,5742.953576084769
19336,4701.332934557585
19337,6835.026383922716
19338,2746.784113912041
19339,4425.612986920502
19340,4362.254265078697
19341,3965.770411983228
19342,4165.182139160024
19343,5356.0710467838135
19344,5650.13916409586
19345,5322.549783996349
19346,5928.590545350003
19347,6091.468022008972
19348,6689.427346396372
19349,3948.8677234895745
19350,5104.423295065593
19351,5650.183892681365
19352,6683.7899835670805
19353,6130.72800719453
19354,3105.2779912708515
19355,7639.563727323185
19356,5186.032556747007
19357,5808.275200843959
19358,4354.530754394086
19359,3708.71201377584
19360,6886.426965458944
19361,4585.877267572396
19362,7124.221973295056
19363,5037.828214986059
19364,4423.385202014824
19365,6416.506036618127
19366,4741.957909173469
19367,4867.170131399155
19368,6788.330864260857
19369,4525.86413628403
19370,7531.780755876059
19371,8646.098209940994
19372,6294.353841397868
19373,3838.5732010991755
19374,4628.954230796698
19375,3713.577378359097
19376,2867.4628978759824
19377,6037.830945195764
19378,4587.461693592156
19379,6775.699550490052
19380,3759.31732870909
19381,4559.170832115812
19382,4689.286237136014
19383,7026.716782831447
19384,4427.818530234131
19385,4498.597928040978
19386,4261.84601848277
19387,5838.616683150127
19388,4252.5210746815055
19389,5958.366458308568
19390,6212.667252160677
19391,5889.119437101372
19392,6568.806638809229
19393,5177.277545086435
19394,4606.414575635401
19395,3825.1243549353508
19396,4515.999435073716
19397,8752.243482897153
19398,6997.548061504286
19399,8491.126320441683
19400,12435.328084782364
19401,4003.093949750818
19402,3894.9733190236057
19403,4834.5207433138185
19404,6706.667152198256
19405,8067.122565938006
19406,6216.011470040796
19407,6346.1625221150425
19408,6461.15789518809
19409,6033.740452934432
19410,5236.554230407332
19411,4568.219396706987
19412,3675.477706555124
19413,3915.0633108987754
19414,3303.007744802172
19415,4321.66818136418
19416,5883.729399468628
19417,14155.03153649942
19418,5765.488381685455
19419,4163.62135985893
19420,5819.768755960053
19421,3860.9113482717426
19422,5052.438538384377
19423,3531.858935916455
19424,7158.702568505069
19425,5341.469392074623
19426,4788.014380540721
19427,10797.212519664548
19428,10329.855911032746
19429,4149.198966646472
19430,5614.572057941366
19431,3452.10994808513
19432,4094.261872896486
19433,4198.028649060911
19434,6452.504006255073
19435,3812.169960790375
19436,3889.76878026629
19437,4445.575472556472
19438,4444.696158111208
19439,5306.882880822604
19440,5975.981719706875
19441,3358.982931063581
19442,5891.376437364911
19443,6966.021124973587
19444,5325.579469491664
19445,4065.0909241417107
19446,3857.72931087987
19447,6294.141109973682
19448,4015.4789044468735
19449,8369.48025362076
19450,3807.471577894612
19451,4570.435768741097
19452,5722.838828626067
19453,4362.980538180794
19454,4166.03957959268
19455,4169.016365723879
19456,5358.130344902891
19457,8378.23283224225
19458,7296.717761201733
19459,4732.820333121428
19460,3541.1263561407163
19461,5021.6293355282305
19462,4957.328227483776
19463,3782.6307579847407
19464,4432.010553137013
19465,4690.031009369345
19466,10134.171170997663
19467,6269.183582250494
19468,4688.657048406148
19469,5776.523702105933
19470,4040.226421479377
19471,6953.906391380829
19472,4515.866687865709
19473,10465.1167029721
19474,5286.881774341887
19475,4355.118707851739
19476,4340.831556041947
19477,3342.9757098356126
19478,4794.315454095946
19479,16165.343926875457
19480,3595.667666187392
19481,4084.93119060089
19482,6975.006777327054
19483,5314.834318238159
19484,5885.96341506732
19485,6749.875835135735
19486,4692.212718770259
19487,4258.152966633315
19488,3492.582415294433
19489,8489.124942416152
19490,5002.479936630339
19491,5828.693328303966
19492,6563.9649010053545
19493,4180.1557617008075
19494,6084.891406688247
19495,5181.242475095191
19496,3456.8486505548567
19497,6536.878253152516
19498,8027.757365877356
19499,3874.5891264307006
19500,6257.619249211439
19501,5593.564229195211
19502,4665.092818655005
19503,7672.585430770236
19504,5682.937742092029
19505,6037.9889379562655
19506,3919.3579267335085
19507,3856.0895041029803
19508,5646.57197333298
19509,3616.4619439320563
19510,6717.629899787246
19511,3551.2391337241593
19512,4875.932081269647
19513,3627.5038640806165
19514,4835.325333971326
19515,4619.943147316641
19516,5356.251707892432
19517,5213.726577551466
19518,6603.7458167173445
19519,4953.088810871211
19520,6118.547077680285
19521,4854.912115733974
19522,6655.760841861169
19523,8913.038770248579
19524,5805.633050154216
19525,2729.194153880992
19526,5088.044092241178
19527,5397.663418232919
19528,3381.7740637544057
19529,10147.632050171647
19530,4550.892213504768
19531,5170.922822024317
19532,8799.926498722696
19533,5707.90096240977
19534,3458.0915607838533
19535,9843.777061110235
19536,8150.830683893876
19537,4866.069076218854
19538,7203.74736912832
19539,6762.90894474212
19540,5133.4451651451645
19541,4574.3780710209785
19542,5079.726435901295
19543,4243.011544516255
19544,4945.178755062397
19545,5590.094890225249
19546,3601.674496285167
19547,5713.347412296505
19548,5870.775800936213
19549,4872.604420265201
19550,6477.161053135495
19551,4691.592134057767
19552,5602.774678066969
19553,4650.996132737287
19554,5925.508012669677
19555,5467.527914337205
19556,4681.882200024331
19557,5302.14778229764
19558,5742.045109261455
19559,7806.381534717826
19560,4615.628729584611
19561,4231.995932633486
19562,5060.272628571963
19563,5806.8571909157135
19564,5740.379965180965
19565,3581.7164638852555
19566,3558.1406573545128
19567,6185.394779246144
19568,6562.08175794535
19569,4770.318614110415
19570,5834.945804118557
19571,4849.239443338398
19572,5221.153134916612
19573,4024.87299072815
19574,2726.7532836917144
19575,5644.696457658617
19576,5144.712379666148
19577,4912.97325684165
19578,7872.775131936209
19579,6494.064769175943
19580,3839.0296992072467
19581,6105.675996430311
19582,3592.9705790903213
19583,2195.9273999789616
19584,5206.051131167567
19585,10208.715379169356
19586,5947.889231092821
19587,5410.835991218787
19588,3750.3469516432915
19589,5040.281003332394
19590,6683.840713321726
19591,5004.742824421108
19592,6820.119294428533
19593,3990.6117427702125
19594,3772.8700249021226
19595,4162.733948545911
19596,4723.6435340539465
19597,4000.5923900309467
19598,3973.988713377863
19599,4068.757348720615
19600,3867.6499201112383
19601,5628.628725609713
19602,5565.497517514415
19603,4320.319744433702
19604,5080.4692987017
19605,5861.489134578787
19606,4636.659599706685
19607,3821.2861963049395
19608,8085.903599496942
19609,6021.5600386846445
19610,4512.040626325757
19611,3120.0968509395266
19612,8285.96963144497
19613,4981.685781705947
19614,4353.557953828092
19615,6694.34239923313
19616,6584.181625527924
19617,5750.550393594588
19618,4981.5038191935355
19619,5882.002783187944
19620,6969.434894547643
19621,11394.083506542253
19622,4118.3413171853945
19623,3877.967869229769
19624,4154.031175634246
19625,5260.553090871467
19626,4483.335672746994
19627,6603.183181160475
19628,6761.529745124953
19629,4625.565782998801
19630,3495.122106123296
19631,4787.00318704568
19632,9224.581834402528
19633,4048.5826447412564
19634,5842.72399813579
19635,3395.7260302758514
19636,5665.432482795395
19637,6152.171861272553
19638,5784.794049361821
19639,6340.413626843413
19640,5000.291531436648
19641,3890.6574399825477
19642,4883.644201909596
19643,5709.181226198317
19644,6713.149475885461
19645,6053.098140201819
19646,6751.324393304541
19647,4787.718369252306
19648,3704.3774992077274
19649,8150.827614228659
19650,3644.3282054196516
19651,7233.578933725826
19652,4686.621292019742
19653,3881.169815431481
19654,5789.619513472633
19655,4559.683747311085
19656,5770.550904805044
19657,6475.122658072562
19658,3070.0628193201487
19659,3717.0212162259377
19660,5917.290692763472
19661,6814.749606824014
19662,8720.764478562169
19663,4744.018217863287
19664,5102.96698783559
19665,4636.363270937462
19666,5093.910109459609
19667,4054.1292885168405
19668,8391.116056508861
19669,7018.72278984037
19670,10542.081540573208
19671,3831.3943730217084
19672,4872.115830972221
19673,9272.427719849638
19674,8202.875291386988
19675,3982.093412288156
19676,8289.570216592167
19677,5205.578611000825
19678,4879.354156219193
19679,4201.939398600755
19680,4209.15338148445
19681,4022.384959704784
19682,5372.613637850573
19683,3842.9192287921614
19684,3915.510098509561
19685,6859.512383948971
19686,5149.463816675756
19687,18447.77889405382
19688,5515.688370242282
19689,3673.761745614983
19690,5692.2458031633405
19691,8964.3940012695
19692,5009.248563319617
19693,6492.3416148518845
19694,4925.951709159405
19695,5799.141902540687
19696,6050.372916891805
19697,3908.796478671511
19698,4259.635674524021
19699,5103.264004024393
19700,6648.37578882637
19701,5653.72645719206
19702,6350.245553060163
19703,4691.901898839529
19704,4014.4679814006417
19705,4132.41948780977
19706,8290.273928467914
19707,8513.313518454845
19708,7125.808920727676
19709,6274.283843785835
19710,3579.887528513332
19711,4430.854085172438
19712,3766.2179225764185
19713,7054.792066104886
19714,8147.663661886121
19715,8815.685352833145
19716,4804.94103177916
19717,4186.669388271969
19718,3933.866500694319
19719,4289.420928220853
19720,8244.607874000165
19721,4620.794132337926
19722,4319.440204154502
19723,4205.1102402301185
19724,5583.371289924424
19725,2852.455116174636
19726,6380.247329282819
19727,3686.6517319562176
19728,6047.45347980451
19729,4810.071490942762
19730,4446.729513135676
19731,6393.636086393371
19732,6060.265721934225
19733,4519.820356348422
19734,5195.370217408322
19735,5934.423478633126
19736,9164.662556929654
19737,4989.8773792303655
19738,7053.13799166979
19739,6792.831424526644
19740,6850.913223093163
19741,5135.603077606167
19742,7179.556785277108
19743,3947.6077706594347
19744,3903.2139275986224
19745,4776.651097356098
19746,5220.5488790187055
19747,7474.542086744602
19748,6118.746802313936
19749,4775.6499144993395
19750,6269.887601363318
19751,6040.081501270124
19752,7176.422885297346
19753,3101.8884619291734
19754,10832.33410061337
19755,3844.4034899448025
19756,4864.439622001316
19757,6884.497743216881
19758,3712.201775904715
19759,4847.333166258416
19760,4561.619753018883
19761,5942.762791944138
19762,4751.8184015305105
19763,4275.034305126278
19764,6335.414751478283
19765,5865.878442136442
19766,5684.516984079013
19767,4304.025694862212
19768,6296.931292434792
19769,10059.729159341494
19770,5414.9011655177665
19771,4275.091147216547
19772,5187.46438982161
19773,5297.525542035789
19774,4511.505406484059
19775,6351.092285322939
19776,3282.978368040195
19777,6560.367442693365
19778,4763.258075301733
19779,5532.358794220898
19780,8894.65132179946
19781,3763.807281899879
19782,4241.56094360703
19783,4398.136015716677
19784,6381.704668829456
19785,6772.672821822673
19786,3756.5600659782576
19787,3738.469833468989
19788,5635.63570403653
19789,4730.833129594528
19790,4815.804757058719
19791,5640.093529854891
19792,5328.301723711007
19793,6065.044892503506
19794,4347.579343967509
19795,3740.776577525007
19796,4787.286698501761
19797,6249.471370475013
19798,6335.635964886659
19799,6576.55831069454
19800,6732.747211785244
19801,4277.953544246647
19802,7547.349040447196
19803,4454.450806033059
19804,4953.447141657816
19805,6847.140134383251
19806,5076.010885467716
19807,8125.953603440826
19808,6522.1302663894385
19809,5995.851027252467
19810,4413.86018272957
19811,6216.415617984282
19812,6223.525004709703
19813,5464.844025578588
19814,3462.3073304964178
19815,4889.7063909015005
19816,6452.658372840039
19817,4408.678132278877
19818,3724.3710205242805
19819,6407.535712136232
19820,5482.82117382478
19821,5004.159614349107
19822,4618.978316224926
19823,4173.704442216581
19824,6458.2373144005915
19825,5528.808285645713
19826,4986.293570504607
19827,4406.594985017484
19828,4222.0166091504225
19829,5078.457869168063
19830,3438.468808739077
19831,5213.350562320144
19832,4474.07667765266
19833,6357.397123514838
19834,6422.194097260893
19835,5478.742349694098
19836,10152.731083879093
19837,4549.627731872967
19838,4345.409058167333
19839,9125.282122122266
19840,4958.586134965928
19841,6538.527906029143
19842,6199.489181011122
19843,4495.287842260523
19844,5089.827247441699
19845,4626.034865021796
19846,6112.76937398441
19847,9642.10323782012
19848,6070.025221800537
19849,2715.3993819650937
19850,4024.5173493650095
19851,6827.997596305324
19852,6889.814355664418
19853,4754.145473787822
19854,5144.530712755553
19855,3683.448368487535
19856,3954.7613929340187
19857,2924.0589513314053
19858,4084.725064135179
19859,4843.478704324909
19860,5854.330748723791
19861,5482.558724136753
19862,4953.75593405452
19863,6732.728979205004
19864,7138.603661306182
19865,5877.130677524925
19866,4208.197726977317
19867,8639.716795990722
19868,8072.10683818573
19869,4344.835317477245
19870,5803.785162255105
19871,4242.95336362097
19872,5505.183980053477
19873,3313.1688177654064
19874,5950.449159515272
19875,4227.525953153396
19876,8228.07012524242
19877,5312.533234945431
19878,6380.525007206375
19879,6535.796712685773
19880,4207.109059765612
19881,6975.786423870703
19882,16544.866578197234
19883,8603.744284225577
19884,4996.13424118366
19885,2791.003490038881
19886,5297.543925282816
19887,6974.991776077691
19888,4793.889636707011
19889,10681.648622812989
19890,18269.652227390536
19891,3775.6235503460807
19892,4334.78814488231
19893,8426.27091854305
19894,3699.1943887396815
19895,6514.069881428487
19896,5038.188036401203
19897,6574.490686134623
19898,4543.227495032701
19899,4933.7576101708555
19900,4691.461051872399
19901,5792.244210586589
19902,8260.258202322708
19903,4997.333931397327
19904,4799.460105901074
19905,6097.624348739192
19906,4140.654795702073
19907,4831.558896590092
19908,6411.736328127349
19909,4085.6986911058634
19910,4525.250408155759
19911,5514.318757030289
19912,5110.069638742725
19913,5176.995899540383
19914,5560.23849736587
19915,5994.993703082377
19916,6365.431430898319
19917,8235.641260886563
19918,6209.958832954592
19919,4411.7432458073545
19920,3438.4578833764153
19921,5280.228970498084
19922,5356.878206432434
19923,4761.221123484361
19924,3910.4737745815087
19925,6906.074162445993
19926,5086.809362375557
19927,8505.836763741863
19928,5654.944545822947
19929,4128.999984721123
19930,4181.18916445738
19931,3841.479655508734
19932,7939.467808484404
19933,4311.492458543157
19934,6029.336719573687
19935,14181.63122374753
19936,5845.321770133501
19937,5178.46398641674
19938,4380.218825927408
19939,3864.2074455254847
19940,5325.096772501772
19941,3750.530076604214
19942,4539.883190305806
19943,8727.61766027405
19944,4166.977709174842
19945,11707.248226166235
19946,11770.345394497084
19947,4521.1663468123625
19948,5531.642818494818
19949,4433.9297857782485
19950,5452.531535079912
19951,4494.107143993725
19952,9441.65098003419
19953,5816.046669769582
19954,8030.090629610612
19955,3875.9713550124457
19956,6343.671555925621
19957,4436.460140479573
19958,7144.166160765064
19959,5329.862009656264
19960,5154.782829688032
19961,5036.773381972023
19962,5927.54497461769
19963,6785.627909543238
19964,7117.153316042458
19965,5179.800588674645
19966,8751.490166355601
19967,5174.774718776958
19968,7664.011476695678
19969,4440.736360326231
19970,4267.125593786969
19971,4151.924455555719
19972,8881.434678878572
19973,5120.106649507094
19974,5863.943954050626
19975,5174.306663662751
19976,6769.297197104754
19977,3839.475576066034
19978,6759.968998179378
19979,5969.7929299677935
19980,3322.0258875063073
19981,11614.36136300023
19982,14913.439901099158
19983,5311.4491503051295
19984,5840.457578000147
19985,7764.605771786403
19986,8496.505163828368
19987,8969.981408066997
19988,4341.544757784326
19989,5593.131963560511
19990,4935.4409186860785
19991,6803.259953303203
19992,3444.979073994616
19993,5095.523912937597
19994,4456.693225538042
19995,4772.581141025821
19996,6108.4016384394645
19997,4352.5755407017095
19998,4092.874177371707
19999,5848.040459493277
20000,3825.2156835311202
20001,4195.519100910049
20002,4772.901689154994
20003,4745.253336469161
20004,8006.78486633289
20005,7720.166232462426
20006,5816.244599803763
20007,5234.861781735778
20008,5089.119095793321
20009,9662.499280942895
20010,5785.843563232315
20011,4276.58974268618
20012,4122.382989856909
20013,9406.089259252356
20014,3713.8437637933102
20015,5584.9770013013485
20016,3010.3054663735397
20017,4138.501151642988
20018,6554.708115546661
20019,4832.323397881975
20020,4201.30683159663
20021,6751.250727275386
20022,7929.509878251593
20023,10388.053459408839
20024,5480.572661148546
20025,8364.645967300037
20026,2632.895172850674
20027,3990.945726391899
20028,4979.084694912735
20029,3863.7217324444077
20030,7327.590554968195
20031,4054.5765158796594
20032,4341.930447639174
20033,6871.679785528134
20034,9128.33295603471
20035,8034.849627337829
20036,4760.459178884871
20037,4112.323352155447
20038,10480.76243123057
20039,6384.878250058123
20040,4873.6657306042025
20041,4242.717141809854
20042,6379.169256443329
20043,7335.498639047147
20044,3864.3928724122575
20045,4494.870442599609
20046,6411.591089929997
20047,6340.614826346295
20048,10985.828870773574
20049,5470.59499649727
20050,10434.455474957282
20051,5232.7355577374265
20052,4104.169890051
20053,3009.198998670742
20054,5135.687076115548
20055,4753.689736412439
20056,4455.807362675014
20057,6589.5724392537895
20058,4256.225066947038
20059,3897.4194555700683
20060,5735.473538691463
20061,3187.005187029118
20062,6515.989591858689
20063,5488.018346775477
20064,6628.185814840218
20065,6554.244343325969
20066,4339.1894330648665
20067,7241.573992720455
20068,5526.444914384752
20069,4423.321912642139
20070,4828.0804396097865
20071,4069.5749113445013
20072,8698.78268497248
20073,5251.408548381622
20074,4044.721722490924
20075,5935.81875411559
20076,7141.145505484674
20077,6415.902036401682
20078,4844.756094494454
20079,6686.107076569916
20080,4838.185164824875
20081,5348.000222836059
20082,4463.123609175005
20083,7039.396338253413
20084,4912.431049786111
20085,5370.905585263252
20086,4827.5516843042915
20087,4429.842326458645
20088,3857.0048701569463
20089,4323.054279353414
20090,7283.250363963053
20091,7997.03451530467
20092,8587.50916669644
20093,9142.549334089363
20094,6429.674869114479
20095,7065.1010182223245
20096,4084.147565386112
20097,9380.910537133763
20098,9527.002867201294
20099,6021.673640470155
20100,6436.905938720893
20101,6942.19072905801
20102,5073.001935163646
20103,3265.5410544455294
20104,10016.970936196682
20105,5420.258783685242
20106,5995.7708246651355
20107,4855.620980652694
20108,2536.1405959975245
20109,9288.1570556435
20110,4772.711399021203
20111,3789.226489162844
20112,3959.492168789984
20113,4269.437150912836
20114,5498.005781102211
20115,5952.153993234787
20116,6214.028499541262
20117,4372.962412795022
20118,3773.0627198629704
20119,3673.109482604994
20120,2937.635243720464
20121,5425.875728972864
20122,16186.944213358778
20123,3817.1386502071323
20124,4893.952543857557
20125,5582.163031405504
20126,4224.637295649604
20127,3866.8862811065123
20128,4370.57304058281
20129,3523.848709639146
20130,6181.831697577232
20131,5423.120604291927
20132,3404.7825376704814
20133,7470.630743493884
20134,4411.041299646037
20135,4047.92320399877
20136,9736.717418454738
20137,6005.813305644443
20138,7689.324757927825
20139,4247.290514873111
20140,4849.12141145433
20141,3868.474429242501
20142,3757.382429501768
20143,12981.663371958708
20144,8687.000141526487
20145,4836.131675052936
20146,4276.072444869641
20147,4402.970974326671
20148,5017.622317250047
20149,3622.112705321505
20150,8249.020020304588
20151,4520.312330571325
20152,4327.437939576061
20153,5910.052518697855
20154,3758.176968358568
20155,5121.681795773313
20156,5724.8646233620075
20157,5164.551956465063
20158,5622.786416619253
20159,3563.590750361447
20160,4842.150997500986
20161,5071.3035947229055
20162,6913.982915913798
20163,6596.685260265237
20164,5792.536717728113
20165,3908.045083618776
20166,6554.556969867968
20167,4863.272073027672
20168,3837.0554428984433
20169,5521.063367685737
20170,5854.694906725278
20171,4980.048977656042
20172,5647.637869708839
20173,4926.909788694608
20174,4488.239082786295
20175,4103.022196202688
20176,6274.954618726768
20177,4994.096499652414
20178,5347.353611952931
20179,7154.106990132407
20180,4700.4310675032875
20181,3715.7801407269367
20182,9741.239046859946
20183,4581.636098520627
20184,2938.4876167371303
20185,6003.4810702778
20186,7067.266985101135
20187,10050.781683198826
20188,4111.9198348547425
20189,4909.264708965477
20190,5036.441349246045
20191,5894.877410767231
20192,4767.309955386984
20193,6995.6999394693175
20194,2878.7265036527792
20195,4609.519335954648
20196,4435.945670651752
20197,3943.104022394423
20198,4293.08583436958
20199,5335.28912283819
20200,5563.583720499713
20201,5449.636556398296
20202,6142.17458430236
20203,6212.600930144266
20204,6727.6947320298
20205,3859.72640672872
20206,5224.64170753569
20207,5707.182831810759
20208,6605.766280132005
20209,6325.0113938348595
20210,3366.1469014062413
20211,7466.642267189648
20212,5042.229389616475
20213,5787.075628238464
20214,4295.891911647549
20215,3730.6877313580853
20216,6823.793838696136
20217,4753.035431698812
20218,7219.482549403041
20219,4852.0895217322195
20220,4449.941562114134
20221,6583.124629819026
20222,4925.007452099256
20223,4933.609111257525
20224,6933.828735587134
20225,4640.143539099406
20226,7865.473583934296
20227,8508.558293704593
20228,6522.229870183183
20229,3928.3160247449628
20230,4505.07234821259
20231,3812.787285656971
20232,2956.631913882805
20233,6191.630300035762
20234,4470.8642694959535
20235,7121.092380488446
20236,3787.8895112099344
20237,4512.481032039839
20238,4815.126917399284
20239,7044.3211439157
20240,4334.674471039279
20241,4443.402341655396
20242,4491.917531861371
20243,6012.113236109686
20244,4213.70888453793
20245,6149.7606454752395
20246,6279.519807811457
20247,5990.184286496662
20248,6472.700027975314
20249,5335.550991804937
20250,4446.692211012753
20251,3932.174729332864
20252,4420.153717163984
20253,8838.899018096732
20254,7055.062493040167
20255,9022.070761593897
20256,12725.06643866919
20257,4181.712404816523
20258,3818.9873236168314
20259,5040.445502733789
20260,6759.424363772858
20261,7885.87451669987
20262,6237.113480545653
20263,6394.51737360016
20264,6632.749029705647
20265,6089.423497108344
20266,5054.7222383135995
20267,4445.0729663515785
20268,3883.5135317920535
20269,3886.0832699557955
20270,3511.0234980130876
20271,4436.79845532362
20272,5962.420072585502
20273,14538.39027071756
20274,5957.081172983598
20275,4306.650967909483
20276,5944.199361435524
20277,3735.6900723665103
20278,4847.861975357582
20279,3593.4808862474583
20280,7479.9349314403025
20281,5226.092365153445
20282,4886.824250557943
20283,11180.953641621038
20284,10114.094987966839
20285,4363.443911266469
20286,5740.518838152602
20287,3441.3462238026336
20288,4192.419021509366
20289,4305.5385118782715
20290,6389.026879938617
20291,3849.2894084787044
20292,3763.4774593094394
20293,4516.25738921421
20294,4372.761453941878
20295,5521.427927377816
20296,6146.44408650384
20297,3523.524062762992
20298,5790.669367788309
20299,7153.637117010806
20300,5271.891729005917
20301,4007.5660671137475
20302,3839.766762418759
20303,6643.7063513034045
20304,4144.839465060391
20305,8944.107928071156
20306,3729.9367293396535
20307,4505.0292476515315
20308,5844.906452880399
20309,4213.643645456104
20310,4117.653872816958
20311,4147.865307893969
20312,5254.351358552226
20313,8626.316200079278
20314,7467.816166288161
20315,4662.625689201062
20316,3622.91015992984
20317,5124.494774934727
20318,5022.72662653749
20319,3826.060686938466
20320,4386.569944626263
20321,4776.033489462119
20322,10339.905682119586
20323,6459.443808797361
20324,4803.05639834389
20325,5911.079700746268
20326,4133.736642131395
20327,7220.516560035718
20328,4482.550200317185
20329,10607.11782105855
20330,5151.4350978022785
20331,4273.303874054938
20332,4468.135401504419
20333,3469.6705819087656
20334,4993.683173694882
20335,16247.576848763072
20336,3640.992353982189
20337,4073.1834718526334
20338,7088.04164597867
20339,5431.284591415037
20340,5879.989709036594
20341,6713.698512558376
20342,4758.979179591546
20343,4197.058712530652
20344,3491.589215602084
20345,8767.674953621507
20346,5097.80360437006
20347,6034.212987418371
20348,6476.853418840938
20349,4255.687602006124
20350,6030.086260088595
20351,5057.308046978419
20352,3490.310961146972
20353,6693.46911646569
20354,8331.27624666384
20355,3939.829864180639
20356,6380.214500630086
20357,5440.912055162679
20358,4590.278944177794
20359,8027.994218343833
20360,5646.177271957394
20361,6328.772463984213
20362,4027.5154241126925
20363,3753.89554670482
20364,5691.950884962232
20365,3568.209425620259
20366,6930.5929787278465
20367,3683.012945174995
20368,5030.828352209254
20369,3766.579298779571
20370,4729.088706253043
20371,4682.806186872927
20372,5708.029303207365
20373,5080.03496876088
20374,6556.671340733533
20375,5035.749463456295
20376,6536.925815051794
20377,4968.676031483213
20378,6814.335408476355
20379,9305.322964266197
20380,6016.89636097399
20381,2767.395006180645
20382,5238.161254723155
20383,5618.792472437007
20384,3400.3537878995908
20385,10044.812631466986
20386,4486.902850762039
20387,5312.859218520728
20388,9191.767086601685
20389,5899.479695329859
20390,3512.389421048856
20391,10251.557520950264
20392,8333.692346434216
20393,4824.976748259834
20394,7805.644341219366
20395,6680.124235655522
20396,5109.0501605225445
20397,4654.92455688793
20398,5248.586623816091
20399,4353.503585393046
20400,5021.4656207499065
20401,5607.579538324761
20402,3775.0933347464256
20403,5653.482339970946
20404,5963.970255347696
20405,5080.898756414072
20406,6653.403810141586
20407,4838.115120053223
20408,5705.051273989699
20409,4699.400556571545
20410,6032.289558610612
20411,5796.0574288750895
20412,4921.67611193904
20413,5538.876434077127
20414,5630.468238451925
20415,8168.730409396448
20416,4528.984389922787
20417,4333.606061822114
20418,5023.005904926352
20419,5967.5242375393855
20420,5614.531988633179
20421,3656.925957812935
20422,3644.5336589353783
20423,6444.027140404982
20424,6383.896008350402
20425,4918.739172438327
20426,5920.244593549949
20427,4688.284792611101
20428,5444.3433061519645
20429,4111.314247975913
20430,2942.2115275337674
20431,5499.420575888959
20432,5206.362251403921
20433,4913.286080734184
20434,8082.774961987707
20435,6695.652586280533
20436,4060.241237838825
20437,6394.0920211499115
20438,3681.672761611857
20439,2481.788790737231
20440,5289.01280195089
20441,10278.873226474016
20442,6300.534705715683
20443,5610.706704376989
20444,3945.4962376661465
20445,5183.680169275089
20446,6860.942424492873
20447,5014.323179695809
20448,6739.129040069199
20449,4150.414997576563
20450,3887.847411351884
20451,4268.111325103763
20452,4811.949578915598
20453,4142.416310347475
20454,4228.961550169693
20455,4022.9608678773843
20456,4014.467864144674
20457,5662.734458429394
20458,5690.127297158735
20459,4269.803667205604
20460,5160.19317491755
20461,5856.561481982531
20462,4707.355914941435
20463,3934.862901185929
20464,8221.869889461375
20465,6381.091972453782
20466,4461.194926263158
20467,3320.413077606227
20468,8617.088898572441
20469,4882.031850517633
20470,4467.905994781331
20471,6592.631951654037
20472,6764.077004087514
20473,6113.372981435282
20474,4849.411064367155
20475,6007.104433584951
20476,6938.07859498093
20477,11905.251199878321
20478,4326.120380133546
20479,3877.7317927127438
20480,4153.5137052517985
20481,5545.9847831691995
20482,4353.133721844427
20483,6943.3458907826525
20484,6982.839599825814
20485,4630.857486943247
20486,3624.705400138845
20487,4739.643272522239
20488,9522.68836281509
20489,4211.092676514163
20490,5777.324530745282
20491,3399.9649554428083
20492,5587.983215796497
20493,6247.231594442658
20494,6007.553950601218
20495,6548.750657117968
20496,5166.375829481314
20497,3877.7129564828324
20498,4802.8953713904275
20499,5904.130704848114
20500,6702.9630191360075
20501,6281.165489750213
20502,6656.91994055176
20503,4707.298434206634
20504,3842.5233989251724
20505,8566.522151759016
20506,3771.1377551561873
20507,7474.098992467825
20508,4665.119057815154
20509,3841.039787765828
20510,5808.380563466232
20511,4727.090610063329
20512,5982.188177255943
20513,6733.215838600436
20514,3278.4853803116434
20515,3844.056488571395
20516,5978.89582757577
20517,6980.611988558863
20518,8979.981199567259
20519,4634.2403298560075
20520,5205.556367355806
20521,4858.982673142902
20522,5107.701742567304
20523,4223.046892981301
20524,8448.413304702146
20525,7128.654974773137
20526,10877.035710844251
20527,3821.4407977382175
20528,5175.414631118369
20529,9475.712753898988
20530,8489.963280432496
20531,4192.239380825355
20532,8292.678630088756
20533,5396.324300928738
20534,4694.490013805572
20535,4110.730198761131
20536,4358.206649067144
20537,4097.8374782020555
20538,5499.554018522862
20539,3743.5003083773327
20540,4172.515828274022
20541,6868.552847971002
20542,5326.165576088787
20543,18943.310015713225
20544,5443.904028887341
20545,4071.5346722265194
20546,5974.845342334633
20547,9524.96294949836
20548,5457.193835079939
20549,6699.925604454324
20550,5315.542200067234
20551,6207.693131798715
20552,6431.2113635213
20553,4172.02238844003
20554,4412.188809915573
20555,5633.727922743924
20556,7052.895066096171
20557,6008.057238559637
20558,6873.807167875455
20559,5099.839135592558
20560,4230.749790478303
20561,4623.7259287767365
20562,8828.963446736967
20563,9119.652828292474
20564,7791.440398898737
20565,6733.98039679294
20566,3848.4676406048916
20567,4874.307274743183
20568,4005.7940393980925
20569,7296.795163881494
20570,8677.36365017797
20571,9334.032294577626
20572,5316.720214543104
20573,4301.268871646609
20574,4200.685473123578
20575,4626.8704048767695
20576,8671.92046766945
20577,4919.51062184466
20578,4691.97995934557
20579,4901.093346035273
20580,6017.9551445913285
20581,3254.6526814182657
20582,6946.038028528103
20583,4038.034509912484
20584,6329.068139778933
20585,5194.306973346112
20586,4720.909524699037
20587,6908.296484310346
20588,6429.273400260816
20589,4805.614856403544
20590,5617.682809336867
20591,6512.6244804662465
20592,9675.004963913263
20593,5475.8614076252825
20594,7761.795129077177
20595,7209.548446076493
20596,7758.8329650868955
20597,5692.806462093406
20598,7721.070809315212
20599,4215.646274702383
20600,4098.998392586138
20601,5064.886810096165
20602,5838.574027437865
20603,8127.994199283577
20604,6591.057513945563
20605,5302.706851864346
20606,6840.267514159208
20607,6449.214878981368
20608,7526.0735184529985
20609,3563.299286245431
20610,11167.937817757216
20611,4074.7959021519973
20612,5294.02985332884
20613,7162.0410702947365
20614,4096.402881381939
20615,5272.2380161167175
20616,4867.414384830746
20617,6323.438875019173
20618,5018.799429893762
20619,4660.346129210119
20620,6813.235316597225
20621,6430.9599516352055
20622,6031.489856806655
20623,4496.234291383863
20624,6657.70745474285
20625,10555.73800507438
20626,5866.68712818284
20627,4534.514229617358
20628,5687.817355322771
20629,5764.277958068362
20630,5027.557842006017
20631,6918.9955552052415
20632,3538.861730751297
20633,7408.6049293510105
20634,5139.2202059001975
20635,6031.328268728359
20636,9474.458738337431
20637,3928.7928207374684
20638,4608.4800045597185
20639,4673.142508257029
20640,6853.55845974775
20641,7069.479507855648
20642,4038.108306405345
20643,4065.1836742294304
20644,6194.284537040444
20645,5176.822059322155
20646,5266.428820758006
20647,6072.662096879554
20648,5680.820309049635
20649,6437.67614503833
20650,4793.463322009992
20651,4028.5678631693763
20652,5349.846807506687
20653,6575.171920301921
20654,6587.39674361445
20655,6899.298374504871
20656,7250.608031958238
20657,4765.570370472555
20658,8362.05753794768
20659,4816.952108416762
20660,5378.015440114117
20661,7585.037184156093
20662,5564.723350946727
20663,8650.069357988874
20664,7236.885698615484
20665,6710.710288989374
20666,4840.783746133366
20667,6521.330615246234
20668,6704.625758651572
20669,5856.978168972894
20670,3823.929025993537
20671,5165.8016538035845
20672,7076.27572874122
20673,4767.228315691293
20674,3969.630602571841
20675,6715.9895366225055
20676,5884.621078498914
20677,5404.027814154889
20678,5113.303802212078
20679,4401.006890057122
20680,6646.874129298079
20681,5984.431518330865
20682,5390.8454633962
20683,4836.582450892302
20684,4406.884730392529
20685,5494.440143509144
20686,3737.5869617970966
20687,5653.187313653826
20688,5036.492459423007
20689,6851.164250326342
20690,6709.834241661246
20691,5925.529426171992
20692,10945.849389174162
20693,5072.741168939321
20694,4706.165394067252
20695,9614.725212062258
20696,5552.378625392969
20697,7087.971846597165
20698,6407.989866535666
20699,4808.320237427041
20700,5614.500530948352
20701,5062.124272473253
20702,6254.224700114461
20703,10148.794866252998
20704,6472.693885912714
20705,2919.5768634554097
20706,4380.513294752406
20707,7407.766628087553
20708,7738.078688016713
20709,5183.090555186787
20710,5599.758906378157
20711,4140.591700990091
20712,4191.953059465271
20713,3126.4039385886354
20714,4274.94943694532
20715,5382.158456450888
20716,6433.969434662354
20717,5847.349478126564
20718,5310.194650021116
20719,6955.564066706521
20720,8019.640638065619
20721,6295.169542856402
20722,4543.795204640967
20723,9225.68409464058
20724,8850.40983459011
20725,4791.6028717088775
20726,6070.185640561317
20727,4533.1064182938735
20728,6004.302145012178
20729,3731.796148418385
20730,6298.6074041107295
20731,4769.83835779169
20732,8675.269693257718
20733,5786.699806141206
20734,6953.626588952685
20735,6849.54918468444
20736,4674.05099374064
20737,7776.266711092943
20738,16378.535741199965
20739,9079.151575131553
20740,5358.680262766052
20741,3065.798608200021
20742,5719.739747680138
20743,7095.597901673389
20744,5170.078526654287
20745,11957.257804212082
20746,19210.32411792273
20747,4032.8968617191413
20748,4879.041114634287
20749,9192.854260135558
20750,4185.180418864126
20751,6745.707367141398
20752,5480.797973512253
20753,6787.269053347567
20754,5207.316306254073
20755,5414.719110912843
20756,5203.508510427714
20757,6219.184563303737
20758,8842.065363194553
20759,5584.660648457079
20760,5306.589096744627
20761,6502.272720577345
20762,4651.145031162027
20763,5204.073654805984
20764,6911.387265195303
20765,4541.576152181668
20766,4967.365046336361
20767,5894.92862845508
20768,5581.64985605871
20769,5658.779621381402
20770,5994.1317749233995
20771,6481.29816914466
20772,6816.991521059289
20773,8983.794272699693
20774,6527.459216055497
20775,4783.671883415429
20776,3766.312886528121
20777,5656.032592465897
20778,5740.438527026336
20779,5233.4988535750335
20780,4131.365848308695
20781,7313.564191063853
20782,5539.631954523649
20783,8777.478103112553
20784,6112.818630460569
20785,4599.6827489842
20786,4360.510325767923
20787,4165.488505284637
20788,8703.492224440142
20789,4719.243890380444
20790,6259.55713026834
20791,14820.362944494182
20792,6434.233384370589
20793,5551.291974478501
20794,4824.083785375685
20795,4023.084795133696
20796,5745.417768713737
20797,3934.512974635278
20798,4815.64227844539
20799,9212.585208694112
20800,4414.440525302069
20801,12117.214100142184
20802,12128.476504832786
20803,4857.870653797709
20804,5950.531547989316
20805,4801.1319737758495
20806,5883.171381081359
20807,4862.414304836449
20808,9847.195591184556
20809,6164.446132406854
20810,8481.695390876881
20811,4138.086223705311
20812,6539.439954147601
20813,4771.51093872997
20814,7643.288937672309
20815,5833.527305430043
20816,5595.279142708418
20817,5578.668299509497
20818,6814.975106578831
20819,7190.488183519372
20820,7664.146046388279
20821,5768.629116183319
20822,9294.508382517723
20823,5737.22825961666
20824,8453.583334322295
20825,4823.287682357809
20826,4663.538028816312
20827,4591.547911503656
20828,9298.233958306195
20829,5623.733233341016
20830,6333.497255341474
20831,5817.955642615277
20832,7273.029757710447
20833,4200.220348728874
20834,7129.750233391755
20835,6342.484754758325
20836,3673.6850827028366
20837,12122.476507572313
20838,15854.860636015828
20839,5954.960935163236
20840,6088.278063384192
20841,8238.712368674296
20842,8823.952921990689
20843,9527.774963151713
20844,4526.875175551436
20845,6069.557550460433
20846,5358.424327221366
20847,7581.447976436092
20848,3757.9991056618155
20849,5415.980273984908
20850,4788.739649189461
20851,5126.938986588975
20852,6455.14095430294
20853,4697.314084578301
20854,4315.93862512169
20855,6434.692810368389
20856,4138.334386461272
20857,4641.153735112282
20858,5290.967997622394
20859,5129.6133843447415
20860,8780.623150326806
20861,8257.61300858545
20862,6338.39347386885
20863,5714.589141512057
20864,5638.859784354289
20865,10334.042028522304
20866,6130.922805880927
20867,4531.669834513658
20868,4537.686310632424
20869,9821.075013850845
20870,4107.8856614970255
20871,5961.195167978657
20872,3356.7127166597566
20873,4349.13547420625
20874,7068.02388871647
20875,5391.363503138195
20876,4452.622586790915
20877,7529.8502808699905
20878,8478.099925665389
20879,11100.852921396638
20880,5679.225567587324
20881,8884.694394509786
20882,2943.4345324048377
20883,4404.3117299741725
20884,5532.789858510843
20885,4109.899010069197
20886,7809.756827579829
20887,4225.369746199129
20888,4603.223599790023
20889,7130.406602943614
20890,9518.725716691648
20891,8678.480668405791
20892,5097.519040697077
20893,4415.991803986678
20894,11434.43660692537
20895,7074.362253169486
20896,5144.7229951805
20897,4630.3174252330155
20898,7016.591714995562
20899,8233.531255764019
20900,4170.916364349685
20901,4724.869969410714
20902,6854.998391469247
20903,6595.696050694427
20904,11452.22515329545
20905,6047.8025948010845
20906,10904.372998229404
20907,5803.749133145203
20908,4385.220211212993
20909,3283.499968464037
20910,5521.916211703944
20911,5109.425276323163
20912,4907.168545898399
20913,7083.320175103197
20914,4615.404088702668
20915,4207.336568695248
20916,6250.588061781065
20917,3555.0743070959697
20918,6809.9937307499895
20919,6045.985224388948
20920,6945.069564595402
20921,7042.066303179679
20922,4732.223102380707
20923,8016.629199789064
20924,6015.013000520608
20925,4835.710030117751
20926,5311.674039186923
20927,4398.053428875275
20928,9186.401347776491
20929,5827.4041086520965
20930,4241.860688341179
20931,6384.888562038134
20932,7273.404465020666
20933,6590.475626200215
20934,5318.479455446865
20935,7015.225560084689
20936,5270.182419467411
20937,5978.31551523778
20938,4768.9401800050355
20939,7564.922848188104
20940,5268.132773644516
20941,5817.427323861769
20942,5337.724046891918
20943,4834.439633179422
20944,4153.584463241344
20945,4683.158622314026
20946,7997.619000645866
20947,8681.350810774004
20948,9185.207928955168
20949,9421.729217874456
20950,6898.21959311475
20951,7622.690802359023
20952,4388.535392713105
20953,9789.261560741745
20954,10238.092455857897
20955,6599.453564389942
20956,6624.755456141248
20957,7199.016665100011
20958,5571.365487522833
20959,3617.751369099849
20960,10388.97822849702
20961,5963.292178533862
20962,6354.5877152199955
20963,5223.2425157553325
20964,2811.7060782275585
20965,9665.478322713447
20966,5264.184796349882
20967,4145.093105636503
20968,4264.289066357379
20969,4639.870923071686
20970,5903.1296547239535
20971,6386.459458199525
20972,6676.821078329753
20973,4793.786193800289
20974,4035.198597104027
20975,3999.8019342209336
20976,3103.7285780329926
20977,5905.177673751296
20978,17084.981878191276
20979,3982.180567178378
20980,5134.0675677730405
20981,5995.133740286054
20982,4420.247598965069
20983,4175.4225831444
20984,4710.340122889369
20985,3856.112170842829
20986,6742.9774229913955
20987,5720.496174971458
20988,3683.3936207516126
20989,8216.070511044318
20990,4930.415409644727
20991,4355.0080414249
20992,9976.742862617268
20993,6514.837426204131
20994,8460.409830876846
20995,4736.312512079955
20996,5344.666477460283
20997,4119.978157637013
20998,4184.961843841657
20999,14203.505891453697
21000,9115.744044752633
21001,5373.279596166322
21002,4479.532037982215
21003,4685.46197203693
21004,5469.75190799932
21005,3923.5944050049375
21006,8794.496177104305
21007,4897.911545546331
21008,4732.393381747396
21009,6494.887818492203
21010,4082.0584312291353
21011,5527.454616036827
21012,6108.9499999986065
21013,5736.690567369436
21014,6198.089163387777
21015,3921.8120272236456
21016,5307.29832974539
21017,5627.893916172458
21018,7806.329686318903
21019,6762.0647291196055
21020,6263.391977890593
21021,4149.897796477069
21022,7199.129832407111
21023,5109.10992967351
21024,4115.746461570388
21025,5830.867825435394
21026,6172.666812347341
21027,5371.357176394237
21028,6110.233958143577
21029,5367.696296802252
21030,4828.411051175629
21031,4512.199824928023
21032,6589.124954082216
21033,5549.788308908997
21034,5925.14376620392
21035,8022.478155377407
21036,5228.094055710034
21037,4066.630448996048
21038,10398.783234634682
21039,4671.361785918014
21040,3107.9356119195563
21041,6359.156679814937
21042,7652.3981633690355
21043,10375.522955199913
21044,4345.409999826435
21045,5399.927955283728
21046,5482.16413397245
21047,6262.169763632289
21048,5079.8504448073945
21049,7456.770168682878
21050,2998.6203032340013
21051,4776.294120019809
21052,4806.847106911719
21053,4240.145628650545
21054,4679.108909882375
21055,5920.264676827608
21056,6186.857936741815
21057,6080.8111595409455
21058,6565.494068798011
21059,6811.470536627479
21060,7490.786621768839
21061,4140.946188737457
21062,5692.428121350943
21063,6118.915610522235
21064,7127.344589692597
21065,6613.931678769147
21066,3606.0040966766196
21067,8691.39633493858
21068,5575.371496668672
21069,6150.861728285894
21070,4654.7881258784955
21071,3999.903631881859
21072,7657.436981619963
21073,5008.936217046465
21074,7830.595659901456
21075,5480.8259039689465
21076,4822.2204903369975
21077,6992.369709529311
21078,5338.50605425434
21079,5499.807831981866
21080,7419.0950767824625
21081,4976.872478815327
21082,8548.163486253083
21083,8979.393276275388
21084,6783.819741657732
21085,4188.128486477063
21086,4948.682728532704
21087,4108.248723443749
21088,3243.374803232387
21089,6519.672175743773
21090,4948.766687105351
21091,7425.387746436914
21092,4117.264219708047
21093,4907.907719796675
21094,5184.043371192638
21095,7449.088401042026
21096,4699.278860313167
21097,4742.685806811536
21098,4778.895832521714
21099,6455.119633147345
21100,4588.54596999375
21101,6469.801028344696
21102,6590.90331620374
21103,6323.778531321864
21104,7033.7612527151805
21105,5697.6844479554065
21106,4967.240301462888
21107,4184.882977443901
21108,4746.681595192891
21109,9354.584872136822
21110,7205.143104108886
21111,9487.75603358615
21112,14055.637425851995
21113,4372.0828165286
21114,4117.8568054014595
21115,5344.53979579269
21116,7222.746592901494
21117,8605.590247124786
21118,6788.229840495846
21119,6917.89519628568
21120,6989.809294057167
21121,6467.2399958680935
21122,5623.162307582295
21123,4781.440992170942
21124,4121.613213550609
21125,4193.260489527948
21126,3745.6531525767514
21127,4897.811359265282
21128,6408.125833021318
21129,15501.622704554555
21130,6342.322940935442
21131,4533.150031757475
21132,6384.838477164152
21133,4123.949655609342
21134,5396.364356401112
21135,3918.0880014643913
21136,8266.002693089928
21137,5714.610473561122
21138,5377.235771175682
21139,12016.295986686313
21140,10720.849651034021
21141,4671.490546762922
21142,6193.413823141941
21143,3756.8732929911334
21144,4363.377163706042
21145,4540.4891638003255
21146,6847.875118227156
21147,4126.627984308949
21148,4084.2913488582053
21149,4956.1038406722755
21150,4772.00505916016
21151,5782.2865153134735
21152,6761.732835875617
21153,3760.8502401225883
21154,6294.9971193955125
21155,7568.160337676601
21156,5664.432724620619
21157,4428.767850806931
21158,4012.3889547515523
21159,6933.20835512303
21160,4380.906449501585
21161,9286.578387189113
21162,4066.3180818252595
21163,5047.3679051268155
21164,6159.56214417939
21165,4644.4001724914915
21166,4439.308161564949
21167,4691.577303639121
21168,5822.34402246177
21169,9107.352221832278
21170,8358.499200036456
21171,5100.596729885025
21172,3918.3204264179767
21173,5628.844152449654
21174,5495.069052383604
21175,4132.938281992058
21176,4744.620509713804
21177,5163.225825540566
21178,10781.622045182416
21179,7021.292359128921
21180,5239.763826535107
21181,6297.880898782619
21182,4397.433342285468
21183,7514.944796652873
21184,5023.1514809754635
21185,11189.801370527115
21186,5688.7224221974875
21187,4687.435833611944
21188,4626.258137081204
21189,3849.116753501679
21190,5465.494294112297
21191,18788.658684622842
21192,3930.555753576635
21193,4261.482055962901
21194,7604.956868914414
21195,5768.384509725862
21196,6317.810573399533
21197,7443.011848614219
21198,5110.780006384852
21199,4516.965203196668
21200,3886.3833547015424
21201,9182.319635165119
21202,5601.295929796458
21203,6281.775173531069
21204,7154.656584993715
21205,4466.120295795768
21206,6477.585386411681
21207,5657.896060437512
21208,3763.1118311221753
21209,7074.228810177251
21210,8661.806297846168
21211,4189.449976188497
21212,6866.545499480277
21213,5991.416363864204
21214,4988.471234349416
21215,8609.278231593702
21216,6069.540829983751
21217,6524.978040414184
21218,4341.192875536978
21219,4056.218860368472
21220,6138.3441484589175
21221,3908.299750117754
21222,7376.783060554016
21223,3914.1452132017034
21224,5458.737641160462
21225,4079.182568416271
21226,5252.053836886165
21227,5098.923252944407
21228,5973.9437267035755
21229,5607.47490519496
21230,7061.084563073705
21231,5476.0919741910175
21232,6720.865091258165
21233,5384.687304914267
21234,7066.910217227488
21235,9794.923720352901
21236,6352.542064103506
21237,3071.210127697785
21238,5614.685470179257
21239,6073.414366025664
21240,3703.2135813031646
21241,10612.65107715435
21242,4957.005277022371
21243,5673.799257692336
21244,9745.33254270994
21245,6308.476788139029
21246,3863.026523471669
21247,10597.222284765536
21248,8793.117983015372
21249,5264.920372151409
21250,8591.019792110374
21251,7307.67435832777
21252,5643.618692578075
21253,4931.626663619006
21254,5683.836421855237
21255,4770.490673365359
21256,5486.940369764714
21257,6052.486610769895
21258,4009.250611553738
21259,6175.329190175647
21260,6391.388100874606
21261,5527.491420313728
21262,7044.353649704509
21263,5324.495497737444
21264,6036.63746489335
21265,4810.765657723776
21266,6387.019771620251
21267,6132.471803278109
21268,5379.683276548555
21269,6007.6525473398315
21270,6105.229849409275
21271,8821.003707806658
21272,4828.877417182599
21273,4608.468356584636
21274,5498.87395322362
21275,6317.5224467394655
21276,6174.608444149004
21277,4036.25926244417
21278,3994.6794804637584
21279,6791.006999668264
21280,7575.166522292604
21281,5520.947850050867
21282,6297.490289876714
21283,5239.015611315183
21284,5761.617660732483
21285,4356.735951287638
21286,3167.9606626594796
21287,6067.362725473809
21288,5643.790401358673
21289,5344.211542986913
21290,8836.367252005804
21291,7103.13893020857
21292,4246.380712940473
21293,6566.437776829221
21294,3908.2238519242364
21295,2784.627616246546
21296,5679.982552168345
21297,10664.984902003234
21298,6529.911183398748
21299,5939.360001474237
21300,4190.616379640785
21301,5656.891692525759
21302,7236.811893826238
21303,5489.631129371108
21304,7590.183177351682
21305,4289.667267932469
21306,4174.838461568888
21307,4513.903183955764
21308,5138.159026921365
21309,4362.131823451272
21310,4610.700425861521
21311,4490.073258700197
21312,4266.988408708282
21313,6081.95593401124
21314,6079.802210895973
21315,4813.082506753335
21316,5570.72345352685
21317,6480.881121672289
21318,5052.1112621070615
21319,4154.237265237674
21320,8916.915981780128
21321,6576.442532978073
21322,4861.567425209471
21323,3647.0705278138907
21324,9204.590735868787
21325,5467.494600930829
21326,4885.7624434180425
21327,7490.525566049792
21328,7286.891315302304
21329,6519.046187291415
21330,5488.610868009508
21331,6350.31637180155
21332,7627.578063919564
21333,12187.881814367369
21334,4502.708111503702
21335,4125.985110414392
21336,4506.688994880839
21337,5877.648113004492
21338,4769.838566381945
21339,7190.212384304949
21340,7145.498181293705
21341,5068.698368882096
21342,3836.4772072438295
21343,5086.397939101305
21344,10031.404445895438
21345,4384.975087746872
21346,6285.073712459558
21347,3698.1926169586936
21348,6107.562131647483
21349,6737.708271458637
21350,6376.591729403827
21351,7019.7655979387255
21352,5602.185051330589
21353,4115.6769363115745
21354,5335.150971238994
21355,6252.052571922779
21356,7311.279947990347
21357,6485.018660070029
21358,7353.403575123715
21359,5148.833953332313
21360,4141.662236883657
21361,8952.112437364978
21362,4013.9864343537597
21363,8078.934309284626
21364,5131.258330986829
21365,4152.076707486055
21366,6265.603790053178
21367,5076.5299536969915
21368,6317.2271475333955
21369,7005.846916345529
21370,3786.8994050512774
21371,4135.550645540675
21372,6672.160300985735
21373,7507.061805579277
21374,9219.547966121765
21375,5122.601612144247
21376,5646.142899705663
21377,5425.962737704109
21378,5634.48811592723
21379,4377.467087681638
21380,9033.68279052092
21381,7748.875889180724
21382,11586.11556824471
21383,4161.137955016641
21384,5471.662078520095
21385,10265.597569123123
21386,8818.75741835393
21387,4381.971584476716
21388,8875.958388879815
21389,5790.36607203775
21390,5217.682179079552
21391,4525.667588048894
21392,4619.400814523781
21393,4336.09641147801
21394,5998.641681681406
21395,4134.977955491187
21396,4394.752122560391
21397,7542.73217657483
21398,5900.102827958516
21399,20531.2068080357
21400,5926.426105033611
21401,0.0
21402,0.0
21403,0.0
21404,0.0
21405,0.0
21406,0.0
21407,0.0
21408,0.0
21409,0.0
21410,0.0
21411,0.0
21412,0.0
21413,0.0
21414,0.0
21415,0.0
21416,0.0
21417,0.0
21418,0.0
21419,0.0
21420,0.0
21421,0.0
21422,0.0
21423,0.0
21424,0.0
21425,0.0
21426,0.0
21427,0.0
21428,0.0
21429,0.0
21430,0.0
21431,0.0
21432,0.0
21433,0.0
21434,0.0
21435,0.0
21436,0.0
21437,0.0
21438,0.0
21439,0.0
21440,0.0
21441,0.0
21442,0.0
21443,0.0
21444,0.0
21445,0.0
21446,0.0
21447,0.0
21448,0.0
21449,0.0
21450,0.0
21451,0.0
21452,0.0
21453,0.0
21454,0.0
21455,0.0
21456,0.0
21457,0.0
21458,0.0
21459,0.0
21460,0.0
21461,0.0
21462,0.0
21463,0.0
21464,0.0
21465,0.0
21466,0.0
21467,0.0
21468,0.0
21469,0.0
21470,0.0
21471,0.0
21472,0.0
21473,0.0
21474,0.0
21475,0.0
21476,0.0
21477,0.0
21478,0.0
21479,0.0
21480,0.0
21481,0.0
21482,0.0
21483,0.0
21484,0.0
21485,0.0
21486,0.0
21487,0.0
21488,0.0
21489,0.0
21490,0.0
21491,0.0
21492,5064.666810939305
21493,0.0
21494,0.0
21495,0.0
21496,0.0
21497,0.0
21498,0.0
21499,0.0
21500,0.0
21501,0.0
21502,0.0
21503,0.0
21504,0.0
21505,0.0
21506,0.0
21507,0.0
21508,0.0
21509,0.0
21510,0.0
21511,0.0
21512,0.0
21513,0.0
21514,0.0
21515,0.0
21516,0.0
21517,0.0
21518,0.0
21519,0.0
21520,0.0
21521,0.0
21522,0.0
21523,0.0
21524,0.0
21525,0.0
21526,0.0
21527,0.0
21528,0.0
21529,0.0
21530,0.0
21531,0.0
21532,0.0
21533,0.0
21534,0.0
21535,0.0
21536,0.0
21537,0.0
21538,0.0
21539,0.0
21540,0.0
21541,0.0
21542,0.0
21543,0.0
21544,0.0
21545,0.0
21546,0.0
21547,0.0
21548,0.0
21549,0.0
21550,0.0
21551,0.0
21552,0.0
21553,0.0
21554,0.0
21555,0.0
21556,0.0
21557,0.0
21558,0.0
21559,0.0
21560,3240.995919053361
21561,0.0
21562,0.0
21563,0.0
21564,0.0
21565,0.0
21566,0.0
21567,0.0
21568,0.0
21569,0.0
21570,0.0
21571,0.0
21572,0.0
21573,0.0
21574,0.0
21575,0.0
21576,0.0
21577,0.0
21578,0.0
21579,0.0
21580,0.0
21581,0.0
21582,0.0
21583,0.0
21584,0.0
21585,0.0
21586,0.0
21587,0.0
21588,0.0
21589,0.0
21590,0.0
21591,0.0
21592,0.0
21593,0.0
21594,0.0
21595,0.0
21596,0.0
21597,0.0
21598,0.0
21599,0.0
21600,0.0
21601,15827.08127064813
21602,28361.4773818105
21603,0.0
21604,0.0
21605,0.0
21606,0.0
21607,0.0
21608,0.0
21609,0.0
21610,7566.984081897311
21611,0.0
21612,0.0
21613,0.0
21614,0.0
21615,0.0
21616,0.0
21617,0.0
21618,0.0
21619,0.0
21620,0.0
21621,0.0
21622,0.0
21623,0.0
21624,0.0
21625,0.0
21626,0.0
21627,0.0
21628,0.0
21629,5019.742726968458
21630,0.0
21631,0.0
21632,0.0
21633,0.0
21634,0.0
21635,0.0
21636,0.0
21637,0.0
21638,0.0
21639,3466.055700337264
21640,0.0
21641,0.0
21642,0.0
21643,0.0
21644,0.0
21645,0.0
21646,0.0
21647,0.0
21648,0.0
21649,0.0
21650,0.0
21651,0.0
21652,0.0
21653,0.0
21654,0.0
21655,0.0
21656,0.0
21657,8035.802665213145
21658,0.0
21659,0.0
21660,0.0
21661,0.0
21662,0.0
21663,0.0
21664,0.0
21665,0.0
21666,0.0
21667,0.0
21668,0.0
21669,0.0
21670,0.0
21671,0.0
21672,0.0
21673,0.0
21674,10113.764052934672
21675,0.0
21676,0.0
21677,0.0
21678,0.0
21679,0.0
21680,0.0
21681,0.0
21682,0.0
21683,0.0
21684,0.0
21685,0.0
21686,0.0
21687,0.0
21688,0.0
21689,0.0
21690,0.0
21691,0.0
21692,0.0
21693,0.0
21694,0.0
21695,0.0
21696,0.0
21697,0.0
21698,0.0
21699,0.0
21700,0.0
21701,0.0
21702,0.0
21703,0.0
21704,0.0
21705,0.0
21706,0.0
21707,0.0
21708,0.0
21709,0.0
21710,0.0
21711,0.0
21712,0.0
21713,0.0
21714,0.0
21715,0.0
21716,0.0
21717,0.0
21718,0.0
21719,0.0
21720,0.0
21721,0.0
21722,0.0
21723,0.0
21724,0.0
21725,0.0
21726,0.0
21727,0.0
21728,0.0
21729,0.0
21730,0.0
21731,0.0
21732,0.0
21733,0.0
21734,0.0
21735,0.0
21736,2070.85132651128
21737,0.0
21738,0.0
21739,0.0
21740,0.0
21741,0.0
21742,0.0
21743,0.0
21744,0.0
21745,0.0
21746,0.0
21747,0.0
21748,0.0
21749,0.0
21750,6202.580192468906
21751,0.0
21752,0.0
21753,0.0
21754,0.0
21755,0.0
21756,0.0
21757,0.0
21758,0.0
21759,0.0
21760,0.0
21761,0.0
21762,0.0
21763,0.0
21764,0.0
21765,0.0
21766,0.0
21767,0.0
21768,0.0
21769,0.0
21770,0.0
21771,0.0
21772,0.0
21773,0.0
21774,0.0
21775,0.0
21776,0.0
21777,0.0
21778,0.0
21779,0.0
21780,0.0
21781,0.0
21782,0.0
21783,0.0
21784,0.0
21785,0.0
21786,0.0
21787,0.0
21788,0.0
21789,0.0
21790,0.0
21791,0.0
21792,0.0
21793,7909.344430657687
21794,0.0
21795,0.0
21796,0.0
21797,0.0
21798,0.0
21799,0.0
21800,0.0
21801,0.0
21802,0.0
21803,2876.291493896303
21804,0.0
21805,0.0
21806,0.0
21807,5793.2683336365335
21808,0.0
21809,0.0
21810,0.0
21811,0.0
21812,0.0
21813,0.0
21814,0.0
21815,0.0
21816,0.0
21817,0.0
21818,0.0
21819,0.0
21820,0.0
21821,0.0
21822,0.0
21823,0.0
21824,0.0
21825,0.0
21826,0.0
21827,0.0
21828,0.0
21829,0.0
21830,0.0
21831,0.0
21832,0.0
21833,0.0
21834,19979.597383557568
21835,0.0
21836,0.0
21837,0.0
21838,0.0
21839,0.0
21840,0.0
21841,0.0
21842,0.0
21843,0.0
21844,0.0
21845,0.0
21846,0.0
21847,0.0
21848,6824.953834122676
21849,0.0
21850,0.0
21851,0.0
21852,0.0
21853,0.0
21854,0.0
21855,0.0
21856,0.0
21857,0.0
21858,0.0
21859,0.0
21860,0.0
21861,0.0
21862,0.0
21863,0.0
21864,0.0
21865,0.0
21866,0.0
21867,0.0
21868,0.0
21869,0.0
21870,0.0
21871,0.0
21872,0.0
21873,0.0
21874,0.0
21875,0.0
21876,0.0
21877,0.0
21878,0.0
21879,0.0
21880,0.0
21881,0.0
21882,0.0
21883,0.0
21884,0.0
21885,0.0
21886,0.0
21887,0.0
21888,0.0
21889,0.0
21890,0.0
21891,0.0
21892,0.0
21893,0.0
21894,0.0
21895,0.0
21896,0.0
21897,0.0
21898,0.0
21899,0.0
21900,0.0
21901,0.0
21902,0.0
21903,0.0
21904,0.0
21905,0.0
21906,0.0
21907,0.0
21908,0.0
21909,0.0
21910,0.0
21911,0.0
21912,0.0
21913,0.0
21914,0.0
21915,0.0
21916,0.0
21917,0.0
21918,0.0
21919,0.0
21920,0.0
21921,0.0
21922,0.0
21923,13025.590603108643
21924,0.0
21925,0.0
21926,0.0
21927,0.0
21928,0.0
21929,0.0
21930,0.0
21931,0.0
21932,0.0
21933,0.0
21934,0.0
21935,0.0
21936,0.0
21937,0.0
21938,0.0
21939,0.0
21940,0.0
21941,0.0
21942,0.0
21943,0.0
21944,0.0
21945,0.0
21946,0.0
21947,0.0
21948,0.0
21949,0.0
21950,0.0
21951,0.0
21952,0.0
21953,0.0
21954,0.0
21955,0.0
21956,0.0
21957,0.0
21958,0.0
21959,0.0
21960,0.0
21961,0.0
21962,0.0
21963,0.0
21964,0.0
21965,0.0
21966,0.0
21967,5024.6588166468255
21968,16113.760851250812
21969,0.0
21970,0.0
21971,0.0
21972,0.0
21973,0.0
21974,0.0
21975,0.0
21976,0.0
21977,0.0
21978,0.0
21979,0.0
21980,0.0
21981,0.0
21982,0.0
21983,0.0
21984,0.0
21985,0.0
21986,0.0
21987,0.0
21988,0.0
21989,0.0
21990,0.0
21991,0.0
21992,0.0
21993,0.0
21994,0.0
21995,0.0
21996,11907.685629059126
21997,0.0
21998,0.0
21999,0.0
22000,0.0
22001,0.0
22002,0.0
22003,0.0
22004,0.0
22005,0.0
22006,0.0
22007,0.0
22008,0.0
22009,0.0
22010,0.0
22011,0.0
22012,0.0
22013,0.0
22014,0.0
22015,0.0
22016,0.0
22017,0.0
22018,0.0
22019,0.0
22020,0.0
22021,0.0
22022,0.0
22023,0.0
22024,0.0
22025,0.0
22026,0.0
22027,0.0
22028,0.0
22029,0.0
22030,0.0
22031,0.0
22032,0.0
22033,0.0
22034,0.0
22035,0.0
22036,0.0
22037,0.0
22038,0.0
22039,0.0
22040,0.0
22041,0.0
22042,0.0
22043,0.0
22044,0.0
22045,0.0
22046,0.0
22047,0.0
22048,0.0
22049,0.0
22050,0.0
22051,0.0
22052,0.0
22053,0.0
22054,0.0
22055,0.0
22056,0.0
22057,0.0
22058,0.0
22059,0.0
22060,0.0
22061,0.0
22062,0.0
22063,0.0
22064,0.0
22065,0.0
22066,3249.246513432727
22067,0.0
22068,0.0
22069,0.0
22070,2367.3721798018005
22071,0.0
22072,0.0
22073,0.0
22074,0.0
22075,0.0
22076,0.0
22077,0.0
22078,0.0
22079,0.0
22080,0.0
22081,0.0
22082,0.0
22083,0.0
22084,0.0
22085,0.0
22086,0.0
22087,0.0
22088,0.0
22089,0.0
22090,0.0
22091,0.0
22092,0.0
22093,0.0
22094,0.0
22095,0.0
22096,0.0
22097,0.0
22098,0.0
22099,0.0
22100,0.0
22101,0.0
22102,0.0
22103,0.0
22104,0.0
22105,0.0
22106,0.0
22107,0.0
22108,0.0
22109,0.0
22110,0.0
22111,0.0
22112,0.0
22113,0.0
22114,0.0
22115,0.0
22116,0.0
22117,0.0
22118,0.0
22119,0.0
22120,0.0
22121,3164.9079024973635
22122,0.0
22123,0.0
22124,0.0
22125,0.0
22126,0.0
22127,0.0
22128,0.0
22129,0.0
22130,0.0
22131,0.0
22132,0.0
22133,0.0
22134,0.0
22135,0.0
22136,11811.045472666361
22137,0.0
22138,0.0
22139,0.0
22140,0.0
22141,0.0
22142,0.0
22143,0.0
22144,0.0
22145,0.0
22146,0.0
22147,0.0
22148,0.0
22149,0.0
22150,0.0
22151,0.0
22152,0.0
22153,0.0
22154,0.0
22155,0.0
22156,0.0
22157,0.0
22158,0.0
22159,0.0
22160,0.0
22161,0.0
22162,0.0
22163,0.0
22164,0.0
22165,0.0
22166,0.0
22167,0.0
22168,0.0
22169,0.0
22170,0.0
22171,0.0
22172,0.0
22173,0.0
22174,0.0
22175,0.0
22176,0.0
22177,0.0
22178,0.0
22179,0.0
22180,0.0
22181,0.0
22182,0.0
22183,0.0
22184,0.0
22185,0.0
22186,0.0
22187,0.0
22188,0.0
22189,0.0
22190,0.0
22191,0.0
22192,0.0
22193,0.0
22194,0.0
22195,0.0
22196,0.0
22197,0.0
22198,0.0
22199,0.0
22200,6059.446518124675
22201,0.0
22202,0.0
22203,0.0
22204,0.0
22205,0.0
22206,0.0
22207,0.0
22208,0.0
22209,0.0
22210,0.0
22211,0.0
22212,0.0
22213,0.0
22214,0.0
22215,0.0
22216,0.0
22217,0.0
22218,0.0
22219,0.0
22220,0.0
22221,0.0
22222,0.0
22223,0.0
22224,0.0
22225,0.0
22226,0.0
22227,0.0
22228,0.0
22229,0.0
22230,0.0
22231,0.0
22232,0.0
22233,0.0
22234,0.0
22235,0.0
22236,0.0
22237,0.0
22238,0.0
22239,0.0
22240,0.0
22241,13424.146076583736
22242,5563.995506174035
22243,0.0
22244,0.0
22245,0.0
22246,0.0
22247,0.0
22248,0.0
22249,0.0
22250,0.0
22251,0.0
22252,0.0
22253,0.0
22254,0.0
22255,0.0
22256,0.0
22257,4060.766995407897
22258,3841.3723320931717
22259,6754.370671919075
22260,3223.872148320721
22261,5469.547216634283
22262,4598.688400007792
22263,5075.383861292604
22264,5720.847889608715
22265,5002.399976830407
22266,3050.308964548187
22267,5472.9325086718745
22268,5404.665024930846
22269,3900.3862517479997
22270,7000.6535231710905
22271,5680.221649582161
22272,3572.3772726169827
22273,4267.896161127383
22274,6738.423905386529
22275,7710.146316587456
22276,5792.468339451831
22277,6731.4453427020835
22278,2966.953529807287
22279,5426.382841040206
22280,3480.023677001793
22281,7291.707892617495
22282,7859.536792533703
22283,10238.892866025864
22284,5844.050229030712
22285,2213.074196160305
22286,3958.978495180235
22287,6125.075832345839
22288,6667.9172112908445
22289,3977.0927816458343
22290,5653.130478734062
22291,5574.734917797095
22292,5059.7839069609
22293,2076.954795201685
22294,7669.07821433523
22295,4284.279010332956
22296,7664.758875799947
22297,6413.480656626081
22298,2799.6944420222126
22299,8405.68366885062
22300,6367.194915566167
22301,4507.8891809771385
22302,3292.479851343428
22303,7311.246431101469
22304,10165.580138194437
22305,6243.253663297404
22306,5801.067479111392
22307,7356.277949563853
22308,7014.88885483364
22309,5412.807513466545
22310,5691.089031037298
22311,2222.6131589434513
22312,2551.435472702142
22313,3849.5678909631756
22314,6103.990097504379
22315,7479.144993295808
22316,7279.173916952269
22317,3866.2261112285623
22318,8225.215578153713
22319,8409.990668119926
22320,4739.807706760717
22321,2473.564875002247
22322,10193.968938155
22323,2920.9500487632454
22324,5092.708167972977
22325,5884.414817868151
22326,3987.7188101885336
22327,5166.628243211573
22328,2657.452118274159
22329,5360.962357181061
22330,5429.992966206567
22331,5819.389884450153
22332,8396.02090306181
22333,6637.206866817617
22334,4545.866137048709
22335,3169.652566483882
22336,7224.165009836931
22337,11767.5111843741
22338,4878.646057952708
22339,2873.815137588401
22340,6238.427818105956
22341,5306.427524544029
22342,6182.069627964399
22343,9197.26626643929
22344,1838.1523031933991
22345,7340.1434167586285
22346,4520.280334957859
22347,6256.668986537999
22348,7540.070963929065
22349,2331.3742499212863
22350,3978.373899044491
22351,5216.628603477655
22352,7398.895914279949
22353,7535.487283214524
22354,4237.727104281302
22355,4321.800418945817
22356,7661.3295607454465
22357,5823.808480474418
22358,5230.551073074669
22359,6256.998025305511
22360,5190.879588519208
22361,5909.419732360378
22362,4546.503394263451
22363,2812.5482865343997
22364,5058.027893802464
22365,5853.756186302374
22366,7301.294922321003
22367,6683.385522379657
22368,7400.848487363112
22369,4763.28300302574
22370,7267.022608340127
22371,2893.926144267141
22372,3073.088376941196
22373,7175.578642773974
22374,6906.641019628424
22375,6475.62619915682
22376,8788.968324825011
22377,6491.694606194886
22378,4854.385822371486
22379,6098.089427562908
22380,6792.23293688804
22381,4403.003394866362
22382,3174.156482239257
22383,4614.738745996828
22384,4545.438198238895
22385,4682.7243278683245
22386,2813.8268918204385
22387,4945.196910195856
22388,6903.857705515355
22389,5994.609987743796
22390,5561.558970954709
22391,2415.4467272338406
22392,5374.370086473049
22393,6731.210585718261
22394,3218.5009509211627
22395,5410.203668632461
22396,3934.347423994804
22397,4947.836832432214
22398,3852.950711498706
22399,3939.5161314534694
22400,4990.92678194595
22401,6919.395041669098
22402,7359.966832168795
22403,7141.944418524926
22404,14343.29106472973
22405,4256.6653786890965
22406,5141.601652085847
22407,9440.2844101263
22408,5255.990912847577
22409,7510.219406632557
22410,5640.846101466798
22411,5487.105721588072
22412,6572.544622848003
22413,5064.815994517699
22414,4342.31194084153
22415,7576.713096324481
22416,4784.447547247457
22417,2436.634679221814
22418,3162.611628178415
22419,7243.227366179053
22420,8872.953633631283
22421,6935.83931569375
22422,5462.772351785519
22423,4305.168000500789
22424,2902.4375551249664
22425,1419.929584845876
22426,3011.6858794603277
22427,5429.933834606762
22428,7307.048596398167
22429,4914.721237386179
22430,3813.417104513233
22431,7325.095015276439
22432,7801.451509047118
22433,6830.467514313722
22434,5529.903855545402
22435,8103.7793389563485
22436,8248.596085624336
22437,3271.441140545391
22438,4508.561928656439
22439,4794.069730925923
22440,5913.271093011033
22441,3039.2899157275065
22442,4767.6495544796735
22443,4260.128521186537
22444,8359.073056908823
22445,5552.24119938448
22446,6756.0357487987285
22447,6690.000418798127
22448,4791.384160952444
22449,7593.378155365701
22450,16274.013121577884
22451,8421.876760356632
22452,3476.1381255897513
22453,3095.8854772078885
22454,6229.138602217439
22455,5871.045609469506
22456,4965.613646029253
22457,8732.380369945233
22458,17324.1919251696
22459,4840.4931475083795
22460,2535.6883310019084
22461,10510.556794578357
22462,2902.3097686118886
22463,4722.578349931148
22464,2984.2902438530423
22465,5217.850307925226
22466,4073.7265672067497
22467,6912.083154883981
22468,5766.247259149894
22469,4477.599046205693
22470,9551.945102358703
22471,5920.0083927986
22472,5630.1086120735645
22473,7809.425025623292
22474,5720.2123403211945
22475,5818.066324615447
22476,9151.828258732672
22477,5662.094538336973
22478,5618.973326268018
22479,3538.256233804333
22480,3515.6750264156426
22481,5667.392702168193
22482,4341.023504235307
22483,4573.700118515015
22484,8346.16860388684
22485,9232.592108891362
22486,6697.491215959279
22487,3754.234336258071
22488,3935.9765225019596
22489,3870.173532857834
22490,4267.9191296714225
22491,5937.60030731128
22492,3272.6333167332436
22493,6372.769170992171
22494,4944.9482445212525
22495,7564.227042625557
22496,5376.549442288647
22497,4473.76125336107
22498,2748.8273889114544
22499,2316.922906453275
22500,8153.0732801266095
22501,6124.016375738683
22502,5038.829813188675
22503,12962.353976212264
22504,7461.66196114514
22505,3375.5957007042075
22506,5514.695168516221
22507,2263.061683400895
22508,3691.323368060093
22509,3663.529961132231
22510,3495.8051885976242
22511,8475.499592309574
22512,4575.817679786979
22513,8410.243803745503
22514,9888.192038103949
22515,5650.893531473633
22516,4966.086311126213
22517,3840.795022168977
22518,4481.19629327438
22519,4297.275774998365
22520,11482.757318476371
22521,5756.950701283188
22522,7120.653968629105
22523,3650.8478124373996
22524,5210.099439337278
22525,5628.088427581606
22526,8783.995156969437
22527,6590.960111877648
22528,4993.810140012766
22529,6220.325437462854
22530,4695.376185906055
22531,7527.771552165932
22532,6301.645929499296
22533,6821.861909764599
22534,7891.457052843013
22535,7040.825391662255
22536,7722.0999995078355
22537,3355.480966995541
22538,6019.149857362803
22539,4684.267346952426
22540,8788.465668843248
22541,6734.827628440726
22542,6747.781866250645
22543,5761.619889940586
22544,7354.53701223215
22545,4767.411967199285
22546,5797.825859786293
22547,5220.733099875692
22548,3091.8512092702026
22549,11430.358809362551
22550,15468.215888260338
22551,7392.997397430291
22552,6159.518297182521
22553,6363.091865323246
22554,7300.603488887846
22555,7388.348799631201
22556,2317.212610328313
22557,3927.7157899257836
22558,5343.274382995071
22559,8270.378925415047
22560,2410.096218276041
22561,3651.0622096982393
22562,4966.841121689802
22563,5676.968414669212
22564,4555.095712734762
22565,3038.475941350776
22566,2710.4221030482913
22567,7475.28811593668
22568,4376.389775603503
22569,4526.262105323386
22570,5184.423958052774
22571,4516.30744384835
22572,9320.47104229821
22573,10646.080467909984
22574,5619.214434333096
22575,7053.3390696286015
22576,6272.242543904779
22577,9504.61192479287
22578,4311.716663963168
22579,2488.013226219866
22580,5490.626277745893
22581,11573.621059781108
22582,3650.1311878317865
22583,6268.358901939608
22584,1843.6250186766576
22585,3440.5519842500103
22586,6325.069380800287
22587,6770.3504517005385
22588,5483.527354657408
22589,9009.46311552585
22590,8249.798254802212
22591,7594.844598974075
22592,4112.41659364749
22593,9826.440566766727
22594,1343.6946843852347
22595,3323.7424540408892
22596,6005.246678431107
22597,4667.095067469236
22598,8737.863007163693
22599,2149.2194084654275
22600,4748.422979118384
22601,4799.731678293245
22602,8039.921698285212
22603,9679.623153707187
22604,4978.295586618639
22605,2672.097705621852
22606,8739.499898369968
22607,8439.106946368058
22608,3873.775423139058
22609,5750.448733311072
22610,9224.308102078754
22611,5103.563927796991
22612,4747.727358076344
22613,3446.282271152149
22614,7561.336186159325
22615,3651.9346181182614
22616,10979.064245753461
22617,7073.090129498632
22618,10473.352780361864
22619,7067.6369038243765
22620,4345.9110984129775
22621,1619.1789694284362
22622,5254.741225212702
22623,6263.4524827485175
22624,4878.170673599193
22625,8188.932402408746
22626,6092.422779058941
22627,2337.5455331205744
22628,6890.33476539276
22629,3127.2363647649554
22630,8741.705207181727
22631,6802.215982970161
22632,6657.230958872426
22633,7349.037312241346
22634,4846.541369024994
22635,6402.473984053509
22636,7250.7916204971225
22637,4859.013586542355
22638,6808.965762730396
22639,3311.650933571034
22640,8159.814340923014
22641,5922.043084028697
22642,3266.180129071304
22643,4262.010303458312
22644,7263.375007234558
22645,5234.246884673143
22646,3641.3757705941657
22647,4569.051979308186
22648,5181.249520593182
22649,4951.311005617446
22650,5164.247269406286
22651,8579.92911191995
22652,3712.0123531236386
22653,3046.7736904992353
22654,5943.126163759052
22655,5279.438210469191
22656,3078.4823436823935
22657,4916.880711288754
22658,8783.869579910732
22659,6539.761563147752
22660,9569.693178493406
22661,8110.572064885294
22662,7207.218675971825
22663,6378.553355675423
22664,4032.769183460981
22665,9806.827911910133
22666,7661.725351896066
22667,6999.322898050077
22668,4627.8969388775995
22669,4498.678337762621
22670,4830.388380538968
22671,2080.6834418365156
22672,11798.264118879024
22673,7133.2655403320305
22674,5043.940309557887
22675,5560.916641027412
22676,1355.0195582704823
22677,7309.444001912581
22678,6136.277704095112
22679,4268.491126339581
22680,3295.6132463139197
22681,5190.990520040469
22682,4505.260156555854
22683,3751.2811095297925
22684,9701.47072285229
22685,4947.390270464613
22686,4815.193985779345
22687,2971.763460405183
22688,2360.3495177804284
22689,4652.246685137456
22690,13165.016704805323
22691,3325.557013821891
22692,5497.004801845826
22693,4608.544424834176
22694,3635.3343552551814
22695,2755.366541875045
22696,5665.704029580864
22697,2324.329897482218
22698,9418.938463402059
22699,5324.15954052458
22700,2974.903770674402
22701,8311.402372337952
22702,2299.2024608676284
22703,4005.9333310504853
22704,9658.351431240602
22705,6981.498058924425
22706,7795.29427613174
22707,2168.4299219564914
22708,3926.27423168256
22709,4486.496296701118
22710,3452.5842590096336
22711,13569.973035608904
22712,11142.057803869651
22713,4874.301838200687
22714,2721.6490756574385
22715,5740.342972853535
22716,4237.745876545774
22717,2182.2478416840527
22718,6411.429086366073
22719,4578.85260917593
22720,5955.108577935257
22721,6625.553772644716
22722,4696.925653762251
22723,4470.881151185261
22724,5672.338275686338
22725,6516.991590329456
22726,6923.558427318542
22727,2461.4207940941947
22728,6126.789269741358
22729,6563.720681179024
22730,7022.038639284864
22731,4952.382507919674
22732,7353.7807466080285
22733,2905.6993663886924
22734,9386.730773917065
22735,5033.815548652447
22736,2480.8830792832264
22737,3904.216041202942
22738,3832.99796977904
22739,3987.217632481404
22740,7061.910592529321
22741,3348.93605302175
22742,6128.895065815272
22743,4362.056806449238
22744,7308.1937340032355
22745,7584.145541037432
22746,5597.552138121532
22747,7829.06458464813
22748,6434.548883009567
22749,2151.4788294228683
22750,10754.66510078677
22751,3012.1053797177856
22752,2625.4546943769146
22753,5084.14747818407
22754,9447.66799925359
22755,9235.04116097789
22756,4572.28858761167
22757,4331.26637078829
22758,6459.185854902362
22759,6138.909589985189
22760,4337.1757001280575
22761,7287.090453057964
22762,2396.8542348061405
22763,3587.0119736313195
22764,3539.322636698028
22765,3416.182622768295
22766,3276.5368485625145
22767,7032.666374010021
22768,5777.887033854681
22769,6536.384556276539
22770,4473.948483484015
22771,8140.369623504697
22772,7217.145668333758
22773,5221.585671045321
22774,5710.478759690437
22775,5767.492652459202
22776,6930.694779579405
22777,4489.482664191974
22778,1857.4253649684044
22779,6090.125231094072
22780,6599.951532819859
22781,5569.784160403682
22782,4903.620593439841
22783,3549.5931081297304
22784,9402.512217268197
22785,2730.0009707771733
22786,8213.964664894378
22787,4747.631259800378
22788,4094.061464703185
22789,7007.442816710879
22790,3570.70115827466
22791,4504.691721885405
22792,8776.075830298149
22793,2488.6653242575367
22794,6716.5396354667655
22795,9297.107519485762
22796,6416.656462025927
22797,2352.767152062778
22798,5955.146321289456
22799,3672.1294589527583
22800,1834.466980473143
22801,4264.511957002744
22802,6175.124203442415
22803,4513.413776101616
22804,5365.2250456954125
22805,4978.984460619188
22806,5122.53935536441
22807,6949.737386019827
22808,5204.617947873211
22809,6400.439475068781
22810,3896.652091883888
22811,5142.309211801273
22812,6161.256237075157
22813,6063.297532978511
22814,7322.258677671269
22815,5846.258709962863
22816,7738.787925455085
22817,5175.087595126954
22818,4989.391907182348
22819,2801.544631273032
22820,5599.202044771345
22821,8096.810894317791
22822,5662.652643213357
22823,7181.318495156385
22824,12905.456467251921
22825,2726.358614002016
22826,4410.509507472281
22827,3450.185896666448
22828,7481.256092024173
22829,9574.205574851252
22830,7542.61139734632
22831,6951.731788111089
22832,6800.377852386755
22833,7865.641026883991
22834,6176.231682852791
22835,5027.944574636022
22836,1897.0845460377795
22837,4899.634366674304
22838,2839.503078215699
22839,2756.537476011468
22840,6087.4275472548925
22841,15578.629108149229
22842,5471.479336755109
22843,3122.2143928231135
22844,3954.266966287238
22845,4391.399793902988
22846,5255.321252519822
22847,2039.876887843739
22848,6172.753068834157
22849,7079.1493027060405
22850,3204.7676419007817
22851,10580.626424730368
22852,10196.621039607087
22853,2682.800568656579
22854,5389.634282758942
22855,3441.1976067242513
22856,3496.474230232111
22857,3833.001669586845
22858,8258.8423434759
22859,3481.673658563057
22860,4487.321577061175
22861,4769.895801736657
22862,4665.81413369837
22863,4388.403690604316
22864,6726.281903555777
22865,3112.2454290916644
22866,7654.628875336118
22867,5919.378790187655
22868,4354.299083016009
22869,3670.8310400950354
22870,3616.6930161480277
22871,4335.727584279807
22872,5157.41617068885
22873,8700.069192566847
22874,4395.495662863488
22875,3960.04784802839
22876,6135.271716788902
22877,4380.805485976256
22878,5788.772692321172
22879,4695.213282422659
22880,6243.130894259383
22881,9480.14947081378
22882,5966.763786059322
22883,5694.789008617613
22884,3263.009443287988
22885,4884.720290326447
22886,6275.981631514485
22887,3168.1352499697305
22888,4735.774945748764
22889,4575.234135828038
22890,11204.25145257712
22891,6815.859086980542
22892,3706.2316600141116
22893,4633.0557643824795
22894,5174.055262970391
22895,5695.794720851359
22896,5274.423578010488
22897,7872.701930813612
22898,6483.362613475882
22899,4787.855023611287
22900,3666.204369530204
22901,2059.5774977403507
22902,2882.6216852950583
22903,20554.07911699108
22904,1935.5536160620334
22905,4930.093649726428
22906,5098.99675960309
22907,5608.304489222552
22908,5134.955638454923
22909,7840.409288094154
22910,5097.265382665851
22911,6015.390094401955
22912,2346.5473011765785
22913,7887.980393252332
22914,4028.2172534940323
22915,6145.577085135427
22916,8702.484349135471
22917,4770.9723861132625
22918,8575.303537957012
22919,6185.739458283037
22920,3307.4215120228605
22921,5214.408335596886
22922,6401.600392024057
22923,2531.7246130479316
22924,8159.485018894666
22925,6337.3716283275
22926,4670.853855530191
22927,9394.643566244818
22928,7311.101970329159
22929,5545.289948545667
22930,4280.234205810082
22931,3599.2619496768725
22932,4915.41436109419
22933,3621.9293242250224
22934,6156.0564103746665
22935,2143.235418062434
22936,5172.74547163627
22937,2459.0208673541397
22938,6008.867129825486
22939,5088.663181888626
22940,3825.042797920782
22941,5148.786318484224
22942,8145.57946948946
22943,5879.751524332514
22944,5876.008935217825
22945,5620.365470777967
22946,4737.810935197486
22947,9514.073618792605
22948,6230.339450433297
22949,3393.7450627714015
22950,5949.287368099903
22951,4764.349681598035
22952,3877.6439019863305
22953,12507.547013681642
22954,6087.242634610603
22955,4517.419001218641
22956,8667.697242173432
22957,5940.278507862317
22958,1916.2303767752198
22959,9976.183453465721
22960,7545.172897496959
22961,6082.64050109737
22962,7370.548581450646
22963,5894.150957784953
22964,7788.962159496079
22965,4418.815057798909
22966,3544.6138536255694
22967,4207.579605746594
22968,6270.049642492535
22969,6921.291176892196
22970,2319.2956006270892
22971,7432.769832283699
22972,6537.314365377155
22973,3883.2370181903007
22974,6179.159634740315
22975,4305.181877112898
22976,6058.672173280327
22977,3690.944340015778
22978,4644.190289729196
22979,4401.076065840734
22980,3315.9095439957396
22981,5306.968850947424
22982,6751.430280943442
22983,7322.4623539432205
22984,5534.9652206555
22985,4754.416245420874
22986,6261.234485424746
22987,6408.112715038291
22988,6530.989864420743
22989,2746.1520369115
22990,2418.4804334313476
22991,8003.062121663877
22992,6173.185664450691
22993,3676.9696221945037
22994,6622.05502685526
22995,6541.427216400467
22996,5075.39961488469
22997,4420.905957957883
22998,1400.4359241428074
22999,6389.292125179046
23000,5283.087070532688
23001,4823.0941997991595
23002,8746.795039497065
23003,5900.286245533894
23004,3288.063203247504
23005,4623.705499920745
23006,3137.606947756538
23007,1243.1543716375204
23008,4816.364784018828
23009,10624.390184427035
23010,4930.114170050926
23011,3858.5342427881606
23012,2801.6417287132567
23013,4461.625034647549
23014,6524.93726204
23015,5423.973182254246
23016,8777.99529794159
23017,3612.9337660639826
23018,4356.662012176784
23019,3801.807701447547
23020,5593.512758165109
23021,2739.6547176166264
23022,2209.238028027526
23023,4395.26050825688
23024,3973.734095746838
23025,6785.8070188638
23026,3696.4057649222564
23027,5572.79360237341
23028,4665.791458119231
23029,7097.9548420682895
23030,4693.343658403502
23031,3981.937276650682
23032,9924.145672856965
23033,5660.579566128249
23034,6211.029805327683
23035,1548.8793922550317
23036,4549.335471658224
23037,5383.041163363192
23038,3899.2887090122276
23039,7694.892066250954
23040,8468.003443926227
23041,5366.765440649819
23042,6118.298028329031
23043,5854.672747043032
23044,6654.391352226882
23045,10291.505171110317
23046,2875.4764390234063
23047,3889.514891299414
23048,4899.332825359432
23049,4755.680139095363
23050,6056.209411804882
23051,6828.348666882699
23052,5799.172439433702
23053,6097.601135049114
23054,2378.0600830325493
23055,5712.966026850011
23056,7524.993487971123
23057,3025.7249430847223
23058,6346.52988126621
23059,3245.7507174100447
23060,6484.278915979511
23061,5575.984026205408
23062,4369.982918337706
23063,5051.784056463682
23064,3743.1397141196853
23065,5035.7733878839135
23066,6096.799654602472
23067,4317.706460764936
23068,7681.870162510501
23069,4704.353610994561
23070,8517.73937076862
23071,5168.064335866924
23072,3163.6146416374077
23073,7386.455964431797
23074,3389.934759320649
23075,7818.53604243176
23076,5824.753942128156
23077,4895.398171530888
23078,6658.663487165723
23079,4250.544398918288
23080,4103.432401438134
23081,6260.384715243101
23082,3016.8975219808094
23083,2493.464351429846
23084,5413.341688478153
23085,6084.010239061147
23086,10346.969360867244
23087,5661.855767161391
23088,5153.723841133155
23089,3089.2308708157625
23090,6187.454987985115
23091,2624.1130995009157
23092,9168.716454582545
23093,6878.131389189978
23094,12996.717993402068
23095,5563.155803963692
23096,4614.365591408091
23097,7396.688129603509
23098,7592.773837963108
23099,2608.5413685809403
23100,8329.813264410748
23101,6606.875394110635
23102,5737.0092186655465
23103,5979.0681692355165
23104,4418.580590836863
23105,2852.9277802646548
23106,5272.236524355694
23107,3982.19703927152
23108,2309.6029848475614
23109,6764.698333744426
23110,5091.960267931259
23111,22821.15710771202
23112,6835.411572349525
23113,4821.522191289007
23114,7118.791962315351
23115,10138.990408104639
23116,6349.80855335178
23117,7427.24149442143
23118,6327.639086898519
23119,7338.060641891268
23120,7372.7956790469725
23121,5171.930057147368
23122,5369.379449639143
23123,7112.945923809546
23124,8143.769529220882
23125,6962.981142159246
23126,8397.714381053853
23127,6171.878671717054
23128,5064.121070965232
23129,5782.410411999528
23130,9934.33218327633
23131,9984.034886044636
23132,9001.851052326481
23133,7758.2790652076255
23134,4039.8924610984322
23135,6159.963937485428
23136,4582.50433337844
23137,7973.7435991746215
23138,10328.412032123324
23139,9853.289118961933
23140,6261.266753509654
23141,5028.015031968161
23142,4914.707727957537
23143,5962.783864914225
23144,9826.084154799528
23145,6419.6485221040475
23146,5914.751267688397
23147,5515.20842807438
23148,7116.981569858468
23149,3408.147304256897
23150,8299.827736034687
23151,4991.283995466241
23152,7312.9835406642005
23153,6338.1640492851475
23154,5761.806763627501
23155,8434.8201510415
23156,7453.076669318669
23157,5649.93392613353
23158,6600.92331215505
23159,7818.164638792182
23160,11183.762679914864
23161,6981.428233782109
23162,8479.789696654898
23163,8267.558921298687
23164,9135.346367368682
23165,7146.3823766189
23166,8801.550361684009
23167,4734.296377866336
23168,4805.184233983935
23169,5907.064246614044
23170,7083.755143749627
23171,9648.901943544603
23172,8037.380193041574
23173,6081.151718312165
23174,8225.9068113568
23175,7284.463343378096
23176,8935.056422467598
23177,3781.493873022312
23178,12358.985220515595
23179,4588.8250263845275
23180,6189.847782755794
23181,8124.528031484744
23182,5031.848926753191
23183,6346.8357496525305
23184,5872.777364868404
23185,7593.82256445679
23186,6042.518913336741
23187,5631.253903874872
23188,8115.838722463447
23189,8009.205144658567
23190,7083.930776866381
23191,5538.881299645416
23192,7630.311803598021
23193,12003.842987333224
23194,6793.026330697732
23195,5297.572479436625
23196,7272.965144836285
23197,6682.451656973186
23198,5937.892194452236
23199,8128.204903462711
23200,3848.4131812815795
23201,8533.423021986167
23202,5996.720326790831
23203,7435.119478209043
23204,9681.75065071364
23205,4649.091765567301
23206,5807.296571978815
23207,5967.201174014247
23208,8261.485855612884
23209,7999.786809786825
23210,5308.941264406123
23211,5011.920407118095
23212,7561.646767423343
23213,6495.772356121273
23214,5794.181786002906
23215,7091.609773947759
23216,6618.259143724705
23217,7498.997385053003
23218,6027.45268045128
23219,4610.155811682173
23220,6441.70705427182
23221,7700.211450331891
23222,7627.111409082334
23223,8190.343930894922
23224,8244.74454817532
23225,5788.788456630824
23226,9421.772846956857
23227,5681.123604848993
23228,6144.279006737062
23229,9286.27112475279
23230,7093.003059454807
23231,9660.112342178443
23232,8797.02094845635
23233,8048.6301571787
23234,6070.547625814087
23235,7443.808598461389
23236,8124.044353907374
23237,6771.082905781689
23238,4337.759025658629
23239,5872.423695245106
23240,7958.660609782784
23241,6010.828507964215
23242,4506.963216064492
23243,7646.620762294934
23244,6712.601572542734
23245,6202.150177840438
23246,6169.824937432738
23247,5145.523136816811
23248,7365.773312207876
23249,7305.467503626605
23250,6102.382173822242
23251,5989.027822037833
23252,5330.144099664225
23253,6689.2136075572225
23254,4084.4864537564117
23255,6521.395818165495
23256,5964.240833134003
23257,8369.778944113925
23258,7706.105234695672
23259,6511.318501189947
23260,12770.016143118188
23261,5572.697950601408
23262,5926.035309172958
23263,10138.044734231682
23264,6963.338446292263
23265,8587.646942868012
23266,7416.306014443027
23267,6132.641264836902
23268,6986.359187861558
23269,5917.678901577818
23270,7384.459722109082
23271,10961.03937759954
23272,7321.737972338152
23273,3260.6193411410554
23274,4942.198270799174
23275,8698.003000409433
23276,9628.159107456531
23277,6070.735340073248
23278,7027.552476060079
23279,5152.670125706427
23280,4878.609680134134
23281,3461.528902060708
23282,5031.374859904285
23283,6677.612009041039
23284,7730.380787600501
23285,6838.076140451483
23286,6191.47239763036
23287,8353.95102559609
23288,9451.35959155839
23289,7734.871691611149
23290,5341.589557820417
23291,9809.415696320928
23292,10053.052068958745
23293,5643.299607233556
23294,7282.397767622092
23295,5600.49331039928
23296,6992.575797464649
23297,4301.955228812937
23298,7090.284378250765
23299,5657.17755437194
23300,9618.649003637149
23301,7322.564949267665
23302,8413.35175682047
23303,7924.368145872475
23304,5826.428728614848
23305,9153.651288214383
23306,17969.38114529337
23307,10385.8608344764
23308,5936.757957960746
23309,3280.332282808825
23310,6790.796450332221
23311,8085.52249163405
23312,6177.5150687158275
23313,12554.406941281897
23314,19935.071844453265
23315,4551.459636483283
23316,5703.448065926337
23317,10032.713442896244
23318,4965.192402882798
23319,7685.166511856986
23320,6405.407952484085
23321,7628.518214630184
23322,6182.05770593156
23323,6378.899559943514
23324,6112.617525785933
23325,7327.882829628797
23326,10138.247572571041
23327,7117.028032803362
23328,6524.636828032192
23329,7404.825562639495
23330,5354.921972538351
23331,5946.017337916647
23332,8077.867335396681
23333,5519.359596325035
23334,6172.290807944121
23335,6952.8320953155935
23336,6411.541630699589
23337,6435.941977878767
23338,7318.925930043287
23339,7292.879810307924
23340,8423.478020316657
23341,9998.47801772222
23342,7669.308326173345
23343,5802.617289001482
23344,4379.743454811123
23345,6534.776047453152
23346,6746.615822956209
23347,6523.166528021151
23348,4985.277840988538
23349,8453.128456904724
23350,7022.293857064294
23351,9959.863908106296
23352,7018.817987468396
23353,5929.203154352357
23354,5280.815577175415
23355,4722.872367929338
23356,9975.309459120026
23357,5790.160178327066
23358,7495.347943081564
23359,15534.5283309711
23360,8106.482486488143
23361,6333.676166309628
23362,6058.867471001849
23363,4573.7910433203015
23364,6970.440049482667
23365,4223.023460925723
23366,5751.154451021744
23367,9900.020452970497
23368,5656.486733007746
23369,13794.010088434137
23370,13084.874944975674
23371,6177.043182161944
23372,7086.515608399835
23373,5773.297611411215
23374,6808.816487701746
23375,5732.058376939248
23376,11509.707213685044
23377,7602.948993472004
23378,9338.701009321674
23379,4677.606170166663
23380,7577.449972894631
23381,6085.842095848397
23382,8816.993043930664
23383,7354.968662026056
23384,6473.089006549505
23385,7150.328185879123
23386,7189.776208650407
23387,8240.045129328091
23388,9047.760989901462
23389,7164.609292938977
23390,9989.088323419533
23391,7218.311515516675
23392,9385.371592544932
23393,5774.535414872278
23394,5674.273432893411
23395,5749.736561455827
23396,10316.001170986454
23397,7087.361738599029
23398,7959.246622021822
23399,7060.262007660616
23400,9060.40037521988
23401,5285.355880498304
23402,8447.872979211183
23403,7141.882396417527
23404,4439.350682345798
23405,13489.765609744316
23406,16790.810645659294
23407,6815.405324643359
23408,7431.881444659355
23409,9481.524420490376
23410,9810.375302773135
23411,10360.574427390584
23412,5537.797133554908
23413,6994.993365672718
23414,6420.158599423528
23415,9129.90776354285
23416,4048.319404884282
23417,6056.728288431792
23418,6021.378677182452
23419,5790.149639052823
23420,7618.253641140331
23421,5645.447988946636
23422,4808.903226856618
23423,7690.840127685056
23424,4738.952787612998
23425,5691.404954344909
23426,6488.077347511537
23427,6218.811971537319
23428,9949.72469400587
23429,9319.527572697376
23430,7014.282702649338
23431,7380.1523802703705
23432,6875.240998056042
23433,11233.4726600579
23434,6939.178535535115
23435,5539.01376361023
23436,5370.663174559186
23437,11243.608775624936
23438,4629.732200453384
23439,7376.4750351533985
23440,3611.601122968151
23441,4979.183725476495
23442,7964.436543358325
23443,6528.356810874794
23444,5572.169084985288
23445,8819.860233236726
23446,9750.974806980807
23447,12024.516949685392
23448,6750.181120105088
23449,9818.243721951723
23450,3180.1351449332446
23451,5776.706718289532
23452,6797.456296176714
23453,5288.766076696275
23454,9171.256259011276
23455,4948.36298021462
23456,5501.345344308334
23457,8300.991594607496
23458,10537.826134334122
23459,9900.672537560835
23460,5966.1345385234545
23461,5132.117577959923
23462,11594.648548224084
23463,8306.490897426303
23464,5758.035336699645
23465,5746.3345197157305
23466,7863.9088267569805
23467,8906.922043240449
23468,5237.825220351548
23469,5721.879136809935
23470,8311.139372998701
23471,7491.937348736322
23472,12742.445804230008
23473,7063.030814600549
23474,11772.277399019295
23475,6871.172216741751
23476,5700.798579605943
23477,3491.9567191356364
23478,6329.707481671385
23479,6216.206505990813
23480,6187.941817621494
23481,8291.229134971554
23482,5629.296154243062
23483,4732.248280595141
23484,7721.162399845723
23485,3782.733119769099
23486,7693.75847352047
23487,7404.8820516721935
23488,7897.48834674358
23489,8699.101677892868
23490,5998.0259959664
23491,9045.521763180393
23492,6698.921535386706
23493,6056.6448579501275
23494,6421.551831749338
23495,4998.641788659066
23496,10081.255812495927
23497,6958.998794600017
23498,5067.16169830928
23499,7255.665063153015
23500,8528.419169480747
23501,7474.261947165426
23502,6173.213069409201
23503,8050.110982087573
23504,6175.970845472921
23505,7191.415947995706
23506,5782.157187094814
23507,9442.723124059099
23508,5967.36061674803
23509,6509.064664862388
23510,6495.503572141938
23511,6027.467995381667
23512,4767.559932056276
23513,5961.485360120827
23514,9670.680754960853
23515,9195.05237266711
23516,10532.359910744688
23517,10656.22471455307
23518,8663.731894008719
23519,8405.090247786378
23520,5221.720692983565
23521,10475.214135227126
23522,10958.870984633242
23523,7842.049855415972
23524,7913.067075028914
23525,8412.335247632338
23526,6288.119352218344
23527,3794.0235256417586
23528,11503.40438748962
23529,6935.990231543969
23530,6826.289330412269
23531,6090.8333040726975
23532,2754.324676677788
23533,10491.810594082215
23534,6378.628593580525
23535,5066.698155118706
23536,4999.146935385411
23537,5762.31847513791
23538,6672.637887858468
23539,7494.791258736848
23540,7645.674647421005
23541,5990.676882030694
23542,4874.725299453361
23543,4249.636717849596
23544,3509.630407194564
23545,7310.76103959966
23546,17484.67508826348
23547,4524.07788964714
23548,6271.729052098973
23549,6665.854212022529
23550,5420.175773102736
23551,5302.925897638202
23552,5993.745905748923
23553,4178.881258783135
23554,8015.727481074586
23555,7280.124956881238
23556,3897.461924912386
23557,9709.83389924088
23558,5489.965355049529
23559,5204.7555125397
23560,11664.259316705607
23561,7734.830412841644
23562,9400.05339744635
23563,5262.657662469802
23564,6214.507336631155
23565,5333.687800448342
23566,5270.1788974439705
23567,14375.768154329164
23568,10292.39458731205
23569,6840.877395816705
23570,5500.782440094561
23571,6027.776533331598
23572,6399.41324171837
23573,4424.861140057767
23574,9696.097670712496
23575,5772.339348536658
23576,5694.2145239975835
23577,7993.415728716003
23578,5271.49438721366
23579,6547.056284801609
23580,7139.710980705313
23581,6683.930272232331
23582,7593.106870787734
23583,4132.587427540377
23584,6006.434038788323
23585,6857.704854882739
23586,9095.030473638055
23587,7953.996289884039
23588,7672.0836987857965
23589,4847.037418797842
23590,8663.12890345244
23591,5933.874802949493
23592,4849.051143741296
23593,7161.532765954591
23594,7072.604543306603
23595,6219.356868837482
23596,7222.947714977973
23597,6210.614026395784
23598,6008.465717748365
23599,5792.668282094851
23600,7525.948429432152
23601,6800.272211747879
23602,6928.417883320446
23603,9225.106302341084
23604,6150.91557507959
23605,4523.9042099905455
23606,11637.68728269061
23607,5432.754699359143
23608,3446.842595818097
23609,7567.535035404434
23610,8919.299270242442
23611,11180.77752840352
23612,5092.880713995523
23613,6356.836772151505
23614,6057.236280100967
23615,7250.230335055347
23616,6193.128066385192
23617,8646.783598123251
23618,3359.4861792182624
23619,5806.993807480052
23620,5881.190128549407
23621,5522.931632777273
23622,5437.571340121807
23623,7317.817497536768
23624,7517.3038348810915
23625,6653.243774581585
23626,7777.822944570052
23627,7592.436169102509
23628,8719.933383049081
23629,5208.561495701319
23630,6464.05868645332
23631,6983.3722077886
23632,8683.772657126163
23633,7986.884338937289
23634,3759.7326245752097
23635,9280.444886904217
23636,6515.3571686816695
23637,7472.15637543044
23638,5685.795819499233
23639,4615.609729784706
23640,8316.786770159817
23641,5891.971428578203
23642,9222.318878401313
23643,6935.594382397195
23644,5695.784214773618
23645,8222.079456318712
23646,6084.346670880826
23647,6369.102701205385
23648,8091.073069635342
23649,5690.536743732555
23650,9380.488092760217
23651,10395.489915560407
23652,7910.217818980447
23653,4858.718120086858
23654,5899.846637737022
23655,4775.109765866568
23656,3323.334127221846
23657,7833.022000064596
23658,5839.987024249549
23659,8567.717805790613
23660,5039.736889301678
23661,6159.406778314496
23662,6128.037484466679
23663,8709.305461723696
23664,5978.554950377329
23665,5779.444097093553
23666,5631.223583951609
23667,7398.004394288927
23668,5592.0574894317
23669,7610.385510727789
23670,7906.003054013153
23671,7402.9504014398135
23672,8642.591855572498
23673,7025.095894940394
23674,6255.330859595862
23675,4945.40672991346
23676,6018.850118632914
23677,10469.014359898894
23678,8776.686397501391
23679,9890.22785181204
23680,14892.376276485807
23681,5156.233420267274
23682,5042.090376198263
23683,6160.573653805032
23684,8557.483649674412
23685,9672.557333634202
23686,8046.051022353832
23687,8354.686854048616
23688,8182.029601737769
23689,7494.648176262203
23690,7099.16485910769
23691,6114.830268143933
23692,4839.961957081347
23693,5212.360708773997
23694,4084.02999661609
23695,5432.02393837803
23696,7689.759538114449
23697,16430.474291053102
23698,7287.726527176213
23699,5388.41264488902
23700,7294.9173783154265
23701,5102.9115451464
23702,6747.117678007238
23703,4513.47683366994
23704,9255.901516680384
23705,6879.129098451739
23706,6458.453933565247
23707,13073.98522585959
23708,12692.598458266002
23709,5070.507208199347
23710,7030.400594398591
23711,4454.88544725264
23712,5392.819945349357
23713,5570.1071382208875
23714,8393.678632069628
23715,5082.776573520549
23716,5061.5742078787725
23717,5595.623232703585
23718,5964.590656207869
23719,6696.98347888775
23720,7427.600468582649
23721,4446.307031405715
23722,7729.157937703847
23723,8573.508644302276
23724,7268.275295543549
23725,5155.397238689596
23726,4733.615762234468
23727,7812.557868446134
23728,5021.828950806556
23729,9765.648259551552
23730,5069.683848100279
23731,6159.981591500237
23732,7216.184148936327
23733,5885.329123116542
23734,5354.389258877606
23735,5616.656583725497
23736,6520.289956856609
23737,9976.64551871206
23738,9365.207702947864
23739,6341.699333481551
23740,4416.861773829243
23741,6331.101457509731
23742,6020.707688650358
23743,4869.275875470663
23744,6004.567195095755
23745,5977.370530227975
23746,11882.385372334806
23747,7660.3321818841305
23748,6221.2427636819875
23749,7313.22352640542
23750,4999.177670501762
23751,8673.819701164563
23752,5962.924119198621
23753,11941.277558082593
23754,7015.726047281571
23755,5814.528379928118
23756,5719.9807688932215
23757,4484.364746151645
23758,6289.934097020571
23759,20575.41540223187
23760,4435.0508953858725
23761,5660.436908963715
23762,9184.544844634685
23763,6978.9578794914205
23764,7264.644469518671
23765,8670.833004919628
23766,6308.376653035037
23767,5535.505292207434
23768,4645.259982911226
23769,10074.839611203031
23770,6518.210976269485
23771,7296.269596986962
23772,8446.029566286712
23773,5325.231669610122
23774,7849.40004338787
23775,6967.530440563916
23776,4504.875480775258
23777,8336.115687142361
23778,9824.75526335479
23779,4909.847932934555
23780,7978.469317411553
23781,7481.041719945815
23782,6081.918544674143
23783,10097.649639165202
23784,7414.980567607577
23785,7529.97047326642
23786,5154.080848914431
23787,5151.601949289354
23788,7074.171617290962
23789,4755.749260275727
23790,8409.522151133968
23791,4469.279858535927
23792,6335.248794221246
23793,4731.3681366470355
23794,6062.678793740433
23795,5923.162804871783
23796,6813.017367837549
23797,7110.68630703599
23798,8945.849420216786
23799,6051.81051382394
23800,7635.816192446345
23801,6102.690893256468
23802,8188.707945678722
23803,10447.651148553397
23804,7264.730475370562
23805,3622.8441334482454
23806,6418.383085794202
23807,7074.681052526482
23808,4064.7592427913764
23809,12017.648134003017
23810,5921.997643369967
23811,6686.729403597619
23812,10710.017985823422
23813,7090.725179151529
23814,4384.247041746099
23815,12951.468435879799
23816,9911.794165296109
23817,6366.415179323833
23818,8982.512170982183
23819,9063.410731609985
23820,6654.609617687122
23821,6053.250987504128
23822,6736.401733837836
23823,5664.095581497451
23824,6156.357255053757
23825,7550.314113511956
23826,4496.647393125366
23827,7424.358456603769
23828,7717.1511810144775
23829,6365.197720264917
23830,8152.482678526257
23831,6147.2544483459205
23832,6954.853377102968
23833,5794.10518767039
23834,7878.4718084718115
23835,6966.189062343768
23836,6217.04190590158
23837,6842.882920801272
23838,7483.962556314351
23839,9590.299202287688
23840,6124.89839025087
23841,5344.889896883368
23842,6973.892246301901
23843,7568.707385458009
23844,7292.435196117215
23845,4536.751480338651
23846,4520.749420916798
23847,7533.290983997215
23848,8491.32121857003
23849,6259.215474775419
23850,7803.887424203603
23851,6353.776845082638
23852,6592.518043611777
23853,5432.5748490033175
23854,3255.025773194656
23855,7336.25147232265
23856,6824.373987783774
23857,6421.326726463235
23858,9419.667811562707
23859,7948.0637313686075
23860,4745.1949532588005
23861,7729.650211485232
23862,4466.556574144058
23863,2910.820635279439
23864,7059.3047664300575
23865,11881.722433514973
23866,7504.649786683827
23867,7004.109342116586
23868,4746.939829763367
23869,6526.447240249734
23870,8136.335741734674
23871,6319.415459875972
23872,8986.307692594513
23873,5016.727601817772
23874,4967.543910107355
23875,5417.1641097524625
23876,6038.908427765004
23877,5094.8478441328025
23878,5010.310186083677
23879,5611.304112191808
23880,4963.273187011178
23881,6964.472293294481
23882,7077.431804238
23883,5575.711340022452
23884,6455.359693514765
23885,7702.716938283542
23886,5898.544825034066
23887,4933.651752337917
23888,10094.407279981646
23889,7327.993423191594
23890,6001.095620076662
23891,3800.705545672357
23892,9973.192291744273
23893,6827.7277353080735
23894,5776.692900710516
23895,8924.89418219913
23896,8153.488087820093
23897,7276.227730013639
23898,6443.030203139764
23899,7363.860877868277
23900,8953.11021437393
23901,13154.923441405355
23902,5165.803826741867
23903,5183.055578532807
23904,5705.690196652434
23905,6621.04444545889
23906,5808.370492658253
23907,7915.832023210663
23908,8548.030393950781
23909,5951.121208052396
23910,4430.867158887786
23911,6183.608746634803
23912,11009.413747152596
23913,5359.6288628051025
23914,7689.47724252473
23915,4031.5918713859596
23916,7523.724261834095
23917,8012.751440329417
23918,7369.2268923261945
23919,8001.520113021871
23920,6694.101373976282
23921,5391.576502208675
23922,6478.2363793366185
23923,7267.8144743673
23924,8650.45288505431
23925,7486.158252050646
23926,8863.470981435157
23927,6462.0147727847725
23928,4523.727297695682
23929,9600.952322508823
23930,4584.852054456578
23931,9536.263845492102
23932,6134.381963699232
23933,5231.615626289792
23934,7348.215461091897
23935,5942.620409214594
23936,7401.515129336362
23937,8305.49691216478
23938,4029.719535409806
23939,4600.586878106366
23940,7705.972522003398
23941,8570.000437622244
23942,10248.33146739474
23943,6305.045841062584
23944,6538.781488647608
23945,5978.343773918596
23946,7008.436092750024
23947,5203.8494839629075
23948,10252.511891393931
23949,8848.599657338342
23950,12105.406353874858
23951,5067.248330945722
23952,6115.102017338809
23953,10971.449600353324
23954,10306.163904821553
23955,5052.387279158406
23956,10122.346035776767
23957,6464.032226431852
23958,6353.04581876444
23959,5554.304937872076
23960,5594.834198399263
23961,5214.84918349108
23962,6561.000735000825
23963,4988.230446713645
23964,4935.387172367322
23965,8327.575292184754
23966,6881.636497608958
23967,21701.081782930003
23968,7327.339850444497
23969,4903.5601232450845
23970,7276.23989635113
23971,10857.806139562917
23972,6713.704352294588
23973,7634.041727025384
23974,6442.615623069805
23975,7414.137509367128
23976,7658.333440872751
23977,5301.441861883443
23978,5411.426375658272
23979,7081.370618669784
23980,8282.217171216917
23981,7007.130149062244
23982,8888.830451674285
23983,6148.493687186785
23984,5030.572647194518
23985,5763.161985113512
23986,10042.273989284917
23987,10200.366726864739
23988,9294.370204729808
23989,7811.819522552112
23990,4438.634919356428
23991,6119.629162929443
23992,4701.966110458799
23993,8054.513339122926
23994,10346.769418058306
23995,10252.756505451855
23996,6308.877414951148
23997,5133.093793246226
23998,5061.223368257616
23999,5851.602847751608
24000,10014.300993104545
24001,6351.11913458539
24002,5845.012193337378
24003,5431.19262587579
24004,7258.5781286309175
24005,3417.3354937278523
24006,8255.397244060467
24007,5030.517774415595
24008,7290.540076028949
24009,6362.02345367926
24010,5795.892438795516
24011,8431.331505234035
24012,7465.909601178183
24013,5755.491605745779
24014,6743.418839958708
24015,7540.86540749931
24016,11244.059385817824
24017,6980.902390094165
24018,8784.25601038393
24019,8564.68094266828
24020,9217.851051165364
24021,7040.234013889684
24022,9042.726492013448
24023,4916.777933447243
24024,4917.663002366125
24025,5977.121332931216
24026,7095.581875290346
24027,9656.658054452244
24028,7932.728744651737
24029,6157.335962168492
24030,7997.700287949211
24031,7358.405884310305
24032,9226.865900852767
24033,3710.8469652901276
24034,12827.729438195736
24035,4677.237402438578
24036,6316.933365989473
24037,8352.956348598129
24038,5095.442148593029
24039,6335.911487826982
24040,5862.761842186656
24041,7508.0625960910365
24042,5934.771021466426
24043,5626.781895070656
24044,8298.083925564097
24045,7742.858930397181
24046,7142.956437201089
24047,5629.460007042115
24048,7787.679762618326
24049,12185.906695338039
24050,6834.650520362243
24051,5458.952892626185
24052,7327.893080258433
24053,6870.004601400066
24054,5887.1307584936985
24055,8057.710493284436
24056,3753.833519752162
24057,8475.404410530198
24058,5976.151260738665
24059,7355.802192275528
24060,10017.978575790243
24061,4567.514548639624
24062,5688.206560777934
24063,5842.972594985891
24064,8392.34312975202
24065,8205.843840965788
24066,5386.902584585573
24067,5077.612828213641
24068,7439.927760387099
24069,6536.77359788482
24070,5909.238296881881
24071,7112.910662880941
24072,6628.593702283332
24073,7726.998040705434
24074,5965.37783034864
24075,4560.5380779984725
24076,6531.396164340272
24077,7779.709671405348
24078,7882.895325687259
24079,8192.680777882457
24080,8189.788862422169
24081,5770.161257344321
24082,9577.575997977563
24083,5704.66754217585
24084,6204.057119790807
24085,9162.623046710425
24086,6988.446146092989
24087,9884.67331340022
24088,8670.852463116975
24089,7820.545060884583
24090,6144.739486041145
24091,7531.808598547391
24092,7986.66101311926
24093,6932.774379358243
24094,4381.831787177263
24095,5965.038461473589
24096,8146.565867490202
24097,5906.0995642656135
24098,4576.809196342198
24099,7813.898382198699
24100,6885.896941105941
24101,6381.853410249307
24102,6188.776436715059
24103,5178.271919164567
24104,7463.57992436049
24105,7330.226060796166
24106,6338.969767889389
24107,5922.2573336414525
24108,5423.585011600225
24109,6610.7749828092
24110,4259.559213125873
24111,6641.975897293577
24112,6073.258147871134
24113,8388.13607000261
24114,7856.6045695205
24115,6604.486179859573
24116,12632.723973115133
24117,5703.956059336407
24118,5875.837269802251
24119,10503.229092254993
24120,6989.6652444872125
24121,8712.126484302566
24122,7514.629635562134
24123,6098.188437292894
24124,7008.94875058124
24125,5918.078229636788
24126,7609.711797551771
24127,11355.456970437312
24128,7520.133539866429
24129,3167.698792128101
24130,5000.048241717445
24131,8692.965609927773
24132,9352.211886901043
24133,6253.696201615795
24134,7063.220572160656
24135,5147.002364637711
24136,5126.323207360056
24137,3373.5857160539795
24138,5208.860542080188
24139,6688.985496065701
24140,7840.130672760105
24141,7005.973173559775
24142,6322.683138327944
24143,8277.606078404653
24144,9583.713538039867
24145,7543.636932480569
24146,5412.984297182154
24147,10277.594829669062
24148,10003.301725892301
24149,5668.951367566541
24150,7365.5861500637875
24151,5518.430427961571
24152,7044.267167913798
24153,4226.182880376674
24154,7329.009828185533
24155,5505.086545588085
24156,9751.09723531809
24157,7297.049779385619
24158,8243.116472856607
24159,8036.80664047757
24160,5801.707132286978
24161,9263.339591317907
24162,18757.38602930102
24163,10723.636977968219
24164,5961.269409307635
24165,3292.5089279064655
24166,6780.487621485799
24167,8225.04037982358
24168,6087.78705969269
24169,12541.125253210683
24170,19727.295008302397
24171,4621.34366692866
24172,5745.03375381709
24173,10378.36745017832
24174,5084.462444038548
24175,7783.29057513467
24176,6421.152816068405
24177,7891.5971066651855
24178,6090.9208016174225
24179,6374.344273170554
24180,6057.080589359337
24181,7418.280512591654
24182,10311.83268668606
24183,7066.034351055879
24184,6521.666644807699
24185,7663.840907002958
24186,5338.240229659092
24187,6065.446752259245
24188,8133.472462802903
24189,5467.128879862143
24190,6267.668119223153
24191,7074.341548376493
24192,6666.8579329638205
24193,6785.108017484168
24194,7296.206707166252
24195,7462.110141337964
24196,8303.347269098358
24197,10002.429517805265
24198,7827.546504166361
24199,5859.61389240456
24200,4322.964944885227
24201,6717.861615368501
24202,6941.805725118674
24203,6564.214402121681
24204,5051.281207731333
24205,8541.946362267567
24206,7058.497214716855
24207,10049.914502748981
24208,7219.023271360449
24209,5839.569478875904
24210,5361.036818951531
24211,4729.132380105736
24212,9968.616729622652
24213,5653.748920737299
24214,7558.82215811479
24215,16586.369922829308
24216,7894.785334072191
24217,6668.416629204064
24218,6070.319045492801
24219,4680.118350286666
24220,6911.7189818744355
24221,4286.317264687686
24222,5871.773378231215
24223,10330.845987551756
24224,5497.33675501932
24225,14278.315591194718
24226,13662.270332635511
24227,6135.801972411283
24228,7188.95083886789
24229,5851.551582688346
24230,6950.478318673856
24231,5809.570675991329
24232,11663.554819372781
24233,7667.377951644048
24234,9651.236749781026
24235,4902.03571432588
24236,7662.110590969597
24237,6043.54190749963
24238,9169.353668238278
24239,7367.470050992637
24240,6471.0215429209875
24241,7117.408926982035
24242,7125.563048015861
24243,8207.58200343318
24244,9221.734762912316
24245,7179.208417683758
24246,10122.689009560787
24247,7103.395072910303
24248,9602.925023708794
24249,5858.469905476745
24250,5730.310631760666
24251,5708.737746759896
24252,10671.146731198656
24253,7058.9414045006715
24254,7939.624922475435
24255,7155.667395964922
24256,8999.511630148192
24257,5213.897743608534
24258,8324.713487754472
24259,7282.502633298997
24260,4414.289705866047
24261,13808.04216534113
24262,17405.975050663015
24263,6843.299673700498
24264,7429.955414683097
24265,9706.517566796267
24266,10035.831705459788
24267,10801.434924960844
24268,5583.256542011692
24269,7146.203626206646
24270,6324.301524197095
24271,8936.759963161536
24272,3982.533682278534
24273,6166.569479740926
24274,6011.511559923947
24275,5936.177112406048
24276,7816.894206668915
24277,5731.979795573498
24278,4932.068433666218
24279,7578.6525636910565
24280,4845.5611060769
24281,5653.292907275056
24282,6705.951876728722
24283,6252.925137441464
24284,9988.446429011867
24285,9342.901410142338
24286,7265.931932381406
24287,7194.788398395928
24288,6877.372749985486
24289,11362.266205058844
24290,7227.429995472244
24291,5465.4981724548725
24292,5491.794966403538
24293,11278.544241249641
24294,4664.445315834937
24295,7297.355355638903
24296,3385.1921495545007
24297,5112.770888775998
24298,8371.28194955194
24299,6544.796454731723
24300,5550.85113335169
24301,8571.181618683862
24302,9790.136709966719
24303,12337.066480439178
24304,6835.472879591959
24305,9915.387309328604
24306,3257.451150527324
24307,5715.989086280111
24308,6685.257015139078
24309,5185.851022608876
24310,9042.046363271027
24311,5081.923633467644
24312,5495.491742839048
24313,8373.411311054584
24314,11003.345193134079
24315,10215.147623258521
24316,5985.0969728333675
24317,5198.9442982549535
24318,12449.654428805954
24319,8272.372839896938
24320,5925.134129179636
24321,5649.257136587088
24322,8018.2260020189515
24323,9277.644932572528
24324,5225.0118427082125
24325,5813.606434493054
24326,8367.583872296982
24327,7585.893525454732
24328,13113.69813023095
24329,7132.306142594127
24330,12012.046605941061
24331,7057.81968080177
24332,5622.752020645203
24333,3519.998022635568
24334,6405.87809892156
24335,6249.03878164112
24336,6206.253632384034
24337,7974.756298288424
24338,5535.66127931678
24339,4778.0493133345635
24340,7442.626808491589
24341,3627.10218590009
24342,7855.086506179695
24343,7364.796290739163
24344,8120.459519529556
24345,8505.530007549401
24346,5932.668857566955
24347,9202.165467672357
24348,6896.3658179008435
24349,6092.4887404755455
24350,6358.959400665276
24351,5275.237761373262
24352,10636.02160999201
24353,7016.159002516476
24354,5185.543770217684
24355,7348.555131908232
24356,8572.998248778493
24357,7414.590074021157
24358,6334.392315864507
24359,8175.866670910254
24360,6310.2506859227415
24361,6820.707425165786
24362,5807.571633799641
24363,8991.28143005654
24364,6052.420346200093
24365,6730.3018364178015
24366,6468.926397595579
24367,6028.628879773921
24368,4843.892849623131
24369,5868.3924148816095
24370,9629.097182819434
24371,9462.345414810496
24372,10403.894741173024
24373,11032.401661910179
24374,8429.34464292042
24375,8576.36431998225
24376,5265.054422945668
24377,10824.257607363557
24378,11344.4931751518
24379,7751.899881534816
24380,8026.04372132473
24381,8257.038023746654
24382,6572.746699529954
24383,3930.7247832764156
24384,11745.56329651466
24385,7066.872284220437
24386,7034.64670317202
24387,6138.024181063641
24388,2844.0687463002064
24389,11084.56689538713
24390,6290.329213163178
24391,5106.171639938949
24392,5041.577385522816
24393,5773.932615615599
24394,6743.578671045892
24395,7780.905643422159
24396,7741.685418551475
24397,5947.958315500153
24398,4989.09063623356
24399,4510.639527000758
24400,3544.9509001285346
24401,7285.588692498105
24402,17336.119637003172
24403,4650.293783600448
24404,6188.467990023698
24405,6787.078221651997
24406,5484.352103562286
24407,5265.682446306019
24408,5861.1861245370565
24409,4278.763551163282
24410,8101.239636542736
24411,7126.357613968928
24412,4050.793612830118
24413,9759.716152964034
24414,5594.423337179239
24415,5162.39500895067
24416,11647.031582929447
24417,7718.402605053719
24418,9597.689762491591
24419,5429.551228893641
24420,6432.250045219376
24421,5311.297794606003
24422,5201.961552787701
24423,14880.24339988977
24424,10481.800306163623
24425,6754.1705687909525
24426,5672.369284906393
24427,5883.256213250042
24428,6291.270208579584
24429,4743.340197858188
24430,10319.188826930593
24431,5883.5631909646445
24432,5716.817748387898
24433,7844.062771708084
24434,5167.663853839981
24435,6747.319715612076
24436,7341.0168312174965
24437,6724.595382115087
24438,7565.2787234711805
24439,4261.108031459417
24440,6091.387914929236
24441,6902.130099673681
24442,9172.779390226098
24443,7881.754003529207
24444,7642.210412027669
24445,5024.495883989375
24446,8682.425207378526
24447,6037.2985303788655
24448,4939.693378842044
24449,7081.721179684432
24450,7115.4192079862705
24451,6440.614840738188
24452,7354.2415885195005
24453,6228.967477494184
24454,6013.5758743641145
24455,5799.65351358261
24456,7474.858379441244
24457,6649.750549387899
24458,7093.21420365487
24459,9397.189522062336
24460,6205.011482162777
24461,4625.402584261693
24462,11628.467513593363
24463,5562.848375446145
24464,3415.2569206896897
24465,7616.189790042054
24466,8862.232779390402
24467,11577.434380224533
24468,5258.839623910278
24469,6235.909338965896
24470,6234.311564082345
24471,7387.666990885411
24472,6220.863480587428
24473,8609.54465679436
24474,3348.268163531069
24475,5808.440011126696
24476,5853.703167085554
24477,5599.238602880579
24478,5610.991085484591
24479,7426.29928914171
24480,7511.9661419577415
24481,6825.168048709752
24482,8053.480952612467
24483,7558.418855416985
24484,8754.433962256215
24485,5213.293540286413
24486,6449.07880385971
24487,7125.9753440652685
24488,8772.139487549586
24489,8112.555379044746
24490,4226.33919170377
24491,9250.396189433697
24492,6606.999154243072
24493,7589.233411650667
24494,5773.151903361236
24495,4704.2253174181415
24496,8494.22075581845
24497,6019.043522305015
24498,9106.826464535343
24499,6799.048812351192
24500,5799.667217792533
24501,8129.800553083902
24502,6351.56501505909
24503,6563.36299682633
24504,8247.459568881108
24505,5893.538116398684
24506,9519.821427223262
24507,10600.56121506907
24508,8066.68722603237
24509,5038.94408521995
24510,5864.541013763219
24511,4933.6049486307775
24512,3325.283821286594
24513,7826.6379345777505
24514,5853.259877207863
24515,8409.344959701599
24516,5021.0556440743285
24517,6154.255195722541
24518,6163.845663919953
24519,8889.470734402783
24520,5917.48098676095
24521,5716.630953366808
24522,5561.141564879209
24523,7550.762893761483
24524,5494.016624049393
24525,7657.874378075767
24526,7870.205295564551
24527,7571.7150090719415
24528,8683.592602296381
24529,7049.697134748298
24530,6189.654476886793
24531,5070.6126306072165
24532,5993.202959475454
24533,10718.438768794484
24534,8940.066080682296
24535,10542.612559425914
24536,14232.920454545461
24537,5288.821035557259
24538,5180.322473825346
24539,6361.254404725533
24540,8437.24809363898
24541,9728.981853130077
24542,7942.013294872602
24543,8317.599160000169
24544,8185.61468930269
24545,7572.791359380562
24546,7095.555957150289
24547,5908.080433518635
24548,4972.83974518611
24549,5290.462009083334
24550,4268.746565159512
24551,5521.335704349797
24552,7775.101366721367
24553,17112.165263602572
24554,7411.093727664461
24555,5452.600952943718
24556,7412.273650418077
24557,5145.716873822462
24558,6688.087095801207
24559,4639.875038928985
24560,9511.604001555594
24561,6784.835917468288
24562,6386.046880095394
24563,12987.022572536485
24564,12135.165623537627
24565,5170.372329134398
24566,7151.973471616168
24567,4409.639760121324
24568,5472.907538592211
24569,5555.852990825587
24570,8580.514822302706
24571,5100.530389850108
24572,5050.6458672516865
24573,5709.657130334671
24574,5932.246917358992
24575,6924.380502682099
24576,7420.432450995135
24577,4535.935367297883
24578,7543.477495910947
24579,8678.029932008869
24580,7189.552638729154
24581,5154.1573146638375
24582,4915.664333736169
24583,7926.074089493403
24584,5091.413827936721
24585,9952.470072048585
24586,5057.791855793936
24587,6182.0658521208225
24588,7352.222025456584
24589,5844.3690041205045
24590,5419.116133104245
24591,5638.31255085589
24592,6690.5280984570645
24593,10073.851508276473
24594,9418.051625389326
24595,6245.851604951196
24596,4529.4551238568365
24597,6637.9048112052715
24598,6230.817798403007
24599,4913.456075992922
24600,6032.638249735056
24601,6032.615398904318
24602,12388.921037321928
24603,7740.8792102158
24604,6198.559006561489
24605,7532.520653844376
24606,5178.616088185946
24607,8639.209135614565
24608,6073.2936383963515
24609,12266.750198241305
24610,7085.706087309228
24611,5865.133302571767
24612,5725.749545891943
24613,4368.543289378289
24614,6456.000364935261
24615,19413.0741548682
24616,4477.991169343198
24617,5575.237158754133
24618,9245.103443728718
24619,7055.83366505621
24620,7323.889053426719
24621,8753.721238631404
24622,6297.3505850493475
24623,5462.5590243153965
24624,4754.263293026766
24625,10405.141824041673
24626,6565.688005849013
24627,7417.2005812325215
24628,8572.805784841052
24629,5577.596338605852
24630,7920.947820288044
24631,6835.6985914026545
24632,4516.6277669200745
24633,8376.279625767607
24634,9868.072906602805
24635,5045.565108727005
24636,7952.92995592189
24637,7408.213483724035
24638,5969.266663545871
24639,9897.759617246216
24640,7399.271610544525
24641,7547.074316968687
24642,5241.706816376678
24643,5122.635635047354
24644,7278.517726461674
24645,4833.423336577104
24646,8516.762848500062
24647,4548.74345446049
24648,6375.241299624876
24649,4616.964290829952
24650,6163.031745895912
24651,5964.396091915826
24652,6940.035446249364
24653,7173.864125431183
24654,8740.033831371453
24655,6264.858367014354
24656,7656.338622759876
24657,6302.160227627198
24658,8256.1525713532
24659,10788.24706689082
24660,7506.61019387231
24661,3367.8304229728487
24662,6504.034007387016
24663,7182.742619530152
24664,4201.938486250234
24665,12051.035843608077
24666,5954.443528471456
24667,6895.787843135754
24668,10743.146412018745
24669,7231.414068937452
24670,4523.635294683816
24671,13576.708548471659
24672,9930.081595169355
24673,6305.39123305042
24674,9253.604659142109
24675,9215.476791633146
24676,6393.993483148488
24677,5871.592285674963
24678,6771.505352034698
24679,5783.287565605327
24680,6153.498804429551
24681,7439.790731404831
24682,4645.986998509664
24683,7426.338351147517
24684,7565.562336291613
24685,6436.503429212398
24686,8032.645129289403
24687,6252.123028557532
24688,7114.308670703323
24689,6055.92663916513
24690,7917.636327628348
24691,7067.7007664119765
24692,6242.803389741257
24693,7026.383218674296
24694,7410.915572272065
24695,9760.935982247402
24696,6072.5518437408
24697,5559.9677265294795
24698,6983.8699017230465
24699,7617.842227705442
24700,7325.173014854569
24701,4597.418419898534
24702,4554.221627126421
24703,7772.819511532866
24704,8154.948111461064
24705,6346.750580488403
24706,7740.768546050496
24707,6044.8452606833525
24708,6905.871836200407
24709,5254.650410603299
24710,3288.2786903592237
24711,7347.375297498269
24712,6735.265733494712
24713,6471.664211341801
24714,9788.66281687371
24715,8206.230737906828
24716,4974.64286269744
24717,7986.077946707149
24718,4565.411417624578
24719,3170.8139556909155
24720,7119.80539412307
24721,12250.18378940813
24722,7631.046995408389
24723,7095.789964640438
24724,4954.866421968121
24725,6532.969160090584
24726,8458.629169694257
24727,6436.461761841461
24728,8846.995442125004
24729,5106.2824171566635
24730,5088.047781874784
24731,5572.266096475116
24732,6020.325999162701
24733,5159.4344641787
24734,5130.73199683792
24735,5520.977700470774
24736,5061.63218041405
24737,7006.856269713905
24738,7148.920802393186
24739,5623.465716106445
24740,6564.308412137434
24741,7499.4828587748925
24742,5939.9504747147375
24743,5069.909623042906
24744,10220.172907652463
24745,7514.509425582292
24746,5913.497766835157
24747,3784.369497736302
24748,10202.274809151395
24749,6756.043298181785
24750,5756.806122426665
24751,8829.76870866455
24752,8402.57601017851
24753,7351.759206898914
24754,6489.076324585987
24755,7547.865899859892
24756,8959.78659149797
24757,13505.447146223756
24758,5218.680667345436
24759,5167.608739863345
24760,5612.968730449221
24761,6804.536998055899
24762,5854.836235338948
24763,8185.590127821664
24764,8564.817797064657
24765,5999.913138054401
24766,4499.467158244961
24767,6241.546069822781
24768,11592.29675561152
24769,5224.1485732942
24770,7580.759088613011
24771,4263.005500019152
24772,7419.06992076241
24773,8192.477917303151
24774,7469.496090753764
24775,8147.486619842433
24776,6559.860962566037
24777,5288.285550043588
24778,6430.5759851091925
24779,7302.489052570413
24780,8714.960771388487
24781,7489.822622487368
24782,8791.821284062364
24783,6458.89803672264
24784,4643.952454877096
24785,9751.282329075464
24786,4733.097594951355
24787,9542.72518960493
24788,6116.139584503021
24789,5177.249233298439
24790,7438.522504752113
24791,6058.314458943782
24792,7393.315081893751
24793,8407.874084082929
24794,4038.828493312102
24795,4722.342504701771
24796,7777.787947000524
24797,8744.49562921123
24798,10327.530929861892
24799,6291.087980130576
24800,6699.077642911864
24801,6208.389886614992
24802,7041.86251760669
24803,5208.990776410139
24804,10310.322332915286
24805,8928.062547519203
24806,12537.54693320123
24807,5126.911636514293
24808,6207.28322812118
24809,10876.082064731698
24810,10012.834924644874
24811,5129.7503193868115
24812,10281.401875553544
24813,6500.609340746102
24814,6422.969574258626
24815,5395.139639760856
24816,5548.220272411037
24817,5356.482212817168
24818,6774.802373100754
24819,5146.307226942754
24820,5097.117811820355
24821,8433.179688093627
24822,6966.342119186972
24823,21879.118757353684
24824,7369.52352999967
24825,4998.82240341371
24826,7423.526557861489
24827,11206.703995075653
24828,6682.979215697476
24829,7839.043176113075
24830,6498.234203453967
24831,7749.5006526715315
24832,7877.346701296045
24833,5370.892870734833
24834,5561.491723688226
24835,7223.403460352143
24836,8566.093452296196
24837,7261.633192954553
24838,8655.239489654068
24839,6260.7514066578615
24840,5310.50402481651
24841,5838.114349889113
24842,10341.720106861358
24843,10649.133642765793
24844,9687.083471952763
24845,8074.349869826629
24846,4596.748358422655
24847,6134.313722671735
24848,4803.2662694496485
24849,8411.188949625861
24850,10640.95366041354
24851,10504.12550871655
24852,6409.582903776709
24853,5334.569926743469
24854,5191.422184616997
24855,5815.3223124417655
24856,10420.494296966945
24857,6412.0501017058305
24858,5881.104221439622
24859,5549.415357930538
24860,7466.272531639443
24861,3507.602918964413
24862,8358.330063074498
24863,5076.922107357394
24864,7363.575182215487
24865,6451.071609730156
24866,5972.174974175537
24867,8539.56959848629
24868,7725.814382552743
24869,6014.105318244581
24870,6993.8427730578
24871,7712.883979670879
24872,11491.44434071096
24873,7061.412464545325
24874,9273.36668745347
24875,8972.182957644885
24876,9505.695780810189
24877,7116.085226230092
24878,9459.03254202978
24879,5112.090741544944
24880,5056.7642523451495
24881,6206.572116080093
24882,7171.974476097429
24883,9791.165858054112
24884,8130.04623597603
24885,6283.934223828518
24886,8031.407722875404
24887,7692.584834185991
24888,9320.351924557024
24889,3800.6015263873824
24890,13728.93941017303
24891,4803.877681257384
24892,6331.954028514929
24893,8675.168208989655
24894,5209.545928075417
24895,6639.684760284581
24896,5926.532721327069
24897,7682.314683199984
24898,5945.004955103269
24899,5822.169297397166
24900,8303.804480302299
24901,7987.8255179210755
24902,7430.639735101667
24903,5673.735409276178
24904,7975.315433663332
24905,12482.08385735812
24906,7073.953464900249
24907,5528.390366758942
24908,7265.385091108787
24909,6955.447086642309
24910,6048.158773226898
24911,8333.254172311008
24912,3821.9632801468388
24913,8865.923885629953
24914,6167.456711163226
24915,7721.5165503036205
24916,10125.750646292618
24917,4705.426518778527
24918,5779.81608470284
24919,5999.880966529126
24920,8802.268281521428
24921,8526.626818075247
24922,5435.65223789901
24923,5195.401820366872
24924,7699.366203577994
24925,6687.336366106351
24926,6095.948639350931
24927,7191.706774428081
24928,6787.553554765167
24929,7962.317172962069
24930,6088.088339796589
24931,4699.957742212017
24932,6768.375928203725
24933,7972.7540010264265
24934,8152.868439718777
24935,8336.975477711812
24936,8277.866174963496
24937,5926.938606167456
24938,9693.88501137687
24939,5898.099861346628
24940,6326.186022307629
24941,9321.371102924188
24942,7159.990711278944
24943,10002.933362825028
24944,8984.874610784438
24945,8010.90581229796
24946,6094.812723737046
24947,7571.499327431114
24948,8106.1735633290755
24949,7098.766496889599
24950,4410.337926673284
24951,6098.677342554857
24952,8469.846486963948
24953,6042.978771053156
24954,4635.297067438257
24955,7982.339744007067
24956,7231.751008985993
24957,6360.694447775266
24958,6284.720873702752
24959,5336.847768766918
24960,7702.914329588904
24961,7452.1846826436185
24962,6398.774089053201
24963,5978.488718179249
24964,5553.052616505901
24965,6766.519585564144
24966,4407.121757600271
24967,6885.45280961901
24968,6188.384946224307
24969,8517.448466700313
24970,8177.135452725579
24971,6887.316320506218
24972,13141.601995141922
24973,5956.215395106228
24974,5886.768888463761
24975,10970.179551863403
24976,7157.545189511708
24977,9126.811744436067
24978,7768.406514057316
24979,6060.187261577705
24980,7208.30943852662
24981,6069.739413343772
24982,7796.949493340937
24983,11776.999615246257
24984,7597.946572685574
24985,3277.656676255138
24986,5149.410925223772
24987,9054.15176990943
24988,9460.86964972199
24989,6408.019383538933
24990,7249.197112962847
24991,5191.664884048125
24992,5246.002757574611
24993,3434.22064560085
24994,5236.29910587374
24995,6881.746753037137
24996,7986.8995835307405
24997,7248.688170516504
24998,6400.966922184403
24999,8422.134378827575
25000,9723.602653641734
25001,7750.243840966156
25002,5546.212755828743
25003,10816.277180803716
25004,10215.93650397896
25005,5847.570238061019
25006,7596.538830421721
25007,5442.991167404469
25008,7186.07695127723
25009,4222.58479716326
25010,7551.935350072145
25011,5545.347835699295
25012,10179.680930093346
25013,7438.459326449288
25014,8574.293769776888
25015,8414.592603336436
25016,5752.325001707684
25017,9631.101252870476
25018,19743.69033935302
25019,11242.979131503804
25020,6158.121269847059
25021,3262.955314107581
25022,6999.341080252532
25023,8535.60011932375
25024,6102.951678170015
25025,12575.224231487746
25026,19229.645479490315
25027,4807.020010983141
25028,5884.751885436313
25029,10516.839741989594
25030,5194.818218495581
25031,7992.484782601195
25032,6754.297058233151
25033,7966.431883611966
25034,6045.905210643133
25035,6652.056426699227
25036,6184.7636082245
25037,7534.50938333337
25038,10570.720967166479
25039,7226.965721517576
25040,6525.075098341158
25041,7702.785323348978
25042,5554.631925653967
25043,6174.155698593461
25044,8418.189181897633
25045,5718.576295261071
25046,6284.067025979835
25047,7227.850391836509
25048,6888.365770106444
25049,7063.628307766668
25050,7406.441590208199
25051,7819.772451869972
25052,8506.528524297748
25053,10211.567867578218
25054,8101.399007315904
25055,5937.113043082014
25056,4296.282449374646
25057,6998.5362354859335
25058,7123.253573688207
25059,6808.03455005925
25060,5156.652522419982
25061,8990.8905822811
25062,7157.889977264779
25063,10133.549783048524
25064,7451.791236313559
25065,5862.637406399795
25066,5435.524461290558
25067,4810.250604702133
25068,10072.393805034824
25069,5766.366281873668
25070,7796.097388714111
25071,16829.554543787373
25072,8048.425238546854
25073,6505.477533218462
25074,6078.877591072367
25075,4761.763624640854
25076,7063.033623245692
25077,4320.849234041894
25078,6063.457628231785
25079,10838.33239680027
25080,5405.892263717608
25081,15117.911356453353
25082,14400.140328867083
25083,6113.585713723584
25084,7363.2390903812375
25085,6017.754938832503
25086,7103.55885703801
25087,5928.890900254845
25088,11894.844414860183
25089,7828.002971921852
25090,9889.641324363383
25091,5076.933484904717
25092,7820.695012010078
25093,6021.306005752955
25094,9325.35824236794
25095,7401.239345541269
25096,6682.094290279344
25097,7199.613985670112
25098,7037.068653563515
25099,8490.055436062445
25100,9438.780122219876
25101,7342.025404194297
25102,10500.888335533607
25103,7255.924868130021
25104,9759.82506080329
25105,5952.167398888761
25106,5807.3150291847805
25107,5744.090916045433
25108,11200.875057122252
25109,7208.358730028145
25110,7930.711064448796
25111,7304.998812707746
25112,9302.493885850083
25113,5239.6317416716165
25114,8804.635663275954
25115,7432.596121077484
25116,4351.8251330394805
25117,14230.687562768398
25118,18255.548986155278
25119,7106.539398613535
25120,7517.720228246866
25121,10023.314740952352
25122,10378.132081334308
25123,11424.29719974056
25124,5697.712718913097
25125,7307.918349479332
25126,6396.3057373404
25127,9288.59461455178
25128,4011.786984435599
25129,6234.6761917954345
25130,6075.910932165072
25131,6084.223883773563
25132,7983.257608915695
25133,5986.982699818239
25134,5082.658554710668
25135,7809.901157928787
25136,4874.089991343916
25137,5739.740876630164
25138,6760.800519749035
25139,6534.113132382049
25140,10318.300409831285
25141,9576.045403758711
25142,7536.527514580773
25143,7323.151708239709
25144,7045.086406688199
25145,11843.118072963995
25146,7449.568580854602
25147,5612.645458797237
25148,5694.692187629034
25149,11592.371218802351
25150,4692.80961732359
25151,7474.089511889172
25152,3367.6397556442416
25153,5321.272217736723
25154,8269.973547276308
25155,6467.115881101237
25156,5625.240214345998
25157,8994.644772654798
25158,9983.107682625528
25159,12818.309414508902
25160,6852.764661556583
25161,9910.401867780382
25162,3366.1178807574356
25163,5828.85466433922
25164,6875.189460734866
25165,5261.230390599408
25166,9448.812932198125
25167,5235.284829373949
25168,5601.741818376058
25169,8582.719537954545
25170,11663.490960648993
25171,10337.143860896467
25172,6152.180065444993
25173,5328.374392135489
25174,12493.702808566064
25175,8387.840629125954
25176,6100.048776255411
25177,5674.648654852746
25178,8400.003245719607
25179,9699.830489510174
25180,5260.479758542277
25181,5970.479139641077
25182,8621.735486393394
25183,7858.008188946079
25184,13579.427131392413
25185,7248.073330394882
25186,12634.290186125321
25187,7098.37548436793
25188,5647.283833074708
25189,3439.712493305704
25190,6753.959490971191
25191,6344.091695787718
25192,6163.019048451614
25193,8078.1508698333555
25194,5631.569876260825
25195,4902.0882681604
25196,7679.2548666580105
25197,3844.3090609374603
25198,8191.613957559199
25199,7512.925075532092
25200,8236.091175308815
25201,8923.061999664596
25202,6065.920663385177
25203,9556.256192838802
25204,7134.427209084727
25205,6221.106654393633
25206,6493.512037555645
25207,5420.6460884804155
25208,11150.192468350617
25209,7175.465499794072
25210,5364.799886641794
25211,7639.141945026589
25212,8857.053427516978
25213,7643.941644391666
25214,6538.919960147451
25215,8292.287196909352
25216,6445.510855954892
25217,6973.1906778732855
25218,5978.959818835712
25219,9249.13887943217
25220,6168.695619711193
25221,7000.329475482226
25222,6641.168133075864
25223,6086.121702670086
25224,4870.975176598777
25225,5927.687065830356
25226,9690.277176875981
25227,9573.811512420929
25228,10761.750071142169
25229,11503.532312051631
25230,8569.549231870671
25231,8790.567582154163
25232,5342.125061249698
25233,11340.27846833079
25234,11738.315473411187
25235,7816.651767933999
25236,8148.599378957959
25237,8601.263089171734
25238,6823.226501379675
25239,4043.0642870872393
25240,11993.361742958517
25241,7297.517889005871
25242,7385.785567037785
25243,6157.717935733598
25244,2936.2914742513485
25245,11575.698783796503
25246,6350.574365278065
25247,5198.561164740406
25248,5222.641700341494
25249,5887.796739577794
25250,7062.438974863325
25251,7999.670050083101
25252,7881.470692380808
25253,6220.945815059049
25254,5136.921260645114
25255,4578.03596798515
25256,3522.9746857678097
25257,7488.50207078285
25258,17077.041221841082
25259,4703.7057574260325
25260,6224.4110751203025
25261,7084.387236765052
25262,5466.240699707149
25263,5517.203280791155
25264,5970.352536199215
25265,4427.182983309048
25266,7989.890342891426
25267,7264.372258997515
25268,4265.826457382267
25269,9984.471359398041
25270,5746.66779328541
25271,5303.578658769978
25272,11589.496275645255
25273,7949.884672481764
25274,9878.753750214142
25275,5491.111732839693
25276,6541.026080952451
25277,5384.719377299572
25278,5247.2174328010115
25279,15864.592480438565
25280,10371.656442141277
25281,6755.492030280656
25282,5836.3604698364425
25283,5965.759293809661
25284,6620.203910826269
25285,4595.139341879946
25286,10294.169740621606
25287,6061.574105508778
25288,5932.169657337522
25289,8049.11203144075
25290,5246.221416004801
25291,6970.160409370098
25292,7552.164894397957
25293,6815.159346735686
25294,7764.381875232418
25295,4477.2763301591085
25296,6156.042952105335
25297,7006.476717361119
25298,9574.39487722865
25299,8116.146751264072
25300,7811.518919272503
25301,5177.37832480223
25302,8644.837131351702
25303,6197.784240183935
25304,4998.211706901859
25305,7213.143415173943
25306,7262.950825838212
25307,6513.140183105826
25308,7522.706046800172
25309,6403.57728507822
25310,6204.788343031361
25311,5815.236951317804
25312,7717.046327448804
25313,6638.577333147251
25314,7247.774062349018
25315,9511.47431485394
25316,6253.07034632801
25317,4639.951073820521
25318,11943.003194706971
25319,5785.121954831097
25320,3587.7320558330666
25321,7897.297352937511
25322,9254.777300179221
25323,12041.975043354812
25324,5391.165577966609
25325,6294.169502420194
25326,6348.5040152604115
25327,7562.647379079709
25328,6230.052083685665
25329,9086.266926545833
25330,3355.473099004229
25331,5959.957337318334
25332,5999.819033947935
25333,5701.097418572737
25334,5748.658087169814
25335,7521.798916498773
25336,7773.5497670970135
25337,7109.605470599931
25338,8402.365200633763
25339,7792.214825387526
25340,9132.339770020686
25341,5287.375736058495
25342,6714.0551143466
25343,7494.6320838795855
25344,9173.502020496888
25345,8259.127986341335
25346,3894.0658000038725
25347,9413.037753180417
25348,6759.8642885893605
25349,7730.140698885092
25350,5932.66162233208
25351,4792.653138683428
25352,9074.87487389457
25353,6220.722062262297
25354,9485.803807869415
25355,7063.339989766795
25356,5938.85795696408
25357,8192.994879420046
25358,6470.587653661397
25359,6889.178022674875
25360,8737.077455501108
25361,6000.886528587214
25362,9792.780068769645
25363,11003.297654276801
25364,8412.372006765969
25365,5181.447774531385
25366,5943.174082097371
25367,4967.0929501463
25368,3408.213253147381
25369,8056.081297091991
25370,5982.378282982482
25371,8806.104177244872
25372,5184.245925748929
25373,6224.150068028126
25374,6110.458634058651
25375,9343.741311705742
25376,5918.051707045678
25377,5828.49658213154
25378,5672.705753033454
25379,7801.644797768397
25380,5524.094936456147
25381,7961.1569827715075
25382,8076.569880974349
25383,7893.371650951288
25384,8953.52985938629
25385,7184.079339521148
25386,6143.451130995041
25387,5189.612047835208
25388,6056.582584293327
25389,11159.1381768352
25390,9338.677818696211
25391,10472.38694277286
25392,14467.804453201936
25393,5409.907353208466
25394,5315.302107774849
25395,6473.316581959558
25396,8631.583501438996
25397,9962.967805707745
25398,8138.245714054565
25399,8463.459054946232
25400,8308.96313235236
25401,7950.1473022055825
25402,7196.452838450854
25403,6051.267337819913
25404,5050.362132641218
25405,5265.915836239718
25406,4326.939138005195
25407,5667.371632496848
25408,7902.586475399904
25409,18083.74149428307
25410,7721.957273953751
25411,5510.076381807592
25412,7831.076827984533
25413,5208.0510619581455
25414,6922.196326759748
25415,4624.319954926804
25416,9661.005554613179
25417,6919.966522260308
25418,6410.481512268411
25419,13532.702879925557
25420,12397.297893022995
25421,5360.263361711493
25422,7425.252956605656
25423,4552.532527390573
25424,5578.206778084135
25425,5709.479505482146
25426,8513.031102838926
25427,5220.101339681001
25428,5116.131951138142
25429,5902.864597950561
25430,6073.329104435508
25431,7119.690979482317
25432,7747.941719004219
25433,4489.927255359262
25434,7718.612904614351
25435,9029.234568240072
25436,7315.734349582347
25437,5268.031605193774
25438,4993.927547631474
25439,8053.195045718772
25440,5359.688061616266
25441,10312.989510548261
25442,5139.0788022585775
25443,6221.324549401982
25444,7423.813351101491
25445,6011.733149109843
25446,5633.670886257627
25447,5777.977892221169
25448,7058.203575262357
25449,10550.239673762972
25450,9771.11617047462
25451,6288.245132953919
25452,4605.923348911959
25453,6887.764355693518
25454,6402.959095043262
25455,5024.006899944299
25456,6160.293436538063
25457,6156.817764944407
25458,12797.903080717992
25459,8057.932823581188
25460,6265.888095075556
25461,7764.500937996563
25462,5443.579128465006
25463,8931.433792220036
25464,6202.435104387782
25465,13155.771081221406
25466,7234.8735815828395
25467,5957.744561980185
25468,5832.204642250067
25469,4370.194234335576
25470,6826.326822060824
25471,18658.862727723936
25472,4617.112531953913
25473,5454.609881411642
25474,9503.45468800646
25475,7273.43656281549
25476,7761.942333512519
25477,9205.760955946158
25478,6398.847810690878
25479,5653.957278052658
25480,4916.020130937934
25481,10851.768155712907
25482,6887.674229993742
25483,7586.756735823567
25484,8913.571687547517
25485,5631.476680644764
25486,8060.394501820535
25487,7046.103556213056
25488,4574.486140569934
25489,8654.807779630355
25490,9973.435622007835
25491,5238.892307152017
25492,7969.796195122152
25493,7466.570699566137
25494,5914.2171376304095
25495,10291.439270029716
25496,7533.142713593394
25497,7746.244536316682
25498,5242.362681188424
25499,5193.520893686715
25500,7455.572238186677
25501,4816.142885083908
25502,8945.725655023434
25503,4809.747319876228
25504,6638.769071453761
25505,4746.317348225178
25506,6340.415486379709
25507,6160.522209858317
25508,7103.306180319001
25509,7283.330552798114
25510,9075.274256468269
25511,6382.199349951266
25512,7954.334545283473
25513,6578.493890981362
25514,8708.445779670927
25515,11380.964456971526
25516,7706.709709904312
25517,3359.0555052566747
25518,6662.132427764935
25519,7276.305309853627
25520,4411.646727110764
25521,12378.64626224281
25522,6077.746819351421
25523,7104.161616682002
25524,11377.43220834848
25525,7386.594160959946
25526,4560.122022685659
25527,14052.34258425854
25528,10230.167695740602
25529,6385.9383987342835
25530,9612.578129898939
25531,9333.203563319576
25532,6443.054276616101
25533,6065.502621551044
25534,6877.991321806576
25535,5920.299885675996
25536,6465.3851510551485
25537,7627.147057163371
25538,4678.485680776256
25539,7646.86530469008
25540,7626.501752618313
25541,6732.507713774087
25542,8328.180261048965
25543,6253.280347300787
25544,7287.358189539594
25545,5870.678200977938
25546,8074.020233903667
25547,7201.08444768362
25548,6285.718680989827
25549,7294.029013889809
25550,7712.972518434062
25551,9930.442235164439
25552,6134.852033295418
25553,5791.44217976014
25554,7126.970308039423
25555,7714.944550394985
25556,7684.0548248992245
25557,4639.434825850918
25558,4709.550448508657
25559,8201.087710095242
25560,8186.203101014059
25561,6446.534361301821
25562,7965.158608099236
25563,6156.77710832122
25564,7208.244800906629
25565,5337.951082188417
25566,3409.5734170163864
25567,7602.485833675926
25568,6934.997347284855
25569,6644.839482688568
25570,10066.340695422587
25571,8614.358533662304
25572,5043.08456892754
25573,8000.87207298719
25574,4682.000704997234
25575,3098.2686399426443
25576,7287.507557557761
25577,12921.921660920056
25578,7737.112277539103
25579,7265.483296136588
25580,5136.150680107952
25581,6734.547453750223
25582,8949.93008515652
25583,6769.55319109899
25584,9294.142643979383
25585,5295.3889348158455
25586,5252.95501233869
25587,5769.392651506008
25588,6168.26902291985
25589,5349.943362391421
25590,5277.661794637729
25591,5444.130173650193
25592,5194.526960067466
25593,7251.517001624618
25594,7392.823086690077
25595,5821.664566663305
25596,6704.139673081443
25597,7608.789275792852
25598,6174.377292608978
25599,5285.540634487599
25600,10557.667750495524
25601,7887.299324290664
25602,5909.721349755653
25603,4030.0898807575513
25604,10792.529954533979
25605,6974.082840927412
25606,5929.937274576795
25607,9082.472607121006
25608,8807.293037825371
25609,7443.967569789218
25610,6708.3892232743165
25611,7775.118512941904
25612,9400.118298717587
25613,14033.969512992282
25614,5374.686226884408
25615,5294.774824472437
25616,5448.046551707137
25617,6886.512913022523
25618,5824.14856223375
25619,8562.478105975148
25620,8816.07266777149
25621,6122.773242653503
25622,4497.290235170968
25623,6449.44294893454
25624,11005.032526655563
25625,5352.48283082281
25626,7859.548346097762
25627,4411.646727110764
25628,7616.925976462908
25629,8576.252971599608
25630,7594.789892492164
25631,8545.280613611763
25632,6788.334439163711
25633,5255.848554843587
25634,6598.978160950647
25635,7568.445364408123
25636,9072.040820161445
25637,7741.984522367996
25638,9102.035025364716
25639,6637.750974986799
25640,4742.304540953247
25641,10242.892602633292
25642,4864.500397348734
25643,9652.8414753134
25644,6217.886024311304
25645,5204.554134142781
25646,7776.506346527583
25647,6185.574017160403
25648,7568.024916672664
25649,8619.99869987954
25650,4173.511429157236
25651,4929.350858337038
25652,8093.51990243042
25653,9191.784732326701
25654,10489.144125251389
25655,6451.097124577887
25656,7083.553355016666
25657,6360.411571019191
25658,7174.059204571877
25659,5350.02929303269
25660,10787.925754114227
25661,9307.581321531257
25662,13079.711615854723
25663,5177.294206900814
25664,6255.004782572483
25665,10836.570034488977
25666,10152.565752343493
25667,5368.56652100946
25668,10574.950832351922
25669,6648.516071266297
25670,6498.980655751236
25671,5587.626986798377
25672,5723.463741546722
25673,5415.836942186433
25674,7069.771566572577
25675,5270.515305024824
25676,5244.992358916952
25677,8750.84507772278
25678,7012.404421304779
25679,22032.103280165175
25680,7514.521588676292
25681,5315.513446241576
25682,8039.3540175835315
25683,12609.066168203175
25684,7319.472512222722
25685,8476.115788375992
25686,7199.825279560184
25687,8386.685730325658
25688,8620.027918073694
25689,5887.433645088905
25690,6009.457420739221
25691,7651.402727183344
25692,9312.156697181808
25693,7749.979656514891
25694,9515.346782811868
25695,6726.898247425804
25696,5748.913580285583
25697,6312.471427619059
25698,11104.061954918829
25699,11304.101294802116
25700,10438.121817604797
25701,8697.764210841093
25702,4865.163099163977
25703,6519.245734298309
25704,5131.895602911895
25705,9200.721233989796
25706,11439.95287162069
25707,11877.148871336822
25708,6914.082525223679
25709,5947.308284531291
25710,5610.00744389733
25711,6428.865174929539
25712,11102.796516478733
25713,7101.998070573905
25714,6277.072363316517
25715,6236.3554253046495
25716,8062.409323621111
25717,3788.797849657087
25718,9120.114405027576
25719,5358.784440897616
25720,8233.62025628215
25721,7306.567338930841
25722,6457.733545748396
25723,9340.162445548784
25724,8524.770570008304
25725,6632.767569042435
25726,7580.598978381661
25727,8462.926292027669
25728,12470.287562976504
25729,7470.35428920108
25730,10345.849374298172
25731,9808.702474034637
25732,10274.915781686566
25733,7654.842977690265
25734,10433.879430469005
25735,5444.319678209566
25736,5441.811869103824
25737,6667.708207773697
25738,7604.535153585626
25739,10726.741085108
25740,8905.471185792558
25741,6991.926887043944
25742,8967.602791488287
25743,8491.23083678197
25744,10247.792025967126
25745,4086.667324170656
25746,14883.465163525123
25747,5163.404697007562
25748,7265.535099153233
25749,9535.526132942212
25750,5599.614174374954
25751,7255.1952485018965
25752,6434.087949525661
25753,8252.737192745899
25754,6318.805018633782
25755,6309.416077577191
25756,9050.19443583421
25757,8590.868286276967
25758,8007.217711731039
25759,6150.422706773128
25760,8772.588611166986
25761,13721.727184265334
25762,7527.4681399799465
25763,6157.851382891569
25764,7667.260175761371
25765,7705.703888492948
25766,6432.987545083129
25767,9051.166336496308
25768,4238.904819410928
25769,9911.909772697774
25770,6648.4736029927535
25771,8340.367925956472
25772,11103.473892764225
25773,5167.734917295128
25774,6178.368340272175
25775,6403.3011090073815
25776,9594.551681313305
25777,9590.464639042417
25778,5705.811737115455
25779,5425.058065106645
25780,8450.359488742835
25781,7137.252418604758
25782,6723.606763690025
25783,8123.180702082194
25784,7453.791328133646
25785,8652.35547437674
25786,6610.780685705206
25787,5035.4892789009
25788,7289.778443144786
25789,8612.088791600345
25790,9213.603708288048
25791,9073.408375494324
25792,8902.935790270994
25793,6583.69278126674
25794,10769.181744879477
25795,6393.914773823913
25796,7020.853649803321
25797,10332.787662791798
25798,7642.38769843355
25799,10991.273071833206
25800,9716.625357752733
25801,8971.622185176566
25802,6489.077344403546
25803,8117.48605398893
25804,9024.039082197947
25805,7715.513221671289
25806,4797.8518668587085
25807,6613.716138707166
25808,9283.754844988529
25809,6464.861863996924
25810,4930.351823144598
25811,8788.751599710497
25812,8011.091218878761
25813,7159.538166190477
25814,6833.350417074782
25815,5771.184920379927
25816,8406.815969910116
25817,8115.606265459107
25818,7147.244166243199
25819,6400.0283111338595
25820,6026.848908165534
25821,7240.850337079424
25822,4797.936040633987
25823,7598.422278938522
25824,6764.609244525447
25825,9378.407687931624
25826,8960.499799650028
25827,7674.474525763379
25828,14178.925367500158
25829,6474.477572980303
25830,6268.714018150774
25831,11860.921669323749
25832,7521.741642466555
25833,9964.170620176526
25834,8348.90716033521
25835,6445.3721650618045
25836,7585.347124382362
25837,6726.151220125491
25838,8466.001326280017
25839,13095.205807574279
25840,8030.619048244832
25841,3489.105044169983
25842,5393.35064910069
25843,9848.309643681396
25844,10278.588334159003
25845,7172.2135897052785
25846,7848.673931291178
25847,5467.285840687402
25848,5794.378330993395
25849,3808.8070278830983
25850,5552.57621579585
25851,7357.438504399575
25852,8758.613478923364
25853,7997.960861326963
25854,7035.937949627474
25855,9064.678705691416
25856,10542.558107233821
25857,8361.289875718312
25858,5926.129587299205
25859,12046.472266748342
25860,10827.86434688105
25861,6432.2331055432205
25862,8343.850218900241
25863,5791.916184155271
25864,7568.969878714218
25865,4511.523276007
25866,8363.352805580826
25867,6033.548233164965
25868,10951.081516317015
25869,8037.613892529679
25870,9596.097769746482
25871,9231.446561266539
25872,6142.552381275096
25873,10405.345093254771
25874,21246.109109957342
25875,12356.870322937162
25876,6836.7606132198935
25877,3550.6374534610927
25878,7375.548388624024
25879,9422.001244550565
25880,6870.898142466843
25881,13472.804948342566
25882,20805.702919873147
25883,5096.113409229298
25884,6501.998308966305
25885,11644.544808733197
25886,5436.007098141636
25887,8765.73399658083
25888,7433.3599732197345
25889,8728.093041164391
25890,6094.052300003369
25891,7586.215029283408
25892,6861.029930696319
25893,8339.096249374797
25894,11609.334238569745
25895,7644.512233272218
25896,7013.892125768451
25897,8498.429946788132
25898,6323.585339856854
25899,6699.79425484518
25900,9122.828613739845
25901,6353.795066691947
25902,6831.426816685033
25903,7936.858194055884
25904,7555.5836475554415
25905,7613.545294303634
25906,8138.068737882552
25907,8596.86864741656
25908,9430.101649634304
25909,10839.064978719969
25910,8859.506964338423
25911,6557.969932677463
25912,4633.947516364478
25913,7538.411152624471
25914,7890.610628352672
25915,7264.566826743808
25916,5440.181781909359
25917,9809.220241205998
25918,7583.9955014875495
25919,10792.592221668478
25920,8149.9958110058005
25921,6341.379607284783
25922,5885.314592731035
25923,5215.704155439413
25924,10841.509107734046
25925,6357.613258077038
25926,8516.321468242171
25927,18678.59020938773
25928,8665.265123516901
25929,7342.957720364856
25930,6518.652411068864
25931,5136.415072433707
25932,7769.1717631380325
25933,4759.5253747639745
25934,6601.11411715803
25935,11853.550407413974
25936,5753.99745635614
25937,16163.608632596697
25938,16000.567113920672
25939,6514.925214823817
25940,7899.295295488372
25941,6619.365189051362
25942,7678.419052671992
25943,6388.442524483154
25944,12998.98172584191
25945,8408.693694048137
25946,10885.770051359843
25947,5416.6225939518845
25948,8424.436858482288
25949,6469.535669538686
25950,10245.434452201436
25951,7852.86100451924
25952,7207.8868667320985
25953,7668.394818675524
25954,7354.079552823594
25955,9214.98429309831
25956,10283.030610350472
25957,7637.583570421484
25958,11271.173430739305
25959,7748.92813783926
25960,10699.622043605079
25961,6501.974463664108
25962,6379.13398807627
25963,6137.3481512662165
25964,12190.745182465547
25965,7646.462693834678
25966,8545.321800506716
25967,7779.8885621106265
25968,10042.566406770155
25969,5450.192226463787
25970,9788.247086893853
25971,8057.9951116988195
25972,4625.497007322925
25973,15466.169468474507
25974,19883.81591403295
25975,7878.38550547976
25976,8007.909893655881
25977,11075.687639114289
25978,11175.867956290613
25979,12471.300955442694
25980,6241.187596040922
25981,7916.03538928167
25982,6863.2512122110165
25983,10167.533379704879
25984,4467.67329759692
25985,6976.322443772226
25986,6514.954980062859
25987,6736.109610645618
25988,8606.63671439052
25989,6455.609226874584
25990,5441.270717748949
25991,8583.991454542487
25992,5263.283239681838
25993,6292.738486550736
25994,7285.068419479577
25995,7083.079257942535
25996,11182.401601146306
25997,10505.351093558469
25998,8391.826691653105
25999,7785.173839675783
26000,7464.212080827418
26001,13039.653711318822
26002,7727.688399865785
26003,6148.259128667563
26004,6145.038496427338
26005,12620.453989344902
26006,5103.619500016803
26007,7876.043450272667
26008,3861.0890247173884
26009,5670.398404430279
26010,9380.56344208844
26011,7252.063609872062
26012,6137.079650555065
26013,9805.123911316206
26014,10634.657495129568
26015,14166.31909083609
26016,7240.912347374628
26017,10975.241936590355
26018,3548.3629466561074
26019,6269.76537427401
26020,7336.47805220343
26021,5636.718048986061
26022,10144.468408638008
26023,5535.729594986436
26024,6043.016873335482
26025,9210.091886851289
26026,12718.268875608797
26027,11231.000615624516
26028,6725.779678499213
26029,6017.322284297877
26030,13424.288383492873
26031,9157.83755227287
26032,6581.669233345279
26033,6348.126951117567
26034,9160.849100252755
26035,10859.18363457871
26036,5589.508962975121
26037,6443.704321025633
26038,9417.077463146565
26039,8393.060224388075
26040,15052.229542166158
26041,7883.189432054536
26042,13798.917325022763
26043,7996.022163513418
26044,5990.859244480536
26045,3802.6202675670593
26046,7359.584898681086
26047,7147.103859440517
26048,6657.617111966058
26049,8989.58651871997
26050,6279.944864023903
26051,5156.844539023122
26052,8416.731773813079
26053,4213.164489033319
26054,8976.956662586465
26055,8199.397241831894
26056,9136.826175937309
26057,9622.093561703141
26058,6416.751350624616
26059,10415.121108331463
26060,7893.8864545555625
26061,6785.855344254338
26062,7279.663564426075
26063,5843.241426648346
26064,12339.758620839992
26065,7723.970837603368
26066,5847.445688382279
26067,8357.864384592425
26068,9733.160065458109
26069,8446.813979870258
26070,7246.380673538455
26071,8897.60302895345
26072,7033.956339951083
26073,7133.1362073291975
26074,6569.584381357706
26075,9869.35337038299
26076,6817.342113747782
26077,7698.953945036759
26078,7217.144831143235
26079,6526.997885459622
26080,5324.350037586351
26081,6390.827845230078
26082,10492.780230235778
26083,10295.887308799509
26084,11685.88892716819
26085,12599.402265437027
26086,9362.82646784893
26087,9141.31205491513
26088,5851.940771051455
26089,12373.636120847312
26090,13058.595641204844
26091,8655.985962417357
26092,8746.695379137933
26093,9445.24893649467
26094,7395.834214280318
26095,4451.335499515081
26096,13212.496813751286
26097,8190.058006223249
26098,7862.833913565101
26099,6847.495192500119
26100,3149.9152812304637
26101,12351.575543459658
26102,7033.958647151269
26103,5455.098181553023
26104,5523.43171647623
26105,6323.063792044146
26106,7844.316992359676
26107,8699.150812494645
26108,8844.475550995667
26109,6635.345493822938
26110,5462.794153028034
26111,4832.092197211915
26112,3806.0094611166296
26113,8066.131429972759
26114,18767.6686076963
26115,5099.504796018937
26116,6672.942979968485
26117,7630.362748286447
26118,6042.123787562809
26119,5892.074420834405
26120,6484.084738104214
26121,4701.950785151881
26122,8794.054925990029
26123,7650.598800275476
26124,4677.153409329484
26125,10666.287720637354
26126,6479.4179957768
26127,5706.5520719838305
26128,12096.243127386628
26129,8592.364905487248
26130,10854.965703311223
26131,6237.81707772347
26132,7288.297778780328
26133,5756.219512141545
26134,5711.151635054585
26135,16728.724365882354
26136,11912.724764363968
26137,7330.28287831097
26138,6353.72381528507
26139,6405.911697877818
26140,7261.009847605681
26141,4839.698497074106
26142,11202.305050441852
26143,6598.36570854434
26144,6626.821489227505
26145,8563.25537965428
26146,5487.449285084826
26147,7486.911087898695
26148,8245.341906549174
26149,7588.0289560392885
26150,8520.671052805905
26151,4792.46437425702
26152,6966.137904887101
26153,7457.998986463363
26154,10375.272805622706
26155,8728.943371890358
26156,8466.182640149338
26157,5526.069703757398
26158,9440.240875206702
26159,6677.161187779428
26160,5308.917202820479
26161,7790.252101998601
26162,7787.597716556438
26163,7248.382258353628
26164,8110.178555038914
26165,7000.092829512916
26166,6817.772969388825
26167,6232.602369648221
26168,8474.12593091792
26169,7593.198396269143
26170,8061.604670193573
26171,10516.83833826709
26172,7088.007860716895
26173,4935.259573134038
26174,13013.974188397337
26175,6247.994469266147
26176,3773.9430889957785
26177,8784.5119921098
26178,10090.879781558884
26179,13250.52820135476
26180,5862.02302530949
26181,7017.176256715001
26182,7156.580379978851
26183,8138.498794546091
26184,6750.626063607903
26185,9947.977022770187
26186,3683.4311335035086
26187,6492.762386376871
26188,6433.480180492434
26189,6100.541051543477
26190,6347.6385801077495
26191,8040.928202838763
26192,8435.80500442477
26193,7553.423797261744
26194,9190.468588719728
26195,8754.63368434085
26196,9968.666206123668
26197,5552.394805666162
26198,7675.268527981651
26199,8283.387493678843
26200,10026.248307557935
26201,8845.50460297714
26202,4290.144685379394
26203,9505.678806931037
26204,7436.175481139854
26205,8393.439808357869
26206,6447.165249921295
26207,5098.8265432928865
26208,10034.22155013614
26209,6746.065610025657
26210,10084.388245354074
26211,7595.700570075708
26212,6390.5753316812015
26213,9017.660396756446
26214,7339.411564343411
26215,7626.390090518695
26216,9860.198195291043
26217,6630.778445732742
26218,10775.931105728889
26219,11745.405859229584
26220,9379.665340107551
26221,5429.194725278654
26222,6603.187985862125
26223,5287.838857229935
26224,3734.6188404444665
26225,8663.46487744842
26226,6492.8518840150045
26227,9587.371003713413
26228,5691.204078791103
26229,6895.268662743104
26230,6941.922207252124
26231,10035.466147909417
26232,6294.152352142475
26233,6392.6432097944435
26234,6057.818533502825
26235,8591.779594913065
26236,6281.063640897524
26237,8513.267300778016
26238,8735.75852620731
26239,8502.748384700504
26240,9747.368894434801
26241,7638.452636843549
26242,6606.109693901859
26243,5569.0694063378005
26244,6471.645301462527
26245,12103.420513656867
26246,10058.848797491233
26247,11194.526903562175
26248,15261.128461524806
26249,5973.2309224233995
26250,5779.275321783849
26251,7256.495843313634
26252,9219.158614182117
26253,10935.479445837402
26254,9092.521351518904
26255,9204.849531822625
26256,9117.112275195484
26257,8588.748014700075
26258,7642.670380461086
26259,6440.732295063627
26260,5379.967802206261
26261,5905.87624755003
26262,4674.416481048867
26263,6339.365423833106
26264,8476.641196061655
26265,19729.98026299736
26266,8448.654093958337
26267,6064.135222613106
26268,8437.42196876217
26269,5504.373826593961
26270,7471.09270609735
26271,5036.1597396231355
26272,10727.519143066986
26273,7597.486414626627
26274,7183.242772542432
26275,14918.633158945579
26276,12220.15250889316
26277,5822.697658526193
26278,8294.09618395329
26279,4677.898989951657
26280,6087.789534975563
26281,6188.512022534165
26282,9575.339748439765
26283,5486.023707581862
26284,5372.486225144572
26285,6645.115174914084
26286,6491.169557007017
26287,7985.778471414756
26288,8573.614912257373
26289,4862.272716439635
26290,8618.675410409121
26291,9948.820967998789
26292,7686.067993975844
26293,5615.331289513366
26294,5288.0158613174
26295,8778.755706165994
26296,5840.933932284423
26297,11092.971577260114
26298,5417.605234719862
26299,6938.546097881509
26300,8194.507273426032
26301,6480.017005649178
26302,6234.162411856827
26303,6390.182707301872
26304,7896.194416753985
26305,11569.154087131306
26306,10693.22261609379
26307,6729.021957724141
26308,4960.198737451876
26309,7438.413805866306
26310,7300.130052343806
26311,5321.06005858159
26312,6831.099953195355
26313,6754.876415568787
26314,14109.198338286282
26315,9101.063351229695
26316,6913.894794320295
26317,8482.766447776803
26318,6116.243082327449
26319,9776.798316989863
26320,6767.882476697283
26321,14000.900317743814
26322,7666.951454431187
26323,6365.295271912814
26324,6276.200492597353
26325,4648.495883075708
26326,7549.415961488918
26327,20109.735346971927
26328,4837.6324566267895
26329,5832.9465528448145
26330,10211.58700805297
26331,7739.43054079734
26332,8507.605199623038
26333,10144.75076955985
26334,6918.692304065665
26335,6217.513531965247
26336,5194.133653391922
26337,12093.181063350741
26338,7362.496366971104
26339,8342.429927368903
26340,9737.604051448507
26341,6233.990340654901
26342,8787.492460578327
26343,7636.574766725724
26344,4868.459099659036
26345,9439.660823836512
26346,10719.876022357968
26347,5646.109237015597
26348,8796.398246720246
26349,8162.96784286633
26350,5953.275995409537
26351,11286.370127960074
26352,8045.207036623491
26353,8393.298846191867
26354,5612.399481607419
26355,5524.551723641008
26356,8039.6226289544575
26357,5053.850313886299
26358,9933.262732279933
26359,5025.926363418467
26360,7202.973529989665
26361,5192.687993934449
26362,7168.184085359675
26363,6572.429572935629
26364,7806.782654357256
26365,7755.319131533095
26366,9940.640756333905
26367,7188.029084649548
26368,8577.381046569953
26369,7231.369493625641
26370,9743.579186796544
26371,12649.69764987478
26372,8532.295254436262
26373,3657.7753489452166
26374,7723.331297500067
26375,7938.021872102542
26376,4706.608333958123
26377,13771.37843685165
26378,6634.409201224265
26379,7550.8926375538
26380,12538.410089645979
26381,7909.4210359966455
26382,4865.350149919608
26383,15609.48068982161
26384,11031.187196328736
26385,6919.95742510751
26386,10620.072891513026
26387,10221.062605747917
26388,7171.106065014244
26389,6614.419409907972
26390,7287.609253096461
26391,6529.346012764712
26392,7284.374184660203
26393,8071.90741442403
26394,5033.631635875686
26395,8406.009502045186
26396,8224.97611761596
26397,7269.359799559984
26398,9311.715992863321
26399,6918.574467798627
26400,7745.261914876468
26401,5909.453552664731
26402,8696.53025668415
26403,7853.26051260406
26404,6983.8469454227
26405,7857.212693409894
26406,8375.899718508286
26407,10881.679114863535
26408,6554.603327245084
26409,6362.663429623204
26410,7534.236549214043
26411,7992.042152381485
26412,8435.777019058718
26413,4941.54624114089
26414,5081.712926480425
26415,8877.053386429101
26416,8133.086382598114
26417,7323.1537389241885
26418,8475.541755855427
26419,6769.164268375051
26420,7553.105140597018
26421,5601.375842470044
26422,3668.6811279149524
26423,8275.94821029787
26424,7418.485806451021
26425,7295.819490295891
26426,10863.38324935353
26427,9508.360280308629
26428,5414.427683758802
26429,8605.36587587652
26430,5039.605950218059
26431,3419.2343333929034
26432,7851.285329020923
26433,14347.561224446075
26434,8307.761971969907
26435,7778.917931027605
26436,5515.644284118686
26437,7360.328049148728
26438,9836.153980139987
26439,7252.554327382694
26440,10150.172075016102
26441,5600.925378877943
26442,5652.386825629228
26443,6399.6491883522285
26444,6671.677215324911
26445,5665.313613039641
26446,5744.424961377197
26447,6015.912514272765
26448,5493.683411985222
26449,8212.822174417573
26450,8093.642047135095
26451,6426.227844724221
26452,7366.046380972523
26453,8402.46406570611
26454,6690.708509915437
26455,5788.763439826185
26456,11470.952807539186
26457,8416.347589852043
26458,6413.1062931470215
26459,4402.992269143197
26460,11913.698333743016
26461,7480.591434515426
26462,6411.619957002948
26463,10079.451158918211
26464,9771.926491512371
26465,8080.561550986812
26466,7249.594082901061
26467,8450.201948768205
26468,10331.567040181137
26469,15846.484334716148
26470,5981.088717915258
26471,5676.965197225486
26472,5691.725520873347
26473,7420.241449234322
26474,6416.556957981591
26475,9290.996453601332
26476,9766.06390106245
26477,6869.684457239718
26478,4843.6180544693
26479,7061.064052145621
26480,12116.13705048226
26481,5822.62629795055
26482,8596.527246226415
26483,4738.767208204835
26484,8280.71184026446
26485,9454.33984624744
26486,8246.205747131315
26487,9348.166456732515
26488,7345.744576618208
26489,5575.027549652808
26490,7122.279623846024
26491,8273.985092429242
26492,9984.300621908824
26493,8334.059053909607
26494,9790.256197486173
26495,7148.346593586939
26496,5115.696651796943
26497,10896.379339284518
26498,5181.843962630935
26499,10369.29292925422
26500,6932.613002627831
26501,5575.001058749558
26502,8588.677833785658
26503,6909.903169117604
26504,8252.320453693212
26505,9357.94803210682
26506,4427.651773907177
26507,5232.643907582385
26508,8866.282093544613
26509,10470.378368614272
26510,12029.39432133776
26511,6912.163797877944
26512,7645.760050572126
26513,7181.118168721014
26514,7635.29813793945
26515,5850.825210243292
26516,11809.663293524778
26517,10288.086496807453
26518,14704.056795208433
26519,5525.272304019839
26520,6909.794904062612
26521,11214.744665184742
26522,10876.027837765141
26523,5823.573084203896
26524,11622.857435185488
26525,7650.2401021451415
26526,6991.260645809552
26527,6263.037281482617
26528,6132.92138766125
26529,5967.146417468348
26530,7701.9306315905305
26531,5889.273975323829
26532,5620.597029351168
26533,9593.968966308863
26534,7522.497160634646
26535,23681.629103968815
26536,8113.664020139438
26537,6237.762378245853
26538,9266.110829309819
26539,14660.13294577983
26540,8956.609764403505
26541,10000.29370458564
26542,8268.607556623052
26543,9823.131616631363
26544,10315.730465253355
26545,6944.6825726866855
26546,6892.8890184526845
26547,9282.522223386202
26548,11194.798041201562
26549,9118.434178408725
26550,11740.716007397208
26551,8069.48246909685
26552,6756.490360179319
26553,7806.542591084497
26554,12990.675023625048
26555,13009.595670956529
26556,12431.62835621489
26557,10688.88578078778
26558,5390.5828508123495
26559,7879.285993770301
26560,5931.516209868545
26561,11056.877478659924
26562,13440.176840969636
26563,13850.859965772399
26564,8396.528702654246
26565,6886.171048253931
26566,6213.9370206528865
26567,7659.940608722769
26568,13081.324100152617
26569,8315.739985644706
26570,7768.820735928299
26571,7727.02051985183
26572,9467.06982136854
26573,4513.854724802293
26574,11436.306628981603
26575,6424.151425047708
26576,9983.884806079823
26577,8942.941952017143
26578,7338.212824053443
26579,11481.538554889517
26580,10364.624459542643
26581,7903.872204100616
26582,8660.5417249207
26583,10377.85227593533
26584,14623.409334383941
26585,9079.497416676668
26586,12515.209433283071
26587,11671.862460037912
26588,12392.183633879478
26589,9534.979029519713
26590,12697.730904689397
26591,6371.15675420455
26592,6352.351037871849
26593,7831.575030680288
26594,8995.122144433553
26595,13171.330434534191
26596,10924.624704356485
26597,8450.583324943631
26598,11331.531291735944
26599,10225.53102923542
26600,12161.831994009799
26601,4796.207633307475
26602,16707.834056528394
26603,5894.91050272627
26604,8477.62590220392
26605,11297.491005092921
26606,6747.921430854088
26607,8761.950212613214
26608,7521.536465936335
26609,10073.759681553262
26610,7637.6177919707825
26611,7734.692962656696
26612,11181.640015967569
26613,10643.160427686975
26614,9522.204635389944
26615,7228.568395055428
26616,10398.148971528728
26617,16483.109589654465
26618,9007.633584012412
26619,7391.589026862711
26620,9458.445585621579
26621,8963.833592620775
26622,7977.634220656086
26623,11279.098745767782
26624,4931.051013727926
26625,12158.07438033981
26626,7916.888915762328
26627,10210.999619752543
26628,12498.791723032135
26629,5478.88716599921
26630,7152.166145449822
26631,7823.232910398666
26632,11948.905179234374
26633,11647.983668981457
26634,6924.850577579405
26635,6246.564993287451
26636,10395.874645612337
26637,8696.256320742663
26638,8334.258554373819
26639,9543.586797118485
26640,9264.286567943902
26641,10263.416272965429
26642,8115.650919848305
26643,5683.935754386478
26644,9085.193906046174
26645,10350.85938347397
26646,10932.325004319804
26647,11124.062368414008
26648,10875.03059831716
26649,8233.231809552424
26650,13652.852655308114
26651,7397.473509396441
26652,8552.897708275386
26653,12835.511818137942
26654,9417.34855864934
26655,12792.376068418402
26656,11966.874271325592
26657,11168.916837357334
26658,7871.810212858128
26659,9520.681332345779
26660,11276.05367428539
26661,9346.028034158924
26662,5440.155695777261
26663,7696.945827114646
26664,11374.731350640446
26665,7826.809986805512
26666,5487.163142378237
26667,10492.786856109928
26668,9382.06107117742
26669,8495.555529139474
26670,8304.885436002876
26671,6777.601723375105
26672,9945.1225350877
26673,9847.85028045769
26674,8822.403073916183
26675,7993.713351345822
26676,7115.371405353138
26677,8769.401522371934
26678,5516.269524609175
26679,8837.6289529608
26680,8417.534019544311
26681,11535.793087118729
26682,10840.403224423844
26683,9425.342872521804
26684,16697.81728921681
26685,7732.8348455551795
26686,7610.706532813925
26687,13656.387265152838
26688,9207.56046340863
26689,12481.18776027813
26690,9763.592944259635
26691,7847.663894890893
26692,9159.630777991744
26693,8191.898834271985
26694,9892.856695242113
26695,14862.358033782033
26696,8859.463961829451
26697,3990.7803867084494
26698,6335.551954366962
26699,12080.432590322042
26700,12656.998047305085
26701,9094.344253016801
26702,9237.42072284891
26703,6572.607176941409
26704,6603.52194392331
26705,4397.3437588383495
26706,6465.697619174682
26707,8938.911108755574
26708,10801.582434436532
26709,9251.944781042685
26710,8308.930937017703
26711,10921.823067154706
26712,13116.996471853081
26713,10306.931856985544
26714,7095.721241346326
26715,13815.51333838352
26716,13132.46066191838
26717,7611.591495245646
26718,9657.099636490235
26719,6959.5297294887505
26720,9040.476276737494
26721,5586.592034685333
26722,10073.627684384686
26723,7414.690202570484
26724,12783.784630720294
26725,9672.920610921192
26726,12071.227153283455
26727,10975.040208893997
26728,7260.836029986052
26729,12876.434341840664
26730,22644.891064563697
26731,14499.798041171167
26732,8296.085926928898
26733,4199.843662020104
26734,8980.373188099564
26735,11194.882954051069
26736,8366.226678020268
26737,14006.54268155309
26738,21596.007141490612
26739,5726.989033391751
26740,7666.508242783016
26741,14126.87670695743
26742,6379.890871824381
26743,10436.002458383968
26744,9005.593342816745
26745,10539.955793180381
26746,6664.964771732976
26747,9331.415847933025
26748,8726.423002228528
26749,10023.314348623066
26750,14111.642417834375
26751,9282.955293476953
26752,8540.673896435539
26753,10226.421011305807
26754,7776.794986394001
26755,8096.518492093536
26756,11305.20339273401
26757,8014.9033369122335
26758,8273.442421263295
26759,9250.37594967311
26760,8925.920221390972
26761,9068.191258304607
26762,9755.592120650026
26763,10330.090093982133
26764,11703.776100751447
26765,11985.016743329
26766,10420.632971523923
26767,7523.231809580046
26768,5434.685079773502
26769,8817.39589797123
26770,9261.991141891825
26771,8837.298278451006
26772,6470.772505581663
26773,11845.997831214656
26774,9148.921028046117
26775,11649.353658111548
26776,9592.687158885163
26777,7735.017524967028
26778,6841.543429976618
26779,6124.420681018961
26780,13047.167249507907
26781,7699.5116878420995
26782,10128.069709204217
26783,19994.48042179647
26784,10683.87848564925
26785,8464.160740530948
26786,7958.38943175288
26787,5746.741264587665
26788,9246.567753984864
26789,5412.511056507955
26790,7769.319992245225
26791,13499.360406570995
26792,6859.277788410204
26793,17183.37918210527
26794,17855.26879179954
26795,7885.685670407285
26796,9575.966712059651
26797,7718.968175731222
26798,9184.324697337252
26799,7270.452683510792
26800,15247.019995767347
26801,10180.223338996675
26802,13066.638333142668
26803,6424.685666372791
26804,9778.521002411695
26805,7823.135978403876
26806,12433.273079235452
26807,9725.83199973827
26808,8754.94357181245
26809,9187.67592435737
26810,8031.997272605095
26811,11415.774685641403
26812,12379.94979508334
26813,9232.068846412449
26814,13348.174783007866
26815,9571.26001235975
26816,12885.4884104
26817,7620.35969148933
26818,7826.833941364011
26819,7219.458803295475
26820,14568.952732202486
26821,9156.670499788259
26822,10376.65106600714
26823,9759.91621325839
26824,12221.988754212936
26825,6581.091937003828
26826,11770.383331499695
26827,9305.978523931139
26828,5429.893940926676
26829,17741.466754233454
26830,21301.207370175416
26831,10091.193166573463
26832,9752.655940765288
26833,13476.422426917634
26834,13041.573187056681
26835,14137.214772138874
26836,7227.129652745472
26837,9335.297827565304
26838,8398.258436929176
26839,12555.351169343763
26840,5275.892902994022
26841,8277.425819927437
26842,7890.726356877218
26843,8260.003814337091
26844,10058.934228206905
26845,7392.568699956999
26846,6348.234874354896
26847,10534.860846525631
26848,6172.327218967362
26849,7681.474948555127
26850,8815.510232606828
26851,8545.086281718406
26852,13703.724842777012
26853,13049.019333558324
26854,10131.602872004933
26855,9438.021794156397
26856,9133.411572388379
26857,14747.110596934514
26858,9242.529513246835
26859,7017.692947865602
26860,7238.210003894925
26861,14744.748278405692
26862,5962.837692728866
26863,9399.046237153194
26864,4424.423794064882
26865,6558.7723465663075
26866,11612.40004706662
26867,9099.688451682281
26868,7139.3029276165435
26869,12438.40928786443
26870,12849.524148072482
26871,16116.211596119032
26872,7714.034851208905
26873,13334.82027640192
26874,4067.74325886089
26875,7279.020194250419
26876,8839.100949611118
26877,6812.62945591314
26878,11930.025837201032
26879,6530.420315683554
26880,7230.760395647593
26881,10979.72393335909
26882,14278.40271580726
26883,13635.554328740964
26884,7985.787559994518
26885,7082.088821242639
26886,14689.907182883448
26887,11439.540357155223
26888,7628.041660828242
26889,7548.579531578319
26890,11301.949643487314
26891,12853.053435741049
26892,6727.658773572581
26893,7523.762130388352
26894,11911.067930953657
26895,9915.38691254306
26896,17147.468755077756
26897,9773.36890196532
26898,15597.129260675178
26899,9840.652672582308
26900,7067.657607377598
26901,4367.055197389479
26902,8521.017273199137
26903,8825.57332843472
26904,8163.215527906462
26905,11047.861476009235
26906,7627.987119040294
26907,5935.100105075689
26908,10358.116126383853
26909,4939.341934334814
26910,10870.145379261754
26911,10164.243680242625
26912,10989.313557046613
26913,11801.585033321373
26914,7939.673567931739
26915,12525.95528677585
26916,9306.290153795946
26917,8248.65840911929
26918,8906.701066738839
26919,6711.157475548563
26920,14025.216397228703
26921,9223.389488376222
26922,6836.352474129779
26923,10073.45165028419
26924,11689.296919758537
26925,9949.944566613245
26926,8628.344684671369
26927,10752.036235831898
26928,8133.38903805082
26929,7474.427975776181
26930,8211.352569378556
26931,11937.520833886076
26932,8112.826136838025
26933,9179.908000878173
26934,8803.93777371889
26935,7902.361734436448
26936,6301.529018560256
26937,7786.680972817704
26938,13008.023694231066
26939,11801.700230565686
26940,13829.866472747486
26941,14367.135466367441
26942,11801.523241678178
26943,9704.110428341262
26944,6924.240868745987
26945,13899.47713914347
26946,14998.00304196893
26947,11183.172027764002
26948,10314.089480124772
26949,11167.842646445228
26950,9014.052592881893
26951,5263.689594924096
26952,15285.211338215377
26953,10158.159538897751
26954,9473.894987323412
26955,8364.500017338345
26956,3684.392780234495
26957,14336.868122001522
26958,8893.760542623499
26959,6562.048217685679
26960,6405.351878195396
26961,7558.575912206133
26962,9185.506675320774
26963,10770.672800119906
26964,10878.355404670441
26965,7897.550213367852
26966,6599.822749084012
26967,5475.955769872019
26968,4360.648584081388
26969,9643.519588214598
26970,20524.945627054727
26971,5485.341059723819
26972,8034.3174116314685
26973,9086.637814823001
26974,7027.09224664688
26975,6902.788266158394
26976,7731.747701723589
26977,5300.980615623331
26978,10904.287793748175
26979,9192.89621020844
26980,5242.185756907955
26981,13183.84828408326
26982,7716.140329252261
26983,6636.368720248843
26984,12983.185616903067
26985,10592.734440099664
26986,12767.200964224961
26987,7353.804722238536
26988,8529.454034892467
26989,6959.670338055834
26990,6768.849861060797
26991,18717.705551997024
26992,14183.678940069463
26993,8839.207637565445
26994,7425.7402001084165
26995,7735.0633621845645
26996,8754.527135258999
26997,5518.398819656472
26998,13294.441281756475
26999,7827.695613670262
27000,8115.916724146408
27001,10525.692506959265
27002,6581.005219540416
27003,9027.568349605765
27004,9686.869054938563
27005,9593.769730603783
27006,10468.36548955431
27007,5480.47856671401
27008,8242.441541964228
27009,9203.230121699735
27010,12676.646532079722
27011,10282.34746833717
27012,10480.979068156668
27013,6566.494417402472
27014,11811.86109384615
27015,7855.238118148321
27016,6130.232464134197
27017,9082.4693586322
27018,9431.892240329615
27019,8483.406055028992
27020,9891.498264834585
27021,8431.960727603479
27022,8297.327594258963
27023,7267.492111018711
27024,10349.7054220645
27025,9145.509973225558
27026,10036.39756212036
27027,12940.062695288221
27028,8470.074059494586
27029,5609.931707192303
27030,14747.939326335541
27031,7239.576196976278
27032,4146.105973499044
27033,10296.166461596535
27034,12209.007230967965
27035,15081.571964641442
27036,6924.405338201789
27037,8513.646342191914
27038,8759.528876306626
27039,9623.818097804753
27040,8067.3717508200725
27041,12397.359674056715
27042,4248.814131474221
27043,7667.2645234341435
27044,7621.357597187819
27045,7101.810561574545
27046,7751.3219725120225
27047,9599.64455979495
27048,10296.537524903506
27049,9066.901200885726
27050,10844.675355606543
27051,11371.887905126969
27052,12497.480941378486
27053,6941.57013237226
27054,9443.417469712016
27055,9876.868915648434
27056,12325.950819439144
27057,10459.620992996717
27058,4858.044926259093
27059,10058.856018107777
27060,9519.953505489364
27061,10206.51939273284
27062,7619.025297356986
27063,5670.379887783967
27064,12594.660108570386
27065,8015.308705823315
27066,12184.797748079338
27067,9284.00750042914
27068,7307.224271772425
27069,11023.293055845796
27070,8515.655922518721
27071,9497.553839795279
27072,12021.122490698655
27073,8001.55741784858
27074,12841.01977144005
27075,13731.825414707677
27076,11132.557246449669
27077,6315.394309587057
27078,8322.107017424558
27079,6243.687235934137
27080,4129.627021178285
27081,10160.351368235199
27082,8166.292388819597
27083,11373.12522149722
27084,6786.379158670352
27085,8251.385267959662
27086,8322.70037075641
27087,11955.487746122779
27088,7613.4438009030355
27089,7890.135200724841
27090,7091.555208939335
27091,10254.575798949398
27092,7659.51201968071
27093,10401.73910481793
27094,10419.305040385696
27095,9843.029771468084
27096,12132.607374683355
27097,8891.278461298645
27098,8016.141722021264
27099,6534.205050221144
27100,7724.736800012545
27101,13934.48076025656
27102,11875.637780302177
27103,12066.411957848959
27104,15852.521391191674
27105,6730.980820695297
27106,6835.769798058636
27107,8428.139243954562
27108,11249.298824591033
27109,13499.096565861004
27110,11358.409905355407
27111,11388.867064470527
27112,11112.912456445998
27113,10293.786038896054
27114,9370.74318069132
27115,7878.965326643037
27116,6263.702129259184
27117,6984.654316545249
27118,5329.120551534909
27119,7367.271245463849
27120,10288.667876866823
27121,21164.008383915003
27122,10047.212906858123
27123,7091.296265947656
27124,10200.688612088887
27125,6680.33220426327
27126,9007.767920342128
27127,5557.279487277384
27128,12879.085556786085
27129,9422.846793494
27130,8630.209130394567
27131,17375.283373645267
27132,12613.464141004266
27133,6744.474711769589
27134,10173.68020500516
27135,5414.5929136025925
27136,7059.120979238477
27137,7314.858998174772
27138,11995.790319725833
27139,6588.075237425017
27140,6528.957093151532
27141,7919.04457609627
27142,7851.163262677243
27143,9148.744294757844
27144,10567.856893986936
27145,5611.937291449385
27146,10480.054783370253
27147,11993.839534512783
27148,9477.302257415675
27149,6839.278199844457
27150,6266.402818573125
27151,10775.197003312203
27152,6912.70232703772
27153,13039.422954655207
27154,6578.013480432358
27155,8469.716913843755
27156,9746.704333313894
27157,7932.994215179989
27158,7196.077549244703
27159,7835.503932495953
27160,9964.546987939235
27161,13367.3171844458
27162,12888.504586289044
27163,7972.056561846594
27164,5820.828574028364
27165,8808.809951776897
27166,8746.632401839717
27167,6098.420350230236
27168,8314.848290793661
27169,7969.691490606826
27170,16025.197928221398
27171,11210.195716730403
27172,8286.874755214
27173,10258.018527725382
27174,7120.054522100017
27175,11480.990788856674
27176,8258.976889342675
27177,15856.124996309096
27178,9670.46407345114
27179,7755.393737728558
27180,7291.63198755679
27181,5295.272907842499
27182,8867.813717783396
27183,23960.307354831286
27184,5620.027813010157
27185,6993.005432012492
27186,12162.033869666157
27187,9208.671569649074
27188,10205.395840866984
27189,12520.533874204148
27190,8443.60141852968
27191,7611.323581404955
27192,6027.541580693573
27193,13913.082126087043
27194,8958.708047871018
27195,9857.87142077313
27196,12072.654116435426
27197,7186.51012181291
27198,10882.469895627724
27199,9139.303058956197
27200,5453.340125939085
27201,11284.452201769218
27202,11783.241567243196
27203,6658.679760528376
27204,10815.664552610053
27205,10027.467420151823
27206,6078.430661403685
27207,13606.897342032249
27208,9823.652982980895
27209,9796.601492560685
27210,6593.91817526503
27211,6677.813722966307
27212,9514.815283537753
27213,5964.324796587686
27214,12119.127220838456
27215,5491.242606687184
27216,8285.960129384319
27217,5900.813822663159
27218,8850.479789865194
27219,7715.398546227848
27220,8998.703600450519
27221,9668.72591109526
27222,12205.947501141954
27223,8853.383073302391
27224,10093.281677804469
27225,8414.114929155085
27226,11491.64862131385
27227,14568.46079803877
27228,9977.8743179899
27229,4362.134697304631
27230,9155.466722179712
27231,9538.908101171814
27232,5359.887034586787
27233,16409.75011104406
27234,8254.006618326881
27235,8837.206310026
27236,14207.660484655325
27237,9065.782062326884
27238,5715.466658994574
27239,17842.471924008023
27240,13116.243423537902
27241,8257.930023956978
27242,12605.849596198295
27243,12314.218378226356
27244,9255.31340558835
27245,7634.288289299082
27246,8953.08998135538
27247,7945.681893147192
27248,8692.63674011527
27249,9661.31891499819
27250,5662.120343506415
27251,9942.18892234201
27252,10259.139790713889
27253,8480.799951683173
27254,11711.403460421901
27255,8265.77917859602
27256,9044.600118326196
27257,6009.5031246275485
27258,10288.403505726035
27259,9200.808251643039
27260,8447.50928172909
27261,9175.527010579244
27262,10300.67755953281
27263,13110.719468142766
27264,7945.652058018503
27265,7345.284401015645
27266,9103.534755295124
27267,9642.824761224663
27268,10245.753813948351
27269,5646.953673367636
27270,5940.568049252305
27271,10303.805839116665
27272,8780.309627241404
27273,8840.712780077756
27274,10375.94885348802
27275,8405.249146111208
27276,8977.047162110965
27277,6967.809100465485
27278,4228.704415773498
27279,10231.146950975015
27280,8885.92581342134
27281,8922.51496504038
27282,12982.70841408071
27283,11347.49877873949
27284,6216.663541422264
27285,10200.309860890826
27286,5606.877626010114
27287,3932.3834822354993
27288,9231.25385985004
27289,16351.981374095907
27290,9789.838336091796
27291,9343.59177140328
27292,6565.219594246225
27293,8790.042390740335
27294,11823.614924375212
27295,8871.168834408965
27296,12421.483261699139
27297,6522.9579316065065
27298,6686.192557236441
27299,7661.88930514031
27300,7839.809715610381
27301,6556.37984779956
27302,6795.803027230911
27303,7200.99663139338
27304,6562.392516591809
27305,9709.721946272057
27306,9654.307128403701
27307,7946.8216177083095
27308,8594.46843415587
27309,10367.013454162035
27310,7854.056223728486
27311,6733.76528284175
27312,14015.103656632833
27313,10118.654501413186
27314,7864.705303420334
27315,5135.6018374679015
27316,13666.581130314073
27317,9060.674637761238
27318,7628.397200124739
27319,12765.946644812415
27320,11654.265174958804
27321,9745.674591219604
27322,8745.887057408352
27323,9839.327275542008
27324,12386.095926073582
27325,18126.12464801543
27326,7002.316462889248
27327,6827.335681418141
27328,6874.884811915705
27329,8769.069111046323
27330,7943.165105316861
27331,10913.268999747434
27332,11610.004559085388
27333,8325.009761631996
27334,5385.581222894015
27335,8743.7442445967
27336,12737.219065438752
27337,6812.854955199148
27338,10605.822022302858
27339,5264.631624507357
27340,10224.523811648905
27341,11381.691009662463
27342,9786.64042050096
27343,11280.974553589376
27344,9036.661221057237
27345,6903.125876557609
27346,8563.137450358072
27347,9584.491992966163
27348,12204.48290597858
27349,9824.282375397908
27350,12142.079144072637
27351,8889.086593809598
27352,5902.936562726222
27353,13060.338911789706
27354,6023.268576108455
27355,12362.158594012435
27356,8413.960788163837
27357,6703.606405566607
27358,10508.818548823478
27359,8140.499540049384
27360,9706.431085994378
27361,10981.885810490347
27362,5310.297868529096
27363,5998.39730580409
27364,11261.665796054975
27365,12726.404899332754
27366,13937.829467878617
27367,8223.475132130225
27368,8948.558897772777
27369,8608.388541324379
27370,9466.085815443394
27371,6760.49836389213
27372,13821.77181291509
27373,12560.712822232232
27374,16850.1787328847
27375,6717.097273162761
27376,8161.926207681207
27377,12104.657490729924
27378,11579.359788304779
27379,6771.117221962642
27380,13739.273043510206
27381,9256.69195327331
27382,8687.393083958836
27383,7738.541963766201
27384,7178.182298528417
27385,6905.068813530407
27386,9529.366950085208
27387,7140.728569950716
27388,6547.618368930235
27389,11949.61439967189
27390,9003.994228957008
27391,26234.656926387204
27392,9975.239374747567
27393,0.0
27394,0.0
27395,0.0
27396,0.0
27397,0.0
27398,0.0
27399,0.0
27400,0.0
27401,0.0
27402,0.0
27403,0.0
27404,0.0
27405,0.0
27406,0.0
27407,0.0
27408,0.0
27409,0.0
27410,0.0
27411,0.0
27412,0.0
27413,0.0
27414,0.0
27415,0.0
27416,0.0
27417,0.0
27418,0.0
27419,0.0
27420,0.0
27421,0.0
27422,0.0
27423,0.0
27424,0.0
27425,0.0
27426,0.0
27427,0.0
27428,0.0
27429,0.0
27430,0.0
27431,0.0
27432,0.0
27433,0.0
27434,0.0
27435,0.0
27436,0.0
27437,0.0
27438,0.0
27439,0.0
27440,0.0
27441,0.0
27442,0.0
27443,0.0
27444,0.0
27445,0.0
27446,0.0
27447,0.0
27448,0.0
27449,0.0
27450,0.0
27451,0.0
27452,0.0
27453,0.0
27454,0.0
27455,0.0
27456,0.0
27457,0.0
27458,0.0
27459,0.0
27460,0.0
27461,0.0
27462,0.0
27463,0.0
27464,0.0
27465,0.0
27466,0.0
27467,0.0
27468,0.0
27469,0.0
27470,0.0
27471,0.0
27472,0.0
27473,0.0
27474,0.0
27475,0.0
27476,0.0
27477,0.0
27478,0.0
27479,0.0
27480,0.0
27481,0.0
27482,0.0
27483,0.0
27484,4631.357158176136
27485,0.0
27486,0.0
27487,0.0
27488,0.0
27489,0.0
27490,0.0
27491,0.0
27492,0.0
27493,0.0
27494,0.0
27495,0.0
27496,0.0
27497,0.0
27498,0.0
27499,0.0
27500,0.0
27501,0.0
27502,0.0
27503,0.0
27504,0.0
27505,0.0
27506,0.0
27507,0.0
27508,0.0
27509,0.0
27510,0.0
27511,0.0
27512,0.0
27513,0.0
27514,0.0
27515,0.0
27516,0.0
27517,0.0
27518,0.0
27519,0.0
27520,0.0
27521,0.0
27522,0.0
27523,0.0
27524,0.0
27525,0.0
27526,0.0
27527,0.0
27528,0.0
27529,0.0
27530,0.0
27531,0.0
27532,0.0
27533,0.0
27534,0.0
27535,0.0
27536,0.0
27537,0.0
27538,0.0
27539,0.0
27540,0.0
27541,0.0
27542,0.0
27543,0.0
27544,0.0
27545,0.0
27546,0.0
27547,0.0
27548,0.0
27549,0.0
27550,0.0
27551,0.0
27552,3161.3593398371163
27553,0.0
27554,0.0
27555,0.0
27556,0.0
27557,0.0
27558,0.0
27559,0.0
27560,0.0
27561,0.0
27562,0.0
27563,0.0
27564,0.0
27565,0.0
27566,0.0
27567,0.0
27568,0.0
27569,0.0
27570,0.0
27571,0.0
27572,0.0
27573,0.0
27574,0.0
27575,0.0
27576,0.0
27577,0.0
27578,0.0
27579,0.0
27580,0.0
27581,0.0
27582,0.0
27583,0.0
27584,0.0
27585,0.0
27586,0.0
27587,0.0
27588,0.0
27589,0.0
27590,0.0
27591,0.0
27592,0.0
27593,15447.490854101188
27594,29448.972922857552
27595,0.0
27596,0.0
27597,0.0
27598,0.0
27599,0.0
27600,0.0
27601,0.0
27602,7478.216900503532
27603,0.0
27604,0.0
27605,0.0
27606,0.0
27607,0.0
27608,0.0
27609,0.0
27610,0.0
27611,0.0
27612,0.0
27613,0.0
27614,0.0
27615,0.0
27616,0.0
27617,0.0
27618,0.0
27619,0.0
27620,0.0
27621,5820.528721707103
27622,0.0
27623,0.0
27624,0.0
27625,0.0
27626,0.0
27627,0.0
27628,0.0
27629,0.0
27630,0.0
27631,3458.8412339913793
27632,0.0
27633,0.0
27634,0.0
27635,0.0
27636,0.0
27637,0.0
27638,0.0
27639,0.0
27640,0.0
27641,0.0
27642,0.0
27643,0.0
27644,0.0
27645,0.0
27646,0.0
27647,0.0
27648,0.0
27649,7669.269974395113
27650,0.0
27651,0.0
27652,0.0
27653,0.0
27654,0.0
27655,0.0
27656,0.0
27657,0.0
27658,0.0
27659,0.0
27660,0.0
27661,0.0
27662,0.0
27663,0.0
27664,0.0
27665,0.0
27666,9629.157097852192
27667,0.0
27668,0.0
27669,0.0
27670,0.0
27671,0.0
27672,0.0
27673,0.0
27674,0.0
27675,0.0
27676,0.0
27677,0.0
27678,0.0
27679,0.0
27680,0.0
27681,0.0
27682,0.0
27683,0.0
27684,0.0
27685,0.0
27686,0.0
27687,0.0
27688,0.0
27689,0.0
27690,0.0
27691,0.0
27692,0.0
27693,0.0
27694,0.0
27695,0.0
27696,0.0
27697,0.0
27698,0.0
27699,0.0
27700,0.0
27701,0.0
27702,0.0
27703,0.0
27704,0.0
27705,0.0
27706,0.0
27707,0.0
27708,0.0
27709,0.0
27710,0.0
27711,0.0
27712,0.0
27713,0.0
27714,0.0
27715,0.0
27716,0.0
27717,0.0
27718,0.0
27719,0.0
27720,0.0
27721,0.0
27722,0.0
27723,0.0
27724,0.0
27725,0.0
27726,0.0
27727,0.0
27728,2012.7973626097853
27729,0.0
27730,0.0
27731,0.0
27732,0.0
27733,0.0
27734,0.0
27735,0.0
27736,0.0
27737,0.0
27738,0.0
27739,0.0
27740,0.0
27741,0.0
27742,6263.826400880235
27743,0.0
27744,0.0
27745,0.0
27746,0.0
27747,0.0
27748,0.0
27749,0.0
27750,0.0
27751,0.0
27752,0.0
27753,0.0
27754,0.0
27755,0.0
27756,0.0
27757,0.0
27758,0.0
27759,0.0
27760,0.0
27761,0.0
27762,0.0
27763,0.0
27764,0.0
27765,0.0
27766,0.0
27767,0.0
27768,0.0
27769,0.0
27770,0.0
27771,0.0
27772,0.0
27773,0.0
27774,0.0
27775,0.0
27776,0.0
27777,0.0
27778,0.0
27779,0.0
27780,0.0
27781,0.0
27782,0.0
27783,0.0
27784,0.0
27785,8364.694177422392
27786,0.0
27787,0.0
27788,0.0
27789,0.0
27790,0.0
27791,0.0
27792,0.0
27793,0.0
27794,0.0
27795,2877.456184702602
27796,0.0
27797,0.0
27798,0.0
27799,6038.417963151886
27800,0.0
27801,0.0
27802,0.0
27803,0.0
27804,0.0
27805,0.0
27806,0.0
27807,0.0
27808,0.0
27809,0.0
27810,0.0
27811,0.0
27812,0.0
27813,0.0
27814,0.0
27815,0.0
27816,0.0
27817,0.0
27818,0.0
27819,0.0
27820,0.0
27821,0.0
27822,0.0
27823,0.0
27824,0.0
27825,0.0
27826,21028.949518594083
27827,0.0
27828,0.0
27829,0.0
27830,0.0
27831,0.0
27832,0.0
27833,0.0
27834,0.0
27835,0.0
27836,0.0
27837,0.0
27838,0.0
27839,0.0
27840,6891.870802148745
27841,0.0
27842,0.0
27843,0.0
27844,0.0
27845,0.0
27846,0.0
27847,0.0
27848,0.0
27849,0.0
27850,0.0
27851,0.0
27852,0.0
27853,0.0
27854,0.0
27855,0.0
27856,0.0
27857,0.0
27858,0.0
27859,0.0
27860,0.0
27861,0.0
27862,0.0
27863,0.0
27864,0.0
27865,0.0
27866,0.0
27867,0.0
27868,0.0
27869,0.0
27870,0.0
27871,0.0
27872,0.0
27873,0.0
27874,0.0
27875,0.0
27876,0.0
27877,0.0
27878,0.0
27879,0.0
27880,0.0
27881,0.0
27882,0.0
27883,0.0
27884,0.0
27885,0.0
27886,0.0
27887,0.0
27888,0.0
27889,0.0
27890,0.0
27891,0.0
27892,0.0
27893,0.0
27894,0.0
27895,0.0
27896,0.0
27897,0.0
27898,0.0
27899,0.0
27900,0.0
27901,0.0
27902,0.0
27903,0.0
27904,0.0
27905,0.0
27906,0.0
27907,0.0
27908,0.0
27909,0.0
27910,0.0
27911,0.0
27912,0.0
27913,0.0
27914,0.0
27915,12850.76966195306
27916,0.0
27917,0.0
27918,0.0
27919,0.0
27920,0.0
27921,0.0
27922,0.0
27923,0.0
27924,0.0
27925,0.0
27926,0.0
27927,0.0
27928,0.0
27929,0.0
27930,0.0
27931,0.0
27932,0.0
27933,0.0
27934,0.0
27935,0.0
27936,0.0
27937,0.0
27938,0.0
27939,0.0
27940,0.0
27941,0.0
27942,0.0
27943,0.0
27944,0.0
27945,0.0
27946,0.0
27947,0.0
27948,0.0
27949,0.0
27950,0.0
27951,0.0
27952,0.0
27953,0.0
27954,0.0
27955,0.0
27956,0.0
27957,0.0
27958,0.0
27959,5429.7391598936265
27960,16213.622295602821
27961,0.0
27962,0.0
27963,0.0
27964,0.0
27965,0.0
27966,0.0
27967,0.0
27968,0.0
27969,0.0
27970,0.0
27971,0.0
27972,0.0
27973,0.0
27974,0.0
27975,0.0
27976,0.0
27977,0.0
27978,0.0
27979,0.0
27980,0.0
27981,0.0
27982,0.0
27983,0.0
27984,0.0
27985,0.0
27986,0.0
27987,0.0
27988,11997.42871433622
27989,0.0
27990,0.0
27991,0.0
27992,0.0
27993,0.0
27994,0.0
27995,0.0
27996,0.0
27997,0.0
27998,0.0
27999,0.0
28000,0.0
28001,0.0
28002,0.0
28003,0.0
28004,0.0
28005,0.0
28006,0.0
28007,0.0
28008,0.0
28009,0.0
28010,0.0
28011,0.0
28012,0.0
28013,0.0
28014,0.0
28015,0.0
28016,0.0
28017,0.0
28018,0.0
28019,0.0
28020,0.0
28021,0.0
28022,0.0
28023,0.0
28024,0.0
28025,0.0
28026,0.0
28027,0.0
28028,0.0
28029,0.0
28030,0.0
28031,0.0
28032,0.0
28033,0.0
28034,0.0
28035,0.0
28036,0.0
28037,0.0
28038,0.0
28039,0.0
28040,0.0
28041,0.0
28042,0.0
28043,0.0
28044,0.0
28045,0.0
28046,0.0
28047,0.0
28048,0.0
28049,0.0
28050,0.0
28051,0.0
28052,0.0
28053,0.0
28054,0.0
28055,0.0
28056,0.0
28057,0.0
28058,3287.7948892241916
28059,0.0
28060,0.0
28061,0.0
28062,2485.7126525495487
28063,0.0
28064,0.0
28065,0.0
28066,0.0
28067,0.0
28068,0.0
28069,0.0
28070,0.0
28071,0.0
28072,0.0
28073,0.0
28074,0.0
28075,0.0
28076,0.0
28077,0.0
28078,0.0
28079,0.0
28080,0.0
28081,0.0
28082,0.0
28083,0.0
28084,0.0
28085,0.0
28086,0.0
28087,0.0
28088,0.0
28089,0.0
28090,0.0
28091,0.0
28092,0.0
28093,0.0
28094,0.0
28095,0.0
28096,0.0
28097,0.0
28098,0.0
28099,0.0
28100,0.0
28101,0.0
28102,0.0
28103,0.0
28104,0.0
28105,0.0
28106,0.0
28107,0.0
28108,0.0
28109,0.0
28110,0.0
28111,0.0
28112,0.0
28113,3217.18661128868
28114,0.0
28115,0.0
28116,0.0
28117,0.0
28118,0.0
28119,0.0
28120,0.0
28121,0.0
28122,0.0
28123,0.0
28124,0.0
28125,0.0
28126,0.0
28127,0.0
28128,12119.24599783374
28129,0.0
28130,0.0
28131,0.0
28132,0.0
28133,0.0
28134,0.0
28135,0.0
28136,0.0
28137,0.0
28138,0.0
28139,0.0
28140,0.0
28141,0.0
28142,0.0
28143,0.0
28144,0.0
28145,0.0
28146,0.0
28147,0.0
28148,0.0
28149,0.0
28150,0.0
28151,0.0
28152,0.0
28153,0.0
28154,0.0
28155,0.0
28156,0.0
28157,0.0
28158,0.0
28159,0.0
28160,0.0
28161,0.0
28162,0.0
28163,0.0
28164,0.0
28165,0.0
28166,0.0
28167,0.0
28168,0.0
28169,0.0
28170,0.0
28171,0.0
28172,0.0
28173,0.0
28174,0.0
28175,0.0
28176,0.0
28177,0.0
28178,0.0
28179,0.0
28180,0.0
28181,0.0
28182,0.0
28183,0.0
28184,0.0
28185,0.0
28186,0.0
28187,0.0
28188,0.0
28189,0.0
28190,0.0
28191,0.0
28192,5905.308721768503
28193,0.0
28194,0.0
28195,0.0
28196,0.0
28197,0.0
28198,0.0
28199,0.0
28200,0.0
28201,0.0
28202,0.0
28203,0.0
28204,0.0
28205,0.0
28206,0.0
28207,0.0
28208,0.0
28209,0.0
28210,0.0
28211,0.0
28212,0.0
28213,0.0
28214,0.0
28215,0.0
28216,0.0
28217,0.0
28218,0.0
28219,0.0
28220,0.0
28221,0.0
28222,0.0
28223,0.0
28224,0.0
28225,0.0
28226,0.0
28227,0.0
28228,0.0
28229,0.0
28230,0.0
28231,0.0
28232,0.0
28233,13811.415504939878
28234,5324.283610657715
28235,0.0
28236,0.0
28237,0.0
28238,0.0
28239,0.0
28240,0.0
28241,0.0
28242,0.0
28243,0.0
28244,0.0
28245,0.0
28246,0.0
28247,0.0
28248,0.0
28249,4073.726219003007
28250,4161.58834087169
28251,6762.960126216732
28252,3439.616414535595
28253,5742.572438720852
28254,4894.386726537667
28255,5411.302525578377
28256,6277.742288787711
28257,0.0
28258,3197.943086035865
28259,5738.769720524617
28260,5061.518018416188
28261,4458.960451185391
28262,0.0
28263,5775.319525070014
28264,0.0
28265,4267.734424942238
28266,7322.735879141714
28267,7971.132389589574
28268,6362.634672008532
28269,7069.912544717867
28270,3113.8316615135764
28271,5327.940141218197
28272,0.0
28273,7739.052176448814
28274,8524.964560424089
28275,0.0
28276,5944.749996658564
28277,2523.78441837274
28278,4111.179076816868
28279,0.0
28280,7272.234512662882
28281,4216.046085961225
28282,5534.472086436354
28283,0.0
28284,5195.4536857672165
28285,2265.802126112047
28286,7610.152008508436
28287,4289.616646283989
28288,0.0
28289,0.0
28290,3001.9636663319247
28291,8244.242685584568
28292,6090.7344957505275
28293,4602.930364405274
28294,3632.9484229232253
28295,7553.519845317366
28296,10266.656833112836
28297,6372.568979718571
28298,5961.674922779446
28299,7868.470641147196
28300,7134.622514292064
28301,5535.4303862972765
28302,6210.626183917265
28303,2381.8916608861614
28304,2682.757038355806
28305,4125.996381663998
28306,6210.906260764169
28307,6745.553440311788
28308,7268.2205180621695
28309,4224.011279725855
28310,7928.668279487596
28311,0.0
28312,4939.973888737976
28313,2534.0490627317677
28314,10340.842805463251
28315,3215.5457549029443
28316,0.0
28317,6431.61642355866
28318,3806.815370535773
28319,5394.398334317951
28320,2662.6448414001534
28321,5643.6059737954465
28322,5353.6386263915
28323,0.0
28324,0.0
28325,7163.719812719912
28326,5050.575716169573
28327,3297.2843994187656
28328,7530.585593916783
28329,0.0
28330,5289.682767766149
28331,3000.5638521760106
28332,6249.465548968191
28333,5411.101006986523
28334,0.0
28335,0.0
28336,1946.6351217244696
28337,7728.950181626274
28338,4656.034657751841
28339,5922.276698250855
28340,7892.112463906699
28341,2643.271959528974
28342,3961.143639189601
28343,5401.724312419701
28344,7129.783677616345
28345,0.0
28346,4272.281743513746
28347,4383.1782519777535
28348,0.0
28349,5610.370020516209
28350,0.0
28351,0.0
28352,0.0
28353,6054.419845565644
28354,4672.91343208694
28355,3020.901940716171
28356,5194.973245407685
28357,0.0
28358,0.0
28359,6991.4550963614665
28360,7725.3757431785425
28361,0.0
28362,7415.373130821527
28363,2927.9891013662937
28364,3185.496044791389
28365,7340.82387222133
28366,6538.293769304826
28367,6894.295986736812
28368,9061.8956006306
28369,6314.062097374805
28370,4935.698809912228
28371,6234.159808764566
28372,6752.9671935369115
28373,4500.683312812938
28374,0.0
28375,4770.419639299278
28376,4524.695864229891
28377,4814.057745181191
28378,3153.22258223661
28379,5263.666501854498
28380,0.0
28381,0.0
28382,5711.5864441302665
28383,2813.3294496072276
28384,5940.572857883934
28385,6638.129653380829
28386,3317.2126992847043
28387,5169.126693855838
28388,0.0
28389,5237.750780856599
28390,0.0
28391,4350.050792715945
28392,5024.225332366282
28393,6957.974848249991
28394,0.0
28395,0.0
28396,0.0
28397,4179.171848818997
28398,5142.182919150394
28399,9807.579656307345
28400,5465.729609411744
28401,7913.333819545248
28402,6021.839167413919
28403,5364.9612755424405
28404,6340.473893303686
28405,0.0
28406,4548.755130507466
28407,8110.640942046007
28408,5151.535344585996
28409,2303.503999652968
28410,3412.691197006626
28411,7716.071354756538
28412,8932.90915422406
28413,0.0
28414,5807.065479192482
28415,4446.958007572214
28416,0.0
28417,1637.3113381606713
28418,3204.888625701881
28419,5514.258091514231
28420,7245.213956941099
28421,5008.684544580353
28422,4160.891325606854
28423,7639.598794162
28424,7748.136044612134
28425,7278.95199494345
28426,0.0
28427,7910.295305185398
28428,8590.683852194274
28429,3270.636719460665
28430,4828.155760712929
28431,4710.86724774665
28432,6138.152421274378
28433,3104.6311021950414
28434,5209.962123556242
28435,4470.7586679814685
28436,8690.829577449065
28437,5656.973669742257
28438,6981.541873558129
28439,6690.25595861116
28440,4745.241186344888
28441,7517.962875793734
28442,16450.33675467394
28443,8184.776369021226
28444,3801.893450394999
28445,2901.722484075907
28446,6211.294716251772
28447,6208.433403740833
28448,0.0
28449,9004.248575977976
28450,18167.86439802151
28451,0.0
28452,2691.7396307929084
28453,9708.482535557749
28454,2986.820815003292
28455,5049.051147090566
28456,3087.6410878502184
28457,5642.227233644572
28458,4189.2385534651685
28459,0.0
28460,0.0
28461,4971.1087168186905
28462,9192.746222651369
28463,5805.123666966439
28464,5859.106800578823
28465,0.0
28466,0.0
28467,5638.511959392804
28468,0.0
28469,0.0
28470,5372.878529408353
28471,4218.633526082419
28472,3477.5049899689243
28473,5558.552061560301
28474,4326.609700155212
28475,4672.882253743812
28476,0.0
28477,8869.05988761092
28478,6864.563495394008
28479,4128.241416709286
28480,3814.96561020019
28481,4442.793800964788
28482,4490.726453780267
28483,6020.399259905021
28484,0.0
28485,6615.989265109058
28486,5013.726615222297
28487,7783.453743361674
28488,5374.422358967672
28489,4271.042104559965
28490,3028.5496082635127
28491,2441.604441524481
28492,8487.78110156094
28493,0.0
28494,5372.995056154086
28495,12485.529786651568
28496,7272.641808289343
28497,3621.7630439115983
28498,5492.970955174384
28499,2476.6220368920813
28500,4073.966857858206
28501,3696.2307850475704
28502,3639.758937623007
28503,8661.438371418988
28504,4659.6939760361975
28505,9004.07186855122
28506,10066.05030521502
28507,5488.641220590416
28508,5379.208483489006
28509,3980.598589398412
28510,4872.442694230762
28511,4546.39408039684
28512,0.0
28513,6054.734009954401
28514,7520.6639917098555
28515,0.0
28516,5273.348083291766
28517,5406.114005099559
28518,0.0
28519,6443.7053392100115
28520,5271.096733958051
28521,6180.451930586718
28522,4727.326580732216
28523,8087.732400083189
28524,6561.025381382978
28525,6643.264992423394
28526,8630.50694725357
28527,6950.149088404929
28528,7913.3005006603
28529,3436.001243565538
28530,0.0
28531,4779.562231794593
28532,9032.675981648708
28533,6774.426194350929
28534,6864.034961787275
28535,5867.956475672146
28536,7422.197946103034
28537,4819.238295174158
28538,6336.056305729162
28539,5802.2740857835515
28540,3109.098014208463
28541,11999.821873752244
28542,15811.144047783328
28543,0.0
28544,6083.42405517348
28545,6604.751669975557
28546,7955.843422323411
28547,7395.977603850753
28548,2517.3164972232144
28549,4265.6153387750655
28550,5333.004411791251
28551,8171.601288479697
28552,2404.7027784662023
28553,4130.397841835481
28554,4985.68789813111
28555,0.0
28556,4837.921468515887
28557,3206.917161382328
28558,3049.6054217893434
28559,7455.369504704312
28560,0.0
28561,4577.077541256521
28562,5344.9053120872895
28563,4990.349764808869
28564,9166.429747534194
28565,0.0
28566,0.0
28567,6854.863194865233
28568,5855.759100895167
28569,10215.243047840313
28570,4756.865741365261
28571,2958.929628984353
28572,0.0
28573,11305.16904727208
28574,3834.5625913307263
28575,6548.630529087271
28576,2012.53908461646
28577,3472.0458607491482
28578,6061.180125123883
28579,0.0
28580,0.0
28581,0.0
28582,8398.630390904376
28583,8156.064218246717
28584,4383.746388721688
28585,0.0
28586,1636.370043723324
28587,3569.77208348026
28588,6086.142671736567
28589,4619.95343563146
28590,9308.0602996355
28591,2429.5337057767274
28592,4615.908084624145
28593,5008.43110416058
28594,7967.779414277343
28595,9994.451208750617
28596,4750.91033142844
28597,2950.2567581812405
28598,8574.418011122212
28599,8768.874624819015
28600,4128.518065252428
28601,0.0
28602,9035.561483005093
28603,5333.050882834855
28604,4658.13526724478
28605,3554.1206586089347
28606,7450.357208096014
28607,4213.774072814829
28608,11637.007895517307
28609,7045.261842739231
28610,10709.520220876895
28611,0.0
28612,4412.3934596206955
28613,2061.55580529733
28614,5404.627151403032
28615,0.0
28616,4946.734188345675
28617,8687.972423659196
28618,0.0
28619,2537.423804488966
28620,6913.292333412092
28621,3164.880488737024
28622,0.0
28623,6945.424495136475
28624,6720.412258964781
28625,7736.245437126537
28626,4999.028325409911
28627,6590.8005707166685
28628,0.0
28629,5006.634115872814
28630,0.0
28631,0.0
28632,8277.495350815034
28633,5994.170472959125
28634,3469.336821433308
28635,4452.363225328502
28636,7349.291372794942
28637,5548.097838998737
28638,3830.142275470262
28639,4674.829823291131
28640,5166.364964084102
28641,5703.537338955149
28642,0.0
28643,8854.954992629766
28644,4132.967131826895
28645,3158.5010539459995
28646,5596.802287934788
28647,5384.201925350483
28648,3190.0458987497013
28649,4919.012774953058
28650,8202.551932279694
28651,6736.663064968332
28652,9789.50725441726
28653,8107.402123133192
28654,7259.806784009914
28655,6429.622678642153
28656,4224.321493395609
28657,9914.569143996045
28658,8040.751865197191
28659,7396.035563964744
28660,4781.069965607671
28661,4920.638163194438
28662,4927.62579937209
28663,2132.9838946772365
28664,0.0
28665,0.0
28666,5167.613578360327
28667,0.0
28668,1320.9132078512162
28669,7766.948830880988
28670,0.0
28671,4185.194261337999
28672,3466.7944996127835
28673,5018.8254337977805
28674,4784.458532340368
28675,4199.981764371018
28676,9383.820938630448
28677,5180.544198817968
28678,0.0
28679,3165.4417227544445
28680,2436.251699501603
28681,4746.468667168553
28682,13111.389882303509
28683,3573.0793920906563
28684,5668.170045940294
28685,4756.773970627723
28686,3717.5838561789856
28687,3082.4842201408683
28688,5435.253080745943
28689,2527.4796989685037
28690,0.0
28691,5428.6095305685185
28692,0.0
28693,8106.667000003245
28694,2415.114224144148
28695,4014.3392066405327
28696,9900.460937689955
28697,7201.934230772455
28698,7657.340848943722
28699,2427.742348420578
28700,3902.14793983553
28701,4534.443338943011
28702,3603.74828831645
28703,14969.04943716433
28704,0.0
28705,5047.033947535739
28706,2901.7590289838954
28707,5548.774906957539
28708,4412.70262728077
28709,2442.1830943484892
28710,6997.681467676694
28711,4774.448125955143
28712,0.0
28713,6860.243632008936
28714,4614.266218252588
28715,4500.684672313122
28716,5416.238100062215
28717,0.0
28718,7197.837635986889
28719,2725.3282171618707
28720,0.0
28721,6144.447338040892
28722,7272.765513591432
28723,5454.796582270619
28724,7281.8186561215225
28725,0.0
28726,0.0
28727,5120.456209386368
28728,2554.2976811295066
28729,4121.682018409915
28730,4256.584870067737
28731,4265.474664529357
28732,7033.14642981585
28733,3708.0758002643074
28734,0.0
28735,4406.443846620072
28736,7341.599536350515
28737,0.0
28738,5968.147765894909
28739,0.0
28740,0.0
28741,2432.9408301478193
28742,11181.62897160682
28743,3185.9109588861265
28744,2766.8022532745144
28745,5440.3385271950765
28746,0.0
28747,9705.070286190161
28748,0.0
28749,4544.1298291814155
28750,0.0
28751,6249.097821106222
28752,4395.498306661605
28753,7519.153470921303
28754,2479.934192455495
28755,3850.9450540227986
28756,3789.759123095026
28757,3482.67069198897
28758,0.0
28759,7124.430622367337
28760,5915.294641359606
28761,5621.215853185845
28762,4544.688083903494
28763,7703.2490522003845
28764,7520.387584529991
28765,0.0
28766,0.0
28767,0.0
28768,7032.484986168173
28769,4744.119460822594
28770,1950.1672249298776
28771,6232.969040484339
28772,0.0
28773,5746.957205522653
28774,5053.133099893189
28775,3268.3876770059765
28776,0.0
28777,2674.1648048517063
28778,8293.081663913348
28779,4696.220751393409
28780,4154.976024832437
28781,7422.017979503739
28782,4070.5770252064635
28783,4432.762761690553
28784,0.0
28785,2454.470190420503
28786,7525.725419535538
28787,9506.926568093244
28788,6439.806440144262
28789,2505.018392865936
28790,0.0
28791,0.0
28792,1932.4413803603586
28793,4481.706305297614
28794,0.0
28795,5239.513877439468
28796,0.0
28797,5075.48668740737
28798,0.0
28799,7666.271461636705
28800,5183.614154000503
28801,0.0
28802,4013.6519542516485
28803,5363.481930174381
28804,0.0
28805,6198.582273227658
28806,7546.469489878924
28807,5870.15459005356
28808,7850.675528025331
28809,5488.540157944982
28810,5213.029038423115
28811,2878.2625507435973
28812,5635.142827431099
28813,8796.160598987151
28814,6367.93897780931
28815,7362.031464342136
28816,13414.823961410264
28817,2983.428051031675
28818,0.0
28819,3880.550916559095
28820,7634.688217392728
28821,0.0
28822,7400.673327214739
28823,7117.139183798979
28824,7124.7855647108645
28825,0.0
28826,6120.738178004341
28827,5043.703645820023
28828,2129.512654808832
28829,0.0
28830,3109.988140667407
28831,2932.486766886882
28832,6025.884648101622
28833,17072.08521653398
28834,5511.531264840161
28835,3203.2284958385976
28836,4447.0555827184035
28837,4462.713925960734
28838,5393.411541350469
28839,2175.184375824497
28840,6552.805021217754
28841,0.0
28842,3615.9780079913758
28843,11358.156082898697
28844,10331.771734595397
28845,3012.8424266543375
28846,0.0
28847,3580.7754068091567
28848,3513.366035884848
28849,3980.6956202899883
28850,0.0
28851,3614.3715010650353
28852,4292.882222256892
28853,0.0
28854,4960.472399387043
28855,4593.058641674923
28856,6917.473424300928
28857,3226.967184032183
28858,7819.2900913919675
28859,6517.726576846896
28860,4410.551601108334
28861,3873.7931154031976
28862,3599.8977921342753
28863,4528.025180798747
28864,0.0
28865,8785.48407063598
28866,4302.092681253497
28867,3966.1332820304515
28868,6099.522844685445
28869,4490.163616480769
28870,0.0
28871,0.0
28872,0.0
28873,9604.932061440002
28874,6393.647398762339
28875,5715.371836648068
28876,3270.9765889829505
28877,4871.166594560961
28878,0.0
28879,3287.8026343808215
28880,4683.29531892982
28881,4734.71527739851
28882,0.0
28883,6731.342719881506
28884,4133.463682667205
28885,4938.176672097523
28886,0.0
28887,6053.535132866582
28888,5161.1804893705175
28889,8663.133499986357
28890,5809.661722432959
28891,4795.325824263051
28892,3874.3448652304583
28893,2068.6804035269465
28894,2925.128063502839
28895,0.0
28896,2213.197889891346
28897,4917.136598421052
28898,5813.0994369130985
28899,5835.997059579232
28900,5233.470882077154
28901,8043.734810112358
28902,5399.067776312289
28903,0.0
28904,2632.3242436667015
28905,8006.54197090105
28906,3957.7468069250185
28907,6326.549482157555
28908,8545.08152078094
28909,0.0
28910,0.0
28911,5995.674991909634
28912,3426.6795919909528
28913,5693.622793799875
28914,6787.588722190827
28915,2836.0857451611364
28916,7790.025413405878
28917,6164.813266314
28918,4782.256231332936
28919,9288.337521167092
28920,7160.073254402984
28921,5948.48537078986
28922,4262.92928060324
28923,3649.290804619394
28924,5104.994478136851
28925,0.0
28926,6165.089596430417
28927,2390.6762921236036
28928,5354.355066763775
28929,2560.1028598704725
28930,0.0
28931,4962.830389885979
28932,4242.771671212437
28933,5384.332235049823
28934,8354.044861715262
28935,0.0
28936,6336.342052766213
28937,0.0
28938,5065.049312982121
28939,9704.805708646383
28940,6465.644411747753
28941,3393.354350524686
28942,0.0
28943,5065.37437480834
28944,0.0
28945,0.0
28946,0.0
28947,4915.265984926741
28948,8992.15776006112
28949,6052.691766770791
28950,2030.2929918232899
28951,0.0
28952,7945.033533481918
28953,6052.668039385497
28954,7415.424522143979
28955,6327.286093870146
28956,0.0
28957,4556.7577735466975
28958,4003.0155653817756
28959,0.0
28960,0.0
28961,7048.1113969047265
28962,2397.0640400561056
28963,7385.543372651818
28964,6633.7792854380195
28965,4352.767293987811
28966,6461.913330120896
28967,4515.14608525885
28968,5933.40522672518
28969,4088.4917621918603
28970,4885.4263517500585
28971,4602.365720578188
28972,3682.724993181026
28973,5595.28134483288
28974,7010.942130354125
28975,7710.901699487239
28976,5348.688627254368
28977,0.0
28978,5908.764234541572
28979,6468.372892468716
28980,6312.068914124313
28981,3008.0373443007743
28982,2648.4465058045353
28983,7742.979515244291
28984,6208.325802203895
28985,3855.1240163824004
28986,7132.607800190139
28987,0.0
28988,5381.783457534771
28989,4507.479877622097
28990,1331.2098516721471
28991,6325.202277594502
28992,5608.403109595362
28993,4877.803278952828
28994,8461.531842948798
28995,6098.35013045104
28996,3382.1503515737268
28997,4986.029981523699
28998,3302.6840045248573
28999,1114.363135655622
29000,5149.589839333936
29001,0.0
29002,5359.151359725641
29003,4375.665584622037
29004,2861.28814889235
29005,4486.546387717059
29006,7175.314538092257
29007,5273.283759076314
29008,8657.560242188172
29009,3696.890477723689
29010,3902.129268674196
29011,0.0
29012,5408.503166868741
29013,3083.398310554366
29014,2366.8891834836218
29015,4180.408124542054
29016,3921.8750232273264
29017,0.0
29018,4185.206190429231
29019,0.0
29020,4911.7095090582725
29021,7365.203679110785
29022,4736.8818244109025
29023,0.0
29024,9878.123397424732
29025,5821.6822698453625
29026,0.0
29027,1746.9313648235393
29028,4817.750844791809
29029,5498.366910116814
29030,4096.392893980622
29031,7381.41854538917
29032,8380.43077282328
29033,5819.373708613704
29034,6023.269432883223
29035,6061.617746089236
29036,6889.312914856324
29037,10021.181048782955
29038,3254.4118779366295
29039,3704.46820539649
29040,4928.8803182124175
29041,5171.338339162173
29042,0.0
29043,7132.800360866617
29044,6304.340836298328
29045,0.0
29046,2469.136772776633
29047,5495.070343339157
29048,7606.631675213034
29049,3228.7726916345996
29050,6088.8798397529035
29051,0.0
29052,6266.093978485625
29053,5144.803036744264
29054,4751.73319635051
29055,5365.820296695943
29056,4163.951174822575
29057,4563.116403293957
29058,6110.026577944791
29059,4503.849350564794
29060,7730.961702980862
29061,5282.916613401028
29062,8806.045566987037
29063,5253.889086072244
29064,3303.1013331952463
29065,7994.5627233547
29066,0.0
29067,8168.626429751448
29068,0.0
29069,4632.691587092923
29070,6690.255426761734
29071,4436.741293733123
29072,4379.985181289312
29073,6749.502947162641
29074,2881.287157314114
29075,2679.7593939214635
29076,5867.436361604344
29077,5925.068716185213
29078,0.0
29079,5626.176104754087
29080,5251.308220803154
29081,3307.535619355356
29082,5968.887918936833
29083,2997.106244079519
29084,9570.315031672753
29085,7085.280080699123
29086,0.0
29087,0.0
29088,4980.450350767889
29089,7665.479274591397
29090,8154.024621178732
29091,2904.6175425826723
29092,8773.269556506702
29093,0.0
29094,5563.433034473078
29095,0.0
29096,4452.457392347146
29097,3026.0396219522913
29098,5420.995887723735
29099,0.0
29100,2453.934014305561
29101,6842.549632059339
29102,5252.469710199012
29103,22315.131392545878
29104,6703.891278465819
29105,4108.962543960159
29106,6127.6733360227
29107,9002.685279127503
29108,5705.274060422977
29109,6531.243718621571
29110,5278.400748624751
29111,6464.638245701139
29112,6603.344143779227
29113,4837.564203261526
29114,4805.641301971668
29115,6501.326171063677
29116,6951.383092780072
29117,5891.344582142522
29118,7563.970497115304
29119,5537.463109783443
29120,4669.27655773025
29121,4971.59007713273
29122,8932.20478504167
29123,9025.507891274367
29124,7939.42799042923
29125,6842.277551215553
29126,3450.838665413798
29127,5480.304997344798
29128,4108.779735561729
29129,7050.256613974541
29130,9669.096257878777
29131,9067.1102574474
29132,5582.0460740103135
29133,4496.316215772998
29134,4201.452042059423
29135,5320.188943519166
29136,8674.210648457334
29137,5643.203335879988
29138,4948.7457867727735
29139,5005.8580803549385
29140,6007.280368750912
29141,2965.796951784563
29142,7325.228199713852
29143,4258.989833224318
29144,6726.777371712263
29145,5734.303772121835
29146,4922.070961960743
29147,7924.171015847144
29148,6694.893535192853
29149,4617.807553734291
29150,5807.0344429392035
29151,7023.078496389245
29152,10156.623455596637
29153,5829.9847115873445
29154,7544.575113686622
29155,7125.823803275337
29156,8372.241526224052
29157,5981.292111236178
29158,8224.286231482449
29159,4062.398762298227
29160,4270.722867171262
29161,5110.811917985289
29162,6318.413630750161
29163,8550.17338537473
29164,7393.340020191072
29165,5325.1949671945395
29166,7421.292507625261
29167,6675.532627072484
29168,8128.933828945139
29169,3135.219028225268
29170,11195.781682128925
29171,4021.217318935546
29172,5628.56470117714
29173,7089.988528863234
29174,4402.851681143791
29175,5619.444607740501
29176,5309.647103311525
29177,6622.021472690387
29178,5120.741363137228
29179,5063.728969465194
29180,7270.878830593342
29181,7215.027409419767
29182,6114.273435877704
29183,4646.059544535231
29184,6730.106924715653
29185,11362.696811697426
29186,5881.177251450422
29187,4446.645195224753
29188,6144.499222883925
29189,5553.933233712457
29190,5579.012112344358
29191,7568.770791835267
29192,3379.223368327648
29193,7648.857161173717
29194,5425.815163018998
29195,6533.136734853213
29196,8635.518627189014
29197,4255.347651005407
29198,5107.176564042829
29199,5241.421564953486
29200,7466.001724426383
29201,7218.378254857851
29202,4441.955120365887
29203,4259.35759515212
29204,6796.414497426884
29205,5604.870107338664
29206,5559.548140855408
29207,6245.131323028849
29208,5809.168702682602
29209,6578.840127655409
29210,5315.91211237555
29211,4033.164550169199
29212,5769.523996777393
29213,7375.323774456425
29214,6964.950182258447
29215,7292.394426941173
29216,7246.549581339434
29217,5234.573120446386
29218,8798.10989665991
29219,4838.872534055366
29220,5655.272675397219
29221,8313.876487933818
29222,5974.381182399192
29223,8769.331796354922
29224,7862.278024757918
29225,7076.401198959752
29226,5581.881535427402
29227,6270.914160533341
29228,7312.73228610988
29229,5782.973738214327
29230,3783.0560856998313
29231,4965.0043866842825
29232,7063.904687905566
29233,5107.073385906854
29234,4025.0291215844936
29235,6886.395190937619
29236,6010.757055748854
29237,5511.425849919301
29238,5538.409372886529
29239,4679.149265558787
29240,6311.345732719558
29241,6373.563662787073
29242,5575.2412082325845
29243,4980.581203397366
29244,4443.032987772794
29245,5629.218447531475
29246,3717.0965791910435
29247,5738.9439455282345
29248,5475.036497690007
29249,7547.72623640065
29250,6877.55831065307
29251,6067.00423242627
29252,11727.41386207276
29253,4573.30366167498
29254,5077.588731514137
29255,9174.071189576553
29256,5991.760284375569
29257,7787.981617764243
29258,6287.566852417279
29259,5408.012030912331
29260,5969.4824703318145
29261,5383.439148421758
29262,6416.97638159089
29263,10000.591901636293
29264,6719.066150812932
29265,3139.704181951153
29266,4341.181866785961
29267,7909.410435812305
29268,8302.61531423961
29269,5613.956350726184
29270,5932.753438217671
29271,4642.651315495167
29272,4315.461958772247
29273,2879.371372511588
29274,4704.765916279942
29275,6032.304575691732
29276,6928.1277436415085
29277,5771.61372425894
29278,5502.941299895895
29279,7346.523486654538
29280,8415.824556401985
29281,7020.632738943443
29282,5134.851466572575
29283,8845.223048981597
29284,8809.313606542011
29285,4808.7703694779175
29286,6230.6704939662595
29287,4791.268886511468
29288,6015.524842396353
29289,3866.555796830837
29290,6208.593121266268
29291,4813.65323498433
29292,8973.431459787666
29293,6303.229697680771
29294,7261.764799507443
29295,7032.660829877249
29296,5256.674802903922
29297,7839.464315941316
29298,17436.93325283562
29299,9153.105281777278
29300,5200.334828407906
29301,3087.7153983895405
29302,5841.866359014969
29303,6956.083448442247
29304,5420.791089694037
29305,11722.268526346075
29306,20395.095739109
29307,4003.014233517728
29308,4963.903073192472
29309,8930.984141899376
29310,4556.698795148719
29311,6711.7825138083135
29312,5700.859274200114
29313,6915.928892984684
29314,5507.910424547343
29315,5906.572362193002
29316,5747.168185554203
29317,6254.22236208715
29318,9528.02110471219
29319,6033.631976094571
29320,5657.048873262494
29321,6733.8732287368975
29322,5011.932043629414
29323,5114.5863737968675
29324,7426.7296359756665
29325,4897.880492599734
29326,5370.79432433508
29327,6102.763310370826
29328,5552.914201024616
29329,5577.329749500764
29330,6050.602388882345
29331,6607.93410501512
29332,7872.080530530518
29333,8708.563581050415
29334,6853.715047399303
29335,5181.276305816454
29336,3883.5841030207343
29337,5769.088000912935
29338,5881.313874551423
29339,5776.379878164332
29340,4334.03893153448
29341,7514.32903345308
29342,6006.2133633968115
29343,9516.747887364942
29344,6013.316667220583
29345,4993.250100676542
29346,4698.2582684733125
29347,4188.23054114919
29348,9066.86041604509
29349,5599.701241118042
29350,6808.584428441038
29351,13825.844902715855
29352,7079.665960965896
29353,5583.422694943441
29354,5492.51052776798
29355,4011.0780040219793
29356,5915.169790872623
29357,3862.446984409699
29358,4931.719837411418
29359,8707.065433483578
29360,4863.606593805921
29361,12874.31254547325
29362,11750.51582783924
29363,5269.906476830511
29364,5996.58248687307
29365,4838.757890348766
29366,6043.2246063927305
29367,4815.885509772477
29368,10880.09495878396
29369,6549.447861757396
29370,8246.782545832386
29371,4018.5949816976354
29372,6645.875450699384
29373,5406.050803339073
29374,8049.671268134608
29375,6291.045922392299
29376,5733.673601893736
29377,6043.894260670078
29378,6289.1969779675965
29379,7200.627876835558
29380,8105.637618436441
29381,6044.762804383487
29382,8897.489649251567
29383,6139.6879907615585
29384,8475.038064892027
29385,4872.240818775852
29386,5182.449811246817
29387,4957.577765853385
29388,9899.298983363915
29389,6053.175986655884
29390,6975.384196791066
29391,5975.125077465252
29392,8149.514279745194
29393,4689.707185376357
29394,7752.136165027568
29395,5960.387369468543
29396,3888.3239633044345
29397,11792.399006951595
29398,16332.463200659005
29399,6787.237833460064
29400,6359.254091013656
29401,8487.057635476784
29402,9205.74267101182
29403,9461.777857251831
29404,4902.815340843263
29405,6049.022891396215
29406,5627.950526068964
29407,8145.995458203735
29408,3452.7778026209826
29409,5359.321131571447
29410,5472.223687996163
29411,5276.468269284468
29412,6459.787856792363
29413,4745.801292084852
29414,4138.23867694594
29415,7012.118036691179
29416,4304.367945942846
29417,5011.4203938220235
29418,5731.901886606298
29419,5631.764952027688
29420,9018.527176681764
29421,8841.523304727116
29422,6538.2743407329845
29423,6190.940604184887
29424,5887.982560696684
29425,10544.012325608535
29426,5982.198704618426
29427,4956.633753875143
29428,4858.779700760011
29429,10044.362165755987
29430,3947.182320280986
29431,6186.381913217359
29432,3299.0089301845496
29433,4396.29167009823
29434,6846.065758168614
29435,5925.640821562786
29436,5005.363767621371
29437,8538.441697057497
29438,8952.439504425449
29439,10942.766625490647
29440,5929.9211502679955
29441,9181.961258092206
29442,2642.787384127335
29443,5193.159907291707
29444,5920.844649578146
29445,4636.95668066221
29446,7920.445401540155
29447,4532.499466880732
29448,4484.86212263665
29449,7635.343894335217
29450,9432.271321911296
29451,8789.566407122831
29452,5283.930067621919
29453,4753.867929673751
29454,10277.452606838893
29455,7075.043919104808
29456,4993.93908625371
29457,5499.66994161557
29458,7123.35932865365
29459,7957.312733666972
29460,4506.22717773118
29461,4805.0920044544055
29462,7337.696169067401
29463,6691.9109321546375
29464,11222.466904807132
29465,6047.39912226555
29466,10949.166814324346
29467,6524.6813351765795
29468,4866.900326558934
29469,3128.1682786641286
29470,5370.101120000623
29471,5636.575939997707
29472,5460.6579436405345
29473,7310.516204929999
29474,5253.85379810234
29475,4191.712986541974
29476,7008.804808617942
29477,3351.623050096379
29478,6936.154448079491
29479,6615.621923801047
29480,6932.520775751153
29481,7539.247521336791
29482,5450.553621840634
29483,8204.07807989953
29484,6002.226024122342
29485,5252.892539024951
29486,5842.053243688043
29487,4601.030698480344
29488,8997.584569059622
29489,6072.428870183924
29490,4516.428339610392
29491,6336.050453468076
29492,7637.250179275
29493,6509.807075297039
29494,5569.854210672194
29495,7532.013854775071
29496,5274.138138894571
29497,6322.426600776335
29498,5440.328583075037
29499,8413.759487120751
29500,5148.535373361412
29501,5667.405346875228
29502,5804.033988800121
29503,5525.169377645271
29504,4111.083938882875
29505,5141.360558425322
29506,8856.574809709175
29507,8315.681528661013
29508,9427.151258846381
29509,9540.570274956182
29510,7848.6338478768275
29511,7512.952356449725
29512,4546.629103092166
29513,9579.901003975234
29514,10092.272751369639
29515,7485.972342043226
29516,7013.582935984525
29517,7273.708937815556
29518,5545.664598257021
29519,3340.845124628574
29520,10906.285129967422
29521,6382.839114410327
29522,5896.854414038251
29523,5602.8723898200815
29524,2658.870282669617
29525,9548.607513276289
29526,5702.186101147503
29527,4351.328226383886
29528,4444.378699141421
29529,5156.56914469955
29530,5912.70200178034
29531,6966.957822910864
29532,6855.562920605887
29533,4902.142931461218
29534,4817.955486699351
29535,3758.772721995098
29536,3198.810204477281
29537,6369.595713467995
29538,16451.312703459287
29539,3952.652023159518
29540,5447.753626609902
29541,5703.202330681846
29542,4751.592732379595
29543,4829.115118142116
29544,5219.245541929589
29545,3804.4800216507288
29546,7443.340354144849
29547,6080.541766460362
29548,3535.348890991114
29549,8955.632586529562
29550,5036.452711095294
29551,4602.155972581032
29552,10452.353504747784
29553,7009.879540085774
29554,8802.025840087372
29555,4638.154419488886
29556,5281.090980400644
29557,4641.298883598684
29558,4789.352063165592
29559,13448.28850273614
29560,9507.68171226923
29561,5893.133197343492
29562,4801.734366730572
29563,5163.1628561788275
29564,5612.137284100722
29565,3883.2478474034624
29566,8667.367503217436
29567,4758.142466587951
29568,5120.551956786231
29569,7008.93561456465
29570,4573.973359231684
29571,5668.083754380377
29572,6119.351120774884
29573,6286.464349514735
29574,6882.293446008336
29575,3566.2076152907102
29576,5408.942066092448
29577,6164.920204879333
29578,8176.975359487154
29579,7128.887333300141
29580,6879.9381212590415
29581,4383.938640177233
29582,7923.718142577875
29583,5176.372068263824
29584,4295.163019054723
29585,6035.330891555447
29586,5994.8606381353975
29587,5253.069364847841
29588,6429.218608688173
29589,5624.153955026818
29590,5482.733815209434
29591,4936.710246239339
29592,6787.374095753156
29593,5996.273232098108
29594,6300.307704163763
29595,8798.197307626711
29596,5762.658422489982
29597,4063.1338151066593
29598,11034.701634435643
29599,4644.962626310137
29600,2911.8506651171197
29601,6706.6928292979865
29602,8523.978893007297
29603,10093.530758563547
29604,4497.154626012086
29605,5654.469147248026
29606,5819.440655888322
29607,6110.380034220463
29608,5456.584628868255
29609,7513.669095396836
29610,3201.5637526770674
29611,5207.60796365605
29612,5357.110246200525
29613,4750.235932367556
29614,4666.043851410329
29615,6290.166224683529
29616,6656.523044615335
29617,5840.146619282128
29618,6906.4243136747955
29619,6771.397026361892
29620,8061.879178068686
29621,4774.069922702312
29622,5879.044931414145
29623,6424.158150950985
29624,7950.302156770765
29625,7002.108646895403
29626,3384.7481619116875
29627,8617.163525895123
29628,6135.345146161196
29629,6536.360242239446
29630,4741.315973935555
29631,3807.5249665226183
29632,8004.501173860821
29633,5159.266714142094
29634,7998.268877421044
29635,5993.197519007383
29636,4779.133814146642
29637,7350.389510218764
29638,5301.409751874151
29639,5685.787075749938
29640,7604.460049477664
29641,5188.23657274805
29642,8644.946831131176
29643,9429.15784837637
29644,6797.954217376955
29645,4229.02654698793
29646,5414.51628263218
29647,4343.832143248515
29648,2850.830167274155
29649,6823.782627587683
29650,5596.1180833146245
29651,7656.141171909064
29652,4656.095637344066
29653,5625.374123855914
29654,5322.106816822745
29655,7584.94074689601
29656,5305.193837698689
29657,5252.039837056846
29658,4900.529080308443
29659,6562.406749888039
29660,4966.933188573531
29661,6706.2676593102
29662,7415.8242458842715
29663,6575.03600220314
29664,7493.908357915206
29665,6051.751204670254
29666,5766.757669983846
29667,4407.149793862301
29668,5160.267922811868
29669,9605.100878145604
29670,8111.932308151596
29671,8637.90254874526
29672,14417.472768776772
29673,4680.935419433753
29674,4599.90518240917
29675,5632.966355585116
29676,7506.290633770792
29677,9410.37526443735
29678,6938.641547092127
29679,7429.804603576378
29680,7227.285145629089
29681,6854.273107800256
29682,6080.941794265943
29683,5168.644718981118
29684,4383.699371487842
29685,4791.330932719751
29686,3538.945588367031
29687,4753.20318420344
29688,6810.1037966469385
29689,16014.483716245393
29690,6375.697707345061
29691,4590.571202125768
29692,6376.45985188983
29693,4601.809270364509
29694,5835.5646522379875
29695,4064.7972232456273
29696,8041.342317908082
29697,6375.886470042214
29698,5667.783329499858
29699,12087.768163144081
29700,11596.77294421855
29701,4519.1675058274095
29702,6263.088495317989
29703,3849.0435046673983
29704,4654.579220002927
29705,4614.975866604795
29706,7709.439519875315
29707,4433.282517764077
29708,4539.3031455313085
29709,5168.338983321646
29710,5178.890325819042
29711,5831.265085914331
29712,6711.498234230162
29713,3604.010363860097
29714,7209.571299787086
29715,7641.875587617595
29716,6249.3690589488015
29717,4629.9444942618
29718,4081.814122143143
29719,6984.530669633845
29720,4595.928720595266
29721,8432.503361734793
29722,4504.557157383213
29723,5607.930874974757
29724,6320.52887918955
29725,5077.236528857931
29726,4947.505267265417
29727,5045.914442260457
29728,6143.927743166861
29729,9160.918103561053
29730,8546.197189695647
29731,5465.108820574313
29732,3789.301492750682
29733,5641.714166928268
29734,5632.904128280237
29735,4230.8312657835295
29736,5034.068914362159
29737,5315.16175132871
29738,10968.97264862867
29739,6903.193915432654
29740,5540.2296148991245
29741,6239.109075197692
29742,4516.339988522628
29743,7827.322776330472
29744,5193.656472262956
29745,11045.419500284272
29746,5981.323300473551
29747,4954.70885469028
29748,4912.956930253264
29749,3779.352333729727
29750,5460.938402688895
29751,20446.94819147177
29752,4080.782316252955
29753,4762.390953572322
29754,8240.114166637277
29755,5921.6426772143905
29756,6539.398817260499
29757,7593.418321127563
29758,5456.631274546202
29759,5045.105164084045
29760,4018.9176875287094
29761,9184.292109588103
29762,5771.467111713567
29763,6435.721133353406
29764,7382.205138868846
29765,4460.297351316294
29766,7127.53757807592
29767,5929.1115964338405
29768,3895.9152480796374
29769,7618.393795702571
29770,8495.065944822094
29771,4310.668503750907
29772,6951.771178381237
29773,6655.374167233803
29774,5224.693856929116
29775,9183.194129273603
29776,6725.0787220407465
29777,6487.263626342788
29778,4523.722709797251
29779,4637.13319012841
29780,5996.867952773104
29781,4151.859906713617
29782,7485.199135502213
29783,4115.722010035837
29784,5532.2355219204965
29785,4147.208114990298
29786,5785.937061559316
29787,5023.084490442438
29788,5904.916731884331
29789,6059.081624014784
29790,8284.563618126207
29791,5641.2703655937885
29792,6444.497336454295
29793,5516.485580121284
29794,7492.209546004898
29795,9930.980828594453
29796,6468.778290289324
29797,3302.7127928679074
29798,5866.734249095217
29799,6287.117536683341
29800,3640.2595059561945
29801,11200.94636531073
29802,5473.109127674797
29803,5621.922415171384
29804,9677.228993476978
29805,6000.075962045695
29806,3888.381037570599
29807,11221.476232377878
29808,9061.00026716791
29809,5553.705805289195
29810,8117.036712014241
29811,8113.025923530261
29812,6147.150714747806
29813,5019.314245974455
29814,5851.378083901549
29815,4929.836235246888
29816,5654.260930521236
29817,6459.459611578021
29818,3891.6326101622917
29819,6598.579730146211
29820,6762.166716163706
29821,5592.179173853294
29822,6987.701577595252
29823,5530.742030925665
29824,5941.335728610656
29825,4733.9577361848
29826,6938.682524692433
29827,6005.391672510947
29828,5540.556193259104
29829,5885.315592221103
29830,7068.513143280936
29831,8574.474328877039
29832,5380.850268423985
29833,4741.112951870591
29834,6012.773920999915
29835,6579.238065492536
29836,6471.4873564364
29837,4030.3828560737074
29838,3979.824140953828
29839,6688.943376402585
29840,7991.108691512563
29841,5396.428139975025
29842,6917.89048623988
29843,5999.403168833462
29844,5713.022752220403
29845,4788.098398484997
29846,3145.6157450987357
29847,6649.6542361695265
29848,5979.083948344284
29849,5709.278390470868
29850,8318.777595559759
29851,6931.052630297135
29852,4092.0936930978637
29853,6900.837527576985
29854,3831.4464549081827
29855,2223.671482251582
29856,5979.624488322076
29857,10727.844475905664
29858,6540.761488214586
29859,6090.088980792648
29860,4174.253861059528
29861,5662.596713648459
29862,7355.5085985158075
29863,5574.974670563775
29864,8072.454933168563
29865,4464.760520952311
29866,4169.307058357805
29867,4733.018597970591
29868,5171.339136676029
29869,4579.984026318232
29870,4579.470346583119
29871,4756.367700893256
29872,4520.887440860318
29873,6410.097513911441
29874,5878.589751078505
29875,5348.535658857474
29876,5517.1530917888695
29877,6862.827239820502
29878,5292.376515994309
29879,4273.055072374339
29880,8944.285984773669
29881,6505.003599340237
29882,5582.279944870761
29883,3498.913528783938
29884,9163.260242104354
29885,5916.481987091193
29886,4933.16363733829
29887,8209.419295185851
29888,7519.518326675856
29889,6195.357864601105
29890,5723.119905889885
29891,6587.528134021623
29892,8250.96672756897
29893,12085.504129195053
29894,4706.773396809947
29895,4502.12288272866
29896,4860.937539724021
29897,5726.050248863048
29898,5499.059406385168
29899,6909.4564294213615
29900,7650.519767834157
29901,5518.215547366744
29902,3991.0468742850676
29903,5265.043779480874
29904,9705.158656186823
29905,4985.474965718964
29906,7128.154746668088
29907,3620.406778648508
29908,6641.639594690206
29909,7244.1020363081225
29910,6292.765552405747
29911,6957.346679614138
29912,5788.574599087494
29913,4655.3415488554565
29914,5749.209825706434
29915,6099.505917733071
29916,7979.9481786122615
29917,6441.939782105938
29918,8098.58994937352
29919,5629.077577533644
29920,4005.6883143033087
29921,8638.22191206047
29922,4069.677506842682
29923,8374.632549959008
29924,5794.279876082312
29925,4409.741203612254
29926,6543.579777821352
29927,5372.417668256479
29928,6317.438250562054
29929,7740.510315686322
29930,3555.2980603907718
29931,4038.857101339357
29932,6837.135651454166
29933,7978.271752604473
29934,10203.341002803814
29935,5623.936234306699
29936,5667.01597225338
29937,5435.828824126474
29938,6039.2106908213555
29939,4614.279813212682
29940,9347.11686558231
29941,8371.990503641768
29942,11463.964412058622
29943,4392.928396217597
29944,5567.09364617903
29945,9876.306513082567
29946,8682.702133422381
29947,4662.3556233740965
29948,9397.794025851244
29949,5814.641120092211
29950,5583.754946186231
29951,4979.144915940797
29952,4856.17755174101
29953,4633.131379247765
29954,5781.463277165832
29955,4426.437811009357
29956,4336.0394851754345
29957,7673.610219213905
29958,6046.77706202807
29959,20489.371915597905
29960,6365.67157596462
29961,3949.8097801958857
29962,5826.401587894095
29963,9241.077062137218
29964,5577.975684879374
29965,6225.6612437497615
29966,4976.451182142698
29967,6116.60207255506
29968,6405.135089106061
29969,4336.862860385075
29970,4404.450263359344
29971,5740.577210314763
29972,6771.06975818932
29973,5594.78745110635
29974,7282.166253357663
29975,5061.779807599678
29976,4231.963756122712
29977,4549.99959215808
29978,8808.922002264384
29979,9014.545514728241
29980,7744.347215594285
29981,6642.804627547916
29982,3672.5686541758255
29983,5015.339835210142
29984,3905.562239977987
29985,6713.1199262939535
29986,9105.557166360233
29987,9005.500935636752
29988,5029.25787749543
29989,4250.253078485788
29990,4155.191089671176
29991,4877.43318176586
29992,8645.52463719574
29993,4913.500800715076
29994,4598.788958966865
29995,4596.787948858626
29996,5925.854857830882
29997,2981.9115692060436
29998,6883.592897279968
29999,4133.256179905117
30000,6330.955464958674
30001,5484.7667291324615
30002,4607.4687452068665
30003,6967.471178931879
30004,6224.516231122515
30005,4554.928588594744
30006,5267.245725888004
30007,6480.996466192493
30008,9938.432725091276
30009,5475.086062276306
30010,7420.318237607908
30011,6981.516481795216
30012,7659.177431094524
30013,5658.46050036744
30014,7610.048791546262
30015,4046.8916855129037
30016,4060.9511723940946
30017,4868.234232113553
30018,5743.460679779303
30019,8294.331919081607
30020,6372.473191186263
30021,4952.32749387423
30022,6888.598075100216
30023,6365.944742872212
30024,7850.312353476118
30025,3107.681146472992
30026,11093.688011794282
30027,3885.4359596468635
30028,5259.2967658061125
30029,6887.372509317288
30030,4148.885568678128
30031,5082.161664243949
30032,4627.7618065646075
30033,6053.629038813435
30034,4645.820431294201
30035,4715.646959479384
30036,6912.394575595479
30037,6459.587822717763
30038,5811.346586266188
30039,4521.01730832779
30040,6474.6290988513865
30041,10569.899601097486
30042,5553.407174935353
30043,4364.366278511945
30044,5684.757444010976
30045,5405.135163257364
30046,5161.813056072026
30047,6924.93652025257
30048,3185.1952686471304
30049,7251.053055868529
30050,4850.5756654250235
30051,5998.2979996710255
30052,8554.034510284617
30053,3681.6149019117775
30054,4631.2278627069545
30055,4629.65173200315
30056,6934.682797668574
30057,7059.9867989816785
30058,4276.66733880003
30059,4059.1975892807723
30060,6260.193377675726
30061,5288.512591755325
30062,5091.902652733507
30063,5940.866102483544
30064,5573.5033596317435
30065,6313.18231335978
30066,4804.357987710457
30067,3746.2209170162414
30068,5325.436139349305
30069,6572.036298123283
30070,6679.62394491944
30071,6781.947795126203
30072,6875.409532503989
30073,4856.800864494288
30074,8098.390776913679
30075,4522.8170657835635
30076,5103.529863842587
30077,7742.200172793938
30078,5423.463144263646
30079,8372.670775765864
30080,7314.782803829156
30081,6563.386673430019
30082,4921.377985186527
30083,5992.303179790148
30084,6570.897727858625
30085,5608.162683214686
30086,3636.7532307132215
30087,4739.690598612053
30088,6722.534192930022
30089,4731.897820700638
30090,3834.8501304871256
30091,6738.696649595975
30092,5719.885624015347
30093,5450.164240228548
30094,4905.309657485622
30095,4423.888555102786
30096,6150.142126292081
30097,6137.988748493068
30098,5139.474882419081
30099,4607.243173275836
30100,4379.103720539448
30101,5307.234486603579
30102,3482.831264485277
30103,5339.110813910453
30104,4878.368690488141
30105,6865.232200610428
30106,6519.612952390936
30107,5805.310519185524
30108,11251.382241720908
30109,4485.806190661825
30110,4763.566789674914
30111,9174.998489591191
30112,5641.885619201242
30113,7135.9598360226355
30114,6100.955631628279
30115,4759.365266990758
30116,5622.166520367223
30117,4912.407828421615
30118,6293.335521757306
30119,9984.458715598455
30120,6387.1166974412445
30121,3092.969321970449
30122,4062.733242233589
30123,7305.60746034561
30124,7589.275923058372
30125,5149.738501722349
30126,5633.036705243778
30127,4146.686494188294
30128,4275.504683559756
30129,3030.4111122815193
30130,4212.709095582728
30131,5536.607318022148
30132,6326.208986495019
30133,5645.962197258142
30134,5037.899236295464
30135,6773.258025119082
30136,7867.392142496739
30137,6251.6120001884265
30138,4640.2073573909465
30139,8665.331217857218
30140,8774.407458612977
30141,4566.637911191223
30142,5973.605878239595
30143,4395.647095196336
30144,5567.0154492785805
30145,3756.064778710032
30146,6038.293128812025
30147,4409.548389358817
30148,8514.690083444491
30149,5868.931571778409
30150,6785.212651931162
30151,6618.849009023607
30152,4613.456857943518
30153,7691.117579273045
30154,16705.478035200293
30155,9285.78033173003
30156,4817.4500123366015
30157,2725.43391568257
30158,5489.106543952341
30159,6697.498603157889
30160,5186.00570541567
30161,10812.667296081358
30162,18878.38400618081
30163,3809.169438432932
30164,4515.278785966074
30165,8881.178818492985
30166,4149.873112954696
30167,6644.868823734507
30168,5273.360448878367
30169,6680.636198533994
30170,4881.829566103402
30171,5557.653074076032
30172,5235.0454223708775
30173,6160.75537353181
30174,9010.05816476135
30175,5637.049077097035
30176,5272.661923883291
30177,6774.009507894227
30178,4687.709689846548
30179,4900.096831156327
30180,7095.610806841852
30181,4572.763862837619
30182,4926.367297360115
30183,5752.455835817899
30184,5381.9629073924125
30185,5432.456909588748
30186,5818.202631100921
30187,6231.447272614649
30188,7335.249468321398
30189,8579.156667080553
30190,6469.482970812947
30191,4618.760095544072
30192,3567.3469649721665
30193,5389.334115735884
30194,5603.41211738848
30195,5259.626950903365
30196,4149.886176414479
30197,7343.863636214402
30198,5613.518970987995
30199,9139.960863868699
30200,5863.691905419982
30201,4609.592174647615
30202,4447.3369687871755
30203,3884.72137047188
30204,8573.112363320095
30205,4751.343837728946
30206,6283.032435459481
30207,14514.68417133762
30208,6406.746952909288
30209,5438.650559467127
30210,4869.159000132316
30211,3854.803066984793
30212,5558.4325753815465
30213,3570.707329765126
30214,4641.035378498108
30215,9150.230320826711
30216,4427.5843532177505
30217,12608.107301396998
30218,11716.078599460874
30219,4901.226037114533
30220,5797.916694928745
30221,4673.8237996987955
30222,5762.273483756264
30223,4592.242349459628
30224,10176.456128743062
30225,6120.620462121675
30226,8354.306853001144
30227,4015.9632539805802
30228,6299.541136309479
30229,4751.81412159936
30230,7883.617282446041
30231,5901.746110890208
30232,5258.302825784089
30233,5645.004492844197
30234,5900.0277546049465
30235,6897.963829071504
30236,7722.551060896075
30237,5695.375947435491
30238,8837.804420891818
30239,5685.031912750903
30240,8354.10588411504
30241,4616.594630414218
30242,4767.159444890533
30243,4416.057329846981
30244,9170.157933345707
30245,5677.598063322131
30246,6418.90279315219
30247,5663.507285375757
30248,7540.207805938624
30249,4135.521565666513
30250,7287.901301520745
30251,5849.17578862229
30252,3644.683583923409
30253,11662.37197287065
30254,15793.153284236681
30255,6070.736009566321
30256,6015.609153581022
30257,8186.851970269103
30258,8694.062770530756
30259,9621.905152599096
30260,4533.458023531423
30261,5779.682324469233
30262,5154.111037525772
30263,7407.619117324321
30264,3208.691063514465
30265,4986.649952270272
30266,4879.934106553394
30267,5097.492675984415
30268,6227.919017116559
30269,4503.9052038229465
30270,4038.515785539758
30271,6357.661191631592
30272,3982.5698852996074
30273,4439.012638632398
30274,5271.955283021066
30275,5041.795570303367
30276,8558.930661202796
30277,8465.324555648078
30278,6219.217799172674
30279,5692.21017995149
30280,5516.231216336477
30281,10179.064335681596
30282,5747.801585713177
30283,4417.079854466347
30284,4546.872131957419
30285,9330.852034317055
30286,3845.931175353432
30287,5845.891178109744
30288,2761.334303943275
30289,4265.04334852642
30290,6918.611714847737
30291,5572.931655369728
30292,4571.592498369276
30293,7726.818016238455
30294,8307.526689113296
30295,10677.34548006963
30296,5795.2170054966255
30297,8707.589644887514
30298,2607.140799811658
30299,4485.186431902959
30300,5482.932306617685
30301,4160.240838040394
30302,7568.934914357491
30303,4148.486823235074
30304,4384.84538543906
30305,7196.006910096122
30306,9504.32983025537
30307,8489.906850114068
30308,4842.291295543846
30309,4311.335837625851
30310,10351.86316241859
30311,6712.517863350972
30312,4817.642808804241
30313,4777.0904303920215
30314,6675.686115927682
30315,7844.4630319267235
30316,4170.962144406095
30317,4575.9126748572
30318,6966.934095788637
30319,6452.3886605938105
30320,11373.45280937072
30321,5735.8910531107185
30322,10543.174899959487
30323,6036.210541931075
30324,4426.157166144525
30325,3239.0622060266824
30326,5131.927134497775
30327,5347.3551613640575
30328,4960.430089803121
30329,6766.416551572712
30330,4718.885451692337
30331,3936.21047562478
30332,6291.090818102946
30333,3112.4694623012915
30334,6846.794682493851
30335,6159.179072149633
30336,6661.930055840453
30337,7044.027603228215
30338,4866.752801836108
30339,7647.847578727301
30340,5804.803544070562
30341,4873.312764210199
30342,5373.73407558223
30343,4347.627584656498
30344,9266.126655175882
30345,5735.971241706871
30346,4421.73843126395
30347,6050.595168003603
30348,7300.455848126173
30349,6215.556106912916
30350,5105.169253983747
30351,6864.973088087109
30352,4945.409978102594
30353,5709.172255325927
30354,4860.0983015383845
30355,7542.434149858748
30356,5023.818133240022
30357,5482.0702763387
30358,5350.185838449683
30359,4840.318511394529
30360,3955.2345452798927
30361,4648.247156411567
30362,8002.693471934867
30363,8150.138000811936
30364,9016.354828663994
30365,9443.257991927501
30366,7257.377841019552
30367,7074.872432766906
30368,4287.826698390047
30369,9334.029259161041
30370,9779.674715311912
30371,6520.987726118572
30372,6753.8152527597385
30373,6808.789073618915
30374,5273.303027826049
30375,3260.3870253396144
30376,10303.868818183462
30377,6161.196777888759
30378,5747.644543816014
30379,5217.789683626875
30380,2575.5679354176227
30381,9793.927057445417
30382,5401.007320984021
30383,4110.659743669379
30384,4111.680669003967
30385,4521.115316818392
30386,5640.703048659889
30387,6657.387951192561
30388,6402.310853594785
30389,4707.830356963065
30390,4315.136572712336
30391,3640.689208387736
30392,3053.9008803700303
30393,5929.739431952854
30394,15687.422813129848
30395,3860.2974062820413
30396,5052.054984134166
30397,5539.883349413659
30398,4400.851157562816
30399,4339.2361148497
30400,4619.457339915038
30401,3457.3859727465865
30402,6842.487610975456
30403,5615.698132311085
30404,3517.822656188815
30405,8336.09711349901
30406,4531.287014580525
30407,4066.4273105656357
30408,10224.010593559078
30409,6563.199055110259
30410,8041.39565960148
30411,4409.456295611277
30412,5030.568019595661
30413,4164.661543314166
30414,4231.632377487589
30415,13031.167559475118
30416,9233.088163634811
30417,5357.258844489411
30418,4475.617906324271
30419,4636.455700186868
30420,5218.124389470649
30421,3826.7848208438836
30422,9068.912714133072
30423,4658.991224300708
30424,4823.754765077647
30425,6377.81446785618
30426,4201.972772701252
30427,5436.224747194912
30428,6113.065087074057
30429,5770.974384483348
30430,6373.359528669608
30431,3608.2126470486214
30432,5075.402795557597
30433,5583.208139650595
30434,7650.036343690885
30435,6672.916382590483
30436,6408.314105637351
30437,4255.686484563677
30438,7491.503310498779
30439,4868.177809225575
30440,4046.926680960142
30441,5679.427548519536
30442,5653.220355090118
30443,5116.6718749163365
30444,6051.634092890447
30445,5076.068475135078
30446,4976.989286571318
30447,4513.405794763762
30448,6523.789605248308
30449,5765.823836684183
30450,5842.905149818145
30451,8223.290024976484
30452,5419.091109284508
30453,3859.846126896451
30454,10185.63709297081
30455,4577.6235406469295
30456,2828.1199193748425
30457,6375.510457706145
30458,7902.470464644813
30459,9746.88368109395
30460,4387.722888300251
30461,4989.737124965464
30462,5431.158470160954
30463,5906.083671754737
30464,4979.912811317638
30465,7274.971911914296
30466,2858.2475672800874
30467,4533.508607702536
30468,4572.813816300783
30469,4403.005061337936
30470,4462.136427993719
30471,5780.507624165461
30472,6255.479157392992
30473,5638.956280762582
30474,6481.44087467336
30475,6315.02442870785
30476,7302.073694561521
30477,4390.392921464303
30478,5567.59321253145
30479,6118.372885411018
30480,7248.5846904282635
30481,6615.05799873418
30482,3730.0435932055902
30483,8105.236464061623
30484,5742.270569713075
30485,6398.741269135353
30486,4424.888729437703
30487,3874.4270242474513
30488,7838.2757473549655
30489,4916.247064154399
30490,7628.434003802369
30491,5433.982365443778
30492,4557.562408685345
30493,6766.858988120066
30494,5063.406085967538
30495,5287.678020853002
30496,7267.629463718009
30497,4847.575677991492
30498,8126.957569646031
30499,9235.307736773142
30500,6487.556670045137
30501,4150.927640618726
30502,4889.072346636904
30503,4144.242245242765
30504,2622.8457959405664
30505,6532.598268771597
30506,5096.796718908923
30507,7289.902978212674
30508,4250.93803851609
30509,5022.365085928274
30510,5033.027922317579
30511,7593.234984977912
30512,4619.732864943848
30513,4889.502700586073
30514,4460.712832980594
30515,6321.694978216032
30516,4746.718337609201
30517,6316.04836410327
30518,6529.748291702272
30519,6270.013429718343
30520,7215.2086325211985
30521,5494.719978755422
30522,5037.978749351146
30523,4157.398571061402
30524,4785.576614808273
30525,9330.254515365918
30526,7593.604695499472
30527,8861.46614053052
30528,13432.708706565
30529,4369.567106786819
30530,4411.4682044333285
30531,5053.628407912773
30532,7123.280162130805
30533,9023.617684207165
30534,6580.307864014387
30535,6884.4913090499795
30536,6622.898700134826
30537,6514.9698066456585
30538,5699.756159198684
30539,4708.923640045447
30540,3975.2653696482494
30541,4401.915768856477
30542,3517.19768430529
30543,4448.235446571372
30544,6369.972050799722
30545,14743.053798190658
30546,6171.041857577857
30547,4370.412980912521
30548,6144.240152528013
30549,4147.356769535428
30550,5420.923280958621
30551,3918.3546525989123
30552,7975.661288396163
30553,5867.932614701916
30554,5082.584814631924
30555,11855.779104687563
30556,10644.927677588017
30557,4377.397368516721
30558,6071.29128938661
30559,3585.4730557214843
30560,4398.7340956923235
30561,4420.208174585263
30562,7254.506310306243
30563,4181.75289685477
30564,4134.249624956415
30565,4804.477856527648
30566,4721.9650058443185
30567,5535.008808028956
30568,6273.040740980119
30569,3530.220304670691
30570,6295.570666134278
30571,7306.42870040005
30572,5873.819641057282
30573,4236.7512037242095
30574,3871.280563751549
30575,6718.203457398402
30576,4360.770808751004
30577,8731.816844406294
30578,4232.064035037537
30579,5034.468621858395
30580,6058.838140002583
30581,4774.725271859177
30582,4494.43297794953
30583,4718.893526595955
30584,5762.347417929953
30585,8614.439109425708
30586,8006.476771435695
30587,5083.0027806773205
30588,3701.8675563234656
30589,5376.055942675418
30590,5383.869110468333
30591,3923.4418903563574
30592,4694.91736111828
30593,4933.890824567197
30594,10685.92330478822
30595,6618.822558386036
30596,5064.238544702036
30597,6240.824572707424
30598,4322.94657585941
30599,7421.625099788105
30600,4854.7635779393795
30601,11057.599516880215
30602,5583.461418466548
30603,4680.744246971359
30604,4535.791060312818
30605,3588.1797490689996
30606,5340.1159798642975
30607,17586.313360883392
30608,3727.812530917529
30609,4382.378122730627
30610,7865.252903666237
30611,5538.493533320757
30612,6131.914382409216
30613,7278.716483868746
30614,4954.883139525455
30615,4634.886260097879
30616,3909.567994437218
30617,8847.192297322015
30618,5334.175710337139
30619,6069.887071172437
30620,7076.781928388883
30621,4493.3242810728225
30622,6634.3474532468945
30623,5434.056436850654
30624,3638.1993502026003
30625,7110.371035872773
30626,8589.514532146508
30627,4051.9817308212746
30628,6434.206609180488
30629,6034.742582696593
30630,4981.5532221796875
30631,8219.966996651192
30632,5993.029763946588
30633,6134.034916297152
30634,4233.159028062616
30635,4207.830233070427
30636,5886.967962339373
30637,3949.7500408698543
30638,7165.199729372126
30639,3762.4469506420905
30640,5118.438194765601
30641,3854.1981515509574
30642,5383.218184992259
30643,4663.510476433125
30644,5533.408640073812
30645,5692.250965626829
30646,7111.175896194704
30647,5425.248549500016
30648,6376.298442245957
30649,5322.79780376519
30650,7010.735559788259
30651,9034.747591356107
30652,6113.611621001068
30653,2892.734408726598
30654,5580.553093605981
30655,5894.191061107483
30656,3562.4856550649615
30657,10529.526972786487
30658,5038.693621278967
30659,5447.016928713871
30660,9317.262758802448
30661,5795.827574828308
30662,3822.8148391774475
30663,10754.101065235289
30664,8703.104613332036
30665,5175.801358956326
30666,7776.773883076139
30667,7689.01022357937
30668,5767.164716734342
30669,4752.1274032000065
30670,5357.180661676074
30671,4702.739472058879
30672,5431.712184739959
30673,5893.501712363231
30674,3921.1505688600473
30675,5938.7740965907715
30676,6278.625568495264
30677,5067.192647459507
30678,6629.038387432398
30679,5081.771238011423
30680,5731.067191256986
30681,4746.202823388525
30682,6402.986054801749
30683,5678.350683933783
30684,5099.059030408676
30685,5591.806101595576
30686,6161.339917319948
30687,8407.487673326605
30688,4830.994654012618
30689,4621.38625716135
30690,5520.190468485879
30691,6064.158361940427
30692,6162.617041618276
30693,3848.668618898789
30694,3796.7402533789646
30695,6462.426545598804
30696,7166.772635428748
30697,5128.31897091309
30698,6402.4466110567855
30699,5326.269762820517
30700,5593.03424040594
30701,4296.939701727052
30702,3065.8944152638383
30703,6222.311227337573
30704,5381.950994287831
30705,5093.321068109499
30706,8155.39799543575
30707,6898.429987611704
30708,4042.1960171159385
30709,6656.752460419727
30710,3736.4985868673475
30711,2595.0942748755656
30712,5590.478940503333
30713,10671.363547653655
30714,6324.385049840047
30715,5820.307677168031
30716,4065.603916774747
30717,5288.768286077519
30718,7203.378672987937
30719,5254.743720212577
30720,7467.32709075499
30721,4224.128575641401
30722,4063.172452796995
30723,4502.410816018083
30724,4901.291973232678
30725,4276.738219855802
30726,4348.531709048489
30727,4411.155880330062
30728,4094.0287470819353
30729,6052.204881473115
30730,5672.430815998722
30731,4793.7606513260625
30732,5216.308277640833
30733,6234.638667822133
30734,4877.635936452419
30735,4182.4884782846875
30736,8542.952866592406
30737,6093.739550795836
30738,5010.713682812254
30739,3093.0779282673166
30740,9016.360552661547
30741,5421.056119172445
30742,4481.626880034439
30743,7311.270423360275
30744,7054.09855343697
30745,5937.955424371793
30746,5407.946427796773
30747,6272.035650734671
30748,7568.0687149350315
30749,11579.889766613034
30750,4399.820566182184
30751,4287.797219956057
30752,4371.2147768897
30753,5444.634433860177
30754,4984.8537453379995
30755,6774.038878823882
30756,7427.715757639923
30757,5219.871409086963
30758,3645.634222840578
30759,4971.441028272149
30760,9873.106156318445
30761,4387.747051088166
30762,6305.935237454659
30763,3560.357522495571
30764,6158.954082594454
30765,6851.683610598908
30766,5992.312258792654
30767,6727.9632000763695
30768,5487.5039211522
30769,4127.684724612642
30770,5212.447664389865
30771,5877.713818853249
30772,7438.600159407102
30773,6211.8740636126095
30774,7356.826052600964
30775,5217.86351562346
30776,3998.9082905302675
30777,8256.873195359893
30778,3902.789125312503
30779,7936.068179967532
30780,5329.891749181159
30781,4119.405166678812
30782,6300.508045341201
30783,4818.893472302164
30784,5984.1620981381475
30785,7057.758352394937
30786,3382.01759701245
30787,3909.6572494107318
30788,6318.4888709311845
30789,7348.727574553309
30790,9495.501244037145
30791,4922.653135105603
30792,5438.418611607575
30793,5054.290051847596
30794,5612.924929276213
30795,4413.448152194291
30796,9057.257178265922
30797,7669.585209402184
30798,10929.55663462547
30799,4211.779740628652
30800,5028.2877984370425
30801,9573.416509511395
30802,8496.125800117472
30803,4266.555804577589
30804,9118.78033898832
30805,5675.711130338419
30806,4961.366080456803
30807,4623.737355759313
30808,4400.353282983537
30809,4348.393805230318
30810,5587.646298468807
30811,4237.77980909229
30812,4231.439101958842
30813,7228.2102491438445
30814,5641.257430814471
30815,19978.590489024933
30816,5816.429160634871
30817,3892.396487050549
30818,5846.722694715434
30819,8946.900881413809
30820,5313.776890712896
30821,6290.357092264999
30822,4911.240864587232
30823,6330.856520167103
30824,6418.924100595911
30825,4582.325339104244
30826,4330.787986552294
30827,5614.034947897896
30828,7090.734906766235
30829,5637.02266469967
30830,7098.04143919164
30831,4981.100241314463
30832,4182.550309955289
30833,4379.704841674155
30834,8868.571315423094
30835,8969.608701309298
30836,7688.493717210009
30837,6577.442993735712
30838,3678.6189963009338
30839,4731.4538963867935
30840,3846.6212294166157
30841,6819.884660467649
30842,8852.885747293753
30843,9225.557687661352
30844,5040.024437470452
30845,4200.208097470902
30846,4129.185658156971
30847,4770.057203298206
30848,8640.052896084067
30849,4930.901277130442
30850,4516.396851371403
30851,4562.045642997881
30852,5942.7438629950075
30853,3059.70276682738
30854,6751.82471381494
30855,3984.0523707235043
30856,6297.6769937646195
30857,5361.350399897398
30858,4552.813812638858
30859,6857.65894335548
30860,6317.389319400047
30861,4672.305454581763
30862,5409.407856786199
30863,6274.524152013091
30864,9688.560724144232
30865,5261.604226311361
30866,7420.137058597047
30867,7058.217134308431
30868,7691.346056826864
30869,5550.189658863635
30870,7426.684560487601
30871,4094.081037770757
30872,4058.046784590121
30873,4853.969466248021
30874,5565.581125177306
30875,8210.263153643235
30876,6347.5851477393835
30877,4973.525118614095
30878,6685.847448208172
30879,6256.079325695661
30880,7503.1411157891325
30881,3268.3020282378898
30882,11397.458346997251
30883,3952.3478786021483
30884,5252.880349076067
30885,6906.134217660586
30886,4097.3006778446
30887,5070.438816608643
30888,4600.282958622018
30889,6121.426460477054
30890,4599.350849851213
30891,4650.268610281261
30892,6985.741582244423
30893,6224.002588406691
30894,5875.195604694941
30895,4368.5650497435145
30896,6450.245112840412
30897,10467.50755351093
30898,5536.116563658885
30899,4257.992155929154
30900,5571.85432769341
30901,5494.145690491502
30902,5095.872552160854
30903,7028.305419920882
30904,3158.248389864192
30905,7064.106988109977
30906,4719.328765805689
30907,5924.892508714782
30908,8748.950031434013
30909,3806.672986350097
30910,4415.759880742673
30911,4497.441053430333
30912,6776.438387357851
30913,7293.788704590377
30914,4144.33878065611
30915,3984.855765156705
30916,6214.111989576668
30917,5130.379737480845
30918,5049.478247785077
30919,6002.115773874874
30920,5531.498854587291
30921,6458.373533147955
30922,4678.616327409243
30923,3875.243323040875
30924,5181.679339914414
30925,6531.052090402007
30926,6575.586228697061
30927,6641.076993443694
30928,6736.818542364121
30929,4736.688356191191
30930,7905.268365303352
30931,4497.509823939254
30932,5057.960083237527
30933,7274.898417429998
30934,5361.065482475851
30935,8280.519787576179
30936,7201.601920411544
30937,6476.409051374728
30938,4777.896768235686
30939,6034.561955307227
30940,6658.123637305007
30941,5600.278305997833
30942,3696.159013118516
30943,4794.235188210058
30944,6629.566671008902
30945,4491.48183546945
30946,3800.7743123968
30947,6687.668387150259
30948,5864.945448030384
30949,5346.32476916459
30950,4903.012313967875
30951,4286.93362414085
30952,6091.781593911461
30953,5970.409863767514
30954,5275.662486474267
30955,4587.790483201956
30956,4299.9058681655815
30957,5275.623610717516
30958,3732.496233075489
30959,5311.968483759541
30960,4828.684981158046
30961,6821.146452167496
30962,6674.632174309826
30963,5804.791769753803
30964,11197.05712408803
30965,4658.309936275521
30966,4488.464192602868
30967,9249.580865771017
30968,5551.900284077859
30969,7131.1148948061145
30970,6161.174114228962
30971,4610.424912112081
30972,5503.4544938120225
30973,4925.636541212237
30974,6109.959795281408
30975,9930.610996772379
30976,6224.7985698091725
30977,2934.467240195422
30978,4159.537220891446
30979,7326.340245739096
30980,7451.437857108507
30981,5111.109566579549
30982,5544.363162026398
30983,4046.460017872389
30984,4196.805164995762
30985,2890.2156315658763
30986,4252.739351757363
30987,5307.102601070332
30988,6381.14755642166
30989,5600.668460667957
30990,4898.943625461039
30991,6795.000147833801
30992,7829.996672619474
30993,6153.0976283684
30994,4481.303811332025
30995,8813.804561299827
30996,8736.83923285637
30997,4513.181869432879
30998,5970.600961863155
30999,4329.960561197841
31000,5475.21453479711
31001,3527.5434451445462
31002,6047.422366517859
31003,4329.351700142508
31004,8422.832641478572
31005,5768.533351839945
31006,6949.000848280897
31007,6640.666396156212
31008,4404.179691993894
31009,7647.723491166879
31010,16510.37458390356
31011,9008.397222744674
31012,4835.947440992551
31013,2810.6764970796708
31014,5364.407309007688
31015,6801.745789686221
31016,5051.02445324037
31017,10789.925060152595
31018,18493.170453745217
31019,3874.419893715294
31020,4527.246298839704
31021,8441.452606171064
31022,4057.416527831393
31023,6688.049359033105
31024,5348.375440205595
31025,6679.065842364063
31026,4796.02155019152
31027,5533.964667196077
31028,5168.441360437953
31029,5988.32274744908
31030,8752.719216187235
31031,5430.4249619965185
31032,5204.290437417449
31033,6372.451841505681
31034,4551.751566985761
31035,4943.764903328305
31036,7143.768517350812
31037,4441.592705400071
31038,4774.619179219621
31039,5745.320515250972
31040,5439.929105896663
31041,5405.944689193796
31042,5918.194111723377
31043,6414.619462122644
31044,7116.663811012259
31045,8459.675525261426
31046,6453.827554607082
31047,4584.801098366246
31048,3656.617753284181
31049,5406.897349924912
31050,5575.866394623282
31051,5069.877969575279
31052,4118.110031071147
31053,7341.256783417291
31054,5581.794885138907
31055,8982.883827294927
31056,5871.148494548634
31057,4465.925686597643
31058,4283.276026313535
31059,3943.9741032727766
31060,8419.228355376628
31061,4729.505746776308
31062,6195.356264327893
31063,14296.492822022554
31064,6240.1315864978405
31065,5112.143905972404
31066,4692.639294278785
31067,3880.847254963374
31068,5547.876910163852
31069,3494.956263470794
31070,4684.59446804154
31071,8969.633176821577
31072,4249.3703882187065
31073,12211.21879804598
31074,11961.1371965446
31075,4751.855673260686
31076,5774.847827769477
31077,4659.311321196796
31078,5659.423049294524
31079,4538.824297229195
31080,10006.58262598258
31081,5959.307360297421
31082,8447.68473625539
31083,4061.0227333943194
31084,6320.202509248255
31085,4635.442833661091
31086,7838.173594656335
31087,5904.372316148998
31088,5234.185596251078
31089,5525.838005589314
31090,5872.78011716656
31091,6998.021235517777
31092,7629.6360190147425
31093,5514.193174877652
31094,8879.148051178123
31095,5580.932708335109
31096,8230.640028029227
31097,4572.489823917046
31098,4617.875156519606
31099,4338.84084291124
31100,9084.716975835827
31101,5574.85732102725
31102,6211.095177576191
31103,5669.613216784198
31104,7430.12446451619
31105,4062.5717739354573
31106,7096.516348906373
31107,5867.653105168833
31108,3543.0570699138502
31109,12251.146298966296
31110,14909.950807250229
31111,6068.187839629989
31112,5976.694731243394
31113,8264.43971880569
31114,8650.566639629758
31115,9620.090521387201
31116,4382.9941394425305
31117,5702.605982828367
31118,4963.451625527065
31119,7391.595104257259
31120,3430.875844258536
31121,5041.671374586067
31122,4694.96541433397
31123,4965.900944038926
31124,6257.123029606126
31125,4583.207412186509
31126,4110.60866645517
31127,6249.435736054942
31128,3907.988480508471
31129,4331.593866692183
31130,5180.612820119898
31131,5064.709108055293
31132,8490.47856656535
31133,8324.930155071563
31134,6314.292067518331
31135,5581.0567691220285
31136,5433.491661640099
31137,9891.553819813498
31138,5736.4209210439285
31139,4334.704138698143
31140,4451.262995691445
31141,9300.205113436918
31142,3851.201309005405
31143,5740.073291656528
31144,2920.379952920803
31145,4274.752952955928
31146,6763.393452534134
31147,5420.692516128932
31148,4500.307446378271
31149,7613.850860182097
31150,8388.302126068176
31151,10627.8582481417
31152,5824.8659239541175
31153,8752.878823656103
31154,2871.775986620659
31155,4363.840398422586
31156,5342.385399305791
31157,4068.795147315805
31158,7642.997846075941
31159,4191.956469718682
31160,4343.074609592571
31161,7038.635660424762
31162,9698.935555837801
31163,8249.830503501818
31164,4863.536508406582
31165,4196.489197300051
31166,10650.66032519062
31167,6676.167356923256
31168,4666.828965040015
31169,4634.340840742322
31170,6664.661441198211
31171,7894.871353854774
31172,4176.667514335975
31173,4512.924577510276
31174,6945.25657226055
31175,6705.036908410958
31176,11197.149637937768
31177,5688.901459467215
31178,10565.731220814472
31179,5835.545351145246
31180,4240.184389387315
31181,3124.556756855357
31182,5254.629857417742
31183,5215.372721593087
31184,4812.711534370561
31185,6602.349960849597
31186,4583.668700039662
31187,3951.877177680204
31188,6087.656798444555
31189,3267.3446623883456
31190,7028.25839643419
31191,6024.149165384094
31192,6618.904851191158
31193,7049.90049873512
31194,4660.5623692671625
31195,7608.936495431253
31196,5858.685985630913
31197,4792.504130058307
31198,5347.812479829802
31199,4397.832587964418
31200,9151.78376425128
31201,5458.986453167428
31202,4135.536432485804
31203,6118.106367562519
31204,7196.560946376178
31205,6204.275605470974
31206,4987.844624509412
31207,6712.450275011591
31208,4913.4568398233105
31209,5639.183647061185
31210,4795.987037434291
31211,7394.293892556668
31212,4888.320154046236
31213,5553.795445739614
31214,5170.929216694585
31215,4715.5248203556985
31216,4014.7400549246568
31217,4564.8201175111235
31218,7777.715335312805
31219,8057.200662725998
31220,8998.857356162524
31221,9284.69977119584
31222,6852.889161245336
31223,7437.591520832971
31224,4224.293056401366
31225,9279.891818263177
31226,9626.486488494249
31227,6514.266781798952
31228,6696.657090368769
31229,6872.339382488216
31230,5284.922086473248
31231,3267.3312145089462
31232,10364.741712643065
31233,6065.333736261918
31234,5882.21629961286
31235,5243.067176208628
31236,2675.65762899615
31237,9788.944420305206
31238,5283.491919298699
31239,4089.4281028799733
31240,4119.320863943068
31241,4399.232203753563
31242,5531.8121567102
31243,6735.890845922635
31244,6323.08167493346
31245,4720.412945101014
31246,4090.3906265199057
31247,3738.1354665409417
31248,3131.460426933013
31249,5871.152202199135
31250,15709.118436062932
31251,3753.2484534974906
31252,4877.790336345423
31253,5579.7830708441015
31254,4318.175646781332
31255,4239.928008412661
31256,4624.314400582882
31257,3634.458754256908
31258,6768.724315395097
31259,5546.11343335275
31260,3682.198081879388
31261,8242.674263231393
31262,4545.509008243785
31263,4227.730986653194
31264,10017.500136545345
31265,6409.338812659461
31266,8159.013472717898
31267,4304.026424450608
31268,5078.035574281552
31269,4136.1307380505905
31270,4162.869427482847
31271,13571.871715572432
31272,9411.034449011682
31273,5305.905004991954
31274,4446.739623347155
31275,4555.574681028879
31276,5248.073314157229
31277,3662.2890555511453
31278,8586.404244017998
31279,4657.581832175442
31280,4743.726296876796
31281,6272.027525527932
31282,4030.238235579107
31283,5441.870707826031
31284,6082.889910822739
31285,5856.222533289812
31286,6167.377076881628
31287,3769.1718659190096
31288,5230.289505708318
31289,5469.7170786440065
31290,7712.049875184751
31291,6695.9743146943265
31292,6257.340460769121
31293,4102.030059002275
31294,7309.619773026816
31295,4840.000351422034
31296,3979.0698817922953
31297,5633.042868175181
31298,5585.122990217189
31299,5034.6567580764795
31300,6005.0035335991415
31301,4998.8315540658805
31302,4945.789040833592
31303,4430.007576562894
31304,6517.053114493525
31305,5545.243915313825
31306,5782.879470454488
31307,8262.197070933864
31308,5243.027373686645
31309,3870.99290479434
31310,10255.184241223104
31311,4397.0452848409495
31312,3080.8083502378995
31313,6282.581652992185
31314,8010.835233581935
31315,10126.134448994537
31316,4354.676624629016
31317,4957.23954359714
31318,5473.709207509639
31319,5961.340286649934
31320,4769.187519718447
31321,7251.275020529393
31322,2914.902556292164
31323,4399.321838216254
31324,4489.88854921821
31325,4349.02251816427
31326,4447.947467160142
31327,5675.447283291879
31328,6102.4680797192605
31329,5495.961197964314
31330,6549.107519259291
31331,6356.9898923120145
31332,7151.154097278952
31333,4267.781476112623
31334,5458.214904714827
31335,6114.864924384198
31336,7222.667314567449
31337,6576.379110328597
31338,3292.964154862386
31339,7971.160049451659
31340,5746.134123493663
31341,6073.747233533504
31342,4385.279865960682
31343,3923.021691984333
31344,7755.365263343719
31345,4927.079012757144
31346,7676.572904260784
31347,5315.973770005662
31348,4483.554388262968
31349,6590.325689214405
31350,4973.160475269817
31351,5380.0890571424825
31352,7334.315809435713
31353,4973.316946602287
31354,8247.490303358521
31355,9130.909512949105
31356,6664.468274087532
31357,4087.050144145392
31358,4770.7756841514765
31359,3957.774746183087
31360,3057.1599853455655
31361,6394.455272315193
31362,4906.999083007108
31363,7157.479725952895
31364,4130.893195871925
31365,4840.576907948187
31366,4971.124764791155
31367,7565.299864927011
31368,4607.38751031795
31369,4805.87655089837
31370,4509.270227851194
31371,6230.010517859049
31372,4618.350702531718
31373,6333.345397528704
31374,6391.104855999428
31375,6289.795079609765
31376,7178.145350294609
31377,5435.97550531278
31378,4810.259284068318
31379,4183.039562164342
31380,4646.497927826113
31381,9181.762070590941
31382,7535.420540632915
31383,8575.189479763467
31384,13006.729946308848
31385,4287.449387362065
31386,4260.177593015152
31387,5024.125583499568
31388,6967.299264935909
31389,8842.270737021423
31390,6720.425097109167
31391,6868.020055822609
31392,6673.509854097228
31393,6505.0898168079675
31394,5533.622960166622
31395,4571.321377196123
31396,3969.7068711982856
31397,4355.39297306159
31398,3424.639366228049
31399,4477.433641429217
31400,6290.095424953513
31401,14802.288532279481
31402,6225.253525249638
31403,4300.133242648093
31404,6244.3196913119955
31405,4013.091669629561
31406,5243.215059176296
31407,3795.2643000640437
31408,7758.905789271942
31409,5870.971007080185
31410,5111.322747052324
31411,11671.851160618273
31412,10513.334330095493
31413,4341.153248456039
31414,6055.684048834206
31415,3626.1059751300513
31416,4323.189484467306
31417,4414.472518895069
31418,7138.275283412214
31419,4076.9968768989515
31420,4040.398334619951
31421,4790.473452917897
31422,4647.412098343033
31423,5576.1450335061845
31424,6342.270042715032
31425,3468.613134906479
31426,6176.046397961783
31427,7308.1811468585065
31428,5795.781232455946
31429,4197.2777817762035
31430,3931.988251205833
31431,6774.140229523016
31432,4364.603143114218
31433,8737.72423853398
31434,3998.81725415405
31435,4840.78495290733
31436,6027.090415395738
31437,4560.74035347714
31438,4558.211203368301
31439,4666.154182349529
31440,5788.784088858303
31441,8743.746477521847
31442,7992.841328256658
31443,5036.236478183701
31444,3729.969835738205
31445,5410.131220604267
31446,5405.177702465051
31447,3898.1983376860708
31448,4646.22279521952
31449,4903.640903459343
31450,10410.530771532782
31451,6525.229162795066
31452,5005.655282625362
31453,6283.644563502877
31454,4376.704438460372
31455,7239.8101317754645
31456,4791.517586781385
31457,11313.894343576772
31458,5472.856384492708
31459,4451.337586993375
31460,4506.214141227311
31461,3497.085702624318
31462,5440.250586467983
31463,18303.430933743424
31464,3773.8305792948627
31465,4286.458652907613
31466,7699.0276726339
31467,5516.79835856493
31468,6299.898879594916
31469,7203.291742455329
31470,4843.353838204309
31471,4588.983874984577
31472,3838.6597232421695
31473,8928.485471165572
31474,5402.062689823693
31475,6121.020597364719
31476,7135.100164817152
31477,4501.040132473613
31478,6686.735839028516
31479,5387.7525351754575
31480,3715.948825138341
31481,7080.14850402854
31482,8446.063451218764
31483,4098.730203678152
31484,6311.941203551346
31485,5904.986966430638
31486,4864.979158848486
31487,8162.098603300413
31488,5846.976396345051
31489,6138.442374287895
31490,4073.7126620509525
31491,4046.126301105965
31492,5928.119369825591
31493,3824.0860278905006
31494,7314.862288261197
31495,3744.4802589898313
31496,4977.0851167913615
31497,3885.338298564392
31498,5285.804203193573
31499,4660.136799703152
31500,5622.035834371514
31501,5627.852788173718
31502,7033.576774915017
31503,5414.745344813292
31504,6485.081167088043
31505,5413.3481123263855
31506,7196.919981944542
31507,9226.483769148115
31508,6054.108957360431
31509,2840.012387213293
31510,5552.388293637658
31511,5793.792535598917
31512,3658.460225568794
31513,10298.978677966064
31514,5026.012814299049
31515,5537.4289534492855
31516,9475.3341134215
31517,5853.563556409596
31518,3702.9949919281507
31519,10106.896728470234
31520,8734.131740402188
31521,5075.386710686946
31522,7986.577854874548
31523,7412.364739943743
31524,5581.070696667449
31525,4695.943054688471
31526,5424.687950652496
31527,4502.167077599774
31528,5433.69009285902
31529,5909.569886383145
31530,3880.746843997102
31531,6084.010316716654
31532,6173.7788411803185
31533,5271.867173393179
31534,6557.6868373934185
31535,5001.152853933677
31536,5747.154614589782
31537,4697.683291353251
31538,6357.681434439915
31539,5608.726533473775
31540,5019.208768310985
31541,5590.905743522632
31542,6124.671237155829
31543,8312.424619655478
31544,4700.57891056216
31545,4537.54525918716
31546,5360.375565390628
31547,5979.019660187004
31548,6129.438071026495
31549,3828.5494048741116
31550,3879.541633514878
31551,6550.969040865804
31552,6882.22030277821
31553,5160.477129154213
31554,6222.368539667069
31555,5265.586161643543
31556,5595.481614719117
31557,4229.5096002186465
31558,2903.6211099253564
31559,5986.838825696108
31560,5242.198402444769
31561,5092.091377028603
31562,8475.051816685596
31563,7032.532758262287
31564,4017.6947172207047
31565,6563.875958869561
31566,3851.4540619983018
31567,2462.705256099742
31568,5471.353717744717
31569,10440.329497217588
31570,6166.873973289619
31571,5834.393108966357
31572,4079.85148983901
31573,5368.406649539562
31574,7273.833860092791
31575,5285.612294867283
31576,7354.938181598704
31577,4176.584475006443
31578,4035.0955608585946
31579,4452.8226245385495
31580,4858.406173123616
31581,4276.032350037449
31582,4268.710915669818
31583,4341.459368356371
31584,4041.539610285048
31585,6031.967710508476
31586,5765.496286607899
31587,4790.582752818061
31588,5238.586474725625
31589,6237.813960821573
31590,4870.5416904445
31591,4148.331797039454
31592,8570.132720094625
31593,6234.137979618915
31594,4817.116818215222
31595,3299.414044226551
31596,9029.358382877435
31597,5271.587283227985
31598,4436.210963091665
31599,7236.695202375936
31600,7111.255181737804
31601,5993.975464466919
31602,5264.95282297745
31603,6266.356396755657
31604,7492.750959540091
31605,11920.618616067117
31606,4366.505843076125
31607,4160.630832036391
31608,4310.880894000151
31609,5366.931610804383
31610,4823.323833003005
31611,6888.224441203579
31612,7192.720622833373
31613,5118.1600947547095
31614,3537.499558304985
31615,4901.1566382568435
31616,9404.089986596058
31617,4235.924218490335
31618,6324.792833898275
31619,3622.728921134187
31620,5992.200095129892
31621,6767.386719662002
31622,6085.893317564124
31623,6978.776575353799
31624,5439.629809441183
31625,4094.04310875277
31626,5093.251123079105
31627,5942.4910260586485
31628,7160.60811966628
31629,6215.67525034531
31630,7204.25139966766
31631,5157.813574213832
31632,3951.247963729651
31633,8496.423018269175
31634,3901.386270131513
31635,7698.256569239122
31636,5209.848976165985
31637,4064.5201222820288
31638,6240.871499113311
31639,4828.714760809399
31640,6032.247548794033
31641,6936.6813572157
31642,3279.2568830050122
31643,3925.462181165418
31644,6428.871369050596
31645,7293.6449545577
31646,9460.112540588454
31647,4821.108223977487
31648,5394.606717588513
31649,5063.008209022042
31650,5430.934772109704
31651,4251.946354344384
31652,8815.273509578667
31653,7585.824531353499
31654,10897.463057777713
31655,4231.180873394654
31656,5033.4803342100495
31657,9501.667262245815
31658,8414.469635498213
31659,4252.884208149429
31660,8901.128928152755
31661,5708.3662897770555
31662,4931.930080119613
31663,4507.433255515248
31664,4315.1315134861925
31665,4226.4374498675
31666,5613.553602390494
31667,4163.056245670116
31668,4302.932771356304
31669,7154.981443952296
31670,5488.632298787033
31671,19736.224868723923
31672,5739.578566910217
31673,4016.424481530412
31674,5703.070322524776
31675,9571.537085958922
31676,5468.56342425963
31677,6465.6304070813385
31678,5206.476870127023
31679,6290.2695996047305
31680,6448.835546301875
31681,4448.491122682857
31682,4313.046962158174
31683,5493.368177168941
31684,7133.76876651245
31685,5618.729411747404
31686,7145.480993999678
31687,5164.866061415692
31688,4347.51053783148
31689,4409.45720552352
31690,8814.606370398766
31691,8835.76924988783
31692,7683.039368817222
31693,6577.770699265306
31694,3799.531663510882
31695,4817.380047605336
31696,4065.328201165763
31697,6883.234163120147
31698,8695.446988929758
31699,9379.401729923495
31700,5066.0221423515
31701,4222.2074637608885
31702,4194.1981185781
31703,4857.3180002058225
31704,8696.75727642749
31705,4847.7332722234805
31706,4572.981194713116
31707,4793.257579699964
31708,6110.139265380954
31709,3076.2472848666075
31710,6879.810505634021
31711,4058.372697498933
31712,6519.252424667839
31713,5395.506487785098
31714,4771.748994585215
31715,6952.057322958071
31716,6615.970955583994
31717,4909.054246198089
31718,5504.635335538011
31719,6386.9110269568055
31720,9529.664369259095
31721,5330.679944048681
31722,7601.988899658409
31723,7023.5660079356985
31724,7768.302419310317
31725,5519.416201574721
31726,7461.934755497427
31727,4407.2445523361985
31728,4265.668197946222
31729,4908.375478728537
31730,5577.403327812502
31731,8314.806933930486
31732,6551.642472553281
31733,5188.909565652981
31734,6662.902917677721
31735,6470.076127941195
31736,7512.631078976499
31737,3359.695203013907
31738,11056.357937535113
31739,4024.3008807146966
31740,5412.967285770228
31741,7051.994055811116
31742,4066.4609971651275
31743,5093.67666066408
31744,4729.19937670288
31745,6042.77445478912
31746,4590.8367283826265
31747,4747.209462833596
31748,6975.268243464615
31749,6401.375951282257
31750,5733.801890851911
31751,4553.499132409916
31752,6669.2911916942085
31753,10564.231322775791
31754,5697.867345947869
31755,4606.337621790894
31756,5461.9496600332595
31757,5608.810456380358
31758,5175.287332959885
31759,7067.429878304683
31760,3513.6062026128507
31761,7088.667751812872
31762,5025.243804396028
31763,5957.770788649851
31764,9364.50715293574
31765,3807.408954592821
31766,4484.3104067085105
31767,4701.251619631597
31768,7015.872039424888
31769,7382.886713209345
31770,4218.836538968845
31771,4005.0409488478003
31772,6141.554294861323
31773,5129.047008819315
31774,5274.256670781485
31775,6235.814097231239
31776,5747.652724915663
31777,6509.627395042916
31778,4834.739485670271
31779,3933.98824625601
31780,5259.96942376462
31781,6718.720087321034
31782,6852.053378582526
31783,6623.7362625895
31784,6690.850878924139
31785,4855.828633783783
31786,8325.508758689784
31787,4650.708407233566
31788,5239.171676570205
31789,7382.604348903665
31790,5395.659043222808
31791,8851.330789604286
31792,7069.579070922095
31793,6652.113870978631
31794,4832.917266572317
31795,6145.775696750952
31796,6738.253854807726
31797,5778.810915389468
31798,3894.1935900683834
31799,4873.878646923117
31800,7048.413191376616
31801,4506.398793534219
31802,3894.6264117134533
31803,6647.828550845406
31804,5928.568048107575
31805,5468.828661326658
31806,5015.747263538527
31807,4368.066309936456
31808,6233.382720939973
31809,5952.393438404997
31810,5561.408234087618
31811,4727.2861150333265
31812,4560.94992465511
31813,5208.839276536955
31814,3902.4969479190586
31815,5652.996746868265
31816,4988.462596204741
31817,6898.770851452477
31818,7014.917561003376
31819,6012.7571299619
31820,11308.3536380576
31821,4970.73572628383
31822,4591.816590255003
31823,9297.006181266896
31824,5346.301652209168
31825,7208.997618153923
31826,6275.956214359359
31827,4660.603627853903
31828,5466.76058446656
31829,5170.808711010817
31830,6232.647583267957
31831,10178.038645452345
31832,6490.444837497138
31833,2802.304725548552
31834,4277.971230640253
31835,7118.086535191056
31836,7237.910428578724
31837,5320.5566090021675
31838,5379.934665691897
31839,4132.108007994274
31840,4395.819484016845
31841,3086.2650987562783
31842,4340.233809327936
31843,5383.909080310936
31844,6497.843334140591
31845,5741.192593522355
31846,5118.6857402037485
31847,6716.041080110094
31848,7921.472441753492
31849,6233.35827815894
31850,4630.163959074557
31851,9046.661877132157
31852,8535.759565042616
31853,4792.5053602317475
31854,5908.64010479221
31855,4291.160046257335
31856,5490.625674450181
31857,3806.314442169606
31858,6285.80702760842
31859,4427.050096598676
31860,8675.576445850042
31861,5835.728997754319
31862,7048.493282568418
31863,6950.824441460933
31864,4589.758213817597
31865,7930.780216865661
31866,17882.623325634762
31867,9065.786962307722
31868,5052.533753193307
31869,3040.2046674367293
31870,5234.943647533874
31871,6939.973812099062
31872,5301.979044901174
31873,11318.691557621847
31874,18227.64086434097
31875,4071.8685378360815
31876,4732.681570645783
31877,8691.733197877542
31878,4105.65492755427
31879,6617.098257852918
31880,5573.286003107714
31881,6584.384870806515
31882,4855.597031198762
31883,5527.915362131267
31884,5274.141942984615
31885,6354.800546975207
31886,8661.910973580145
31887,5440.865400016815
31888,5164.008323838158
31889,6566.022201589548
31890,4678.6247315866685
31891,5070.659371173905
31892,7173.486470523137
31893,4777.027667074488
31894,4921.305447657307
31895,5712.5274230234645
31896,5594.225412641875
31897,5539.712913649947
31898,6179.275275125864
31899,6697.249773976981
31900,7099.927521108719
31901,8595.388548203344
31902,6718.063107104643
31903,4803.223222555062
31904,3768.368409878318
31905,5477.821417043327
31906,5692.48734867666
31907,5209.934635676472
31908,4237.957202370214
31909,7266.964938835086
31910,5326.293227442885
31911,9084.571299621493
31912,6188.478553504102
31913,4599.802028024653
31914,4336.830548560582
31915,4168.73871525065
31916,8377.753460531007
31917,4875.917416702537
31918,6268.634205464929
31919,14834.819078136252
31920,6237.075270306021
31921,5326.388137770187
31922,4770.587378916089
31923,4094.2533218837902
31924,5605.087131162986
31925,3701.9282979612135
31926,4882.972615000846
31927,9284.596844617983
31928,4236.039756322306
31929,12083.168278744992
31930,12485.27430053657
31931,4877.345831648543
31932,5810.405775916647
31933,4866.513755558686
31934,5789.370509081526
31935,4555.292387276961
31936,10160.654230617776
31937,6025.288234402431
31938,8785.22459405011
31939,4233.754319396637
31940,6342.337282603394
31941,4711.425168357591
31942,8151.064194711402
31943,5980.662250985321
31944,5335.042243227403
31945,5508.514070562548
31946,5854.505591158209
31947,6930.211529459605
31948,7982.7937925115
31949,5548.611407908838
31950,8821.583920691024
31951,5545.83549786194
31952,8525.358345820076
31953,4786.131726444125
31954,4666.67236176412
31955,4467.55918457791
31956,9263.384009034755
31957,5457.400009116051
31958,6134.936924218382
31959,5649.015587044244
31960,7260.563044654968
31961,4174.976916643563
31962,7173.003024410146
31963,5924.044288170445
31964,3754.4256001886743
31965,12130.916291206291
31966,15873.015685988094
31967,6138.336392576741
31968,5901.434840586437
31969,8166.279041182493
31970,8902.161566153954
31971,9703.212455972915
31972,4409.781590608291
31973,5872.884562253256
31974,4984.305463075191
31975,7378.550085371425
31976,3685.002428036833
31977,5168.573348247422
31978,4911.850212108676
31979,5222.806421420444
31980,6491.610129224851
31981,4780.390963974772
31982,4282.701164808058
31983,6297.387772828625
31984,4136.288263462597
31985,4525.956448464768
31986,5240.489891830035
31987,4990.205791440558
31988,8493.971924694388
31989,8684.854619918384
31990,6497.310381183554
31991,5599.684587023126
31992,5472.127689734332
31993,10101.045139068934
31994,5688.45492742471
31995,4391.382384191336
31996,4649.963021553426
31997,9324.299757684716
31998,3954.251401411777
31999,5606.746365735752
32000,2978.2067667626566
32001,4254.512147148886
32002,6926.9301825358925
32003,5459.696678300793
32004,4651.3186621010445
32005,7610.379316357233
32006,8283.174143126753
32007,10832.278030529877
32008,5963.599055373471
32009,9055.051554308962
32010,2894.5647265473017
32011,4413.126506342344
32012,5206.22609634382
32013,4167.6117597072025
32014,7646.053925210254
32015,4231.078329717928
32016,4460.506485368218
32017,7038.6762924120585
32018,9686.52416443247
32019,8570.931414855402
32020,5065.583848148481
32021,4363.5815611694015
32022,11348.300708691962
32023,6616.193613980192
32024,4906.059787322505
32025,4662.879578498986
32026,6811.671368420894
32027,8229.790704406227
32028,4257.698019902596
32029,4585.729257182565
32030,6955.775779796
32031,6376.181586913484
32032,11673.308497521573
32033,5868.102534093518
32034,10827.449722672513
32035,5945.278405874602
32036,4401.9638140464685
32037,3233.0780045492406
32038,5315.876151030723
32039,5251.846908083339
32040,4916.02346542227
32041,6675.155807831753
32042,4735.088484491555
32043,4045.3284528720997
32044,6144.010415017089
32045,3442.2569788765654
32046,7161.272708891853
32047,5939.108775882674
32048,7079.757037655597
32049,6867.044292897858
32050,4822.683491135701
32051,7708.399348579257
32052,6057.666090414194
32053,4861.9044139638445
32054,5422.785151278886
32055,4445.638079835083
32056,9429.613054876301
32057,5559.293852317127
32058,4295.271673116616
32059,6289.967846658807
32060,7217.943433127469
32061,6373.588149441861
32062,5344.571053290661
32063,6774.383634777202
32064,5219.037217720406
32065,5608.708118521748
32066,4909.34615091789
32067,7144.348387218068
32068,5066.2032935507705
32069,5834.029699716376
32070,5265.506702761032
32071,4935.218385721594
32072,4230.716404770882
32073,4648.964925809877
32074,7982.729488292757
32075,8662.562419916467
32076,9078.191110551643
32077,9439.271571761337
32078,6798.491781828304
32079,7739.174417920299
32080,4315.154548972887
32081,9441.185445413956
32082,9934.423382417737
32083,6713.307352272989
32084,6717.780129483306
32085,6977.218033457412
32086,5449.001140710977
32087,3664.590554330307
32088,10426.992346422652
32089,6047.075856060653
32090,6023.932545709335
32091,5375.8874693052985
32092,2732.335039141911
32093,9671.157687639707
32094,5321.012959917403
32095,4220.4490341301425
32096,4206.350590497376
32097,4561.659687506378
32098,5744.255993723414
32099,6789.831089586987
32100,6425.417092680369
32101,4872.8940549959325
32102,4160.672785743712
32103,3913.3076657614683
32104,3132.929872724463
32105,5859.993015146194
32106,16459.185174522372
32107,3923.8481118163336
32108,4805.18942064024
32109,5573.245184188301
32110,4442.325424073958
32111,4154.812753720384
32112,4726.548871680988
32113,3746.479681263143
32114,6821.435341274503
32115,5401.328076746074
32116,3896.467629753418
32117,8308.475507018486
32118,4959.1604740981
32119,4438.432484747271
32120,10049.069607909774
32121,6185.440357029967
32122,8388.870611956285
32123,4805.911340992727
32124,5361.705051554504
32125,4191.3033768817095
32126,4253.24799118108
32127,13118.377475206906
32128,9526.991882949067
32129,5367.921864308429
32130,4564.796081197403
32131,4726.395210631452
32132,5401.620635112474
32133,3818.8604754261833
32134,8925.017037206078
32135,4940.328249317892
32136,4902.357928948269
32137,6325.03272293804
32138,4165.9498963315
32139,5609.552860972369
32140,6127.231738328007
32141,5884.157402856013
32142,6109.134562957469
32143,3888.6163007301684
32144,5421.7481072132205
32145,5516.1748198577125
32146,7917.994704011499
32147,6631.704054854422
32148,6356.397792056384
32149,4238.427532544572
32150,7303.3729817498515
32151,4982.986759429249
32152,4144.062514709637
32153,5647.61728989509
32154,5751.999673342994
32155,5198.569820379644
32156,6144.2090816672235
32157,5114.420747859606
32158,4945.949249807231
32159,4497.5090166148475
32160,6601.873398783571
32161,5636.4549093084215
32162,5939.090236185781
32163,8403.945090897527
32164,5272.812354528164
32165,4004.6649620051544
32166,10102.742346789339
32167,4511.331932581358
32168,3016.206104618976
32169,6454.687146504428
32170,8211.473989831278
32171,10116.004461002238
32172,4468.361405131416
32173,5196.630945217737
32174,5649.06981687261
32175,5932.2173377297595
32176,4889.068414180484
32177,7193.201540486762
32178,3019.171562085068
32179,4517.2809916210135
32180,4548.501811793301
32181,4278.6829592104505
32182,4663.5237675138815
32183,5671.20293567203
32184,6047.651165241953
32185,5672.134368348442
32186,6856.673537815997
32187,6667.3234446709575
32188,7240.9872601629795
32189,4349.321374367575
32190,5627.587153820253
32191,6239.468111767741
32192,7276.522648012329
32193,6481.401718619608
32194,3509.443025499118
32195,7798.258488675057
32196,5681.729513672994
32197,5917.29600299721
32198,4611.321005162356
32199,4061.4071639156405
32200,7860.888923288762
32201,5029.7004525127095
32202,7375.953384973874
32203,5438.396258547963
32204,4572.175581948004
32205,6735.318731064951
32206,5251.070888337293
32207,5675.168862781559
32208,7468.252128162143
32209,4970.134995246531
32210,8513.106285299536
32211,8865.669130281378
32212,6875.5849973449685
32213,4305.439603457466
32214,4962.279679309512
32215,4148.0430043236265
32216,3152.7457597164407
32217,6487.991298738706
32218,5009.10869109348
32219,7318.743673819696
32220,4350.729748489724
32221,4964.793971526873
32222,5302.492462622482
32223,7304.624297906037
32224,4724.722721737663
32225,4927.937757126551
32226,4540.743787753867
32227,6437.93456531187
32228,4767.111876774691
32229,6502.772469674328
32230,6477.700425928734
32231,6406.824278280754
32232,7257.563102359418
32233,5342.033955762661
32234,4794.49064772331
32235,4420.4449609513
32236,4762.354327140397
32237,9254.289418840242
32238,7369.607064735878
32239,9232.540790742676
32240,12996.693284820649
32241,4292.859475707273
32242,4439.286381345522
32243,5181.044863681662
32244,6785.260525679523
32245,8945.509769106384
32246,6802.401672938718
32247,6895.071390792533
32248,6629.855156972317
32249,6689.123378316118
32250,5498.162331181669
32251,4587.914536679594
32252,4125.157611800146
32253,4461.883561423711
32254,3704.990486236442
32255,4673.503509659376
32256,6228.443258075766
32257,14989.100233743027
32258,6515.544211153717
32259,4523.52685085506
32260,6147.917134965067
32261,4110.674277476992
32262,5370.107759569283
32263,4036.4378066739832
32264,8229.685158652357
32265,5916.4537150639435
32266,5441.916072164224
32267,11993.703507894059
32268,10341.331890488344
32269,4500.342632223949
32270,6326.545424393585
32271,3761.904335375358
32272,4533.586741393139
32273,4590.544624971923
32274,7137.020681515675
32275,4104.993820324384
32276,4173.089095058666
32277,5069.595999552521
32278,4753.964327322589
32279,5556.256164730577
32280,6345.349064043775
32281,3786.1034688874997
32282,6308.74135449558
32283,7422.14131348729
32284,5528.225626971697
32285,4176.6844633533765
32286,3947.411173968785
32287,6823.222501286836
32288,4549.987355552882
32289,8751.836231972251
32290,4160.066366303071
32291,5009.545944154571
32292,6320.925285340649
32293,4739.029459106013
32294,4763.60609771962
32295,4663.282758683161
32296,5834.383912674393
32297,9005.796250375177
32298,8087.894205000982
32299,5081.192635323847
32300,3918.7295728975146
32301,5558.80623712467
32302,5518.639270054399
32303,4001.546253606016
32304,4854.266219798507
32305,5141.464597033186
32306,10899.972995249096
32307,6974.048995980946
32308,5178.712541056457
32309,6407.202597007839
32310,4491.017086701012
32311,7239.620729277418
32312,4889.980735544492
32313,11239.47017394548
32314,5574.202976699509
32315,4559.685599678468
32316,4502.416187580127
32317,3784.5046143640398
32318,5544.939674639324
32319,18409.56287863338
32320,3811.192526835572
32321,4240.949859023843
32322,7552.899310903098
32323,5415.43155470655
32324,6565.753166233455
32325,7324.103108505133
32326,4922.803785101894
32327,4732.483366523821
32328,4031.6623119188353
32329,9174.783042936426
32330,5579.362928013712
32331,6310.1771239185355
32332,7072.409722950546
32333,4713.092695927613
32334,6821.14725729096
32335,5446.478736462867
32336,3790.3034337072954
32337,7097.922419864906
32338,8857.811391604195
32339,4252.097337323081
32340,6205.712681697179
32341,5807.38146998653
32342,5067.936825382114
32343,8411.346576421183
32344,6001.0337787888
32345,6252.0926401320085
32346,4367.512635064682
32347,4102.603538288851
32348,6078.156433684991
32349,3966.5515352904285
32350,7467.243272281543
32351,3844.1365263892417
32352,5123.320081000629
32353,3999.799073102486
32354,5311.613764314805
32355,4762.233024167687
32356,5672.474737674312
32357,5542.51014272366
32358,7019.779518112698
32359,5588.671077078077
32360,6505.182305421347
32361,5532.702523706016
32362,7055.592432539819
32363,9716.81083604107
32364,6380.180952743873
32365,2965.8901138056444
32366,5714.347304450562
32367,6059.87587616624
32368,3765.7663458830816
32369,10463.553951216463
32370,5157.223635135878
32371,5511.179679395987
32372,9876.2199855782
32373,5818.080546105157
32374,3896.1866906227715
32375,10230.590256989162
32376,8933.683398674279
32377,5122.026176403317
32378,8336.197927812456
32379,7669.662356742746
32380,5623.0613073474
32381,4921.522161013639
32382,5370.621974284212
32383,4805.613041725365
32384,5582.544010459575
32385,5689.99203700384
32386,3942.004132580897
32387,6164.403830680848
32388,6033.090995286454
32389,5378.171891388412
32390,6678.258218379304
32391,5253.787245336373
32392,5705.888366630873
32393,4978.520951603558
32394,6372.2103364831355
32395,5658.91471442021
32396,5353.651233139659
32397,5624.851385947787
32398,6006.42434135201
32399,8791.086093027474
32400,4765.73168049794
32401,4735.674809124163
32402,5410.60191274841
32403,5929.444436189241
32404,6017.845072059346
32405,3916.3096296855347
32406,4030.13733688048
32407,6694.279578540454
32408,6626.710364317564
32409,5374.695504645524
32410,6177.400987891327
32411,5354.792154301075
32412,5499.365511806509
32413,4313.645246522473
32414,2999.597618182716
32415,6135.9090184484585
32416,5322.720170239849
32417,5223.054265081256
32418,8575.227175824191
32419,7273.8477777114995
32420,4141.278254392543
32421,6519.4151070084245
32422,3987.6636744818948
32423,2826.7126642719804
32424,5342.472990552263
32425,10885.79191459579
32426,6219.630409278662
32427,5760.938857005386
32428,4327.014270989808
32429,5394.3274007814625
32430,7125.742317681585
32431,5255.92780919856
32432,7330.291020717796
32433,4174.266320612817
32434,4189.792497273184
32435,4667.617382817627
32436,4845.109919796676
32437,4244.815955177438
32438,4358.270232047711
32439,4459.021665114158
32440,4235.706657742185
32441,6234.093920351728
32442,5894.3349333216565
32443,4903.714444155885
32444,5258.884597115006
32445,6172.095164046095
32446,5011.108418563625
32447,4321.7304084074485
32448,8647.480812425527
32449,6146.803065736291
32450,4908.541563032405
32451,3655.1083091487626
32452,9257.72967999034
32453,5365.462342782296
32454,4626.853118519343
32455,7243.633110534781
32456,7213.390249312564
32457,6170.170139950316
32458,5320.091413642908
32459,6481.068302506651
32460,7560.956886533617
32461,12471.598539473896
32462,4521.284226207464
32463,4140.963054478335
32464,4237.705665273981
32465,5551.29741741659
32466,4942.695121322923
32467,6829.882836214572
32468,7156.667292051461
32469,5234.586674226273
32470,3753.5767555456023
32471,5062.5508780825
32472,9976.490793535286
32473,4357.090635775154
32474,6488.19541834921
32475,3725.4978477654704
32476,6049.010560033948
32477,6899.076155939838
32478,6082.0878302333185
32479,7086.725362566539
32480,5674.814371597791
32481,4236.298101376897
32482,5138.999967995884
32483,5845.071797877688
32484,7189.940886127492
32485,6320.16750588917
32486,7290.577573608723
32487,5159.677377018911
32488,4176.649764840585
32489,8713.132954504275
32490,4061.8856324476815
32491,7603.2610386742035
32492,5257.260788347256
32493,4193.958446714697
32494,6307.561666913552
32495,5073.091896989404
32496,6125.981105839316
32497,6901.041069173425
32498,3357.527810856629
32499,4049.451710702748
32500,6698.548585498276
32501,7440.340284128284
32502,9728.82946197796
32503,5035.139574116867
32504,5556.294011082931
32505,5520.626548426672
32506,5531.262707114296
32507,4304.498563076673
32508,8711.400543225534
32509,7721.298890227733
32510,11132.954454906463
32511,4341.744786051146
32512,5213.451462536889
32513,9710.207335568748
32514,8799.847672734428
32515,4339.4340919709575
32516,8994.82319473045
32517,5773.480522338967
32518,5081.555969068915
32519,4656.534813410959
32520,4338.212409299626
32521,4368.97219560172
32522,5879.372243906934
32523,4210.09642507898
32524,4442.32762104415
32525,7105.005474510145
32526,5679.361378811418
32527,20630.300166061465
32528,5889.86045694822
32529,4573.595186545868
32530,6062.488344317241
32531,10096.674519209952
32532,5910.606972127638
32533,7091.473601503698
32534,5812.916705703401
32535,6856.703962860914
32536,6991.431423419736
32537,4979.926860434708
32538,4851.893847443271
32539,6156.388677870847
32540,7750.203370325394
32541,6138.252781108826
32542,7832.4367045907165
32543,5808.26608954831
32544,4690.46977735674
32545,5174.403662942664
32546,9576.969315180793
32547,9494.32291939698
32548,8405.501379163914
32549,7386.011520054601
32550,4203.701752977527
32551,5492.828514866507
32552,4495.3812578619145
32553,7510.741327695603
32554,9416.515071203568
32555,10338.627231491451
32556,5897.590064633934
32557,4599.597002246601
32558,4550.855552592455
32559,5444.833082035841
32560,9394.317512529382
32561,5363.120740126175
32562,5116.283258287285
32563,5537.514048535789
32564,6577.565450355672
32565,3688.4564403193945
32566,7635.044907754531
32567,4628.896532432282
32568,6878.095148607388
32569,5840.885490745074
32570,5499.4999419815185
32571,7482.663032796819
32572,7123.782208543787
32573,5404.149697649483
32574,5918.917881043577
32575,7030.913303132619
32576,10170.668656238118
32577,5707.710361185478
32578,8745.1712927873
32579,7820.856539258063
32580,8930.647759850384
32581,6249.70139126056
32582,8376.971167422258
32583,4874.007111514588
32584,4704.091284408358
32585,5379.69161753225
32586,6283.1561793767905
32587,8865.47734811335
32588,7262.703934313946
32589,5908.89318546309
32590,7420.559475342777
32591,6838.807738210327
32592,8252.221847786173
32593,4096.379314980341
32594,12082.826368727352
32595,4457.71930072901
32596,5886.768807551944
32597,7506.705872081383
32598,4593.739417268279
32599,5759.545993823667
32600,5455.107763683596
32601,6824.248634272739
32602,5208.475499564134
32603,5432.415754083898
32604,7660.328073972064
32605,7196.749422705196
32606,6241.210601646748
32607,5105.221943161814
32608,7062.481194113249
32609,12112.404751974938
32610,6330.0678635840795
32611,5083.560361550817
32612,6202.190706797222
32613,6225.78489393773
32614,5686.909937167766
32615,7636.738983924862
32616,3934.804452057671
32617,8690.16358181803
32618,5678.651968967728
32619,6742.424944074562
32620,10490.601845438177
32621,4077.919134499934
32622,4947.508212943496
32623,5144.476609309989
32624,7824.223865012943
32625,7928.516288082392
32626,4631.363528952447
32627,4552.287813680944
32628,6810.244198610636
32629,5611.538655663219
32630,5787.307401989271
32631,6641.931300937285
32632,6125.319563139065
32633,6911.2071412682035
32634,5449.323011831777
32635,4409.823688678639
32636,6081.304653938357
32637,7304.12278087586
32638,7405.629242172182
32639,7547.25905169304
32640,7339.779316683135
32641,5579.468289695845
32642,9066.906853077058
32643,5301.834410034545
32644,5893.667338900102
32645,8625.510922953132
32646,6022.437573135893
32647,9476.745106168843
32648,7873.808915628806
32649,7710.956894984992
32650,5463.32880824142
32651,6581.028445014223
32652,7688.979832772147
32653,6481.834172988373
32654,4447.566348193409
32655,5370.4522752672865
32656,7861.057115122039
32657,5157.337998655164
32658,4242.588682838226
32659,7413.554010330111
32660,6374.282877103531
32661,5918.614564194885
32662,5667.835030469075
32663,4838.700352859178
32664,6683.320534537142
32665,6550.082827973868
32666,6040.979551945085
32667,5527.54249266426
32668,5072.479832385353
32669,5833.961095613931
32670,4365.0809165610935
32671,6170.614385347692
32672,5644.254679606273
32673,7728.377497277679
32674,7511.240862328282
32675,6479.729214444496
32676,12515.082569710998
32677,5584.525032680787
32678,5175.4571231351165
32679,10096.01876650893
32680,5962.832525973266
32681,8080.977950547576
32682,6580.083463194899
32683,5144.035753176692
32684,6022.240907089032
32685,5690.977905969143
32686,6759.359662045148
32687,11890.542871483862
32688,7076.1526952832655
32689,3287.7282133003296
32690,4897.717360986436
32691,7936.22406501413
32692,8236.110821091639
32693,5783.57973382356
32694,5869.751349586767
32695,4621.869877664277
32696,4759.0858632550135
32697,3392.9172334002633
32698,4640.29890895833
32699,5898.212508076299
32700,7127.554856216743
32701,6152.768428879064
32702,5629.646465939555
32703,7192.993365174792
32704,8947.653348007156
32705,6817.813092050979
32706,5183.079770699627
32707,9654.0635936674
32708,9556.508630596925
32709,5454.805527941476
32710,6310.661925742175
32711,4920.388916548422
32712,6143.643485319855
32713,4450.855784424772
32714,6889.864641880764
32715,5623.966113192735
32716,9381.0196944096
32717,6292.015973329467
32718,7973.9551096809055
32719,7630.25771095266
32720,5280.389224302772
32721,8569.192385912715
32722,17693.14807088205
32723,9778.069168827154
32724,5757.129656759264
32725,3505.1042151409115
32726,5802.523027826135
32727,7521.714496522209
32728,5781.651799400469
32729,12238.289147607167
32730,20026.00036873552
32731,4460.193601630898
32732,5648.398042000365
32733,9602.542033987836
32734,4695.508735698013
32735,7277.5971143581
32736,6096.303689497391
32737,7082.414635670783
32738,5453.216192269883
32739,6042.3130782486805
32740,5881.009903428837
32741,6876.224964874753
32742,9712.027342143652
32743,5984.3613619797325
32744,5841.684286584829
32745,6965.655671218484
32746,5351.679929313076
32747,5633.593602944902
32748,7774.295962740822
32749,5397.768042759046
32750,5446.908420795988
32751,6187.456145692288
32752,6094.510013668341
32753,5989.802596373939
32754,6605.212384378378
32755,7367.41792876285
32756,7944.026001752197
32757,9808.949744325444
32758,7068.962181262751
32759,5374.153051209026
32760,4379.0487040330845
32761,5940.063773497083
32762,6117.64510519272
32763,5741.622766858664
32764,4677.580516367779
32765,7810.876122825528
32766,5883.366996561022
32767,9669.768203898218
32768,6586.650243357712
32769,5254.041454454697
32770,4709.1903886186465
32771,4801.777970601914
32772,9169.953728790611
32773,5310.117517964671
32774,6784.531654085271
32775,17394.296595192394
32776,6975.385752833834
32777,5831.385370061797
32778,5251.662534868114
32779,4511.555274834312
32780,6190.946833278718
32781,4143.393164891233
32782,5496.771425339152
32783,9923.233775672712
32784,4748.30413405451
32785,14438.509622537049
32786,13429.836731232499
32787,5367.575179616647
32788,6391.509497785366
32789,5405.330003538987
32790,6461.133634559814
32791,5177.834716186636
32792,10951.478110379721
32793,6624.656884849929
32794,9347.06807186916
32795,4620.431385583834
32796,6620.226203272634
32797,5278.394785559126
32798,8798.981688211312
32799,6571.83796585275
32800,5882.144570183464
32801,6051.600688137694
32802,6727.795178144672
32803,7896.201327568567
32804,8617.402618876049
32805,6145.328576099829
32806,9576.773175502936
32807,6185.29856515273
32808,9116.259967444255
32809,5393.3506317965575
32810,5234.167180746758
32811,5310.351082648263
32812,10646.85702359474
32813,6026.191290389715
32814,6786.198018152917
32815,6652.551499427414
32816,8150.789037713942
32817,4811.149045392745
32818,7824.198109516776
32819,6463.136413486091
32820,4270.179886989759
32821,12396.412263046785
32822,16842.802173483647
32823,7088.158151065413
32824,6610.617902889211
32825,8876.323870077835
32826,9514.195750105298
32827,10534.414991734082
32828,4901.388054415415
32829,6596.480323587167
32830,5504.05487452583
32831,8389.223666126858
32832,4204.696824391733
32833,5638.040123079074
32834,5427.991815432128
32835,5667.277909551671
32836,6796.388769502076
32837,5348.613443090378
32838,4764.136898659637
32839,6957.67699999914
32840,4699.07679848855
32841,5282.374798631961
32842,5849.480183491605
32843,5651.798487460472
32844,9379.443745612694
32845,9445.455792757526
32846,7146.3232311435295
32847,6166.0203771003335
32848,6007.340139667342
32849,11234.445496644103
32850,6236.660556808314
32851,5050.408088140472
32852,5315.146288201215
32853,10219.591187871112
32854,4430.361191939299
32855,6120.420672944936
32856,3690.1844754181325
32857,4706.426677429709
32858,7671.415236477633
32859,6095.064427115053
32860,5210.911301810705
32861,8733.270143877997
32862,9178.164777924307
32863,11879.519329448849
32864,6558.002875080673
32865,9604.384410427963
32866,3251.16433132695
32867,5089.935714853204
32868,5783.333803074552
32869,4634.085846579964
32870,8186.114692301321
32871,4668.4833568664735
32872,5035.28628568683
32873,7732.597939489832
32874,10285.460461114215
32875,9208.695275316913
32876,5514.956494352671
32877,4990.551639781631
32878,12815.880363166018
32879,7566.206664891979
32880,5424.536746249954
32881,5348.210800350623
32882,7658.012707730106
32883,9060.587905513403
32884,4777.233204456259
32885,5353.2601643556345
32886,7960.946050286057
32887,6889.095378191497
32888,12097.829560231767
32889,6549.5714557581105
32890,11655.27285441486
32891,6533.404235421489
32892,5071.185623749512
32893,3663.7214365148484
32894,5706.391403038984
32895,5691.585630684342
32896,5542.790964072551
32897,7406.010059910754
32898,5278.003726601331
32899,4505.097104419016
32900,6811.43649679734
32901,3955.1532686287023
32902,7697.864093548799
32903,6762.466482410238
32904,7429.993135856477
32905,7609.700943769087
32906,5490.942342872036
32907,8675.366259092363
32908,6561.2221079405535
32909,5483.96635755246
32910,5993.986902444532
32911,4933.245522823067
32912,10042.783388884889
32913,6283.322797905976
32914,4701.365406335226
32915,7034.076919052307
32916,7914.028801738952
32917,6954.909082069019
32918,5926.053527215352
32919,7461.720055028826
32920,5762.440167751727
32921,6225.610023658325
32922,5502.0621412976425
32923,7795.583974180797
32924,5560.782444134607
32925,6552.561155600293
32926,5805.945732882277
32927,5403.850991178432
32928,4746.01267131005
32929,5207.116389535599
32930,8761.903085828122
32931,9485.488304136472
32932,9824.036580470201
32933,9674.193291605881
32934,7700.08845754999
32935,8541.074622738643
32936,4858.213619328842
32937,10266.236852549775
32938,10939.395844144676
32939,8110.289944325744
32940,7141.460703698969
32941,7392.342920186969
32942,5965.98920368814
32943,4027.385987773257
32944,11192.070521298894
32945,6975.562565172239
32946,6593.692781984371
32947,5875.778086784167
32948,3237.727052374639
32949,10511.153581945513
32950,5868.1603497011965
32951,4958.943623478973
32952,4760.960254220859
32953,5175.778050094236
32954,6447.166644545829
32955,7604.355939534728
32956,7072.818526081858
32957,5430.70980941852
32958,4587.671071250394
32959,4467.173953675558
32960,3455.2214727276328
32961,6718.079284226655
32962,17674.41370141379
32963,4309.202123398265
32964,5489.958960626084
32965,6153.747504190013
32966,5006.995643179735
32967,4569.378889106166
32968,5230.985611768613
32969,4188.184406992743
32970,7422.363644990172
32971,5838.369362494155
32972,4336.389188317971
32973,8858.13255671589
32974,5675.581965888431
32975,4867.791404722255
32976,11043.072509170388
32977,6997.230850965865
32978,9173.688961688971
32979,5568.045549899867
32980,5923.206625574887
32981,4716.588044028151
32982,4780.667639690133
32983,14279.640325095605
32984,10451.369320018399
32985,5962.355020494315
32986,5181.35968159419
32987,5177.9458627434515
32988,5912.896481424989
32989,4303.083522435102
32990,9873.456974521843
32991,5303.378008857968
32992,5426.9405871123045
32993,6915.481522149778
32994,4575.246262421012
32995,6109.6561630695505
32996,6527.240591679494
32997,6649.271722651214
32998,7035.8820282451825
32999,4462.720403082393
33000,5877.695453727503
33001,6228.9146973952875
33002,8930.420066314078
33003,7023.670086771849
33004,7002.850628113673
33005,4658.8666198707715
33006,8332.472010093225
33007,5487.671823300224
33008,4576.058895520502
33009,6098.94529757281
33010,6436.062937114657
33011,5801.395590434958
33012,6799.644709538653
33013,5956.675421857728
33014,5471.572528496253
33015,5192.101477682871
33016,6843.49556734056
33017,6077.316945336663
33018,6781.995567226011
33019,9103.340527027005
33020,5766.277600867256
33021,4567.888726850011
33022,11496.476924411594
33023,5181.866399629312
33024,3411.923359433627
33025,6863.0369254077295
33026,8855.052564820118
33027,10818.031466390448
33028,4883.527686066146
33029,5861.603637343057
33030,6066.425374247549
33031,6434.289844486052
33032,5480.384267940004
33033,8250.062061633873
33034,3399.041822465741
33035,5190.124170397044
33036,5324.106663028513
33037,4934.10406283754
33038,5311.879186088806
33039,6360.952159729691
33040,6987.716235699445
33041,6386.618234620744
33042,7396.915453202553
33043,7941.33645366015
33044,8510.153541089376
33045,4848.747129216662
33046,6078.898172337418
33047,6690.179961669711
33048,8201.83898740371
33049,6917.945029521116
33050,3955.215843804886
33051,8814.737296894546
33052,6336.363509609518
33053,6462.865245440578
33054,5156.302236934546
33055,4464.75878662064
33056,8899.783300770534
33057,5402.418508785408
33058,8343.841200605202
33059,6174.905908234857
33060,5161.616394555588
33061,7557.601102671864
33062,5703.485104491567
33063,6826.42029181038
33064,8485.630035197857
33065,5704.864281495071
33066,9277.363984776926
33067,9485.094399717444
33068,7294.082828548159
33069,4700.434841812784
33070,5591.897060858869
33071,4643.906791883036
33072,3651.741660784206
33073,7077.189449905075
33074,5569.164720454549
33075,7970.4279473296165
33076,4823.692240697216
33077,5449.96593092292
33078,5724.738867562364
33079,8022.321162025386
33080,5265.449573615636
33081,5395.393915674468
33082,5296.608405698057
33083,6953.785054461085
33084,5227.29463964296
33085,6973.757567344908
33086,6899.279076991847
33087,6919.70590192554
33088,8064.088959070402
33089,5896.557173856322
33090,5610.816041159336
33091,4815.479596918524
33092,5231.768712262731
33093,10045.920490070946
33094,7945.9425506944
33095,10331.92530388176
33096,14097.671502028616
33097,4713.762295900183
33098,4846.862940372878
33099,5677.7648433286995
33100,7532.96730792974
33101,9618.46099346186
33102,7525.980332744485
33103,7714.879933354436
33104,7507.746157229998
33105,7215.069708573053
33106,6212.826190826114
33107,5142.982257211593
33108,4535.367520279323
33109,4916.800956089327
33110,3986.537089119693
33111,5644.1535795516975
33112,7059.638515279428
33113,16489.50625086444
33114,7052.965637377674
33115,5096.449494813008
33116,6770.975101041071
33117,4711.783635384184
33118,6017.6714700795455
33119,4501.4185969484
33120,8885.40644312779
33121,6450.357865353509
33122,6040.000032706167
33123,13616.517412395353
33124,11030.246400387787
33125,4900.82361393221
33126,6814.356091541495
33127,4334.734886613639
33128,4856.152171573253
33129,5114.446647649288
33130,8040.129601935614
33131,4745.8889687800765
33132,4742.230568204111
33133,5511.1405106589145
33134,5339.180720249998
33135,5970.714280026537
33136,7276.78096307622
33137,4043.879190180209
33138,6820.512245659924
33139,8264.254994433077
33140,6319.362521224166
33141,5135.362140842605
33142,4436.181408276396
33143,7536.830334217756
33144,4920.936282336218
33145,9430.756321606032
33146,4665.112211737009
33147,5755.856509599504
33148,6730.912151052544
33149,5251.46694007812
33150,5191.00675454162
33151,5422.254588341398
33152,6585.28435790649
33153,9706.5134569565
33154,9309.258499770838
33155,5742.816028161571
33156,4491.246292148661
33157,6042.633012334561
33158,6087.003788640089
33159,4529.100602283883
33160,5306.129545789742
33161,5746.925363602838
33162,11855.12182492681
33163,7808.672768561801
33164,5834.9957753511435
33165,6708.406146310403
33166,4994.0299255904365
33167,7908.713496088926
33168,5540.127684972882
33169,12241.826968668664
33170,6359.424142692762
33171,5242.7489049723445
33172,5020.276257788428
33173,4230.731518676096
33174,6016.404337822965
33175,20548.18201929656
33176,4372.620308109279
33177,4784.887137040082
33178,8766.405562139278
33179,5861.980713664016
33180,7103.94505222175
33181,8290.24245627256
33182,5528.389355261872
33183,5210.749798173543
33184,4453.844371974046
33185,9657.418743220123
33186,5938.339888346349
33187,6665.596743164866
33188,7960.896347363176
33189,5085.924989039239
33190,7331.846311211875
33191,6026.8007015897365
33192,4259.3228288836335
33193,7790.354518519673
33194,9448.627787104135
33195,4542.617873677936
33196,7031.590872550805
33197,6413.215751682445
33198,5570.59620877084
33199,9171.831008252673
33200,6634.335104933616
33201,6736.520836365907
33202,4858.020388081558
33203,4644.915781666205
33204,6531.391712513536
33205,4441.948326749452
33206,8087.1227643488955
33207,4198.217842443816
33208,5667.8259234544585
33209,4537.472019381802
33210,5977.511545379173
33211,5331.2532196542
33212,6115.859378164671
33213,6334.797404145314
33214,7945.220970318844
33215,6060.099971555275
33216,7032.897445501871
33217,6009.579486928085
33218,8036.212010282822
33219,10486.711843712532
33220,6747.7047285904
33221,3563.543813764329
33222,6194.97608693598
33223,6763.882626286805
33224,4115.258059769067
33225,11685.263041546465
33226,5691.439093587524
33227,5881.860956722679
33228,10240.92280039477
33229,6436.623518573821
33230,4460.373472491916
33231,11098.951657515889
33232,9911.060314820334
33233,5852.144368817208
33234,9190.288531017944
33235,8837.36509706522
33236,6368.246347934637
33237,5436.0566093354555
33238,5876.033317103229
33239,5430.375631036435
33240,6038.705281786814
33241,6293.718642840632
33242,4513.998188920017
33243,6781.116707407769
33244,6969.756247083408
33245,5887.210044703139
33246,7789.472730773189
33247,5887.90222929309
33248,6242.915859003574
33249,5455.165135943367
33250,6860.286272135171
33251,6228.693944707771
33252,5955.8512933294405
33253,6155.703412146526
33254,6809.621930874183
33255,9532.816900156422
33256,5293.487053716495
33257,5247.457332281348
33258,5912.579309268031
33259,6515.290095274997
33260,6756.738922373655
33261,4484.592598682259
33262,4489.351676752438
33263,7226.572517377582
33264,7762.659018458032
33265,5962.235706544969
33266,6816.5684984284335
33267,5967.029598048838
33268,5883.588790331724
33269,4748.454391271799
33270,3335.8428443254
33271,6802.653347728092
33272,5916.633481924733
33273,5809.602914165637
33274,9102.93437838675
33275,7839.666353816169
33276,4579.959839385715
33277,6953.485000459242
33278,4462.182873765748
33279,3026.311907860817
33280,5818.668304096046
33281,11608.058065871905
33282,6691.490202009572
33283,6247.673888606824
33284,4800.974756482545
33285,5932.963378444654
33286,7874.747655769899
33287,6011.835590018471
33288,8556.10637845449
33289,4567.483647774243
33290,4664.4125327223455
33291,5214.143067029463
33292,5437.991718086139
33293,4822.274959438468
33294,5248.472821882434
33295,5206.42358032123
33296,4685.139717254221
33297,6639.5516165076815
33298,6593.0176083765855
33299,5599.879402869981
33300,5791.871664965426
33301,6845.979774967584
33302,5628.995201374084
33303,4785.130981005065
33304,9315.590162505405
33305,6631.028300001379
33306,5552.272225213112
33307,4225.149230066428
33308,10207.150836675608
33309,5923.625793117034
33310,5341.180206134166
33311,8266.336852764018
33312,7776.193567212505
33313,6845.310082644566
33314,5927.171097407486
33315,6869.879553590734
33316,8452.84394181061
33317,13386.08263460397
33318,5089.2135103257615
33319,4793.236731226745
33320,4883.416483258489
33321,6033.430305917493
33322,5408.844866126694
33323,7351.0882034004935
33324,7998.649319005104
33325,5784.576416042926
33326,4019.501067958818
33327,5652.572207686848
33328,11092.301800473675
33329,4755.679370618411
33330,7219.613489852947
33331,4123.1345239637385
33332,6766.748653405183
33333,7542.030702335703
33334,6469.575275581878
33335,7730.8373972282525
33336,6313.469047363898
33337,4836.750809260679
33338,5757.212367561831
33339,6484.531404018752
33340,8209.886021434531
33341,6633.835872725496
33342,8197.126583094352
33343,5629.461621687482
33344,4760.210674463653
33345,9394.439473882116
33346,4537.324971911256
33347,8666.164229936021
33348,5752.116028882873
33349,4722.847907452445
33350,7259.009569308897
33351,5564.763630276927
33352,6606.732969540295
33353,7599.7239724285155
33354,4008.3215390423165
33355,4568.377556969579
33356,7699.895333766772
33357,8514.645247411327
33358,10154.132198665573
33359,5678.239970428486
33360,6045.707809174086
33361,6332.640963239423
33362,6115.9768058920545
33363,4774.341049479591
33364,9360.834167471561
33365,9004.204984885566
33366,12308.660673140374
33367,4874.649043888237
33368,5709.837204078122
33369,10496.342391167544
33370,9540.809606547713
33371,4757.638494896309
33372,9854.01034076396
33373,6307.426308284877
33374,5735.034380627671
33375,5190.129056878891
33376,4887.74423946065
33377,4993.670295370531
33378,6546.473512967005
33379,4730.611942010665
33380,5010.245805944997
33381,8706.231655010522
33382,6300.8929405351555
33383,21030.165930895535
33384,6673.294356715232
33385,0.0
33386,0.0
33387,0.0
33388,0.0
33389,0.0
33390,0.0
33391,0.0
33392,0.0
33393,0.0
33394,0.0
33395,0.0
33396,0.0
33397,0.0
33398,0.0
33399,0.0
33400,0.0
33401,0.0
33402,0.0
33403,0.0
33404,0.0
33405,0.0
33406,0.0
33407,0.0
33408,0.0
33409,0.0
33410,0.0
33411,0.0
33412,0.0
33413,0.0
33414,0.0
33415,0.0
33416,0.0
33417,0.0
33418,0.0
33419,0.0
33420,0.0
33421,0.0
33422,0.0
33423,0.0
33424,0.0
33425,0.0
33426,0.0
33427,0.0
33428,0.0
33429,0.0
33430,0.0
33431,0.0
33432,0.0
33433,0.0
33434,0.0
33435,0.0
33436,0.0
33437,0.0
33438,0.0
33439,0.0
33440,0.0
33441,0.0
33442,0.0
33443,0.0
33444,0.0
33445,0.0
33446,0.0
33447,0.0
33448,0.0
33449,0.0
33450,0.0
33451,0.0
33452,0.0
33453,0.0
33454,0.0
33455,0.0
33456,0.0
33457,0.0
33458,0.0
33459,0.0
33460,0.0
33461,0.0
33462,0.0
33463,0.0
33464,0.0
33465,0.0
33466,0.0
33467,0.0
33468,0.0
33469,0.0
33470,0.0
33471,0.0
33472,0.0
33473,0.0
33474,0.0
33475,0.0
33476,5030.207686097081
33477,0.0
33478,0.0
33479,0.0
33480,0.0
33481,0.0
33482,0.0
33483,0.0
33484,0.0
33485,0.0
33486,0.0
33487,0.0
33488,0.0
33489,0.0
33490,0.0
33491,0.0
33492,0.0
33493,0.0
33494,0.0
33495,0.0
33496,0.0
33497,0.0
33498,0.0
33499,0.0
33500,0.0
33501,0.0
33502,0.0
33503,0.0
33504,0.0
33505,0.0
33506,0.0
33507,0.0
33508,0.0
33509,0.0
33510,0.0
33511,0.0
33512,0.0
33513,0.0
33514,0.0
33515,0.0
33516,0.0
33517,0.0
33518,0.0
33519,0.0
33520,0.0
33521,0.0
33522,0.0
33523,0.0
33524,0.0
33525,0.0
33526,0.0
33527,0.0
33528,0.0
33529,0.0
33530,0.0
33531,0.0
33532,0.0
33533,0.0
33534,0.0
33535,0.0
33536,0.0
33537,0.0
33538,0.0
33539,0.0
33540,0.0
33541,0.0
33542,0.0
33543,0.0
33544,3435.49713856739
33545,0.0
33546,0.0
33547,0.0
33548,0.0
33549,0.0
33550,0.0
33551,0.0
33552,0.0
33553,0.0
33554,0.0
33555,0.0
33556,0.0
33557,0.0
33558,0.0
33559,0.0
33560,0.0
33561,0.0
33562,0.0
33563,0.0
33564,0.0
33565,0.0
33566,0.0
33567,0.0
33568,0.0
33569,0.0
33570,0.0
33571,0.0
33572,0.0
33573,0.0
33574,0.0
33575,0.0
33576,0.0
33577,0.0
33578,0.0
33579,0.0
33580,0.0
33581,0.0
33582,0.0
33583,0.0
33584,0.0
33585,15448.523744002994
33586,29337.51604477185
33587,0.0
33588,0.0
33589,0.0
33590,0.0
33591,0.0
33592,0.0
33593,0.0
33594,7706.163820469014
33595,0.0
33596,0.0
33597,0.0
33598,0.0
33599,0.0
33600,0.0
33601,0.0
33602,0.0
33603,0.0
33604,0.0
33605,0.0
33606,0.0
33607,0.0
33608,0.0
33609,0.0
33610,0.0
33611,0.0
33612,0.0
33613,5276.97810326335
33614,0.0
33615,0.0
33616,0.0
33617,0.0
33618,0.0
33619,0.0
33620,0.0
33621,0.0
33622,0.0
33623,3587.8406126787395
33624,0.0
33625,0.0
33626,0.0
33627,0.0
33628,0.0
33629,0.0
33630,0.0
33631,0.0
33632,0.0
33633,0.0
33634,0.0
33635,0.0
33636,0.0
33637,0.0
33638,0.0
33639,0.0
33640,0.0
33641,8172.917686279212
33642,0.0
33643,0.0
33644,0.0
33645,0.0
33646,0.0
33647,0.0
33648,0.0
33649,0.0
33650,0.0
33651,0.0
33652,0.0
33653,0.0
33654,0.0
33655,0.0
33656,0.0
33657,0.0
33658,9901.439077574916
33659,0.0
33660,0.0
33661,0.0
33662,0.0
33663,0.0
33664,0.0
33665,0.0
33666,0.0
33667,0.0
33668,0.0
33669,0.0
33670,0.0
33671,0.0
33672,0.0
33673,0.0
33674,0.0
33675,0.0
33676,0.0
33677,0.0
33678,0.0
33679,0.0
33680,0.0
33681,0.0
33682,0.0
33683,0.0
33684,0.0
33685,0.0
33686,0.0
33687,0.0
33688,0.0
33689,0.0
33690,0.0
33691,0.0
33692,0.0
33693,0.0
33694,0.0
33695,0.0
33696,0.0
33697,0.0
33698,0.0
33699,0.0
33700,0.0
33701,0.0
33702,0.0
33703,0.0
33704,0.0
33705,0.0
33706,0.0
33707,0.0
33708,0.0
33709,0.0
33710,0.0
33711,0.0
33712,0.0
33713,0.0
33714,0.0
33715,0.0
33716,0.0
33717,0.0
33718,0.0
33719,0.0
33720,2133.7994260706455
33721,0.0
33722,0.0
33723,0.0
33724,0.0
33725,0.0
33726,0.0
33727,0.0
33728,0.0
33729,0.0
33730,0.0
33731,0.0
33732,0.0
33733,0.0
33734,6500.203200409936
33735,0.0
33736,0.0
33737,0.0
33738,0.0
33739,0.0
33740,0.0
33741,0.0
33742,0.0
33743,0.0
33744,0.0
33745,0.0
33746,0.0
33747,0.0
33748,0.0
33749,0.0
33750,0.0
33751,0.0
33752,0.0
33753,0.0
33754,0.0
33755,0.0
33756,0.0
33757,0.0
33758,0.0
33759,0.0
33760,0.0
33761,0.0
33762,0.0
33763,0.0
33764,0.0
33765,0.0
33766,0.0
33767,0.0
33768,0.0
33769,0.0
33770,0.0
33771,0.0
33772,0.0
33773,0.0
33774,0.0
33775,0.0
33776,0.0
33777,8534.511390044096
33778,0.0
33779,0.0
33780,0.0
33781,0.0
33782,0.0
33783,0.0
33784,0.0
33785,0.0
33786,0.0
33787,2937.374133443985
33788,0.0
33789,0.0
33790,0.0
33791,6237.431551100617
33792,0.0
33793,0.0
33794,0.0
33795,0.0
33796,0.0
33797,0.0
33798,0.0
33799,0.0
33800,0.0
33801,0.0
33802,0.0
33803,0.0
33804,0.0
33805,0.0
33806,0.0
33807,0.0
33808,0.0
33809,0.0
33810,0.0
33811,0.0
33812,0.0
33813,0.0
33814,0.0
33815,0.0
33816,0.0
33817,0.0
33818,19237.11701208507
33819,0.0
33820,0.0
33821,0.0
33822,0.0
33823,0.0
33824,0.0
33825,0.0
33826,0.0
33827,0.0
33828,0.0
33829,0.0
33830,0.0
33831,0.0
33832,7133.2327012073465
33833,0.0
33834,0.0
33835,0.0
33836,0.0
33837,0.0
33838,0.0
33839,0.0
33840,0.0
33841,0.0
33842,0.0
33843,0.0
33844,0.0
33845,0.0
33846,0.0
33847,0.0
33848,0.0
33849,0.0
33850,0.0
33851,0.0
33852,0.0
33853,0.0
33854,0.0
33855,0.0
33856,0.0
33857,0.0
33858,0.0
33859,0.0
33860,0.0
33861,0.0
33862,0.0
33863,0.0
33864,0.0
33865,0.0
33866,0.0
33867,0.0
33868,0.0
33869,0.0
33870,0.0
33871,0.0
33872,0.0
33873,0.0
33874,0.0
33875,0.0
33876,0.0
33877,0.0
33878,0.0
33879,0.0
33880,0.0
33881,0.0
33882,0.0
33883,0.0
33884,0.0
33885,0.0
33886,0.0
33887,0.0
33888,0.0
33889,0.0
33890,0.0
33891,0.0
33892,0.0
33893,0.0
33894,0.0
33895,0.0
33896,0.0
33897,0.0
33898,0.0
33899,0.0
33900,0.0
33901,0.0
33902,0.0
33903,0.0
33904,0.0
33905,0.0
33906,0.0
33907,12994.03856184576
33908,0.0
33909,0.0
33910,0.0
33911,0.0
33912,0.0
33913,0.0
33914,0.0
33915,0.0
33916,0.0
33917,0.0
33918,0.0
33919,0.0
33920,0.0
33921,0.0
33922,0.0
33923,0.0
33924,0.0
33925,0.0
33926,0.0
33927,0.0
33928,0.0
33929,0.0
33930,0.0
33931,0.0
33932,0.0
33933,0.0
33934,0.0
33935,0.0
33936,0.0
33937,0.0
33938,0.0
33939,0.0
33940,0.0
33941,0.0
33942,0.0
33943,0.0
33944,0.0
33945,0.0
33946,0.0
33947,0.0
33948,0.0
33949,0.0
33950,0.0
33951,5010.891964027172
33952,16078.188728161756
33953,0.0
33954,0.0
33955,0.0
33956,0.0
33957,0.0
33958,0.0
33959,0.0
33960,0.0
33961,0.0
33962,0.0
33963,0.0
33964,0.0
33965,0.0
33966,0.0
33967,0.0
33968,0.0
33969,0.0
33970,0.0
33971,0.0
33972,0.0
33973,0.0
33974,0.0
33975,0.0
33976,0.0
33977,0.0
33978,0.0
33979,0.0
33980,11753.3186814778
33981,0.0
33982,0.0
33983,0.0
33984,0.0
33985,0.0
33986,0.0
33987,0.0
33988,0.0
33989,0.0
33990,0.0
33991,0.0
33992,0.0
33993,0.0
33994,0.0
33995,0.0
33996,0.0
33997,0.0
33998,0.0
33999,0.0
34000,0.0
34001,0.0
34002,0.0
34003,0.0
34004,0.0
34005,0.0
34006,0.0
34007,0.0
34008,0.0
34009,0.0
34010,0.0
34011,0.0
34012,0.0
34013,0.0
34014,0.0
34015,0.0
34016,0.0
34017,0.0
34018,0.0
34019,0.0
34020,0.0
34021,0.0
34022,0.0
34023,0.0
34024,0.0
34025,0.0
34026,0.0
34027,0.0
34028,0.0
34029,0.0
34030,0.0
34031,0.0
34032,0.0
34033,0.0
34034,0.0
34035,0.0
34036,0.0
34037,0.0
34038,0.0
34039,0.0
34040,0.0
34041,0.0
34042,0.0
34043,0.0
34044,0.0
34045,0.0
34046,0.0
34047,0.0
34048,0.0
34049,0.0
34050,3287.6854976250697
34051,0.0
34052,0.0
34053,0.0
34054,2475.082289970587
34055,0.0
34056,0.0
34057,0.0
34058,0.0
34059,0.0
34060,0.0
34061,0.0
34062,0.0
34063,0.0
34064,0.0
34065,0.0
34066,0.0
34067,0.0
34068,0.0
34069,0.0
34070,0.0
34071,0.0
34072,0.0
34073,0.0
34074,0.0
34075,0.0
34076,0.0
34077,0.0
34078,0.0
34079,0.0
34080,0.0
34081,0.0
34082,0.0
34083,0.0
34084,0.0
34085,0.0
34086,0.0
34087,0.0
34088,0.0
34089,0.0
34090,0.0
34091,0.0
34092,0.0
34093,0.0
34094,0.0
34095,0.0
34096,0.0
34097,0.0
34098,0.0
34099,0.0
34100,0.0
34101,0.0
34102,0.0
34103,0.0
34104,0.0
34105,3372.9397269542656
34106,0.0
34107,0.0
34108,0.0
34109,0.0
34110,0.0
34111,0.0
34112,0.0
34113,0.0
34114,0.0
34115,0.0
34116,0.0
34117,0.0
34118,0.0
34119,0.0
34120,11757.120548450606
34121,0.0
34122,0.0
34123,0.0
34124,0.0
34125,0.0
34126,0.0
34127,0.0
34128,0.0
34129,0.0
34130,0.0
34131,0.0
34132,0.0
34133,0.0
34134,0.0
34135,0.0
34136,0.0
34137,0.0
34138,0.0
34139,0.0
34140,0.0
34141,0.0
34142,0.0
34143,0.0
34144,0.0
34145,0.0
34146,0.0
34147,0.0
34148,0.0
34149,0.0
34150,0.0
34151,0.0
34152,0.0
34153,0.0
34154,0.0
34155,0.0
34156,0.0
34157,0.0
34158,0.0
34159,0.0
34160,0.0
34161,0.0
34162,0.0
34163,0.0
34164,0.0
34165,0.0
34166,0.0
34167,0.0
34168,0.0
34169,0.0
34170,0.0
34171,0.0
34172,0.0
34173,0.0
34174,0.0
34175,0.0
34176,0.0
34177,0.0
34178,0.0
34179,0.0
34180,0.0
34181,0.0
34182,0.0
34183,0.0
34184,5622.145976797757
34185,0.0
34186,0.0
34187,0.0
34188,0.0
34189,0.0
34190,0.0
34191,0.0
34192,0.0
34193,0.0
34194,0.0
34195,0.0
34196,0.0
34197,0.0
34198,0.0
34199,0.0
34200,0.0
34201,0.0
34202,0.0
34203,0.0
34204,0.0
34205,0.0
34206,0.0
34207,0.0
34208,0.0
34209,0.0
34210,0.0
34211,0.0
34212,0.0
34213,0.0
34214,0.0
34215,0.0
34216,0.0
34217,0.0
34218,0.0
34219,0.0
34220,0.0
34221,0.0
34222,0.0
34223,0.0
34224,0.0
34225,13434.280278585402
34226,5526.716548291305
34227,0.0
34228,0.0
34229,0.0
34230,0.0
34231,0.0
34232,0.0
34233,0.0
34234,0.0
34235,0.0
34236,0.0
34237,0.0
34238,0.0
34239,0.0
34240,0.0
34241,4127.474221826858
34242,4088.482865066026
34243,7246.69430660395
34244,3395.0763567348245
34245,5522.604176236206
34246,4861.669973215099
34247,5443.886289398876
34248,6053.963800038882
34249,0.0
34250,3183.8227485779034
34251,5722.847157018139
34252,5508.5638934710905
34253,4145.36176770421
34254,5860.932620562666
34255,5876.268608306322
34256,3533.468937506744
34257,4343.327010810267
34258,7311.666649773907
34259,7954.709097405027
34260,6078.798785880207
34261,6982.9491403455195
34262,2992.028378961047
34263,5523.371326630001
34264,0.0
34265,7574.774422457541
34266,8029.566530763759
34267,10407.915248388601
34268,5999.4410293041265
34269,2389.7915815366114
34270,4284.122143094079
34271,5890.849339122522
34272,7042.695573275101
34273,3840.023992508658
34274,5729.253595735969
34275,4963.2256440947685
34276,5310.189868062457
34277,2215.586119534372
34278,8078.268917596608
34279,4246.489433134818
34280,7746.350100588635
34281,6262.2579967258625
34282,3148.065280408602
34283,8635.281665955588
34284,6402.207998924577
34285,4735.7575759995725
34286,3402.1931249008016
34287,7685.1039506126535
34288,10426.173998440194
34289,6317.955275961855
34290,5820.7355486504
34291,7832.960336570423
34292,7284.580880102553
34293,5518.33856457818
34294,6097.599829212152
34295,2306.0259310656293
34296,2710.842568718902
34297,3954.01746204425
34298,6304.027610426698
34299,8541.821680536197
34300,7459.46687627521
34301,4214.5808397198525
34302,8541.188877154618
34303,8565.859573801992
34304,5124.6265709715135
34305,2619.4167575321285
34306,10560.345921405176
34307,2963.576828737731
34308,4553.863037644543
34309,6244.074893122553
34310,4147.449951777896
34311,5255.94839601156
34312,2755.4650088387248
34313,5596.686925437885
34314,5485.376625103931
34315,5643.126112220172
34316,8250.612859986168
34317,7018.763659992339
34318,4946.57725640282
34319,3548.9140875730186
34320,7594.2693864064795
34321,12756.144325772555
34322,5233.443149431733
34323,3125.5640962818816
34324,6428.342295064837
34325,5536.722784447771
34326,6425.546715651726
34327,9663.848848269407
34328,1888.7423235178674
34329,7750.769835687238
34330,4754.350619568539
34331,6356.133519430633
34332,8222.793509170233
34333,2522.9131680058763
34334,4101.565823049049
34335,5228.2136925714485
34336,7406.326389240863
34337,7123.246268942619
34338,4222.57281311649
34339,4526.087198363813
34340,7713.350326764423
34341,5936.34314935971
34342,5044.238782763067
34343,6359.566553162872
34344,4703.624941454452
34345,6009.9402490921375
34346,4688.356441719415
34347,2930.4181544143767
34348,5281.571987954663
34349,5738.209548799138
34350,0.0
34351,6902.306758059866
34352,7689.481182649232
34353,4078.4760906278434
34354,7751.664660163186
34355,3030.472361413422
34356,3189.796281357287
34357,7439.345370317632
34358,6789.658966041786
34359,6894.324995543357
34360,9248.833087588566
34361,6965.785559478258
34362,5181.110130302852
34363,6394.733375318854
34364,7105.368977217041
34365,4638.698289217283
34366,2969.096594536053
34367,4789.797430144463
34368,4868.762702352691
34369,4759.816607557841
34370,2904.8168834141525
34371,5101.588601006335
34372,7032.737193881161
34373,6148.272926766961
34374,5941.695570529072
34375,2569.4645363746467
34376,5831.758902513449
34377,6866.953617277763
34378,3551.430200615884
34379,5674.651203845206
34380,3465.9182359310375
34381,5181.344463904235
34382,3788.6476740110693
34383,4158.186787447798
34384,5170.461418010913
34385,7120.124740263142
34386,6644.200992744648
34387,7193.282112821728
34388,14983.965659687778
34389,4399.041137719694
34390,5397.216840491086
34391,9666.561824918153
34392,5431.054139588169
34393,7997.6491561724415
34394,6050.295150698347
34395,5697.108147686009
34396,6809.701215940029
34397,4676.556764476389
34398,4419.9462002698965
34399,7726.118549078121
34400,5154.179791292192
34401,2450.312619229396
34402,3558.2790697347773
34403,7367.664456885953
34404,9061.191641932497
34405,0.0
34406,5904.809561644559
34407,4623.055451043952
34408,2144.3889157734834
34409,1599.8990633374403
34410,3234.2037758687966
34411,5795.5928482914205
34412,7542.841585776304
34413,5093.0954619894455
34414,4233.723149773435
34415,7568.473642701296
34416,8239.468985486075
34417,7179.801335589777
34418,5345.428912050345
34419,8530.995371880554
34420,8596.155262107864
34421,3471.5118920570035
34422,4719.408226295818
34423,4903.266903376222
34424,6182.898233370537
34425,3224.2210026935595
34426,4952.733012544886
34427,4362.104001221855
34428,8791.576944359194
34429,5619.023251526194
34430,6942.9780345778845
34431,7008.473795043214
34432,5046.706973312693
34433,8007.551163528631
34434,16575.103311161434
34435,8405.513001086229
34436,3604.9791393396786
34437,3257.806179857658
34438,6213.463232955301
34439,6276.63443333535
34440,4616.043563253466
34441,9031.96562770997
34442,17955.978213523584
34443,4820.086627626221
34444,2795.734285729792
34445,11024.40569197368
34446,3110.6287582771897
34447,4823.385825635975
34448,3249.410657326246
34449,5707.278254358368
34450,4241.186275004777
34451,6806.31480957498
34452,5322.11136694276
34453,4927.803749732471
34454,9875.736940437606
34455,6197.439536112545
34456,5933.8821760514475
34457,7650.847217398477
34458,5487.373185352994
34459,6186.7820745410345
34460,9223.699502501815
34461,5081.314131624118
34462,5896.017149734305
34463,3855.806510057758
34464,3709.5770211388663
34465,5864.9679248976945
34466,4601.983289308537
34467,4859.033185098674
34468,8229.16412453358
34469,9672.796148944417
34470,6966.517239122023
34471,4078.3460246342725
34472,4069.563646755912
34473,4189.565171265825
34474,4438.043430903528
34475,6235.941507011516
34476,2920.018065812985
34477,6435.057215219913
34478,5024.382971188262
34479,8095.534428916988
34480,5843.997454923173
34481,4558.650450677718
34482,2907.938329641984
34483,2455.358773823701
34484,8212.016319343871
34485,5848.499065755313
34486,5082.316805180345
34487,12890.828979956908
34488,7840.627011325387
34489,3626.0041004264485
34490,5848.474590794848
34491,2312.236169864544
34492,3947.0321731178324
34493,3774.036139544952
34494,3901.1873648075707
34495,8961.310005693365
34496,4736.62633238912
34497,8441.887614664845
34498,10411.079139303725
34499,5941.031914941565
34500,5144.334732408966
34501,4211.6131259684835
34502,4617.5979368426215
34503,4460.982843350527
34504,11725.199237545286
34505,6176.2823636679195
34506,7363.491890956569
34507,3380.401095332638
34508,5553.493667031038
34509,5965.924665268263
34510,8981.698429967188
34511,6779.749607851772
34512,5151.177314212026
34513,6402.819145560573
34514,4812.9046559738335
34515,7637.859336252867
34516,6698.848308528798
34517,7024.622434231952
34518,8191.437308192129
34519,7414.122588204955
34520,7960.826952798195
34521,3355.17498439575
34522,0.0
34523,4975.250212586689
34524,9325.357425165663
34525,7113.409515551686
34526,6956.276268914421
34527,6126.692133810749
34528,7428.311060719014
34529,4986.734266906317
34530,6449.0364609046455
34531,5495.256706745241
34532,3197.00883148484
34533,12042.299516960768
34534,16316.641347205883
34535,7260.038016431139
34536,6388.198680417246
34537,6461.014406551071
34538,7475.8517199241915
34539,7688.055724644008
34540,2500.6273266062585
34541,4069.6029533431865
34542,5334.2347238555085
34543,8466.367095943293
34544,2497.8191632139146
34545,3915.644259920708
34546,5145.147512121777
34547,5378.835859708243
34548,4675.005878517433
34549,3317.2131221615346
34550,2864.0848327141057
34551,7960.291097985711
34552,4180.535563278174
34553,4757.148640508456
34554,5241.947633718925
34555,4660.869434134263
34556,9767.73285195503
34557,11603.956931734554
34558,4952.527342117785
34559,7365.584041702432
34560,6467.3467089913765
34561,9926.022261939792
34562,4528.840408990631
34563,2571.842722510992
34564,5406.543424327452
34565,12102.707594130978
34566,3956.5861295797895
34567,6555.813589365231
34568,1927.8610728286328
34569,3585.0084179035616
34570,6349.823483226931
34571,6263.88797605607
34572,5311.60207645535
34573,9318.933082896581
34574,8430.660580142267
34575,7635.3652771330435
34576,4306.897102003932
34577,10474.61382230017
34578,1701.0455681326555
34579,3512.8079255036064
34580,6244.323766668266
34581,4889.929333856521
34582,9008.145750645852
34583,2265.09001279152
34584,5188.809603900211
34585,5012.774443975727
34586,8357.800782292727
34587,9976.887342306602
34588,5204.320957429168
34589,2966.7473890688516
34590,9714.735404585475
34591,8916.391899294566
34592,4083.213146268552
34593,5632.759772121983
34594,9500.886549652745
34595,5635.581013241546
34596,4886.499093197603
34597,3425.229844987836
34598,7782.554224879551
34599,3981.737134051941
34600,11537.359229632282
34601,7626.250452616223
34602,10950.925072471304
34603,7146.202097876624
34604,4565.5020257867145
34605,1757.9143809940188
34606,5512.922998427931
34607,6223.2854434680685
34608,5176.412361497474
34609,8589.502321040083
34610,5964.210419116145
34611,2445.333084486157
34612,7120.258314360305
34613,3326.2768589791285
34614,8594.680706129833
34615,7203.985855966898
34616,6776.067793058896
34617,7555.141854906394
34618,4942.728207639664
34619,6656.775377055159
34620,7620.894348315485
34621,5228.240329663254
34622,7037.918070675343
34623,2912.571600801094
34624,8637.06702694075
34625,6267.624286883782
34626,3598.659823854777
34627,4466.578198975624
34628,7566.176385890584
34629,5649.740792968306
34630,3871.072316772634
34631,4846.940685671597
34632,5353.505657924499
34633,5100.416379710312
34634,4608.536100353111
34635,8959.497368723514
34636,3917.2940275576266
34637,3235.4753106355765
34638,6215.292125392577
34639,5503.294393231181
34640,3450.9615463932464
34641,5156.148529872464
34642,9302.62916651268
34643,6880.876967586518
34644,9757.926018904858
34645,8338.787775512197
34646,7410.317846532902
34647,6947.533697461266
34648,4396.742805370182
34649,10070.479122328987
34650,7942.320844846359
34651,7142.56660203916
34652,5057.828163184705
34653,4940.995295486215
34654,5039.005054627408
34655,2235.8880034632652
34656,12291.19498240904
34657,6912.310954998588
34658,5212.662868397172
34659,5343.712289795888
34660,1376.3677838582394
34661,7591.069458952384
34662,5948.014000889747
34663,4419.02966778381
34664,3656.53218803719
34665,5323.4093625313535
34666,4896.377168684617
34667,4110.902585150731
34668,9828.435894550717
34669,5111.937590023217
34670,4652.500153192489
34671,3124.8185599881854
34672,2530.7467796151172
34673,4686.070002662783
34674,13430.325975413169
34675,3639.130903349756
34676,5663.414329428454
34677,4845.964934868275
34678,3848.2033598306534
34679,2889.0035304083704
34680,5871.968088886116
34681,2363.260027972888
34682,9622.479572548858
34683,5638.182408678195
34684,2643.8940883793643
34685,8394.698255127863
34686,2454.8424811891864
34687,4293.111322610711
34688,10147.736551347347
34689,7076.675969710853
34690,8229.319352118911
34691,2431.6167327971157
34692,4061.19587902229
34693,4835.792954412623
34694,3663.5049446708504
34695,13720.540772268358
34696,11692.149128347835
34697,5046.95801860509
34698,2912.799291985147
34699,6002.640897608966
34700,4536.8027566786095
34701,2270.3443088850163
34702,7069.414919712091
34703,4761.757747563229
34704,5615.948420915639
34705,6853.947024383208
34706,5063.007577647465
34707,4643.688012964525
34708,5617.434507036278
34709,6282.054695143079
34710,7257.649186292582
34711,2426.3455113876885
34712,6014.493733947468
34713,6584.107685787491
34714,7312.357989579671
34715,5560.838267124768
34716,7709.021256785858
34717,2409.439076629046
34718,9757.873472383895
34719,5043.50302807772
34720,2657.0518362285397
34721,4006.829837170853
34722,4084.183579719376
34723,4200.990149624974
34724,7463.469161831154
34725,3543.388970467095
34726,5804.5559823267695
34727,4550.519312522015
34728,7756.708189141676
34729,7979.735472040915
34730,5387.778314997178
34731,7572.177875676953
34732,6335.145789625527
34733,2231.425531837654
34734,11254.496231269693
34735,3056.5927638798717
34736,2772.736853784903
34737,5640.662826400684
34738,9966.64571086472
34739,9887.605554423493
34740,4297.695207184269
34741,4468.451292767581
34742,6756.877356293537
34743,6270.76377709805
34744,4321.113641961451
34745,7425.062170732855
34746,2633.6541284937266
34747,3550.321564493335
34748,3724.8843095485504
34749,3604.460469011956
34750,2834.465618027996
34751,7384.795090537924
34752,5950.499500384764
34753,6696.147740140689
34754,4646.02444604482
34755,8528.650987728495
34756,7636.37761814083
34757,5004.112236925824
34758,0.0
34759,5574.6048450966
34760,7308.000046375678
34761,4740.461941878094
34762,1845.5672855921134
34763,6227.599548807906
34764,6324.123725568589
34765,5662.125055630808
34766,5227.820958166699
34767,3850.703908017726
34768,9948.7187625143
34769,2911.8514116369133
34770,8338.697944284042
34771,4822.46330061115
34772,4091.7593641904264
34773,7294.388790668302
34774,3839.25777824969
34775,4428.8693918120425
34776,8795.321567730622
34777,2705.7775731002325
34778,7234.160358411688
34779,9384.402616615038
34780,6745.096916331068
34781,2511.645688410061
34782,5376.922658362494
34783,3617.7925065635654
34784,2039.0585413702786
34785,4396.570513166177
34786,6304.059910446907
34787,4971.527346724599
34788,4904.441804883758
34789,5163.479616572009
34790,4739.541193300167
34791,7581.339897033296
34792,5438.716194601042
34793,6067.458631388771
34794,3940.200284129354
34795,5437.528076164048
34796,5655.647845820686
34797,6505.9205718415515
34798,7671.506970545309
34799,6241.421750582335
34800,8185.25467239911
34801,5487.108936666586
34802,5184.151300597468
34803,2981.0568989573544
34804,5664.178887750195
34805,8267.742013156063
34806,6123.315930022688
34807,7621.095238235901
34808,12792.571979851164
34809,2939.010339497521
34810,4362.125450296524
34811,3628.8755893455796
34812,7648.958449308013
34813,10001.274416630515
34814,7879.581606919676
34815,7151.497289309941
34816,7124.342326201106
34817,7587.194239209468
34818,6529.279531704495
34819,5140.00714903879
34820,1932.265173501454
34821,4658.879769373724
34822,2909.4014343768235
34823,2898.1923498070523
34824,6272.70746363088
34825,16773.1053261714
34826,5774.9874751033685
34827,3426.8680518042693
34828,4300.669043065148
34829,4510.022833949415
34830,5489.17978980238
34831,2186.897908627032
34832,6476.904921040819
34833,6939.268543978986
34834,3525.972563190965
34835,11254.647781306905
34836,10394.432020865292
34837,2909.5985582157764
34838,5254.535125358844
34839,3745.6689921820293
34840,3675.43035807832
34841,4045.3831693634224
34842,8382.176685068267
34843,3582.9173531898086
34844,4675.785724925129
34845,4165.971531095696
34846,5209.51497844844
34847,4503.2648457883815
34848,7125.058177388314
34849,3326.855805941268
34850,7848.550543827286
34851,6150.76675508972
34852,4595.664574451332
34853,3741.092831934534
34854,3811.500352911878
34855,4471.112564767211
34856,5222.613894271895
34857,8968.50863431429
34858,4543.994860152607
34859,4254.63152732025
34860,6358.374455921523
34861,4712.887336447131
34862,5801.329710771869
34863,4355.983212373094
34864,5694.4129415215875
34865,10011.562951444997
34866,6124.77765424017
34867,5975.461614159285
34868,3516.470133275833
34869,5122.201052602981
34870,6290.767992133978
34871,3496.0413865249
34872,4748.484573133163
34873,4842.710981128862
34874,11340.998444931263
34875,7094.013873156135
34876,3954.999315515712
34877,4945.112078230267
34878,5082.704729214443
34879,6011.80736560283
34880,5548.787636275208
34881,8111.601148303796
34882,6769.59517264621
34883,4982.370555261782
34884,3657.5747198645086
34885,2173.5225907736994
34886,3038.3598733623867
34887,22610.442472168794
34888,2016.3381308977937
34889,4912.402138933158
34890,5504.467134919189
34891,5873.946796079008
34892,5380.501190180573
34893,8103.691657315106
34894,5084.709894834491
34895,5824.816649645372
34896,2418.1288388340126
34897,8328.695810321606
34898,4379.993827043874
34899,6551.572853085798
34900,8953.712923162871
34901,4594.141794546236
34902,8362.796977362392
34903,6743.20060109466
34904,3487.227716404514
34905,5905.274737659486
34906,7075.3199022124945
34907,2779.6057821581817
34908,8546.018439830079
34909,6421.593327032205
34910,4760.406098451888
34911,9625.967769647596
34912,7297.367509079864
34913,5719.075237468374
34914,4478.045609441289
34915,3903.4658361681336
34916,5103.629718916534
34917,3274.1839040660666
34918,6551.460486684925
34919,2218.091525278451
34920,5394.580436171909
34921,2541.6174594774966
34922,5672.864802846864
34923,5232.258722951635
34924,4142.543281866486
34925,5367.827408910467
34926,8332.502114831588
34927,5902.1245358146325
34928,6172.638853415983
34929,5224.7916151944855
34930,5276.35971542713
34931,9945.645301674565
34932,6884.144180955335
34933,3552.213468365406
34934,5631.028880201925
34935,5029.70524337571
34936,3747.1244110376692
34937,13565.334525562119
34938,5895.452005221229
34939,4725.894009735918
34940,9187.135203785301
34941,6268.278495760557
34942,2017.7739186658364
34943,0.0
34944,8055.6415611289685
34945,6275.472406251557
34946,7721.848302229774
34947,6273.290791265903
34948,8658.957631986632
34949,4655.805833665251
34950,3786.253470394492
34951,0.0
34952,6077.467969031106
34953,7256.290401872816
34954,2403.7670637129636
34955,7629.07869978473
34956,6642.44492142767
34957,4069.6353941297994
34958,6572.721204423618
34959,4550.0610820746315
34960,6321.057183847789
34961,3880.986946023605
34962,4800.639192807481
34963,4535.2612919275325
34964,3580.6890529430907
34965,5532.880812418784
34966,7057.284682986558
34967,7823.143782196375
34968,5564.27394380837
34969,4341.243345096704
34970,6367.369752320906
34971,6438.320146063632
34972,6683.279324645488
34973,2891.6190023881904
34974,2626.9603051654444
34975,8573.144096084456
34976,6331.678688882802
34977,3800.1079453054826
34978,6683.68994659172
34979,6471.77700897514
34980,5503.728762272138
34981,4680.346768185334
34982,1428.4675849549978
34983,6637.9799518864975
34984,5339.808249164521
34985,4971.2743317085105
34986,9026.443881691717
34987,6426.123094000738
34988,3327.399738586245
34989,4798.800193730323
34990,3352.4935399450883
34991,1273.014248052482
34992,4916.944301219745
34993,10138.11097001144
34994,5229.108208702216
34995,4147.51906206827
34996,2808.309060912875
34997,4591.37563622793
34998,6814.493464631129
34999,5389.294573091422
35000,9065.021078278492
35001,3946.5275531211373
35002,4439.703993539838
35003,3388.755509973776
35004,5762.346055915348
35005,2942.8678745175307
35006,2416.403233090823
35007,4587.155328302489
35008,4285.440066350528
35009,6650.138732157964
35010,3842.4497416363038
35011,5163.298371993154
35012,4913.435704758076
35013,7347.8491142323155
35014,4821.668377067102
35015,3769.3023508935976
35016,10272.598076568127
35017,5965.285490941652
35018,6196.783603724594
35019,1731.7461955175393
35020,4485.92978875077
35021,5552.637102432973
35022,3983.10448581176
35023,7947.575872470024
35024,8804.926568980363
35025,5629.862007027814
35026,6471.680921804168
35027,6132.644159633823
35028,6796.226395023898
35029,11110.465951695922
35030,2965.64611326494
35031,3871.2137259874985
35032,5163.594980678751
35033,4884.684630889472
35034,6039.546499722648
35035,7318.81782272851
35036,6223.214788069035
35037,5992.871796795633
35038,2446.5933779820607
35039,5937.447915841323
35040,7901.777175740963
35041,3266.3181673503404
35042,6277.00599702968
35043,3132.062121680111
35044,6643.124280087933
35045,5720.185099857484
35046,4690.91793423364
35047,5555.8809042996345
35048,3913.018990352013
35049,5238.841326412679
35050,6584.756771920924
35051,4635.281098402405
35052,8050.143873856997
35053,5028.005140473562
35054,8851.068101470466
35055,5342.674390549062
35056,3297.6385632930865
35057,7651.000174118278
35058,2890.560355367458
35059,7958.335372907713
35060,5854.5746227991995
35061,5048.003634514262
35062,6830.6154924790035
35063,4372.876123959983
35064,4395.10478406655
35065,6397.638245501751
35066,3151.9138484069704
35067,2583.5013380488076
35068,5533.867440873591
35069,5919.534584194386
35070,10804.204568569156
35071,5914.629388792787
35072,5440.762942506932
35073,3227.2518949675027
35074,6420.508152504483
35075,2571.7948988380435
35076,9616.567122717997
35077,7269.311184574682
35078,13740.142530569783
35079,5743.457756557323
35080,4868.992762970262
35081,7654.98770398963
35082,8166.033534180615
35083,2715.985370947595
35084,8926.28909443981
35085,6325.779699623305
35086,5969.904738294457
35087,5983.097260170953
35088,4402.5170535622865
35089,3124.6936749027486
35090,5404.195478814673
35091,3750.78156473422
35092,2362.7149128545484
35093,6771.305219365635
35094,5314.120348535294
35095,23212.59995962693
35096,7101.033327506311
35097,4970.133875900843
35098,7251.244673041567
35099,11222.672264170697
35100,6854.048198387333
35101,7524.8225335660445
35102,6438.180990790345
35103,7661.911899191487
35104,7575.511043787534
35105,5833.414322919285
35106,5608.235963398794
35107,7494.796869173904
35108,8338.82111917309
35109,6983.5402317678245
35110,9116.62667473339
35111,6342.688444864404
35112,5507.991496090716
35113,6099.975110563738
35114,10714.259291642047
35115,10729.260563508918
35116,9594.70994599709
35117,8098.643676783911
35118,3951.215427154984
35119,6428.679601117179
35120,4979.599416807445
35121,8231.136610709606
35122,11024.106816059872
35123,10483.381663868298
35124,6118.95164037176
35125,5434.243535548928
35126,4901.08886056781
35127,6315.762309235145
35128,10084.401877579494
35129,6412.746075549073
35130,6013.7043244889655
35131,5977.094835245167
35132,7431.898648463272
35133,3437.7567996647376
35134,8794.948632896921
35135,5223.525678507804
35136,7962.2066100738375
35137,6985.794439236867
35138,6048.591679334009
35139,8658.03947422292
35140,7497.795198322622
35141,5678.575784412938
35142,6679.67750926549
35143,8315.427522029331
35144,11700.999804803521
35145,7005.251498353158
35146,9094.032235774996
35147,8787.712552072095
35148,9723.99726764929
35149,7377.233433795628
35150,9153.792297101396
35151,4901.324312967773
35152,4983.404348902251
35153,6063.398070999611
35154,7070.407495630169
35155,10305.517911097937
35156,8259.063052318672
35157,6167.8500528919785
35158,8249.630348897026
35159,7833.205161715302
35160,9471.483840396313
35161,3717.2501018809667
35162,13003.531358832359
35163,4636.748603448349
35164,6705.322722426796
35165,8446.9626660921
35166,5338.765389483858
35167,6493.022201251128
35168,6053.072311240287
35169,7721.954341237084
35170,6119.726198675449
35171,6063.063508319076
35172,8830.598264889044
35173,8407.15634049008
35174,7484.587153465308
35175,5831.590747794001
35176,8023.3175368845
35177,13114.070615342687
35178,7174.818898997386
35179,5566.894662683205
35180,7488.047594255037
35181,6875.343969005128
35182,6637.509909405932
35183,8732.44216573426
35184,3730.068448754835
35185,8967.660771566249
35186,6194.440027636318
35187,7800.760250804113
35188,10562.771694757559
35189,4848.906863717266
35190,6052.472050740193
35191,5988.8310679493225
35192,8641.87228854184
35193,8867.643869403855
35194,5506.479014465197
35195,5096.194894234526
35196,8149.709346076539
35197,6593.86440549188
35198,6386.101811142203
35199,8026.211119363414
35200,7064.7398765413645
35201,8048.750160323327
35202,6398.485840229161
35203,4640.62997557335
35204,6503.181581878776
35205,8063.3299914445315
35206,8568.872884790142
35207,8515.548651037845
35208,8703.190248524012
35209,6096.195325877891
35210,10164.530016923127
35211,5901.170656515216
35212,6531.798480652306
35213,9437.934944036962
35214,7092.592132450037
35215,9714.118331097912
35216,9360.844923118519
35217,8318.74730395136
35218,6245.640515861046
35219,7556.459423052872
35220,8431.812504680078
35221,7101.209982184026
35222,4460.042310799275
35223,5879.2663602066805
35224,8577.99325897723
35225,6078.2652716591
35226,4586.766233669792
35227,7939.572511682113
35228,7084.085746410334
35229,6457.032703202372
35230,6380.535898838735
35231,5589.975582425837
35232,7827.018348575433
35233,7759.2499851567345
35234,6547.660547364468
35235,5948.375288511669
35236,5721.663420158725
35237,6815.883086625586
35238,4380.271430887102
35239,6817.139618850535
35240,6112.705235659999
35241,9103.393782755542
35242,8239.001117604992
35243,7206.515119424866
35244,13543.093192204962
35245,5531.419242603415
35246,6056.19483487809
35247,10618.225704833798
35248,7380.047427142581
35249,9016.4993005327
35250,7879.764007467669
35251,6020.175653247812
35252,7138.209289175051
35253,6265.463548573035
35254,7854.706847084103
35255,11683.978505094701
35256,7806.749586256552
35257,3274.7200600300885
35258,5108.6165990496875
35259,8904.716164607617
35260,9645.309085779098
35261,6958.140428166757
35262,7120.279294186517
35263,5640.922956736931
35264,5355.015803096404
35265,3511.495670144765
35266,5048.2266134823585
35267,7009.329460556053
35268,8105.900065400006
35269,6987.304175490922
35270,6300.593491252448
35271,8562.798943174714
35272,10179.501698130478
35273,8358.25324049434
35274,5904.9526165904945
35275,10302.993306632632
35276,10758.984426799714
35277,5892.852355835743
35278,7630.5771483309545
35279,5719.544363840254
35280,6996.070583833328
35281,4444.788431810342
35282,7623.34620932658
35283,5569.347282171113
35284,9907.088870806316
35285,7692.637566644979
35286,9109.868875344517
35287,8296.955239841385
35288,6039.182404246404
35289,9633.414498842689
35290,19277.221851107195
35291,10990.640840958687
35292,6109.066237327711
35293,3433.287752153511
35294,6923.1513015767905
35295,8638.642735403413
35296,6487.843863394756
35297,12652.53773893467
35298,20642.962571364023
35299,4940.8277643365245
35300,5968.892138314086
35301,10467.872098173922
35302,5521.008870969644
35303,8244.05638541503
35304,6867.645412315578
35305,8081.868296441012
35306,6108.181099202596
35307,7019.824863875427
35308,7034.036845271704
35309,7760.862339321182
35310,10446.604427276916
35311,7169.81374934302
35312,6677.578421931711
35313,8039.075387431311
35314,5906.496390512103
35315,6047.340965930838
35316,8925.39095975969
35317,6038.80860249085
35318,6298.863434726144
35319,7120.816310243504
35320,6559.8431606095955
35321,6427.566672848373
35322,7433.271104003714
35323,7565.536899921593
35324,9088.602328070981
35325,10133.699569546548
35326,8023.513581801083
35327,6020.609969260436
35328,4401.080260133027
35329,6881.207367365349
35330,7054.931064996776
35331,6390.773756125302
35332,5262.5132684344835
35333,8835.180236920723
35334,7183.20167554956
35335,10468.962311691044
35336,7131.677303795816
35337,6009.071343416031
35338,5626.771723611461
35339,4894.272581783263
35340,10018.356854946765
35341,6221.343844274877
35342,8107.643195157199
35343,15724.282081286361
35344,8400.067764941929
35345,6581.989256860168
35346,6289.413040251387
35347,4683.568456084158
35348,7078.770829802508
35349,4290.463055408337
35350,6021.474661300298
35351,10603.097866807057
35352,5758.501414340643
35353,13709.891220192223
35354,13342.08989293463
35355,6224.569917423053
35356,7102.714998662325
35357,6041.469668815965
35358,7070.732688272701
35359,5903.031333198738
35360,12547.95270884969
35361,7881.697101163752
35362,9674.32162781592
35363,5041.480901758462
35364,7732.733135997602
35365,6150.08365361197
35366,9587.669118672884
35367,7378.587267882388
35368,6444.90825545657
35369,7276.26893490413
35370,7270.744639460985
35371,8469.192350929854
35372,9810.88466860911
35373,7424.276320844878
35374,10333.927050701208
35375,7245.307640074657
35376,9727.019057631875
35377,6051.785545379381
35378,6272.256218314582
35379,5937.809518842082
35380,11198.733571089928
35381,7166.866700238696
35382,8175.270755562074
35383,7028.754492990486
35384,9494.274487314775
35385,5475.488211149955
35386,9347.583357352782
35387,7288.965172326307
35388,4580.175143551784
35389,13634.769359850985
35390,17974.545759486842
35391,7535.906610196003
35392,7726.956924281584
35393,9922.258755833487
35394,9828.50548624318
35395,11148.88536449824
35396,5902.948981595636
35397,6898.5951394160375
35398,6426.312723992536
35399,9269.448759132574
35400,4057.506592342738
35401,6291.1495359350065
35402,6247.796671821706
35403,6391.971670509106
35404,7680.731208698938
35405,5952.308823873428
35406,4949.066401397209
35407,8086.053572073915
35408,5097.830382496398
35409,5898.70682525072
35410,6545.255146533759
35411,6329.890929037852
35412,10497.845459060833
35413,10374.739056977884
35414,7754.886397769023
35415,7260.915082658024
35416,7050.707192006907
35417,11865.880885202398
35418,7102.249651625339
35419,5881.515272780443
35420,5826.624945854285
35421,11984.60471315425
35422,4776.898021110361
35423,7660.511424126351
35424,3620.8129656017118
35425,5159.4897343443545
35426,8303.129637312755
35427,7123.0997910610995
35428,6075.469825194959
35429,9545.624976179382
35430,9987.099743170398
35431,12411.02347144277
35432,6890.693084988442
35433,10596.149752401692
35434,3077.5440162288155
35435,6136.182144345767
35436,6966.382332809501
35437,5403.810472366739
35438,9266.742186075468
35439,5385.01107413621
35440,5676.6871722260585
35441,8372.798632141777
35442,11376.748778181303
35443,10454.814838269576
35444,6021.421690580639
35445,5611.021159069481
35446,12583.398705553545
35447,8693.818163168207
35448,5880.847410297281
35449,6166.619789146451
35450,8049.488996178219
35451,9998.885802857094
35452,5380.410552614374
35453,5908.61937202313
35454,8731.37859579575
35455,7980.434858955647
35456,13454.612902145704
35457,7299.76117997685
35458,12417.982755263723
35459,7581.269378975925
35460,6000.083021456137
35461,3432.48661240628
35462,6211.167614857946
35463,6803.258996785217
35464,6430.9726582367875
35465,8365.311656490989
35466,6125.831423259756
35467,4899.586771821698
35468,8030.461046481597
35469,3855.8606963037364
35470,8141.292255999009
35471,7766.4514094010765
35472,8296.749033543418
35473,9351.912598317858
35474,6081.542273307776
35475,9674.863476644054
35476,7136.415039148397
35477,6037.015897728576
35478,6884.198423546
35479,5532.062639882674
35480,10972.62733430026
35481,7394.526336625348
35482,5429.647473514107
35483,7738.519449956356
35484,8898.142501320708
35485,7851.708878642824
35486,6483.707305091511
35487,8627.019683047665
35488,6169.758344612523
35489,7358.737829343002
35490,6297.452876986902
35491,9854.883811747619
35492,6062.403365472329
35493,6912.580844642691
35494,6323.0513287601125
35495,6223.639309787945
35496,4764.474256888123
35497,6150.96242111402
35498,9946.097858814763
35499,9858.244630989664
35500,11131.17849422417
35501,11216.208795657743
35502,9236.054584789623
35503,8789.821332608275
35504,5428.117354840377
35505,10439.86150037246
35506,11946.88813702923
35507,8036.30548921044
35508,8145.962155567596
35509,9311.724850961906
35510,6427.279943648921
35511,3846.4828684644704
35512,12431.813586878181
35513,7580.173388367928
35514,6848.0519202190235
35515,6440.983410967338
35516,2705.958690037255
35517,11481.214575468373
35518,6796.750649836072
35519,5418.663942304843
35520,5100.230626162765
35521,5994.616775119972
35522,7365.031798171246
35523,7698.667678995346
35524,7877.270609084347
35525,5961.570539977913
35526,5428.1509267977435
35527,4275.825757808501
35528,3488.3420500707616
35529,7563.287081612951
35530,18170.528092544417
35531,4595.628361792179
35532,6210.372937869189
35533,6786.4717662383355
35534,5790.7072718364
35535,5753.204719680024
35536,6053.9788650956225
35537,4275.899905257347
35538,8525.88008199094
35539,7302.866479287742
35540,4075.490265097132
35541,10028.2038468911
35542,5892.996402745705
35543,5711.6410210992
35544,11898.728984757026
35545,8176.286566639772
35546,9743.653334185545
35547,5558.7548606956225
35548,6378.942214365317
35549,5680.083883162447
35550,5802.642520058024
35551,14659.817616123446
35552,11171.515073836244
35553,7178.318176817245
35554,5891.327319913839
35555,6132.945100827032
35556,6666.998948654539
35557,4377.656330356448
35558,10343.77551397533
35559,5869.49845301121
35560,6057.489380430406
35561,8589.634625275594
35562,5480.614086278356
35563,6730.643909994717
35564,7483.103842350702
35565,7470.045653012786
35566,8039.035426920688
35567,4134.729349538074
35568,6407.585366102154
35569,6759.162026667491
35570,9396.146245054497
35571,8405.410249045706
35572,8028.883682098131
35573,5379.780807568501
35574,9541.247365020821
35575,6038.228151214382
35576,5128.723657114895
35577,7228.748782900178
35578,7299.396551987774
35579,6270.557364185587
35580,7412.131021016381
35581,6997.872185040544
35582,6536.392886681908
35583,6098.6957438353975
35584,8020.411617484577
35585,7474.41580608784
35586,7011.678138387281
35587,10324.68560250492
35588,6715.534931832417
35589,4667.622997149316
35590,12340.421515226779
35591,5686.864748805837
35592,3263.6031292694374
35593,8227.57186667231
35594,9805.09462718105
35595,12031.30365799339
35596,5744.533083048327
35597,6717.07332037865
35598,6733.52427518087
35599,7263.194424770696
35600,6473.76244252361
35601,9258.47192446476
35602,3443.413510917424
35603,6178.108110603845
35604,6107.241208417034
35605,5890.388393422009
35606,5951.260302699442
35607,7316.339669429257
35608,8123.276348036947
35609,6789.290862331164
35610,8211.60501458206
35611,8061.587315975521
35612,9416.956995683791
35613,5757.62406732139
35614,7629.08121403473
35615,7505.369520513384
35616,9315.077525520632
35617,8573.26958414505
35618,3805.6148667234656
35619,9254.532111557706
35620,7616.159483645023
35621,8008.835871852712
35622,5908.548688748161
35623,4633.4044662766455
35624,9140.067571906746
35625,5937.591249959999
35626,9276.571414538943
35627,6987.368955874049
35628,5792.552413277085
35629,8444.846094710425
35630,6216.1203644365805
35631,6358.272176064556
35632,8953.531268879042
35633,5790.173087041743
35634,10200.864430103593
35635,10798.815036146418
35636,8382.50737613761
35637,5036.722237901897
35638,6240.55046797932
35639,5174.817534540943
35640,3224.8312708321923
35641,8373.120546842809
35642,6352.702643081481
35643,9481.811316196865
35644,5539.211762185768
35645,6289.161270626486
35646,6508.172294039047
35647,9247.745184411247
35648,6039.348591556598
35649,6176.191694783608
35650,5619.530674428959
35651,7897.991823586332
35652,6046.18673733422
35653,8128.711137499659
35654,8210.792989218931
35655,7973.576036907875
35656,9302.805027038308
35657,7121.356863091502
35658,6506.17982252741
35659,5200.449286475561
35660,6167.32884944053
35661,11453.111106373151
35662,9107.58451324881
35663,10257.769080529508
35664,14338.636407353359
35665,5520.0148063049855
35666,5621.06063255879
35667,6544.821665813287
35668,8511.849685311352
35669,10884.510821369613
35670,8348.2793386579
35671,8993.75770195194
35672,8530.37338364701
35673,8068.094098210084
35674,7511.739798536459
35675,6113.647576710696
35676,5022.259110776508
35677,5818.412863993028
35678,4109.266330987519
35679,5550.273542159657
35680,8068.239745493213
35681,17131.208189895533
35682,7530.443140735232
35683,5652.2617899420875
35684,7881.884020404706
35685,5211.8192843094575
35686,6947.085082203275
35687,4617.706424232804
35688,10084.606221947473
35689,7400.531806759318
35690,6711.620737744886
35691,13611.919928384696
35692,12479.065665345639
35693,5324.116544316903
35694,7420.944909677568
35695,4523.747195883457
35696,5818.247396556223
35697,5896.262440106879
35698,9156.452046116436
35699,5178.774211652414
35700,5218.018190129679
35701,6048.905322820326
35702,6210.835320967383
35703,6884.211798129883
35704,7821.296922098754
35705,4357.209076493025
35706,8095.431556974755
35707,9061.642244610619
35708,7582.8321966410485
35709,5155.5313649755735
35710,4778.447766576653
35711,8187.091120516835
35712,5650.751589311165
35713,10248.535352411645
35714,5472.381398680538
35715,6181.814695629654
35716,7640.96175633307
35717,6136.512728895343
35718,5885.3287313513565
35719,6028.533125240945
35720,7609.821879662471
35721,10488.587250940449
35722,9478.842039363293
35723,6576.263723209742
35724,4567.740306065014
35725,6747.805210894964
35726,6530.347639673697
35727,5164.772371747835
35728,6257.361911503069
35729,6202.117367017669
35730,13101.865826167199
35731,8163.732136102734
35732,6458.440379609833
35733,7719.376251631326
35734,5612.329438051869
35735,9136.115699722392
35736,6108.611696689055
35737,12508.646831449618
35738,7327.602119937489
35739,5984.243585489833
35740,5999.279952939841
35741,4510.505321295204
35742,6604.2013247365385
35743,22242.50892378554
35744,4579.49039067127
35745,5661.704017204899
35746,9987.020396689244
35747,7184.276556001526
35748,7812.753816749625
35749,9004.042779825875
35750,6292.735980678008
35751,6019.553287109143
35752,4920.866277525338
35753,10601.743934944541
35754,7000.646449725313
35755,7565.581347611798
35756,8555.6145312866
35757,5759.369228437636
35758,8431.125151522248
35759,7207.256201874513
35760,4664.843310325399
35761,9105.814799114574
35762,10455.528072294996
35763,5296.868251044609
35764,8101.958110884509
35765,7750.319362417162
35766,6172.027215580763
35767,10341.331348055815
35768,7452.55767613421
35769,7710.240810395881
35770,5585.195938702583
35771,5643.169002195178
35772,7217.782882538337
35773,4984.081357328899
35774,8925.832412316142
35775,4685.402579396091
35776,6271.8701328628795
35777,4731.57906983791
35778,6560.174101330851
35779,5941.8659685797575
35780,6766.913660290062
35781,7518.969702874804
35782,9495.035674192308
35783,6830.386803358681
35784,8135.354191238648
35785,6418.423018252589
35786,8658.876832863296
35787,10898.812512357803
35788,7549.84346437908
35789,3628.938143696668
35790,6837.36082624609
35791,7233.144232106926
35792,4365.790241248067
35793,12881.09858599827
35794,6331.057298275716
35795,6751.6225601337
35796,11259.060748912636
35797,7131.760249914005
35798,4445.939342815003
35799,13241.944518365577
35800,10412.206509205154
35801,6328.659844676498
35802,9441.486123316541
35803,9773.46602116613
35804,7578.18514513246
35805,6177.736633739986
35806,6952.354469196705
35807,6231.600357592311
35808,6612.451674387791
35809,7532.817722149426
35810,4537.1037742017
35811,7789.576772805047
35812,7823.667329471059
35813,6422.288162018106
35814,8682.391249958784
35815,6351.242144407178
35816,7075.375115274433
35817,5817.676151859883
35818,8527.839554816983
35819,7262.0442188373345
35820,6693.980298598225
35821,6621.376735885169
35822,7576.006379242836
35823,10132.498989875072
35824,6182.729131272516
35825,5808.976666491304
35826,6886.25813583042
35827,7542.8902052500825
35828,7751.928604056956
35829,4680.659289519477
35830,4623.984690634464
35831,7992.549817788139
35832,8458.280512946325
35833,6492.948251793347
35834,8018.001067163399
35835,6964.873060334213
35836,6757.850891068953
35837,5771.984801498094
35838,3275.431719977225
35839,7634.931850702814
35840,7068.769389660618
35841,6668.246976303026
35842,10025.536769997641
35843,8383.653559493601
35844,4843.847746599122
35845,8226.86370741972
35846,4570.824669285954
35847,2763.360026390809
35848,7314.391246884297
35849,12794.283622436782
35850,7752.7531673229205
35851,7207.598267874844
35852,4902.379417492957
35853,6320.808677674404
35854,8746.135417807336
35855,6159.851299670654
35856,9180.172258844701
35857,5370.64991691633
35858,5189.963591125917
35859,5891.32996606435
35860,5957.418703976806
35861,5543.836541588977
35862,5239.926567352723
35863,5776.215271262407
35864,5340.460948798834
35865,7537.985140681852
35866,6941.503365708384
35867,6043.365528305663
35868,6640.814322151126
35869,8248.94671033463
35870,6050.32301980856
35871,5320.846570650486
35872,11302.43131621382
35873,7559.004203027991
35874,6312.052568358125
35875,3821.29658552654
35876,10865.536482966998
35877,7084.457658813005
35878,5979.857888298498
35879,9096.8733595641
35880,8440.769549701421
35881,7449.805589404705
35882,6524.943197744556
35883,7698.344578342447
35884,9376.891583703004
35885,13297.736147818398
35886,5536.667913195942
35887,5431.642977321527
35888,5764.312463250107
35889,6822.5736667362635
35890,6351.5666585852805
35891,8281.069952065815
35892,8691.853111138587
35893,6297.604597900582
35894,4686.318393152557
35895,6206.958490610704
35896,11105.755000849025
35897,5744.364557057404
35898,8134.534294677295
35899,4305.4766156157475
35900,7916.8990241301435
35901,8552.757374112784
35902,7702.63763485776
35903,8576.673621534977
35904,7019.952367238192
35905,5635.299075995
35906,6525.757846339856
35907,7487.742266717673
35908,9210.481882242626
35909,8002.182776069053
35910,9222.0540556089
35911,6937.22699037425
35912,4667.961526241955
35913,10049.409183087979
35914,4927.985310384347
35915,9429.482308564506
35916,6699.445629792186
35917,5361.648113928977
35918,7984.644244743991
35919,6180.5208524484715
35920,7670.675224289088
35921,8640.985862082578
35922,4092.7163118108087
35923,4641.0463734077985
35924,8255.779189394889
35925,8952.450820444275
35926,10767.484061912464
35927,6301.363415079858
35928,6731.8751435085
35929,6180.876524375725
35930,7310.1316539908785
35931,5507.928054725787
35932,10756.905944665015
35933,9172.977274123254
35934,13075.265955777828
35935,5727.942970558927
35936,6454.570769055026
35937,10993.838990852248
35938,10706.338297057588
35939,5369.804230160539
35940,10687.915123592244
35941,6946.022658731313
35942,6488.3480012879645
35943,6087.958720241768
35944,5726.527969172798
35945,5662.4952308187
35946,6544.999430854115
35947,5500.567407794759
35948,5040.147288843425
35949,8616.144446567583
35950,6971.376021654452
35951,22846.069689459324
35952,7503.249164207575
35953,4922.291254459633
35954,7458.073017325291
35955,11435.105868900717
35956,6969.474445907179
35957,7536.857941999491
35958,6378.640453230821
35959,7764.398045747649
35960,7750.980594930353
35961,5887.12055732907
35962,5685.463710913588
35963,7378.429744175215
35964,8522.354495447244
35965,6987.039977350284
35966,9763.934803121843
35967,5966.550687764551
35968,5615.749282454844
35969,5900.776175553316
35970,10435.560358131032
35971,10454.919537369484
35972,9619.653451522026
35973,8052.515713127613
35974,4325.350077959721
35975,6167.441266360318
35976,5022.425729646202
35977,8174.283347856559
35978,10735.673402125709
35979,10778.662285305265
35980,6068.147868763575
35981,5492.833767627813
35982,5070.862160958763
35983,6072.222658749205
35984,10223.16656175023
35985,6306.6424277668
35986,5867.999339732199
35987,5972.190274358869
35988,7418.480187278142
35989,3400.228728622631
35990,8633.847358073563
35991,5109.591080033466
35992,7807.407527217221
35993,6924.979123591799
35994,6093.243432330659
35995,8664.822077108545
35996,7385.515132737539
35997,5642.328267471574
35998,6765.920987556926
35999,8106.705428611377
36000,11606.036040386567
36001,6952.806659238027
36002,9278.970132104525
36003,8733.646158338142
36004,9762.220341971764
36005,7238.741784039771
36006,9305.280756653121
36007,5084.738122971727
36008,5009.134925046542
36009,6203.316127687966
36010,7006.634973985824
36011,10027.350659218697
36012,8145.41001069089
36013,6187.659826618287
36014,8017.8957829061455
36015,7761.638869435973
36016,9616.720627069777
36017,3565.4754914818664
36018,13365.467428609818
36019,4737.605107334567
36020,6775.145273360692
36021,8460.090193647635
36022,5304.620240315677
36023,6445.861847875929
36024,6097.556562142063
36025,7677.345612407177
36026,6046.097954901849
36027,5974.450800508851
36028,8901.76331126636
36029,8204.240249874223
36030,7264.237982631067
36031,5860.356023640208
36032,7986.097034912344
36033,13146.0206335107
36034,6946.077374995315
36035,5654.413183854041
36036,7418.998308485689
36037,6918.680827262352
36038,6334.826713302313
36039,8676.96600214778
36040,3655.4302569336
36041,8818.251016331857
36042,6139.611995340527
36043,7524.888181130651
36044,10754.790092114103
36045,4566.347523567654
36046,5839.617724486748
36047,5851.047683115363
36048,8636.871066399992
36049,8859.660233995794
36050,5500.08291645854
36051,5037.518832306115
36052,8049.968010385987
36053,6648.536633721563
36054,6281.55107338363
36055,7867.88544407141
36056,7182.942083775145
36057,8230.559309373992
36058,6204.704148352854
36059,4555.961511457332
36060,6530.868973546101
36061,8307.445679794017
36062,8756.51576510266
36063,8401.760703376065
36064,8432.313228896415
36065,6154.175554089581
36066,10271.90445899738
36067,5872.889669767549
36068,6394.593068274266
36069,9538.481301470967
36070,6904.712205243959
36071,9895.037113753695
36072,9030.535491739765
36073,8182.172480769022
36074,6068.666989601875
36075,7403.415497289007
36076,8361.837715515912
36077,7135.185775782459
36078,4478.315614325953
36079,6138.442086864273
36080,8506.498281618979
36081,6107.487263938938
36082,4577.695887765146
36083,8127.51063696606
36084,7246.861699830155
36085,6757.541181837295
36086,6266.772750950563
36087,5490.717252007307
36088,7908.261032439662
36089,7600.799817287812
36090,6630.332019753979
36091,5771.056839972534
36092,5782.300515634198
36093,6607.265047568833
36094,4442.527165288327
36095,6577.31980578662
36096,6072.826128949204
36097,8894.755615384669
36098,8457.50786717806
36099,7260.838143855915
36100,13233.61326681822
36101,5618.349709792182
36102,5973.986695933119
36103,10549.692261351222
36104,7068.811351246556
36105,8994.769615022846
36106,7582.219793034655
36107,5957.655304322943
36108,7073.9681212455025
36109,6270.6650407436355
36110,7979.909502123567
36111,11650.721090204122
36112,7799.466745006439
36113,3328.573489708854
36114,5057.662768343689
36115,8878.050145823605
36116,9213.20080198469
36117,6956.868516384584
36118,7018.36917045118
36119,5519.412457226653
36120,5437.9941902795745
36121,3436.9291328586432
36122,5082.712444597168
36123,6838.282035585651
36124,8137.359361855133
36125,7146.018378566435
36126,6286.042810227062
36127,8495.796463485352
36128,9890.272084651293
36129,8018.9257447124555
36130,5934.814883545714
36131,10466.884676982923
36132,10367.970094951259
36133,5852.550582530636
36134,7676.514122180942
36135,5696.804204092384
36136,6818.346609073216
36137,4269.971594060984
36138,7682.870525685698
36139,5392.363243641767
36140,9914.649716681492
36141,7450.968828980507
36142,8889.859822239217
36143,8117.552642453624
36144,5911.017285936567
36145,9595.825062822258
36146,19238.882430449063
36147,11087.099923489686
36148,5967.019923581112
36149,3166.017765080056
36150,6678.996990559509
36151,8723.958199715973
36152,6471.185497081164
36153,12189.01857996819
36154,19914.0044776118
36155,4861.926492786634
36156,6003.183880099159
36157,10995.45149604104
36158,5294.565800035203
36159,8113.647763339674
36160,6845.553013836033
36161,8163.229103854474
36162,5872.0895313686615
36163,6891.497491540404
36164,6621.2782685185575
36165,7550.356386709139
36166,10381.756774101683
36167,7037.309790471437
36168,6638.725646051597
36169,7868.920800556111
36170,5762.005309148432
36171,5968.22591247462
36172,8827.076750974404
36173,5940.55282817585
36174,6211.184277417636
36175,7191.788519819577
36176,6852.608040838294
36177,6777.4521516862915
36178,7445.065027214436
36179,7879.783508322867
36180,8899.060844329138
36181,10222.576428729815
36182,7973.950878820892
36183,6022.844480161447
36184,4239.0905415624175
36185,6937.187859447183
36186,7092.484887507068
36187,6298.096217156733
36188,5352.372465611852
36189,8864.813537940743
36190,7148.555208478484
36191,10731.907312700245
36192,7314.507111863415
36193,6029.109201866075
36194,5644.985711934041
36195,4822.893083593943
36196,9981.00982227923
36197,6008.239174756984
36198,7797.194656146379
36199,16123.225205018382
36200,8198.49868414528
36201,7006.807434420544
36202,6003.258639895952
36203,4649.355805931389
36204,6984.7922809859765
36205,4293.456655286479
36206,6106.723224431114
36207,10581.656749842283
36208,5672.449755919166
36209,13791.910628290045
36210,13891.523051352331
36211,6024.692026842201
36212,7229.385756039033
36213,5994.450545333716
36214,7031.440542872935
36215,5820.333914150748
36216,12352.915834607193
36217,7695.511790557366
36218,9781.87914129392
36219,5133.27359807804
36220,7610.675182009285
36221,5960.374653717075
36222,9892.56106170625
36223,7315.258203000684
36224,6466.852651129262
36225,7179.57306950076
36226,6876.345021076203
36227,8232.456013633619
36228,9805.20993395484
36229,7229.822108320817
36230,10414.767729938789
36231,7194.6047295328
36232,9823.29379054008
36233,5943.339950617827
36234,6249.241962532008
36235,5794.834433680388
36236,10991.50353444447
36237,7035.948756433433
36238,8143.223954716872
36239,7216.6893129148075
36240,9413.059389423075
36241,5361.183450484753
36242,8964.328689333357
36243,7311.812953609801
36244,4372.83303058845
36245,13714.331303503774
36246,17830.33365392875
36247,7421.880628073564
36248,7553.248009825272
36249,9930.917271125685
36250,10030.02542555698
36251,11338.626010432981
36252,5880.495265252663
36253,6990.548880889048
36254,6342.510410870489
36255,9063.94866469164
36256,4000.4701025332442
36257,6347.398697674071
36258,6009.417859889662
36259,6448.711955577765
36260,7725.1720901939025
36261,6035.555021882587
36262,4865.428797501805
36263,7776.740615565746
36264,5081.7613325465345
36265,5779.920828216939
36266,6893.235476335437
36267,6291.980407825643
36268,10094.679685195255
36269,10155.560903418494
36270,7955.408140937804
36271,7089.532049626901
36272,6951.99685181401
36273,11946.340566762801
36274,7239.517046295412
36275,5688.812749406343
36276,5870.6700730540815
36277,11953.239435684596
36278,4753.865334306394
36279,7318.334859279527
36280,3308.3623956405922
36281,5281.74926927768
36282,8943.724728806055
36283,7198.498418909685
36284,5952.366010341848
36285,9445.855415171152
36286,9900.046580658665
36287,12801.40985840084
36288,6950.295577546275
36289,10514.124920153157
36290,3220.108876313269
36291,6000.763108528621
36292,6605.861177789811
36293,5265.266842024802
36294,8891.385685717289
36295,5342.8992385773245
36296,5724.117050128576
36297,8599.972706535566
36298,11519.944690708813
36299,10610.75497033281
36300,6063.354754725073
36301,5619.704249522324
36302,13409.670004089803
36303,8581.293034192506
36304,6127.93426454269
36305,6023.106951659449
36306,8011.802967759835
36307,9976.458171630482
36308,5242.281652434406
36309,6032.39743808297
36310,8652.689791741865
36311,8044.017842889938
36312,13712.027050555447
36313,7457.349773877979
36314,12406.957356360641
36315,7635.841439754684
36316,5945.77391033325
36317,3500.6381292826586
36318,6379.402438944795
36319,6856.233770776502
36320,6334.664754686263
36321,8021.227117119365
36322,5965.384977765222
36323,4937.042524855301
36324,7857.9783529764745
36325,3530.881361962924
36326,8352.409608705406
36327,7562.8874085488
36328,8407.321019807647
36329,8972.941066296797
36330,6001.973651798191
36331,9687.677088310036
36332,7223.015966793589
36333,6065.619246079663
36334,6995.374664459594
36335,5696.617451535699
36336,11093.55037170191
36337,7168.185044989951
36338,5561.090120293448
36339,7684.028204400488
36340,8753.81817183955
36341,7735.706944173496
36342,6401.873038443468
36343,8383.840216650662
36344,6219.285424184542
36345,6818.795466816517
36346,6254.996765771458
36347,9368.183123373134
36348,6405.428570514288
36349,7123.436162980021
36350,6075.905223488785
36351,5958.391209431784
36352,4789.746797635283
36353,5954.44876278005
36354,9773.922252856783
36355,9719.930314906658
36356,10649.81509759705
36357,11227.44069785007
36358,8858.418143947038
36359,8655.305343506438
36360,5540.573925113526
36361,10808.292189113823
36362,11798.667598443953
36363,7771.494405484986
36364,8509.452216822137
36365,8936.049004178365
36366,6619.425787779648
36367,3949.197397410312
36368,12438.481840593366
36369,7656.775534697394
36370,7302.253899513557
36371,6534.109946792089
36372,2759.427040288239
36373,11588.15075579721
36374,6964.708490792206
36375,5162.201098675126
36376,5063.64800442132
36377,5843.177647049554
36378,7104.476686675999
36379,7972.396372876
36380,7709.764452200795
36381,6005.715118347755
36382,5542.06591690107
36383,4417.142953978597
36384,3380.7620969101913
36385,7307.053794975848
36386,17785.15928948756
36387,4588.787136835829
36388,6316.29564939446
36389,6908.803433452322
36390,5794.3370945436345
36391,5620.6259509864685
36392,5938.1838517432025
36393,4266.357473040717
36394,8304.148497316923
36395,7168.717778075171
36396,4170.676119690752
36397,9974.239994816413
36398,5869.029034938794
36399,5545.962862666613
36400,12007.299976981945
36401,8154.46237619919
36402,9666.041971475222
36403,5729.766152257214
36404,6538.982848631753
36405,5478.12782713252
36406,5687.230597426359
36407,15175.422493076281
36408,11189.056499410157
36409,6813.67108478646
36410,5939.647795125395
36411,5942.943724319307
36412,6508.0990322547395
36413,4638.3696834468055
36414,10941.772062491855
36415,5958.616088001381
36416,6074.63289132243
36417,8337.056867578376
36418,5259.276823843601
36419,7009.654651831231
36420,7676.490726061987
36421,7312.130055073436
36422,7904.277532180256
36423,4151.507231753704
36424,6496.845608888745
36425,6671.151314135021
36426,9664.317970274084
36427,8206.29278501984
36428,7851.855636454835
36429,5491.067516060879
36430,9318.411035063687
36431,6183.832514916652
36432,5164.67368017123
36433,7031.446215423642
36434,7338.352730768711
36435,6438.887677730181
36436,7371.23960341412
36437,6630.9552558002915
36438,6387.403126795878
36439,5926.639653422933
36440,7871.157766959093
36441,7301.951789758246
36442,7057.463611321692
36443,10351.722845037006
36444,6560.373566570582
36445,4575.953289521399
36446,11708.411515248108
36447,5816.395476577728
36448,3371.534283037329
36449,8058.9111887089075
36450,9692.027288491656
36451,12218.184263819336
36452,5712.552075219935
36453,6434.187440650663
36454,6868.9262744421185
36455,7230.641916229718
36456,6250.238375579925
36457,9107.48908927808
36458,3418.842271594163
36459,5958.729491896507
36460,6016.784790085071
36461,5883.108308748597
36462,6016.496188313296
36463,7161.192391628367
36464,8061.33382282272
36465,6660.803912780993
36466,8477.839679221603
36467,7861.911148661055
36468,9140.55750061799
36469,5633.40224060332
36470,7538.0254406834465
36471,7769.879096932757
36472,9241.506224967443
36473,8482.497458061662
36474,4315.463704584318
36475,8979.18900625651
36476,7400.869959887609
36477,7729.087704790699
36478,5865.138462695085
36479,4726.604020293223
36480,9211.326250139258
36481,6076.449355008619
36482,9202.584950973127
36483,6958.053299233691
36484,5916.957940367402
36485,8256.113283443878
36486,6347.761358953017
36487,6356.2946727495455
36488,8944.943977297324
36489,5964.667437726074
36490,9833.50831648125
36491,10563.19855571307
36492,8581.644094050249
36493,5041.60851725187
36494,6076.500860519607
36495,5177.644055569034
36496,3224.151929063311
36497,8276.794655869351
36498,6257.105616153457
36499,8945.55645908431
36500,5348.574317792365
36501,6104.315964315572
36502,6501.243066538372
36503,9160.239405024637
36504,5856.908600607295
36505,6119.6040535097245
36506,5622.172082073523
36507,8074.503099775402
36508,6037.004373202301
36509,7959.68532425654
36510,8180.4192411745635
36511,8073.671806628272
36512,9161.50155849529
36513,7060.489724067232
36514,6489.4851860638755
36515,5194.001558429453
36516,5965.46395978987
36517,11027.318349535812
36518,9214.019040014635
36519,10682.823014704865
36520,13323.814088305595
36521,5567.904158967778
36522,5735.219734282707
36523,6524.459309014997
36524,8497.040955669898
36525,10690.21104832785
36526,8130.783361182877
36527,8697.638700411437
36528,8424.737234001206
36529,8079.414071878983
36530,7183.173406882578
36531,5957.529891885826
36532,4992.591110388437
36533,5667.616268632646
36534,4161.419006537985
36535,5656.296119579419
36536,8168.058630601573
36537,16889.51116574661
36538,7440.143234114733
36539,5679.86896021126
36540,8081.744177133759
36541,5152.251704031957
36542,6680.805987974196
36543,4566.947367903146
36544,10241.37496363253
36545,7278.969770748834
36546,6456.224714461281
36547,13653.248187989846
36548,11714.424331142482
36549,5468.869012927448
36550,7669.795137910053
36551,4366.424499998659
36552,5866.2834685090265
36553,5775.871937226927
36554,9177.569289712594
36555,5282.459836957914
36556,5062.356125855963
36557,6117.209305040843
36558,6068.328477781643
36559,6917.42873486453
36560,7744.878461882351
36561,4433.803855783804
36562,7796.880258211358
36563,8984.238813769776
36564,7439.041253653623
36565,5013.505010068876
36566,4850.521296501083
36567,8327.037113399358
36568,5456.026725276081
36569,9953.366245056119
36570,5332.798127910477
36571,6229.815356377694
36572,7665.269437996522
36573,6092.87956995338
36574,5764.5484267617285
36575,5980.709327817504
36576,7631.1207203803015
36577,10000.2418436208
36578,9718.657112212124
36579,6350.105489851947
36580,4569.096292897493
36581,6795.383692258724
36582,6724.734580450336
36583,5041.175998387783
36584,6302.79320834859
36585,6249.209999055722
36586,13362.41240622168
36587,8190.139315389772
36588,6396.800663636598
36589,7593.855392778455
36590,5617.741179751769
36591,8841.543953698807
36592,6168.036208331497
36593,12913.50160482586
36594,7204.615323852047
36595,5998.361350962924
36596,5889.4754653736545
36597,4360.79097415187
36598,6902.2192296301855
36599,21096.010305305677
36600,4417.252581099779
36601,5644.358189134731
36602,9712.28062190715
36603,7068.680685314755
36604,7861.299736193841
36605,9045.071617190997
36606,6269.427912711784
36607,5864.035113513641
36608,4984.247290009072
36609,10748.904112695107
36610,7045.103519856853
36611,7425.116658104672
36612,8767.506346224643
36613,5974.254342654212
36614,8442.768971288002
36615,6892.673437271867
36616,4540.73121884254
36617,8905.558775982208
36618,10021.568638668006
36619,5380.936367595214
36620,7965.854845755947
36621,7658.533223832232
36622,6060.836772701362
36623,10113.746393306748
36624,7377.287601987187
36625,7668.394853233305
36626,5455.7446981334915
36627,5518.419999048664
36628,7255.927973969639
36629,4949.683120348626
36630,9021.558671313856
36631,4721.808906510316
36632,6350.56249632145
36633,4653.3356866323575
36634,6738.645791222732
36635,6033.137151867795
36636,6929.954582184191
36637,7318.995191244242
36638,9058.764080003768
36639,6870.745296102709
36640,8025.139955007494
36641,6774.689611725797
36642,8695.402527274493
36643,11203.215572069388
36644,7524.858284615136
36645,3349.177823461733
36646,7012.407382470471
36647,7294.210561610062
36648,4362.364850257864
36649,12791.47156379603
36650,6166.189069763771
36651,6946.73687686333
36652,11231.553665921461
36653,7136.928674918478
36654,4514.595559189202
36655,12936.513654886232
36656,10151.214748914012
36657,6298.7306152345245
36658,9878.298150373434
36659,9698.35417718957
36660,7096.390065548319
36661,5845.394413796986
36662,6889.542242799474
36663,6226.34863317732
36664,6660.7397898439
36665,7419.236384915229
36666,4544.674070392146
36667,7509.407537843812
36668,7684.517116102158
36669,6472.817462983161
36670,8415.438778612839
36671,6285.846466894032
36672,7102.623661180835
36673,5988.660429280801
36674,8379.828130624257
36675,7165.115218357545
36676,6446.605812313427
36677,6799.43929555374
36678,7569.542944132134
36679,10106.506499745285
36680,5984.259305832456
36681,5935.670572386333
36682,6791.134533495493
36683,7494.0547884201205
36684,7889.860562194052
36685,4693.243887212246
36686,4674.126507722061
36687,8154.309612797987
36688,8031.420422132824
36689,6448.661898862113
36690,7945.10615392459
36691,6728.255199796946
36692,6700.932426691437
36693,5615.5673611780885
36694,3444.732414368148
36695,7740.144392393017
36696,6880.435878681087
36697,6329.095063505933
36698,10244.680116031004
36699,8573.58943581034
36700,4927.912247896826
36701,8410.236217936957
36702,4589.604843506401
36703,3140.7085963011427
36704,7206.898335797296
36705,13169.416596613772
36706,7772.351201833815
36707,7224.799814892649
36708,5082.789904422752
36709,6395.042230068208
36710,8827.84574822315
36711,6377.8760090513815
36712,9163.129270641237
36713,5353.86121384662
36714,5241.903038114684
36715,6020.681805412565
36716,5952.956567428778
36717,5354.219904333037
36718,5256.83548216449
36719,5726.866583733571
36720,5112.573706669919
36721,7528.535035567299
36722,6753.676147457042
36723,5914.109128328793
36724,6689.18135228805
36725,7986.285815816448
36726,6018.653744903145
36727,5398.697800503319
36728,10988.701707436934
36729,7670.4487562793265
36730,6176.027136169724
36731,3648.6039724066104
36732,10792.099902266968
36733,6659.9118584166135
36734,5842.00784478125
36735,8692.832352499834
36736,8482.908255394539
36737,7409.879494104359
36738,6647.924709224813
36739,7714.911901566632
36740,9158.030298594771
36741,13922.77462695333
36742,5601.004486555106
36743,5410.2464913992835
36744,5624.2196144461495
36745,6828.396477786577
36746,6271.535141331482
36747,8405.706511401533
36748,8821.345042070336
36749,6394.4217008032865
36750,4596.322870776088
36751,6193.390139256056
36752,11644.810627080617
36753,5365.64700921414
36754,8099.942139957892
36755,4434.895397408814
36756,7662.248477068389
36757,8785.67611956391
36758,7796.1526224512945
36759,8764.647974707614
36760,6967.082963616185
36761,5344.936400156506
36762,6616.49459363486
36763,7351.22012783376
36764,9064.251160549704
36765,7894.636319342916
36766,8814.24473200718
36767,6617.361696193506
36768,4656.962084358433
36769,9928.713790351592
36770,4820.9127379897855
36771,9590.399525550727
36772,6744.767542855289
36773,5285.955333877426
36774,8096.413722327401
36775,6277.546456076048
36776,7527.478678451527
36777,8521.970566385029
36778,4131.351144357103
36779,4731.001603106058
36780,8289.605976153729
36781,9131.877462891556
36782,11105.75423506587
36783,6206.841937366287
36784,6930.944142561577
36785,6336.257573697739
36786,7035.637674408654
36787,5460.779577515111
36788,10372.776491956818
36789,9172.81206511108
36790,13372.27782902192
36791,5452.9787982409325
36792,6266.791636227636
36793,10669.61715257285
36794,9827.112263091063
36795,5226.16953253206
36796,10574.094432792876
36797,7107.096969564456
36798,6166.475731772472
36799,5904.254270567347
36800,5546.031345176218
36801,5572.204738794088
36802,6475.775836637275
36803,5480.174808496918
36804,5050.985769261193
36805,8792.950144217164
36806,7020.760627882401
36807,21913.50975100797
36808,7437.478307001194
36809,4983.99389528256
36810,7547.1689650491535
36811,11584.140618863234
36812,7072.520704355104
36813,7839.265916568482
36814,6410.329816288139
36815,7995.261853037213
36816,8147.79994306917
36817,5795.893282539513
36818,5790.256187359075
36819,7309.825750605965
36820,8813.359648570598
36821,7235.145915846365
36822,9316.601946966002
36823,6102.015006345192
36824,5704.043422375445
36825,6005.290372500347
36826,10475.882487270346
36827,10641.166715817797
36828,10074.979146856602
36829,8214.098627862622
36830,4467.227502896303
36831,6208.707015982355
36832,5047.423918332462
36833,8319.084863898015
36834,10647.285072247216
36835,11159.858489858012
36836,6203.755940321809
36837,5620.139891971643
36838,5136.965901819379
36839,6028.857664991047
36840,10573.579590046069
36841,6675.762866431029
36842,5906.479360670245
36843,5902.473260651784
36844,7580.340708862113
36845,3563.0492770466176
36846,8666.427079358999
36847,5154.781182175367
36848,7838.837825086785
36849,7048.55812822147
36850,6230.92199901316
36851,8813.117801991515
36852,7776.28672001081
36853,6200.715157393564
36854,6999.9624589512305
36855,8121.066768297833
36856,11559.082144744427
36857,7037.287398317642
36858,9733.315303508229
36859,9193.362124294355
36860,10119.537667545768
36861,7285.2708585261325
36862,9483.610876331444
36863,5127.882723134596
36864,5041.014922213448
36865,6447.16590558646
36866,7080.59648977978
36867,10112.070234810282
36868,8277.719061532809
36869,6401.203205717404
36870,8071.924309393042
36871,8042.439435224501
36872,9690.75962953175
36873,3686.185579727359
36874,14049.290505827537
36875,4774.283185814344
36876,6848.561698376952
36877,8717.761868817906
36878,5473.686746175902
36879,6504.400913435199
36880,6155.278080415533
36881,7764.312883631505
36882,5914.425749022548
36883,6288.04580480034
36884,8905.966869569946
36885,8292.760393537277
36886,7619.997033610724
36887,5944.661902029888
36888,8069.272943107238
36889,13180.255530068463
36890,7158.874539853677
36891,5753.562114242681
36892,7342.443832580509
36893,7048.775909600138
36894,6411.504653135595
36895,8776.865179542452
36896,3648.3462619272486
36897,8908.993465108957
36898,6357.8314478472985
36899,7791.776572396713
36900,11179.122823506705
36901,4672.814797756347
36902,5873.026967757684
36903,6034.397098641485
36904,9019.58109322134
36905,9045.953404023563
36906,5575.924043126702
36907,5108.787689275238
36908,8225.731050546769
36909,6820.6637225931245
36910,6256.580865401835
36911,7935.039625588723
36912,7393.358450996834
36913,8318.644522695435
36914,6311.294008503709
36915,4698.594271232253
36916,6944.9941502517495
36917,8454.857067732893
36918,8862.227445171366
36919,8440.973911822502
36920,8524.7131835753
36921,6363.774705668121
36922,10254.964277209461
36923,6122.154851686346
36924,6532.7927257052415
36925,9389.855273518333
36926,6926.029917299701
36927,10062.526151680384
36928,9287.91987229695
36929,8243.480549130214
36930,6074.769576518985
36931,7612.475352588115
36932,8285.900285484862
36933,7122.342346435854
36934,4610.561371697615
36935,6174.565268567077
36936,8779.393531990663
36937,6221.9500879418365
36938,4619.991342698776
36939,8180.661500166641
36940,7481.120182437047
36941,6807.658200843749
36942,6536.970645826245
36943,5524.172589352939
36944,7892.534046899721
36945,7772.520637393737
36946,6765.531050859256
36947,5904.95795067623
36948,6069.488764963334
36949,6852.092650944719
36950,4472.106934989028
36951,6921.903602487659
36952,6095.7255621505465
36953,8839.10967136243
36954,8672.789748582181
36955,7493.720004800783
36956,13506.548340479098
36957,6063.334694928454
36958,5901.271591859625
36959,10800.923214620776
36960,7450.149113958935
36961,9242.289294701084
36962,7717.686534264288
36963,6041.234771225506
36964,7192.535102166559
36965,6631.345123665748
36966,7999.294720535371
36967,12112.810839378875
36968,7676.925931010438
36969,3314.50632550784
36970,5141.062526688253
36971,9063.540466450531
36972,9337.557720737277
36973,7313.1060480599035
36974,7236.129344126947
36975,5534.308291942565
36976,5604.853840809879
36977,3377.062654469888
36978,5218.697062923101
36979,7044.377196895708
36980,8093.779156374262
36981,7440.521130206898
36982,6590.348517833593
36983,8472.875971136378
36984,10139.83977695288
36985,8087.000077433737
36986,5929.120901017003
36987,10881.089759922867
36988,10384.112253407435
36989,5985.7178080781005
36990,7823.832905492507
36991,5622.17638639941
36992,6990.709961967544
36993,4206.768292952016
36994,7957.9858126961935
36995,5526.829384795836
36996,10257.731430839764
36997,7662.204169669863
36998,8960.656474367677
36999,8465.465489130627
37000,5821.028015473203
37001,10008.443184425652
37002,18998.852639077155
37003,11198.831778271891
37004,6245.073159415303
37005,3284.21644925533
37006,6859.831840747195
37007,8968.489456747764
37008,6579.08557492793
37009,12166.8255215021
37010,19979.410204979948
37011,4916.535516278201
37012,6050.395417785403
37013,10742.481542149304
37014,5435.118905053886
37015,8244.297880544489
37016,7095.661599982497
37017,8186.431031597801
37018,5878.714121962548
37019,7200.693140291466
37020,6811.273233465423
37021,7643.739395734407
37022,10437.96898543771
37023,7156.739304495926
37024,6594.055915653148
37025,8092.577817622697
37026,5860.682501461138
37027,6173.437154577823
37028,8913.918955890107
37029,5977.597565912925
37030,6402.198891461503
37031,7382.471068328896
37032,7071.8940162505005
37033,6971.720586390955
37034,7706.732673366579
37035,8409.899773332427
37036,8953.195597773221
37037,10203.040726142046
37038,8328.521313981586
37039,6117.570830656905
37040,4283.56899838068
37041,7177.410303968289
37042,7373.03062124578
37043,6724.19614399274
37044,5426.727583441496
37045,9111.91993582265
37046,7177.8788307656105
37047,10675.860539602663
37048,7519.473150193755
37049,6077.225155965288
37050,5692.121501001262
37051,4833.601208060616
37052,10108.968596395693
37053,6109.366520667509
37054,7904.9303756822455
37055,16002.252725514123
37056,8289.856312258213
37057,6612.455304552107
37058,5938.428312886283
37059,4763.165798706166
37060,7155.1171167547145
37061,4160.368583391137
37062,6340.521126595583
37063,10745.99433329546
37064,5438.262912516602
37065,14222.074592058356
37066,14557.421784799995
37067,6066.209160630049
37068,7511.413457035066
37069,6195.537245664336
37070,7222.589188757583
37071,6013.051401856231
37072,12281.944076673526
37073,7687.538576153185
37074,10202.683572746908
37075,5210.268083235557
37076,7747.7333879654625
37077,5910.3979291965325
37078,10188.27455931986
37079,7449.74074607594
37080,6594.287396044
37081,7288.975989290888
37082,7066.009900159051
37083,8354.381687282937
37084,9703.610330860964
37085,7372.974402748052
37086,10447.153104874273
37087,7365.159450470967
37088,10213.863585114437
37089,6102.455797342016
37090,6350.697442584491
37091,5878.389266541904
37092,11524.561356151946
37093,7135.5913886102835
37094,8032.208217457173
37095,7471.408302201769
37096,9431.801124394487
37097,5334.584171402675
37098,8903.129806671715
37099,7333.968968333203
37100,4245.903695893098
37101,14327.709364951852
37102,18058.830699607057
37103,7809.798258227636
37104,7727.426795933024
37105,10297.137350857469
37106,10245.436568430865
37107,11653.65522529851
37108,5926.348838003252
37109,7189.0629566803855
37110,6428.78222101542
37111,9329.906639523657
37112,3885.1298412736164
37113,6636.291548262571
37114,6114.707034238274
37115,6531.331757347707
37116,7871.083256911439
37117,6240.99249571305
37118,5075.914814924674
37119,7970.14188272506
37120,4893.644056865926
37121,5829.88660031934
37122,6930.9854149534785
37123,6611.2460500668885
37124,10244.091723549727
37125,10396.569751549334
37126,8113.381502434523
37127,7290.796860218985
37128,7161.439087622957
37129,12027.00008610292
37130,7441.7898601565985
37131,5884.739212954952
37132,5983.124538265969
37133,11959.416436760222
37134,4711.784619649999
37135,7417.410949366611
37136,3378.054508298458
37137,5436.662556882847
37138,8126.397796313007
37139,7309.120462421185
37140,5941.975227578912
37141,9572.288953819132
37142,9819.664935134137
37143,13092.316524370708
37144,7106.661106531869
37145,10845.016624711208
37146,3316.4346318457806
37147,6135.6289926388
37148,6947.201504516367
37149,5473.373165636831
37150,9196.522958597434
37151,5380.4398037511355
37152,5807.1165830798345
37153,8651.993659842346
37154,12087.131068117375
37155,10602.877548712771
37156,6199.399294134726
37157,5634.377359774485
37158,13838.180236991933
37159,8796.807519025506
37160,6259.619012050935
37161,5936.583412891428
37162,8289.807690519205
37163,10262.340007113122
37164,5433.454949235591
37165,6060.5692556159565
37166,8868.54583429161
37167,8179.423582402467
37168,13853.220197951163
37169,7239.222534600031
37170,12819.628977672088
37171,7719.252024902034
37172,5922.606409490452
37173,3326.0045470454934
37174,6778.314714102152
37175,6982.204735182947
37176,6219.535200118837
37177,8118.108794517429
37178,5918.998977431544
37179,4975.858925658879
37180,7945.152062084075
37181,3770.2697048684986
37182,8649.44364805287
37183,7887.67814088544
37184,8593.296610591566
37185,8969.913543640445
37186,6123.152430270398
37187,10002.890858354911
37188,7443.677846133477
37189,6296.54904265215
37190,6861.778194744225
37191,5924.0793221860995
37192,11270.733248345752
37193,7278.108454548136
37194,5667.358456219341
37195,7861.074497826075
37196,8805.16202040776
37197,7802.260855073568
37198,6648.502187833331
37199,8401.316328815608
37200,6459.015276943681
37201,6854.670570828019
37202,6321.455480928526
37203,9300.712489134168
37204,6413.996387177143
37205,7222.229490200865
37206,6183.104142488729
37207,5964.0450642047845
37208,4872.489296605095
37209,5997.983990283425
37210,9708.66919903708
37211,9744.29711711974
37212,10704.659429899184
37213,11358.57093009005
37214,8658.73890194304
37215,8860.817371306443
37216,5613.994073064359
37217,11112.819657668571
37218,11979.655718292184
37219,7606.498817792519
37220,8502.592856853626
37221,8975.762304064665
37222,6903.049170718499
37223,4095.3285283832975
37224,12534.440649917373
37225,7901.212519043294
37226,7444.716757625103
37227,6557.488263882133
37228,2918.934874288858
37229,11753.620674531063
37230,7094.261608925126
37231,5305.783286734081
37232,5030.866407315506
37233,5971.525590591161
37234,7304.639989506802
37235,8332.53149677235
37236,7754.650072341766
37237,6295.377435121069
37238,5513.666701735822
37239,4585.863869698625
37240,3555.2071521240573
37241,7473.162869914751
37242,17238.055953034476
37243,4696.551865964156
37244,6376.372858063188
37245,7286.86116786628
37246,5843.559904039361
37247,5911.1130032980245
37248,5893.861204158542
37249,4357.762734232651
37250,8321.967817102848
37251,7274.722428731088
37252,4308.259331411337
37253,10341.70877462553
37254,5848.514785296746
37255,5636.552645211829
37256,12141.216550115678
37257,8288.442738400683
37258,9966.681424992741
37259,5739.936475787554
37260,6868.167920382854
37261,5699.632610562412
37262,5428.835430666735
37263,16262.146874831908
37264,11258.808130550815
37265,6825.32969664896
37266,6054.681095330459
37267,5892.548541833526
37268,6760.5864682121655
37269,4451.890127131827
37270,10387.925412696342
37271,6315.052841276619
37272,6250.513021182888
37273,8462.654815930406
37274,5412.822240174951
37275,7131.517438167633
37276,7920.677666120891
37277,7620.0404031770095
37278,7817.500844654983
37279,4334.243025600585
37280,6727.539161995851
37281,6542.902413485384
37282,9967.317856991951
37283,8436.343294614528
37284,7960.837762020854
37285,5439.0643894904
37286,9294.589371085687
37287,6427.257733032656
37288,5122.434733990198
37289,7265.0899304454715
37290,7354.078439157531
37291,6628.157312755355
37292,7375.7409821408855
37293,6838.132593346224
37294,6384.081613986578
37295,5959.002875608299
37296,7909.820074670287
37297,7323.879054524457
37298,7287.043344642416
37299,10498.958964222014
37300,6772.946053176282
37301,4599.776042810828
37302,12114.584538225674
37303,5957.0896850234485
37304,3525.3192904391613
37305,8352.035720275835
37306,9881.411339749431
37307,12235.435080502351
37308,5812.0407303251695
37309,6413.814467343505
37310,7018.663466087478
37311,7502.996269717363
37312,6273.747430783796
37313,9276.787642502084
37314,3344.256136109079
37315,6217.746349790079
37316,6189.847961248451
37317,6187.827156942445
37318,6046.7615435784355
37319,7345.910035307344
37320,8290.564246418928
37321,6950.104345101006
37322,8801.350088849429
37323,7705.443630467229
37324,9285.587330979439
37325,5725.215784881259
37326,7560.9695238695185
37327,8142.151530349682
37328,9331.287981736998
37329,8654.9621022269
37330,3847.6647613567284
37331,9184.183205111234
37332,7521.443977905018
37333,7917.248247478071
37334,6096.941167616756
37335,4816.6246320562195
37336,9494.817157300096
37337,6280.985028413398
37338,9404.211800281508
37339,7046.248027841647
37340,6167.3143208685005
37341,8142.313907763827
37342,6629.652359050596
37343,6641.545286177109
37344,9016.02197386452
37345,6207.526998323664
37346,9888.541917248029
37347,10784.64969274022
37348,8775.537386996224
37349,5306.834940628383
37350,6201.0701202571345
37351,4977.387025127342
37352,3360.1230346601183
37353,8363.856570511382
37354,6229.390706826454
37355,8907.388841761813
37356,5413.318902591876
37357,6265.275829017043
37358,6603.837713536948
37359,9418.581571073613
37360,5932.041606474517
37361,6241.0188229151545
37362,5759.488029958292
37363,8046.842294377403
37364,5849.194782441812
37365,8133.371867444165
37366,8214.102405739737
37367,8262.318237946005
37368,9394.560460841183
37369,7124.688494902279
37370,6428.1290874546385
37371,5265.820670086034
37372,6056.626118690992
37373,11376.05068916324
37374,9303.760951419303
37375,10610.584937397254
37376,13446.304425451668
37377,5668.50485328328
37378,5729.203618090835
37379,6754.460870722915
37380,8577.443340847836
37381,10866.735486557947
37382,8328.957676939963
37383,8728.789769639676
37384,8587.93968431902
37385,8432.747048921545
37386,7303.756851980833
37387,5963.769466677272
37388,5244.278487747206
37389,5560.227123847397
37390,4170.049984191101
37391,5768.7227500037925
37392,8224.345290662111
37393,16917.207515919436
37394,7716.0888428297185
37395,5807.323312371947
37396,8129.881276994977
37397,5303.154633078991
37398,6749.746624635952
37399,4590.1236614983145
37400,10222.658167848931
37401,7479.150935183631
37402,6712.28631710081
37403,14169.24824586462
37404,11866.480912377883
37405,5486.302771663089
37406,7873.447434924947
37407,4417.64137546668
37408,5900.7263657110125
37409,5848.637087147739
37410,9047.427505577642
37411,5190.131144043482
37412,5186.64361857874
37413,6334.058246599486
37414,6269.411414291471
37415,7144.407117729194
37416,7700.207516363163
37417,4403.551519774215
37418,7869.730185344361
37419,9140.932430891682
37420,7438.327158633077
37421,5296.102703436163
37422,5058.493355758244
37423,8344.754491893505
37424,5711.172791306053
37425,10282.051193578061
37426,5175.249521622569
37427,6342.970738287107
37428,7680.400438295575
37429,6334.988704558187
37430,5867.366320906655
37431,6082.1278525647585
37432,8012.638158787356
37433,10450.396981072352
37434,10060.546806016577
37435,6519.577867783945
37436,4724.101049279306
37437,6989.685164875244
37438,7030.365625189506
37439,5081.732160532943
37440,6503.60903531307
37441,6489.647340973684
37442,13691.488165710482
37443,8307.058572787388
37444,6403.969542022077
37445,7826.069119579174
37446,5755.608271724994
37447,8994.240615362603
37448,6296.920037620211
37449,13494.831330621038
37450,7364.558141638325
37451,5977.867586572791
37452,5952.198105759025
37453,4406.063768138174
37454,7177.568411685255
37455,20364.145940611787
37456,4589.716254374051
37457,5576.982056487043
37458,9612.506032791553
37459,7338.185799977064
37460,7847.40217933119
37461,9203.961004903986
37462,6392.960858850886
37463,5967.437970855363
37464,4954.057819273074
37465,10933.59783298037
37466,7242.146406115784
37467,7650.8160739371515
37468,8934.260830328556
37469,6001.176335413407
37470,8653.224650525797
37471,6889.075788630578
37472,4576.696637896474
37473,9010.82062179098
37474,10164.197756655632
37475,5472.431895317325
37476,8029.037787436295
37477,7614.367086476833
37478,5904.998638984207
37479,10175.581586164433
37480,7407.086327220232
37481,7730.91220012194
37482,5389.4572285878785
37483,5507.679091702277
37484,7504.486205166311
37485,4978.119336417077
37486,9410.17871666292
37487,4892.924454171474
37488,6499.62388697793
37489,4705.068654352562
37490,6916.796881275447
37491,6159.472292336844
37492,7081.149370572967
37493,7398.648198776472
37494,9156.272344572555
37495,6936.917206423093
37496,8216.400695273156
37497,7087.761931199077
37498,8913.603128823104
37499,11448.342448716556
37500,7733.841723721663
37501,3303.1772742548133
37502,7184.148916952619
37503,7363.054035875564
37504,4545.897893315279
37505,12899.78840248868
37506,6383.834702845635
37507,7195.494281958773
37508,11496.607814270876
37509,7252.498034049916
37510,4522.555402857367
37511,12877.113263879302
37512,10438.123062964813
37513,6395.646989340735
37514,10245.244203263255
37515,9764.831465992476
37516,7150.84582509922
37517,6084.1795838007665
37518,7078.952431822822
37519,6347.071740542342
37520,6983.502607480181
37521,7509.083944265644
37522,4638.062818773108
37523,7951.523626181667
37524,7579.015037951915
37525,6800.035188880694
37526,8539.283892169758
37527,6562.169267733925
37528,7298.886653244149
37529,5906.717691477989
37530,8446.97478046214
37531,7312.942557857575
37532,6601.9199699477695
37533,7147.789516045969
37534,7852.172413658446
37535,10229.386390734639
37536,6117.6548021764165
37537,6127.948352067151
37538,6824.9358614632065
37539,7551.563715505209
37540,8068.785010916255
37541,4708.905777978324
37542,4820.310749385061
37543,8248.526059740374
37544,8068.845508432367
37545,6717.734251071281
37546,7967.360326272961
37547,6796.575818337476
37548,7200.012401810528
37549,5470.439958239375
37550,3399.7627298726325
37551,7796.284756631221
37552,7022.463433533327
37553,6604.549180006658
37554,10449.81838842904
37555,8923.397182646222
37556,4911.454880118691
37557,8263.863740977515
37558,4678.8549243767775
37559,3079.475768108192
37560,7390.139884137436
37561,13820.929102913817
37562,7673.441951971199
37563,7429.902881450453
37564,5203.177770840401
37565,6599.541305201986
37566,9030.86797099451
37567,6744.416272109906
37568,9312.160766213094
37569,5493.734614270508
37570,5418.834754251616
37571,6123.396654796276
37572,6184.171298610594
37573,5400.733041267554
37574,5347.9613810428955
37575,5526.705342914302
37576,5412.146891209104
37577,7551.424476821726
37578,7326.034943143092
37579,6101.689601903918
37580,6708.9898467148105
37581,7927.501197761261
37582,6271.816178695925
37583,5578.108163495004
37584,10714.245810872484
37585,7615.305700245607
37586,6259.212420964531
37587,3816.948336943588
37588,10939.71196210002
37589,6964.235700837884
37590,5991.571001488977
37591,8652.502566746061
37592,8940.487456482257
37593,7564.8451579802995
37594,6665.602989462824
37595,7940.946318030768
37596,9530.786328730132
37597,14459.624232524588
37598,5449.635145664103
37599,5478.444559995984
37600,5642.6394738422805
37601,6857.244714374775
37602,6188.102379422126
37603,8644.331678991648
37604,8822.408635758891
37605,6679.789065955642
37606,4575.323678847389
37607,6428.553093271227
37608,11357.39959585765
37609,5516.736203173738
37610,8209.34275503449
37611,4583.0004893153255
37612,7815.773641534774
37613,9080.447254733434
37614,7732.67547498905
37615,9039.449094880496
37616,7149.005227264972
37617,5426.152200822012
37618,6586.927018552521
37619,7614.96039125601
37620,9255.01471362016
37621,7853.711196608144
37622,9121.384818200857
37623,6864.498948751296
37624,4777.904786718671
37625,10368.498406412025
37626,4974.454093186589
37627,9586.99543291737
37628,6825.945203835142
37629,5190.591540622026
37630,8324.91569760571
37631,6489.94077351607
37632,7690.505082618124
37633,8597.295088825416
37634,4064.483211676497
37635,4868.6815260147805
37636,8452.561328925698
37637,9455.103110985898
37638,11349.209216137215
37639,6558.579287182085
37640,7137.688828894304
37641,6590.397274459969
37642,7194.345910682833
37643,5499.218819645126
37644,10541.346482062394
37645,9511.878581159763
37646,13857.996797488278
37647,5482.714296539467
37648,6419.327458319941
37649,10800.088298252529
37650,9968.172068099688
37651,5629.520996247256
37652,10786.277654094198
37653,7169.68075869361
37654,6341.426717052464
37655,5891.759156956734
37656,5808.874046509185
37657,5742.849697070107
37658,6912.460081960941
37659,5623.001293125458
37660,5174.65200923386
37661,8922.442231292373
37662,6996.44950035017
37663,21813.221231445128
37664,7557.339624800576
37665,5130.248749294217
37666,8061.0158760393515
37667,12631.197505668959
37668,7445.213172054908
37669,8653.39439819408
37670,6970.8686777666935
37671,8473.645038208808
37672,8698.974409248302
37673,6048.551394023198
37674,6028.508714742144
37675,7693.522527959163
37676,9524.13383064906
37677,7775.227658702403
37678,10017.577948393422
37679,6518.413760396764
37680,5769.428216628956
37681,6105.193770437367
37682,11245.343359308667
37683,11386.343587278789
37684,10700.724865040062
37685,8838.952382877995
37686,4731.552689716572
37687,6446.385305827827
37688,5196.681111097964
37689,9141.53858465067
37690,11193.16836681107
37691,11914.928278829393
37692,6517.241864973125
37693,6022.310526365977
37694,5315.423642032097
37695,6483.869503860827
37696,11316.378449321148
37697,7135.9934677608835
37698,6106.262909117857
37699,6075.215245259191
37700,8128.633472308888
37701,3646.6233911032596
37702,9172.412048754331
37703,5283.267607019137
37704,8388.745821733526
37705,7479.749211609576
37706,6656.11196837548
37707,9317.18077360218
37708,8285.269150365617
37709,6541.454913308347
37710,7422.140341722037
37711,8391.385699364813
37712,12139.855891914709
37713,7250.205581447965
37714,10546.979431945814
37715,9701.437763958698
37716,10634.481581020347
37717,7776.967813149669
37718,10483.165630517118
37719,5516.61075601002
37720,5328.3341127644535
37721,6852.898784939134
37722,7306.01178007055
37723,10766.055275960089
37724,9030.063168712932
37725,6773.893881554537
37726,8506.58422867756
37727,8701.715959432977
37728,10451.559694288288
37729,3743.0135415950067
37730,15240.662958820181
37731,5021.619151361962
37732,7319.643853443015
37733,9659.520592224082
37734,5685.680763439547
37735,7050.001437333119
37736,6467.542488478816
37737,8285.12792482175
37738,6179.804792735166
37739,6128.204454419807
37740,9392.114197284593
37741,8810.097156691536
37742,8155.276957311461
37743,6162.753234226902
37744,8800.122591710657
37745,13962.533822732783
37746,7602.250048586588
37747,6111.571354099663
37748,7380.4904166429405
37749,7382.489855316265
37750,6437.3110185275855
37751,9297.724244297862
37752,4129.054352858496
37753,9765.11022237514
37754,6768.836290564785
37755,8244.315556954729
37756,11752.828256564275
37757,4939.06868550376
37758,6212.440281389235
37759,6208.630941461274
37760,9607.946491076895
37761,9947.31769972189
37762,5620.013725059474
37763,5113.794993295558
37764,8879.503006331608
37765,7057.123666113089
37766,6694.203080353054
37767,8525.946544085557
37768,7476.974780784427
37769,8910.994798706455
37770,6590.186837974893
37771,4864.956719882928
37772,7148.501909847872
37773,9131.733969966055
37774,9885.848847929705
37775,9226.065413213822
37776,9072.199537631941
37777,6538.277976042971
37778,10775.377776400917
37779,6547.758950839339
37780,6998.9105073473565
37781,10183.327318489313
37782,7176.293267163546
37783,11219.838118033347
37784,9616.36418104353
37785,9213.000709815102
37786,6376.060496925465
37787,8029.387801896545
37788,8989.799545186172
37789,7603.923781999968
37790,4826.965273132692
37791,6621.751019246519
37792,9560.81252336086
37793,6428.5984949113035
37794,4842.319232964534
37795,9028.197220208738
37796,8085.954204706676
37797,7231.242687438882
37798,6725.990767235078
37799,5740.940522230497
37800,8564.558642576008
37801,8165.990874416652
37802,7244.826759018662
37803,6195.33598424581
37804,6110.320347437863
37805,7325.652617595548
37806,4770.173003318183
37807,7612.211668420284
37808,6494.178138653432
37809,9563.651805900914
37810,9558.011024609043
37811,7847.634431594135
37812,14504.312820665229
37813,6350.057527676629
37814,5995.737560011702
37815,11595.025660508736
37816,7623.681912945866
37817,10027.012050499665
37818,8424.376364793428
37819,6115.071615181974
37820,7490.953223545168
37821,6808.938437308729
37822,8740.483453782032
37823,13053.744023002373
37824,7997.172810942918
37825,3228.2094435422714
37826,5275.530393415052
37827,9871.865896557554
37828,10058.169378700304
37829,7437.854511693131
37830,7766.383555267231
37831,5605.900445179852
37832,5886.7116344086735
37833,3558.2175766019604
37834,5608.971421318478
37835,7295.20065720976
37836,8320.109349329441
37837,8015.290032007864
37838,6908.66767444863
37839,9248.620554421723
37840,10639.832841785332
37841,8661.205203753383
37842,5982.229862130514
37843,11778.465404945433
37844,10978.473968484748
37845,6284.4779133413795
37846,8410.697157674364
37847,5822.561145415596
37848,7326.2478102462
37849,4300.468927082898
37850,8432.693356410275
37851,5841.763889678301
37852,10965.064635193025
37853,8301.437112567128
37854,9474.29730899007
37855,9287.412832829288
37856,6189.238086572081
37857,10460.232319489054
37858,20895.617755225496
37859,11983.190834234107
37860,6810.481031561992
37861,3262.017823073241
37862,7224.101769372217
37863,9578.194252440664
37864,7009.048509069668
37865,12695.939070698123
37866,20460.773860409034
37867,5029.496616932062
37868,6557.102327392902
37869,11270.880091861312
37870,5353.806056736051
37871,9089.76756036123
37872,7588.571262255825
37873,8977.919647224058
37874,5846.409012756973
37875,7869.601027156653
37876,7030.651719240045
37877,8379.940629814155
37878,11186.11579611817
37879,7407.408074867648
37880,6716.754098300257
37881,8705.260624509798
37882,6209.0877121486965
37883,6561.61084378178
37884,9501.093624708245
37885,6241.206073498522
37886,6641.486391778008
37887,8017.057647457686
37888,7723.553258214039
37889,7312.671512539609
37890,8374.988120703569
37891,9075.602467894836
37892,9731.51132023172
37893,10827.927710469037
37894,9125.206255082132
37895,6520.810928342179
37896,4339.456406290617
37897,7586.384467829937
37898,7951.431831237263
37899,6985.450741392562
37900,5602.317218478106
37901,9973.29352014502
37902,7498.44676543528
37903,10865.458289309738
37904,8195.945845033531
37905,6270.582566232883
37906,5881.855637147998
37907,4997.756192414815
37908,10926.319254671887
37909,6421.651547302152
37910,8538.75696305546
37911,17599.681159429227
37912,8922.244390238324
37913,7096.123697201182
37914,6341.325572734603
37915,4975.754438727172
37916,7765.05564249923
37917,4375.016707575753
37918,6771.189689098518
37919,11631.643387152792
37920,5719.891426579276
37921,14977.204798137553
37922,16247.791186424814
37923,6225.246557976952
37924,7965.152274027998
37925,6716.113187297596
37926,7613.12977710489
37927,6449.340864741927
37928,12914.784175851613
37929,8204.003879018079
37930,11049.834650546522
37931,5580.453331774673
37932,8500.344816252942
37933,6109.2307532648865
37934,10667.820148272038
37935,7715.6063625989045
37936,7011.1077422057915
37937,7558.615886513822
37938,7324.883651450836
37939,9340.469290927247
37940,10542.271692076043
37941,7688.293165553062
37942,10987.23225383903
37943,7607.723114163371
37944,10890.987399978614
37945,6631.530274092283
37946,6502.398365331229
37947,6085.606213658364
37948,11812.677461111822
37949,7330.720435505041
37950,8678.594188146433
37951,8058.2933283532575
37952,9960.135163184412
37953,5327.543266665764
37954,9911.538494019082
37955,7986.241747245131
37956,4482.223148451163
37957,15165.203192332043
37958,19303.319205701828
37959,8071.78579406028
37960,8007.875648336646
37961,11113.99584334819
37962,11292.95129595718
37963,12398.648578124092
37964,6346.560527155
37965,7789.724859176194
37966,6682.569943377647
37967,10094.594595108916
37968,4178.773105986155
37969,6996.79272891949
37970,6429.741504912298
37971,6930.4963743003555
37972,8651.631629366206
37973,6602.228018143313
37974,5366.653606527026
37975,8177.730592275416
37976,5195.42177060245
37977,6088.627045558244
37978,7271.851989377873
37979,6831.462285046531
37980,10597.411145170363
37981,10979.472396660069
37982,8897.427957203627
37983,7508.82192261863
37984,7317.840937737501
37985,13090.794837624775
37986,7894.090034250222
37987,6223.064617468561
37988,6199.531026715337
37989,12544.174773190798
37990,4953.151463318423
37991,7847.829682230489
37992,3620.738612047121
37993,5695.809623130952
37994,8798.934871840045
37995,7558.321500655101
37996,6089.21073958671
37997,9958.749922494184
37998,10595.067440096775
37999,13955.02994954224
38000,7473.364397666926
38001,11277.920526882195
38002,3319.808873185692
38003,6509.801537349757
38004,7284.6307823920415
38005,5626.2133927397
38006,9968.472279160062
38007,5620.544020088419
38008,5898.838998675744
38009,9386.986509133945
38010,13020.373236860984
38011,11140.25173519738
38012,6598.590506099935
38013,6100.954893651228
38014,14148.508188612572
38015,9400.419200349164
38016,6679.704652390457
38017,6307.62329512407
38018,9050.345210282056
38019,11170.133607387514
38020,5498.319478640381
38021,6458.325468122191
38022,9499.423056114614
38023,8650.78801073882
38024,15373.587934375797
38025,7758.587042403637
38026,13614.191017644976
38027,8159.752833493227
38028,6199.943344165308
38029,3676.84189687483
38030,7170.356610509105
38031,7220.7883978101
38032,6497.238121902696
38033,8839.698292071309
38034,6201.455447911289
38035,5061.165406571325
38036,8224.4144264895
38037,3985.150136185827
38038,9449.787953875217
38039,8109.352495473336
38040,9423.995734037046
38041,9726.012777541571
38042,6177.778621108225
38043,10636.62842389823
38044,7988.465512644967
38045,6620.213282068142
38046,7374.574687215118
38047,5926.746936087531
38048,12082.684958810754
38049,7762.281893488332
38050,5836.5673129557235
38051,8489.681995606004
38052,9591.368717439605
38053,8620.195070104322
38054,7052.753968317919
38055,9130.107368884554
38056,6861.2257039060505
38057,6966.91232383877
38058,6595.31306466274
38059,9746.650601464988
38060,6826.489702171356
38061,7646.290614607796
38062,6648.311468207698
38063,6254.914841994322
38064,5016.313108483327
38065,6242.343794795635
38066,10315.800418639521
38067,10496.086141444444
38068,11461.481664701852
38069,12353.145761116033
38070,9405.06548153746
38071,9325.311864838912
38072,5772.403589100226
38073,11831.795921491772
38074,12818.032793720788
38075,7937.3004716183505
38076,9119.721458277876
38077,9875.995406054697
38078,7333.130894492653
38079,4349.367897260431
38080,13531.667826338318
38081,8296.953556660405
38082,7951.332921685942
38083,6897.928240261029
38084,2934.8608496996485
38085,12216.790203241668
38086,7308.391678880366
38087,5423.938731471902
38088,5308.281571559786
38089,6082.970079220776
38090,7842.149882470824
38091,8987.945826942856
38092,8358.372927321465
38093,6555.063717973782
38094,5612.082270314154
38095,4685.513370753045
38096,3586.6545924544503
38097,8101.297948707751
38098,18499.498609479804
38099,4877.689301018901
38100,6543.932517235666
38101,7730.387013509497
38102,6116.221041464899
38103,5918.906095281325
38104,6280.625175364348
38105,4516.312526198843
38106,8626.204661952379
38107,7535.750629546763
38108,4700.865492333517
38109,10725.082423749493
38110,6369.064817957747
38111,5728.007359424084
38112,12170.475166545313
38113,8949.593944587048
38114,10759.94710642675
38115,6282.238360363367
38116,7279.591257272687
38117,5770.084946678986
38118,5783.108760486949
38119,17244.9298303601
38120,11802.66438937733
38121,7287.240728642811
38122,6503.5866184523275
38123,6083.490910129164
38124,7016.321483638172
38125,4698.717747255039
38126,11325.459813980875
38127,6656.286000001942
38128,6752.6607929349275
38129,8860.608612668404
38130,5544.720932515135
38131,7635.942294790495
38132,8598.822691570824
38133,7870.323632844274
38134,8139.947052968072
38135,4703.28076159352
38136,7075.851787585397
38137,6897.964554818431
38138,10548.120645307581
38139,9194.404580274957
38140,8540.229648878969
38141,5681.066264533922
38142,9649.93871398736
38143,6672.3873744751245
38144,5092.777995620227
38145,7560.481193913226
38146,7854.030598783921
38147,7118.092926613034
38148,8049.431475215975
38149,7117.495475915211
38150,6763.492025192326
38151,6304.893470998636
38152,8610.54368179858
38153,7693.372378099386
38154,7625.227109328833
38155,10919.618444798629
38156,7269.050230254902
38157,4794.380948298807
38158,12738.967415489826
38159,6310.113453610125
38160,3468.8000809965674
38161,9415.229166094807
38162,10362.934999069577
38163,13117.375615343117
38164,5907.283591803983
38165,6833.975175545677
38166,7475.282357923326
38167,8116.186739607797
38168,6817.1877095360405
38169,9942.114017237622
38170,3480.2756218798654
38171,6675.391118453845
38172,6472.206260579407
38173,6449.534531385525
38174,6467.175243579113
38175,7839.951179081033
38176,8920.462557453202
38177,7371.292141348089
38178,9786.101181258817
38179,8071.7360742158335
38180,9993.772692036575
38181,5607.904101961711
38182,8059.521838678374
38183,8720.564873430358
38184,10188.21538000869
38185,9428.410293932395
38186,4124.498697363308
38187,9186.50633843188
38188,7762.044567608764
38189,8397.52504971781
38190,6531.8389901610835
38191,4905.807408431326
38192,9662.169162770198
38193,6798.1611869744
38194,10012.895564049146
38195,7388.32762470435
38196,6489.59956704978
38197,9050.670658795847
38198,7227.045997270727
38199,7229.655346757613
38200,9838.767257501719
38201,6520.732385295256
38202,10711.258254536779
38203,11474.460794938712
38204,9581.623524304416
38205,5395.732034941148
38206,6460.245842140525
38207,5218.432443239364
38208,3382.2028140968414
38209,9063.286769391587
38210,6428.841150056396
38211,9880.702722320555
38212,5827.709850408482
38213,6710.009230882266
38214,6942.832356704934
38215,10028.754513957814
38216,6030.405541917442
38217,6495.438697548138
38218,6172.331598565855
38219,8760.938580261953
38220,6077.421207469947
38221,8511.092814737984
38222,8745.494118415309
38223,8795.018230116073
38224,9950.764380269218
38225,7526.230280689754
38226,6561.720256982699
38227,5646.007807744826
38228,6341.06578987803
38229,12040.18817200241
38230,10025.630277825221
38231,11570.437344916754
38232,13981.758902512083
38233,5954.752313138467
38234,5906.126257601272
38235,7353.809607007979
38236,9392.053106888156
38237,11366.799309986902
38238,9165.123269674925
38239,9477.642064152567
38240,9136.879864856912
38241,9122.551426745295
38242,7538.8661235212885
38243,6289.010863114376
38244,5436.962274362833
38245,5967.684499758635
38246,4439.780853199337
38247,6326.179081063579
38248,8819.29680304738
38249,18983.450499218405
38250,8303.952127047345
38251,6113.419052635634
38252,8796.343639046596
38253,5128.477531228444
38254,7177.661409790907
38255,4906.463878212473
38256,10822.050429214045
38257,7776.104547370797
38258,7339.061382550182
38259,15543.419030339554
38260,11558.679691009289
38261,5814.332579786872
38262,8557.29112778047
38263,4479.498571231247
38264,6208.188179563629
38265,6127.2218512942
38266,9839.573615790952
38267,5447.974833999004
38268,5119.872095044056
38269,6835.600749981687
38270,6563.015727636562
38271,7842.270631457428
38272,8152.828184359553
38273,4674.968804767387
38274,8260.590942872748
38275,10214.806570055918
38276,7712.087723664991
38277,5534.700241651613
38278,5133.033735360868
38279,9174.500478884936
38280,5908.894271586422
38281,10989.23445566431
38282,5282.325821607454
38283,6795.953989710682
38284,8232.486199867415
38285,6591.335816446255
38286,6292.482888286408
38287,6334.770266489115
38288,8070.283343232734
38289,11209.607255599452
38290,10701.045202977451
38291,6687.322455354691
38292,4868.064599894289
38293,7393.043608648911
38294,7430.030772137054
38295,5125.5208039266745
38296,6781.847965748172
38297,6820.115106484877
38298,14905.899782453882
38299,9007.246467095241
38300,6780.866828270889
38301,8557.994921138452
38302,6302.437934637245
38303,9727.649353120834
38304,6604.303386601779
38305,14227.270685602503
38306,7760.200089928492
38307,6293.782502403869
38308,6221.374791268651
38309,4610.454573878246
38310,7800.406252771327
38311,20089.78874232185
38312,4702.6614296701355
38313,5813.79076438398
38314,10449.037046316413
38315,7515.327741063978
38316,8376.11813162206
38317,9953.054826957188
38318,6644.389898614175
38319,6171.520770021088
38320,5214.349642224681
38321,11931.08776740228
38322,7582.947615031409
38323,8426.341975272591
38324,9681.825466547723
38325,6347.270518965507
38326,9207.702725602112
38327,7550.202777018593
38328,4784.50357389529
38329,9609.784983325566
38330,10805.938679701838
38331,5711.815821451108
38332,8547.309908985284
38333,7979.592729386331
38334,6216.21844707873
38335,11086.199802167941
38336,7768.67675353658
38337,8266.37584248571
38338,5433.389404987189
38339,5509.935186124231
38340,8082.933996028497
38341,5081.180840075049
38342,10288.484050651008
38343,4953.037922758308
38344,7131.438635751608
38345,4894.810373020737
38346,7359.342559575898
38347,6506.167023163587
38348,7729.370043642575
38349,7820.006962568423
38350,9762.031197558532
38351,7259.080866959234
38352,8671.663885687738
38353,7357.335461068898
38354,9765.025371511878
38355,12499.281370450573
38356,8545.729971790543
38357,3305.7927910502453
38358,7734.770877991597
38359,8084.429826615997
38360,4670.052728690739
38361,13570.803293245855
38362,6646.4883014408515
38363,7654.513756754161
38364,12432.31965828271
38365,7929.670009778421
38366,4741.157404735488
38367,14022.328033432113
38368,11165.979559442423
38369,6666.088151625102
38370,10698.422552666148
38371,10598.31870440317
38372,7137.800481640607
38373,6730.906510985915
38374,7329.710370700188
38375,6532.459718580329
38376,7348.262401590482
38377,7961.389992923528
38378,4872.002043520726
38379,8650.706874223288
38380,7614.694726809709
38381,7163.464600266909
38382,9244.890237968826
38383,6980.271329040606
38384,7671.577117293225
38385,5975.000177375165
38386,8903.788292786812
38387,7636.332406713337
38388,7007.899714012335
38389,7740.517812687568
38390,8541.823761620057
38391,11235.29365081784
38392,6463.315206337831
38393,6511.742291897538
38394,7215.976224823318
38395,7891.288302508758
38396,8674.378318244746
38397,4834.471157484544
38398,4972.9365603678825
38399,8683.958734926058
38400,8046.338851141069
38401,7279.8881424039855
38402,8457.922904219473
38403,6924.823695788219
38404,7430.2387322795585
38405,5398.784645968553
38406,3497.153925860796
38407,8305.385792174795
38408,7341.375019705695
38409,7353.153707325644
38410,11184.764385203342
38411,9851.151041437693
38412,5307.510365969176
38413,8822.806090500044
38414,4890.764661462868
38415,3334.3607862304457
38416,7851.645987698365
38417,14938.614591740943
38418,8128.074864452913
38419,7855.166581750847
38420,5637.875283191661
38421,7169.608139605995
38422,9838.130740196144
38423,7087.715274031406
38424,9912.795599825062
38425,5628.9894220509605
38426,5422.88627750364
38427,6714.158457625614
38428,6563.564127329841
38429,5672.337165292591
38430,5674.093638609491
38431,5961.029106048751
38432,5414.653436008885
38433,8364.206249756451
38434,8195.056334382414
38435,6369.432099225508
38436,7268.217932428576
38437,8444.578258831021
38438,6645.739900117233
38439,5703.111494912188
38440,11140.648146977039
38441,7981.459149358217
38442,6364.60035361534
38443,4208.290812687027
38444,12468.119699001638
38445,7275.2452690912005
38446,6401.080878486475
38447,9243.73106267174
38448,9862.85720790586
38449,8020.5860243123325
38450,6946.826497649553
38451,8639.464296926619
38452,10371.076482811975
38453,15887.32230891721
38454,5907.4748048635565
38455,5639.289623761299
38456,5656.198723406055
38457,7370.882594576519
38458,6338.382835506337
38459,9391.059921857666
38460,9771.273747238702
38461,6998.175445450223
38462,4831.719380925221
38463,6806.303479485392
38464,11951.292707518145
38465,5719.279504727428
38466,9049.37689771923
38467,4739.058932297777
38468,8496.51526048688
38469,9882.422662083194
38470,8418.000623879037
38471,9638.708803633317
38472,7553.696415183947
38473,5507.606786583144
38474,6785.870913119198
38475,8266.529673354631
38476,9887.879158640206
38477,8398.989718921273
38478,9759.104244161404
38479,7010.248988085751
38480,4877.9333330702275
38481,11099.065999275848
38482,5290.2797662688545
38483,10427.442946735806
38484,7139.266406238725
38485,5419.513966189978
38486,8872.912954334324
38487,7022.806740473506
38488,8206.394269315186
38489,9394.011694960367
38490,4046.512293538533
38491,5106.908819848862
38492,8772.23076316738
38493,10364.397640095161
38494,12495.128606141958
38495,6800.244232859038
38496,7499.211775280319
38497,7145.9932772311995
38498,7750.006841206744
38499,5796.135605127115
38500,11436.205346936076
38501,10240.829083543924
38502,15154.404856615774
38503,5539.106667527318
38504,6895.287560835129
38505,11090.59212409902
38506,10642.005221017671
38507,5801.523789796502
38508,11399.113957910275
38509,7690.279620812283
38510,6719.869940662215
38511,6173.935188837748
38512,6098.4937077308705
38513,6038.8902703839785
38514,7551.55447084405
38515,5882.238703227719
38516,5621.220611810668
38517,9573.488550238957
38518,7415.972662949241
38519,22079.227431309584
38520,7849.76683414265
38521,6109.518258802095
38522,9347.348325061468
38523,14771.640050503624
38524,9144.976064916
38525,10309.141063385436
38526,8174.5229709239875
38527,10096.197159840189
38528,10489.023150514806
38529,7346.286797164154
38530,7036.0468275458115
38531,9274.884870212964
38532,10957.724071465776
38533,9270.393035736786
38534,11823.034485805007
38535,8068.980294162089
38536,7046.159252936885
38537,7992.462964124037
38538,13172.060881706873
38539,13136.810075495689
38540,12394.553044020624
38541,10952.847370034227
38542,5339.736985152718
38543,8086.771716762548
38544,6099.950695319547
38545,10723.423101425587
38546,13701.809846685806
38547,13893.336177733572
38548,8332.177466397654
38549,7211.0188075164015
38550,5951.9117191830765
38551,7977.44180582802
38552,13068.607520565054
38553,8453.612675226696
38554,7694.793592030805
38555,7874.045819577772
38556,9681.629328763718
38557,4494.89727888817
38558,10937.188635654062
38559,6696.41634017744
38560,10314.31521851007
38561,9155.361607231429
38562,7813.921704016919
38563,11275.88183266319
38564,10336.666038837426
38565,8048.517862067311
38566,8777.038348672828
38567,10586.03011649208
38568,14995.625250551897
38569,8997.471759710308
38570,12652.26714761263
38571,11611.27922136796
38572,12210.163251186812
38573,9838.574057146638
38574,12573.955064811793
38575,6554.8299425362275
38576,6122.132837127714
38577,8101.156876908741
38578,8943.72176175595
38579,13112.063384049694
38580,10937.50120168086
38581,8604.984906510628
38582,11259.491889463157
38583,10450.5259918067
38584,12141.689086471904
38585,4715.501686500059
38586,16725.73003103477
38587,5741.5938069442755
38588,8804.967765925117
38589,11166.952469376909
38590,7027.087329825583
38591,8957.542246050718
38592,7875.066428598368
38593,10523.886837491453
38594,7378.158944439564
38595,8135.1365849665635
38596,11343.915687216835
38597,10839.526814914085
38598,9776.182332127726
38599,7502.772633854801
38600,10442.522882907797
38601,16538.274243647702
38602,8839.72583607512
38603,7340.112180868466
38604,9471.407139875777
38605,8720.273041312385
38606,8222.424829057134
38607,11442.25183537313
38608,4973.084942315182
38609,12236.424224441778
38610,7975.2512154505075
38611,10372.820684835222
38612,13453.200031049082
38613,5503.909089942557
38614,7298.474609811087
38615,7630.502359671914
38616,11782.487240346944
38617,11704.389687654108
38618,6791.96986773748
38619,5990.211768318092
38620,10697.177284233778
38621,8633.028222531755
38622,8369.868026759566
38623,9993.254639913177
38624,9589.457250641051
38625,10585.430657108589
38626,8223.882933373063
38627,5740.798205985908
38628,9298.914803752083
38629,10675.482343593438
38630,11643.998530565215
38631,11179.642549842276
38632,10805.37788189397
38633,8499.61011454774
38634,13560.35417542936
38635,7633.010568197934
38636,8783.077253827068
38637,12861.490654360041
38638,9361.745869380255
38639,12615.950771028798
38640,11509.602919234587
38641,11164.449442878413
38642,8031.8059687086925
38643,9514.839960504945
38644,11164.566058109795
38645,9562.901867577308
38646,5600.7981219364265
38647,7809.172008737036
38648,11527.903881077353
38649,7961.125943142498
38650,5525.903873135475
38651,10769.685241436533
38652,9649.18456486369
38653,8667.165922040534
38654,8344.215712602856
38655,6809.963796348631
38656,10167.417726302763
38657,10079.256320343247
38658,9148.85682869502
38659,8129.3817013362695
38660,7230.618660552187
38661,8740.192542222847
38662,5667.150965614654
38663,8905.948962343291
38664,8625.89075183294
38665,11427.577195488553
38666,11101.178951089545
38667,9730.586820225913
38668,17298.951510033992
38669,8116.345762148435
38670,7407.932862360759
38671,13692.435102896305
38672,9416.848148950696
38673,12351.246517679057
38674,9957.109151596806
38675,7893.826397919946
38676,9105.31862535272
38677,8255.722992496996
38678,10277.785064859727
38679,15259.476612958506
38680,9344.985012464978
38681,3817.442277016344
38682,6137.553695961098
38683,12106.848335269315
38684,12348.975932851943
38685,9637.964545855004
38686,9435.779841391153
38687,6493.297384672635
38688,6895.287266773118
38689,4443.735988530746
38690,6452.858868363071
38691,9059.826038783764
38692,10920.127381958455
38693,9505.05378045294
38694,8247.467673252808
38695,10845.935989134146
38696,12813.767235603476
38697,10429.699533895926
38698,7266.862011247
38699,13605.608150983704
38700,13479.786509401774
38701,7819.880912432447
38702,9831.441181032862
38703,7065.551226106139
38704,9033.003766545748
38705,5765.341843958934
38706,10340.016800829724
38707,7709.439665340884
38708,12317.980623223504
38709,9969.804705911132
38710,12176.164637487122
38711,10955.057206846368
38712,7406.19786929565
38713,12845.066437186977
38714,22554.56307190508
38715,14712.960014932838
38716,8440.400723646922
38717,4070.2841443426696
38718,8914.90464014682
38719,11000.652149097728
38720,8538.685197801684
38721,13833.191247534174
38722,21339.25191600769
38723,5726.261115253698
38724,7954.820947363897
38725,14200.535216095654
38726,6309.994711074452
38727,10897.105076476784
38728,9226.093134837
38729,10699.51176014302
38730,6430.916732892883
38731,9918.906026343368
38732,8981.555172762797
38733,10356.243675742757
38734,14268.404113561748
38735,9348.990569837782
38736,8440.664898968382
38737,10558.86903180161
38738,8137.50802068825
38739,8026.951796298876
38740,11289.798695837715
38741,8353.104291159872
38742,8263.443092686906
38743,9521.570224617019
38744,9097.353849817398
38745,8959.288324643901
38746,10124.577992547484
38747,10658.899453212398
38748,12129.408211853497
38749,12136.831101456013
38750,10443.39261578701
38751,7584.026304221228
38752,5387.677006717153
38753,8666.88994624725
38754,9469.705411469333
38755,8695.232781035875
38756,6585.632266632902
38757,11682.816669791308
38758,9246.268101009404
38759,12196.159430278909
38760,9689.300626566932
38761,7871.409862436818
38762,6965.747915702178
38763,6014.625448159242
38764,13473.00171061454
38765,8112.2182927784515
38766,10383.18347963969
38767,20615.900093142915
38768,10674.268737389162
38769,8388.820860568567
38770,7834.761134662292
38771,5658.958392550373
38772,9558.414611592021
38773,5260.604623456037
38774,7932.178388337024
38775,13232.399844296056
38776,6733.240143829863
38777,16465.11097257763
38778,18215.91932933196
38779,7944.998413640463
38780,9766.605981616432
38781,7775.3529905566365
38782,9296.995928232256
38783,7491.335528907066
38784,15615.262843902881
38785,10451.695410692644
38786,13180.202815202161
38787,6929.086488060955
38788,10037.97420972523
38789,7738.583208752859
38790,12197.187537191214
38791,10039.898337847937
38792,8843.110694442124
38793,9291.331867235096
38794,8164.021850070784
38795,11237.892610933564
38796,12071.142170135507
38797,9299.388875509101
38798,13206.27715112791
38799,9641.603581670983
38800,13142.994162138859
38801,7798.454263136826
38802,8178.4365915123535
38803,7392.575202509405
38804,14598.491648865058
38805,9060.891723613173
38806,10610.281567174232
38807,10109.199244916574
38808,12341.763091186112
38809,6501.253785829535
38810,11527.943330321064
38811,9415.324799386584
38812,5517.405054628571
38813,17499.089549070482
38814,21129.908532873764
38815,10666.140010056386
38816,10151.901485068873
38817,13563.447793343363
38818,12992.28800709257
38819,14314.808667283834
38820,7417.216989773645
38821,9490.547715859542
38822,8448.180091532035
38823,12343.009453264864
38824,5294.765256262118
38825,8258.888914501658
38826,8019.114855830162
38827,8379.865151895588
38828,10224.938683982804
38829,7664.280943932874
38830,6566.309956622824
38831,10712.839262395024
38832,6263.779238818986
38833,7698.976882017583
38834,8595.697235593476
38835,8728.519665367987
38836,13486.30631146518
38837,13159.91431753112
38838,10537.530551374217
38839,9412.279584959591
38840,9129.459359992046
38841,15271.824512356041
38842,9379.232073443545
38843,7311.048509932495
38844,7621.24898107168
38845,14996.895400763793
38846,5830.816314209633
38847,9548.639926486205
38848,4437.018266300724
38849,6686.0444110435765
38850,11521.357603554947
38851,9436.63044958853
38852,7584.317521404418
38853,12597.468362170903
38854,12552.86138230685
38855,16036.536203201524
38856,8176.391176706734
38857,13562.102134807574
38858,4176.533143726007
38859,7561.756762986038
38860,8810.99049255848
38861,6921.531529299952
38862,11676.27576978093
38863,6668.919993322977
38864,7076.730718125637
38865,11134.825090284916
38866,15072.684928346871
38867,13739.527602233798
38868,7774.978590990365
38869,7381.639214601128
38870,15330.342647569294
38871,11103.680578778058
38872,7799.706075962485
38873,8017.450878237114
38874,10702.460289733452
38875,13194.983707519641
38876,6866.29268944707
38877,7675.3576461623925
38878,11709.967233786358
38879,10289.181202737353
38880,17348.830371759257
38881,10011.552950711477
38882,15490.005888740583
38883,10252.348623215168
38884,7280.651030915878
38885,4261.003634110377
38886,8526.527264466353
38887,9004.045934726415
38888,8224.218232403851
38889,10686.015902630315
38890,7954.320532048541
38891,5896.268496583144
38892,10320.966207125675
38893,4790.934142660622
38894,10932.914203459155
38895,10320.603087285383
38896,10923.87820053344
38897,11632.518417326348
38898,8083.964432413472
38899,12253.695656267677
38900,9459.096349152234
38901,8292.587345400514
38902,9172.581949899031
38903,7081.07896542179
38904,14255.783954121454
38905,9285.50211007463
38906,6966.396182695711
38907,10376.057984695282
38908,11467.619875100285
38909,10224.219988282372
38910,8784.944858645713
38911,10600.343015985887
38912,8091.176263201798
38913,7574.14970559087
38914,8530.72283142755
38915,11842.106814585182
38916,8199.635839816465
38917,9416.642452282686
38918,8598.666359754889
38919,8012.4077864348965
38920,6025.011419401676
38921,7867.4985607475855
38922,12507.34090387768
38923,12150.707571289808
38924,13907.508903302592
38925,14539.026667149175
38926,11822.509263935948
38927,10044.4270861318
38928,6729.730913245221
38929,13533.642324685108
38930,15177.505101830404
38931,10935.794136973578
38932,10604.368857531115
38933,10988.360473191191
38934,8969.986986033344
38935,5389.185630573906
38936,15921.633546095638
38937,10622.67990134325
38938,9824.254962927094
38939,8568.363215630137
38940,3572.247337892239
38941,15078.708836891208
38942,9234.854365749716
38943,6416.000672856281
38944,6137.313717257722
38945,7441.810439031745
38946,9149.069480648233
38947,11111.683885815311
38948,10461.778634930568
38949,7843.791927709259
38950,6918.90519316072
38951,5605.978126966715
38952,4209.013540962637
38953,10033.076124249765
38954,19395.520797362053
38955,5532.671106776353
38956,8122.402188826622
38957,9380.131250184546
38958,7058.794831850995
38959,7191.313738805657
38960,7822.101632652023
38961,5243.714527157141
38962,11147.102055429847
38963,9449.721946314157
38964,5401.383902847738
38965,13333.854365609424
38966,7963.11377982693
38967,6505.045320371257
38968,13136.473298981038
38969,10742.220261759818
38970,12383.299628405117
38971,7695.420276663112
38972,8674.023133762697
38973,7008.813410756785
38974,6929.824165054253
38975,20101.275100754287
38976,14980.110806408273
38977,8952.106945951895
38978,7831.400254295005
38979,7733.28955006723
38980,8543.200132232314
38981,5622.102879523349
38982,13068.63355003286
38983,7947.62268549837
38984,8296.886670821941
38985,10833.884221242977
38986,6676.210729672177
38987,9020.710244401895
38988,9990.227950215245
38989,10125.372652205957
38990,10731.691547971735
38991,5648.941860296947
38992,8312.797453215688
38993,8991.670812140606
38994,12645.002995706109
38995,10661.646124578956
38996,10605.48919142194
38997,6847.149501890692
38998,11567.101508812548
38999,7874.4023689238875
39000,5875.434059991171
39001,9006.148753396858
39002,9605.929456608645
39003,8627.213578290433
39004,9985.463835150118
39005,8518.061950355517
39006,8495.479395837974
39007,7557.850975036849
39008,10331.053642903275
39009,9406.908096065756
39010,10367.081869534382
39011,13204.965966370031
39012,8590.388155427063
39013,5698.864118256089
39014,15049.387850118497
39015,7560.250505039128
39016,4080.975476216496
39017,10652.331761731768
39018,12192.64591686768
39019,15187.247779064417
39020,7184.979905332017
39021,8451.212532895315
39022,8930.421074175527
39023,9864.6875053101
39024,8227.684959554439
39025,12293.031603209593
39026,4176.305994959663
39027,7926.67576627782
39028,7735.332171058586
39029,7328.1929574738015
39030,8155.513513012018
39031,9619.722384198598
39032,10790.138060300178
39033,8908.13543001835
39034,11249.153541929312
39035,10999.94856699681
39036,12575.708171492037
39037,7177.398564358658
39038,10127.54407111263
39039,10221.056447424926
39040,12203.864991094633
39041,10729.877386734468
39042,4824.298630637864
39043,9869.029440768643
39044,10075.96533679235
39045,10354.15019704504
39046,7697.691769999203
39047,5578.02239079484
39048,12709.261870726783
39049,8170.154143700421
39050,12039.239931892787
39051,9547.061912324403
39052,7370.260202261832
39053,10848.948605028982
39054,8863.200426038034
39055,9732.630036987151
39056,12104.225306549384
39057,8230.269159352118
39058,12938.75620768394
39059,13821.826281274543
39060,11044.458868606816
39061,6240.718202369992
39062,8563.907621176008
39063,6528.587966427885
39064,4179.3219031748185
39065,10433.78293694767
39066,8255.354300207857
39067,11420.768492356648
39068,7101.740924194013
39069,8225.12606339495
39070,8568.177071012875
39071,11811.197319519393
39072,7469.13289000822
39073,8183.548825010701
39074,7250.292044226863
39075,10481.422939612861
39076,7831.737930735005
39077,10487.67285647728
39078,10474.688565921171
39079,10103.79630957632
39080,12160.7722544086
39081,8948.60592518842
39082,8142.786690067797
39083,6500.778060197484
39084,7619.720445899457
39085,14467.101353044207
39086,11564.502373515073
39087,12663.02125960402
39088,15175.847255336843
39089,6788.796071987555
39090,7250.668035593411
39091,8595.736617350542
39092,11180.996229708882
39093,13934.654214940161
39094,11157.915058194689
39095,11249.611695808188
39096,11135.66694940402
39097,10777.781848824952
39098,9513.71141589143
39099,7948.4686192617055
39100,6320.5712454093955
39101,7332.990944771666
39102,5295.313560856053
39103,7617.620227589845
39104,10728.161422736779
39105,21141.210173192736
39106,10274.180551339692
39107,7292.77023871382
39108,10603.716142728872
39109,6747.939929565644
39110,9195.752270467998
39111,5673.62664856619
39112,13155.874952392367
39113,9885.254000074163
39114,8862.07018757884
39115,17695.534520911773
39116,12226.862582457205
39117,7103.5588716826005
39118,10327.489226530151
39119,5481.480000253697
39120,7265.858650272924
39121,7295.882172363748
39122,12036.702622672308
39123,6645.052943950563
39124,6467.4798242668685
39125,8199.806296244029
39126,8001.5955330346205
39127,9295.687774134693
39128,11269.114485533837
39129,5517.5044813505
39130,10637.868397254952
39131,11899.323873157347
39132,9636.272171319577
39133,6997.3859511495775
39134,6354.362507197976
39135,11157.679338718497
39136,7177.149245559074
39137,12742.171481018557
39138,6680.666044807804
39139,8720.749158985904
39140,10117.256899258142
39141,8141.515186326848
39142,7555.18686179019
39143,8214.832596148735
39144,10346.065181465883
39145,13034.830908617301
39146,12914.179104335748
39147,8053.155469749675
39148,5774.821756783606
39149,8727.848604488006
39150,8929.115413942085
39151,5942.411133307607
39152,8264.408139414949
39153,8092.577684610713
39154,16824.106360201775
39155,11294.541704265535
39156,8294.408965337083
39157,10408.421389429734
39158,7381.358982430607
39159,11633.86101954055
39160,8296.639784667987
39161,16296.60303304342
39162,9850.238118121815
39163,7924.752220504861
39164,7496.195480692881
39165,5366.54468640985
39166,9103.204052371519
39167,26570.34049671719
39168,5751.462524785132
39169,6982.870908690103
39170,12101.446324557637
39171,9412.8568194487
39172,10358.903337570866
39173,12331.151101819985
39174,8650.670600663705
39175,7830.025532777037
39176,5990.481147667894
39177,14077.003585630317
39178,8923.409446483955
39179,10132.854173858394
39180,12168.036746000686
39181,7484.286716875654
39182,11002.373488828041
39183,9304.213265661903
39184,5540.024094684537
39185,11171.577555088548
39186,11739.889046534403
39187,6859.168577729533
39188,10794.371896794253
39189,10252.614789686357
39190,6871.245102853383
39191,13252.117360797723
39192,10072.636980147468
39193,10042.99778326515
39194,6344.415915050382
39195,6765.974680021512
39196,9627.640009584924
39197,6109.438207660393
39198,11982.348428608128
39199,5627.960343756064
39200,8258.229940444882
39201,5767.783459539945
39202,9204.717188165614
39203,7636.976581827637
39204,9071.781360953733
39205,10119.30155811556
39206,12053.419216798557
39207,9075.098884957906
39208,10223.829747967462
39209,8639.409679663475
39210,11477.796326183381
39211,14775.633250778917
39212,10269.270035942045
39213,4231.120085418738
39214,9472.230445324443
39215,9924.056155176582
39216,5304.97481747545
39217,16479.692619784957
39218,8447.31394473038
39219,8878.378210707955
39220,14556.503330345262
39221,9067.876982261929
39222,5866.143124002036
39223,15672.465140412458
39224,13018.832175740405
39225,8188.421291446129
39226,12534.512310265933
39227,12296.81391974139
39228,9373.22825600048
39229,7536.986813065855
39230,8999.26749675938
39231,8271.379751655357
39232,8793.982863625337
39233,9880.118799305204
39234,5725.240801425209
39235,10026.223635202892
39236,10664.997865088722
39237,8584.163231955592
39238,11787.110180904641
39239,8232.187895084682
39240,9112.189526497978
39241,6564.814573310852
39242,10500.939572156587
39243,9261.492780813089
39244,8437.896909525618
39245,9324.974273372078
39246,10463.933174776932
39247,12722.100640563669
39248,7963.342643536476
39249,7672.68684957498
39250,9088.39370950169
39251,9867.051161400192
39252,10337.614825995679
39253,5637.177232851151
39254,5876.782231657773
39255,10111.339397056223
39256,8848.247136108243
39257,9026.693713826058
39258,10508.29503897497
39259,8629.96038299253
39260,9090.198381725722
39261,7098.683100494209
39262,4349.741609900226
39263,10451.22425361956
39264,8952.992168268038
39265,9151.631523124412
39266,13072.743748018269
39267,11113.464306858152
39268,5990.012695391012
39269,10365.2543851317
39270,5562.9910616834
39271,4075.4565248606073
39272,9480.358471684758
39273,16871.89865288236
39274,10039.81455168697
39275,9565.03914785345
39276,6685.194847862088
39277,8767.407003011043
39278,11956.27252780871
39279,8801.79874385231
39280,12147.863679657523
39281,6634.586843287407
39282,6308.4689004174625
39283,7928.496048890116
39284,7662.732621521164
39285,6599.262684176205
39286,7114.338260242629
39287,7543.858759501462
39288,6343.383626687449
39289,10008.617010600894
39290,10089.026193038715
39291,8235.330252242742
39292,8434.436500252701
39293,10597.46057517085
39294,8059.608865499864
39295,6979.009564874576
39296,13904.720978553942
39297,10354.47015621358
39298,8155.923202095705
39299,5223.571981686782
39300,14379.386988917022
39301,9112.448941855897
39302,7997.609513093899
39303,12396.407954276065
39304,11418.729314856879
39305,10099.007899732977
39306,8605.589778647864
39307,9941.816684446072
39308,12361.505213760798
39309,17662.073062618852
39310,7226.832757853
39311,6956.498110646201
39312,6791.143540198634
39313,8802.155198219121
39314,8219.857803733606
39315,10700.510119240444
39316,11619.30715584835
39317,8416.521366085904
39318,5425.068105925624
39319,8865.092505280627
39320,13195.461061149274
39321,6796.27808697658
39322,11181.13492796801
39323,5335.62030642759
39324,10412.166488907698
39325,11280.86213040338
39326,10100.830199062108
39327,11184.398910247928
39328,9264.076023357196
39329,6973.172624100653
39330,8394.477041724098
39331,9968.710541109298
39332,12147.2152292001
39333,10105.33234723897
39334,12074.75936539857
39335,8865.856084968935
39336,5859.206783501412
39337,12871.739873558143
39338,6060.956420423707
39339,12111.771484314384
39340,8799.890113347645
39341,6754.414034449691
39342,10915.321988582093
39343,8130.947227492942
39344,9875.858433216345
39345,11001.337645874411
39346,5303.608556995378
39347,5922.928687212342
39348,11600.182871189516
39349,12404.261959737321
39350,14483.961332111156
39351,8228.624887682921
39352,8796.853168651252
39353,8792.841237180426
39354,9629.266260551549
39355,6862.1759295687125
39356,13580.696113067448
39357,12682.327544422826
39358,17409.48978324045
39359,6958.565601425832
39360,8172.817503069657
39361,12123.814320358904
39362,11807.627318011342
39363,7042.532540715975
39364,14083.499301421567
39365,9701.732042715748
39366,8585.137290868694
39367,8137.208956841229
39368,7455.367900402011
39369,7134.390586849441
39370,9605.786825262318
39371,7421.5418836580275
39372,6700.754499941973
39373,12251.203119388281
39374,8910.982034630666
39375,26257.599477833992
39376,10154.317900748903
39377,0.0
39378,0.0
39379,0.0
39380,0.0
39381,0.0
39382,0.0
39383,0.0
39384,0.0
39385,0.0
39386,0.0
39387,0.0
39388,0.0
39389,0.0
39390,0.0
39391,0.0
39392,0.0
39393,0.0
39394,0.0
39395,0.0
39396,0.0
39397,0.0
39398,0.0
39399,0.0
39400,0.0
39401,0.0
39402,0.0
39403,0.0
39404,0.0
39405,0.0
39406,0.0
39407,0.0
39408,0.0
39409,0.0
39410,0.0
39411,0.0
39412,0.0
39413,0.0
39414,0.0
39415,0.0
39416,0.0
39417,0.0
39418,0.0
39419,0.0
39420,0.0
39421,0.0
39422,0.0
39423,0.0
39424,0.0
39425,0.0
39426,0.0
39427,0.0
39428,0.0
39429,0.0
39430,0.0
39431,0.0
39432,0.0
39433,0.0
39434,0.0
39435,0.0
39436,0.0
39437,0.0
39438,0.0
39439,0.0
39440,0.0
39441,0.0
39442,0.0
39443,0.0
39444,0.0
39445,0.0
39446,0.0
39447,0.0
39448,0.0
39449,0.0
39450,0.0
39451,0.0
39452,0.0
39453,0.0
39454,0.0
39455,0.0
39456,0.0
39457,0.0
39458,0.0
39459,0.0
39460,0.0
39461,0.0
39462,0.0
39463,0.0
39464,0.0
39465,0.0
39466,0.0
39467,0.0
39468,5323.522782921808
39469,0.0
39470,0.0
39471,0.0
39472,0.0
39473,0.0
39474,0.0
39475,0.0
39476,0.0
39477,0.0
39478,0.0
39479,0.0
39480,0.0
39481,0.0
39482,0.0
39483,0.0
39484,0.0
39485,0.0
39486,0.0
39487,0.0
39488,0.0
39489,0.0
39490,0.0
39491,0.0
39492,0.0
39493,0.0
39494,0.0
39495,0.0
39496,0.0
39497,0.0
39498,0.0
39499,0.0
39500,0.0
39501,0.0
39502,0.0
39503,0.0
39504,0.0
39505,0.0
39506,0.0
39507,0.0
39508,0.0
39509,0.0
39510,0.0
39511,0.0
39512,0.0
39513,0.0
39514,0.0
39515,0.0
39516,0.0
39517,0.0
39518,0.0
39519,0.0
39520,0.0
39521,0.0
39522,0.0
39523,0.0
39524,0.0
39525,0.0
39526,0.0
39527,0.0
39528,0.0
39529,0.0
39530,0.0
39531,0.0
39532,0.0
39533,0.0
39534,0.0
39535,0.0
39536,3420.042971598634
39537,0.0
39538,0.0
39539,0.0
39540,0.0
39541,0.0
39542,0.0
39543,0.0
39544,0.0
39545,0.0
39546,0.0
39547,0.0
39548,0.0
39549,0.0
39550,0.0
39551,0.0
39552,0.0
39553,0.0
39554,0.0
39555,0.0
39556,0.0
39557,0.0
39558,0.0
39559,0.0
39560,0.0
39561,0.0
39562,0.0
39563,0.0
39564,0.0
39565,0.0
39566,0.0
39567,0.0
39568,0.0
39569,0.0
39570,0.0
39571,0.0
39572,0.0
39573,0.0
39574,0.0
39575,0.0
39576,0.0
39577,16092.00434280518
39578,29662.655543477857
39579,0.0
39580,0.0
39581,0.0
39582,0.0
39583,0.0
39584,0.0
39585,0.0
39586,7586.943382321148
39587,0.0
39588,0.0
39589,0.0
39590,0.0
39591,0.0
39592,0.0
39593,0.0
39594,0.0
39595,0.0
39596,0.0
39597,0.0
39598,0.0
39599,0.0
39600,0.0
39601,0.0
39602,0.0
39603,0.0
39604,0.0
39605,6059.234095877493
39606,0.0
39607,0.0
39608,0.0
39609,0.0
39610,0.0
39611,0.0
39612,0.0
39613,0.0
39614,0.0
39615,3577.1930525983566
39616,0.0
39617,0.0
39618,0.0
39619,0.0
39620,0.0
39621,0.0
39622,0.0
39623,0.0
39624,0.0
39625,0.0
39626,0.0
39627,0.0
39628,0.0
39629,0.0
39630,0.0
39631,0.0
39632,0.0
39633,7733.821234831426
39634,0.0
39635,0.0
39636,0.0
39637,0.0
39638,0.0
39639,0.0
39640,0.0
39641,0.0
39642,0.0
39643,0.0
39644,0.0
39645,0.0
39646,0.0
39647,0.0
39648,0.0
39649,0.0
39650,10098.431464540687
39651,0.0
39652,0.0
39653,0.0
39654,0.0
39655,0.0
39656,0.0
39657,0.0
39658,0.0
39659,0.0
39660,0.0
39661,0.0
39662,0.0
39663,0.0
39664,0.0
39665,0.0
39666,0.0
39667,0.0
39668,0.0
39669,0.0
39670,0.0
39671,0.0
39672,0.0
39673,0.0
39674,0.0
39675,0.0
39676,0.0
39677,0.0
39678,0.0
39679,0.0
39680,0.0
39681,0.0
39682,0.0
39683,0.0
39684,0.0
39685,0.0
39686,0.0
39687,0.0
39688,0.0
39689,0.0
39690,0.0
39691,0.0
39692,0.0
39693,0.0
39694,0.0
39695,0.0
39696,0.0
39697,0.0
39698,0.0
39699,0.0
39700,0.0
39701,0.0
39702,0.0
39703,0.0
39704,0.0
39705,0.0
39706,0.0
39707,0.0
39708,0.0
39709,0.0
39710,0.0
39711,0.0
39712,2212.693808403956
39713,0.0
39714,0.0
39715,0.0
39716,0.0
39717,0.0
39718,0.0
39719,0.0
39720,0.0
39721,0.0
39722,0.0
39723,0.0
39724,0.0
39725,0.0
39726,7208.530498830609
39727,0.0
39728,0.0
39729,0.0
39730,0.0
39731,0.0
39732,0.0
39733,0.0
39734,0.0
39735,0.0
39736,0.0
39737,0.0
39738,0.0
39739,0.0
39740,0.0
39741,0.0
39742,0.0
39743,0.0
39744,0.0
39745,0.0
39746,0.0
39747,0.0
39748,0.0
39749,0.0
39750,0.0
39751,0.0
39752,0.0
39753,0.0
39754,0.0
39755,0.0
39756,0.0
39757,0.0
39758,0.0
39759,0.0
39760,0.0
39761,0.0
39762,0.0
39763,0.0
39764,0.0
39765,0.0
39766,0.0
39767,0.0
39768,0.0
39769,8868.904931354735
39770,0.0
39771,0.0
39772,0.0
39773,0.0
39774,0.0
39775,0.0
39776,0.0
39777,0.0
39778,0.0
39779,2946.1522304479045
39780,0.0
39781,0.0
39782,0.0
39783,6758.8827077842525
39784,0.0
39785,0.0
39786,0.0
39787,0.0
39788,0.0
39789,0.0
39790,0.0
39791,0.0
39792,0.0
39793,0.0
39794,0.0
39795,0.0
39796,0.0
39797,0.0
39798,0.0
39799,0.0
39800,0.0
39801,0.0
39802,0.0
39803,0.0
39804,0.0
39805,0.0
39806,0.0
39807,0.0
39808,0.0
39809,0.0
39810,20270.145743326073
39811,0.0
39812,0.0
39813,0.0
39814,0.0
39815,0.0
39816,0.0
39817,0.0
39818,0.0
39819,0.0
39820,0.0
39821,0.0
39822,0.0
39823,0.0
39824,7076.953230478117
39825,0.0
39826,0.0
39827,0.0
39828,0.0
39829,0.0
39830,0.0
39831,0.0
39832,0.0
39833,0.0
39834,0.0
39835,0.0
39836,0.0
39837,0.0
39838,0.0
39839,0.0
39840,0.0
39841,0.0
39842,0.0
39843,0.0
39844,0.0
39845,0.0
39846,0.0
39847,0.0
39848,0.0
39849,0.0
39850,0.0
39851,0.0
39852,0.0
39853,0.0
39854,0.0
39855,0.0
39856,0.0
39857,0.0
39858,0.0
39859,0.0
39860,0.0
39861,0.0
39862,0.0
39863,0.0
39864,0.0
39865,0.0
39866,0.0
39867,0.0
39868,0.0
39869,0.0
39870,0.0
39871,0.0
39872,0.0
39873,0.0
39874,0.0
39875,0.0
39876,0.0
39877,0.0
39878,0.0
39879,0.0
39880,0.0
39881,0.0
39882,0.0
39883,0.0
39884,0.0
39885,0.0
39886,0.0
39887,0.0
39888,0.0
39889,0.0
39890,0.0
39891,0.0
39892,0.0
39893,0.0
39894,0.0
39895,0.0
39896,0.0
39897,0.0
39898,0.0
39899,12981.275008502216
39900,0.0
39901,0.0
39902,0.0
39903,0.0
39904,0.0
39905,0.0
39906,0.0
39907,0.0
39908,0.0
39909,0.0
39910,0.0
39911,0.0
39912,0.0
39913,0.0
39914,0.0
39915,0.0
39916,0.0
39917,0.0
39918,0.0
39919,0.0
39920,0.0
39921,0.0
39922,0.0
39923,0.0
39924,0.0
39925,0.0
39926,0.0
39927,0.0
39928,0.0
39929,0.0
39930,0.0
39931,0.0
39932,0.0
39933,0.0
39934,0.0
39935,0.0
39936,0.0
39937,0.0
39938,0.0
39939,0.0
39940,0.0
39941,0.0
39942,0.0
39943,5808.750994446691
39944,16168.269437316821
39945,0.0
39946,0.0
39947,0.0
39948,0.0
39949,0.0
39950,0.0
39951,0.0
39952,0.0
39953,0.0
39954,0.0
39955,0.0
39956,0.0
39957,0.0
39958,0.0
39959,0.0
39960,0.0
39961,0.0
39962,0.0
39963,0.0
39964,0.0
39965,0.0
39966,0.0
39967,0.0
39968,0.0
39969,0.0
39970,0.0
39971,0.0
39972,12206.164329806008
39973,0.0
39974,0.0
39975,0.0
39976,0.0
39977,0.0
39978,0.0
39979,0.0
39980,0.0
39981,0.0
39982,0.0
39983,0.0
39984,0.0
39985,0.0
39986,0.0
39987,0.0
39988,0.0
39989,0.0
39990,0.0
39991,0.0
39992,0.0
39993,0.0
39994,0.0
39995,0.0
39996,0.0
39997,0.0
39998,0.0
39999,0.0
40000,0.0
40001,0.0
40002,0.0
40003,0.0
40004,0.0
40005,0.0
40006,0.0
40007,0.0
40008,0.0
40009,0.0
40010,0.0
40011,0.0
40012,0.0
40013,0.0
40014,0.0
40015,0.0
40016,0.0
40017,0.0
40018,0.0
40019,0.0
40020,0.0
40021,0.0
40022,0.0
40023,0.0
40024,0.0
40025,0.0
40026,0.0
40027,0.0
40028,0.0
40029,0.0
40030,0.0
40031,0.0
40032,0.0
40033,0.0
40034,0.0
40035,0.0
40036,0.0
40037,0.0
40038,0.0
40039,0.0
40040,0.0
40041,0.0
40042,3471.1980701452867
40043,0.0
40044,0.0
40045,0.0
40046,2702.348650646558
40047,0.0
40048,0.0
40049,0.0
40050,0.0
40051,0.0
40052,0.0
40053,0.0
40054,0.0
40055,0.0
40056,0.0
40057,0.0
40058,0.0
40059,0.0
40060,0.0
40061,0.0
40062,0.0
40063,0.0
40064,0.0
40065,0.0
40066,0.0
40067,0.0
40068,0.0
40069,0.0
40070,0.0
40071,0.0
40072,0.0
40073,0.0
40074,0.0
40075,0.0
40076,0.0
40077,0.0
40078,0.0
40079,0.0
40080,0.0
40081,0.0
40082,0.0
40083,0.0
40084,0.0
40085,0.0
40086,0.0
40087,0.0
40088,0.0
40089,0.0
40090,0.0
40091,0.0
40092,0.0
40093,0.0
40094,0.0
40095,0.0
40096,0.0
40097,3526.7483440855663
40098,0.0
40099,0.0
40100,0.0
40101,0.0
40102,0.0
40103,0.0
40104,0.0
40105,0.0
40106,0.0
40107,0.0
40108,0.0
40109,0.0
40110,0.0
40111,0.0
40112,11816.086432757804
40113,0.0
40114,0.0
40115,0.0
40116,0.0
40117,0.0
40118,0.0
40119,0.0
40120,0.0
40121,0.0
40122,0.0
40123,0.0
40124,0.0
40125,0.0
40126,0.0
40127,0.0
40128,0.0
40129,0.0
40130,0.0
40131,0.0
40132,0.0
40133,0.0
40134,0.0
40135,0.0
40136,0.0
40137,0.0
40138,0.0
40139,0.0
40140,0.0
40141,0.0
40142,0.0
40143,0.0
40144,0.0
40145,0.0
40146,0.0
40147,0.0
40148,0.0
40149,0.0
40150,0.0
40151,0.0
40152,0.0
40153,0.0
40154,0.0
40155,0.0
40156,0.0
40157,0.0
40158,0.0
40159,0.0
40160,0.0
40161,0.0
40162,0.0
40163,0.0
40164,0.0
40165,0.0
40166,0.0
40167,0.0
40168,0.0
40169,0.0
40170,0.0
40171,0.0
40172,0.0
40173,0.0
40174,0.0
40175,0.0
40176,6059.093682236303
40177,0.0
40178,0.0
40179,0.0
40180,0.0
40181,0.0
40182,0.0
40183,0.0
40184,0.0
40185,0.0
40186,0.0
40187,0.0
40188,0.0
40189,0.0
40190,0.0
40191,0.0
40192,0.0
40193,0.0
40194,0.0
40195,0.0
40196,0.0
40197,0.0
40198,0.0
40199,0.0
40200,0.0
40201,0.0
40202,0.0
40203,0.0
40204,0.0
40205,0.0
40206,0.0
40207,0.0
40208,0.0
40209,0.0
40210,0.0
40211,0.0
40212,0.0
40213,0.0
40214,0.0
40215,0.0
40216,0.0
40217,14144.009015052183
40218,5489.681315317631
40219,0.0
40220,0.0
40221,0.0
40222,0.0
40223,0.0
40224,0.0
40225,0.0
40226,0.0
40227,0.0
40228,0.0
40229,0.0
40230,0.0
40231,0.0
40232,0.0
40233,4426.18458993774
40234,4310.182866285324
40235,7617.127011926368
40236,3579.830018722162
40237,6504.276350368825
40238,5132.034286977018
40239,5615.796405650825
40240,5986.32302922656
40241,4721.258861543806
40242,3491.750002325855
40243,5840.522719917143
40244,5642.697638372292
40245,4545.2264218788005
40246,5727.773428105092
40247,6396.292841470059
40248,3565.3654878197835
40249,4257.569681836877
40250,7804.4414664871865
40251,8658.589627321016
40252,6050.351469717457
40253,7070.697788079881
40254,3209.3870743595116
40255,5698.779433361764
40256,2693.4560739298863
40257,8507.590484548446
40258,9134.012747329454
40259,10686.630689518475
40260,6277.830223626493
40261,2867.356479632563
40262,4067.2581763516177
40263,5921.106035205106
40264,7507.796585830533
40265,4285.035804503473
40266,5899.691301214279
40267,4634.340054221134
40268,5265.50165390619
40269,2472.3102986065524
40270,8486.438891006559
40271,4599.020025862704
40272,8412.053667769917
40273,6473.44093078722
40274,3280.297888942246
40275,8811.840625222756
40276,6790.480492345798
40277,4943.711578069115
40278,3707.8857252827615
40279,8317.133297927738
40280,10923.283596198402
40281,6898.760178117862
40282,6253.88977242958
40283,8497.914906630744
40284,7618.502327534472
40285,6082.703200093874
40286,6549.855141748242
40287,2579.5734605511234
40288,2873.272044936329
40289,4133.447309177293
40290,6533.247281814213
40291,8872.577223210463
40292,7678.01417508908
40293,4344.500884517033
40294,8521.21819140588
40295,8605.48674026215
40296,5272.64936171026
40297,2876.63726781147
40298,11069.480781441851
40299,3206.2605460018103
40300,4677.77733512616
40301,6402.672883428436
40302,4097.858516989855
40303,5414.515249254086
40304,2930.9036515024104
40305,5934.0833246546945
40306,5553.91285802717
40307,5613.87448775125
40308,8555.740657860159
40309,7405.998791581308
40310,5290.1742686779235
40311,3691.4151636869046
40312,8067.104290164921
40313,13339.638065185167
40314,5726.1206980755005
40315,3378.3779253188795
40316,6862.128123279414
40317,5873.83953816389
40318,6993.51245020498
40319,10215.872705549247
40320,2189.7606740939705
40321,8355.8494174475
40322,4991.328535004387
40323,6532.569131205029
40324,9052.748873148284
40325,2812.186262282441
40326,4196.599774608212
40327,5136.882216684941
40328,7581.959579219763
40329,7167.536556274787
40330,4621.220324237966
40331,4438.205636323183
40332,8181.20349516566
40333,6117.44920051895
40334,5347.377780129958
40335,6122.578686356148
40336,4947.058370851195
40337,6198.158962424707
40338,4807.101606181144
40339,3208.816842151005
40340,5481.245717972268
40341,6108.542175022759
40342,6501.448545570686
40343,7293.001841580226
40344,8610.487643986979
40345,4053.628695578737
40346,7958.872667265494
40347,3249.216278336117
40348,3384.909743043918
40349,7652.0443010631625
40350,7133.257816909391
40351,7051.67244576138
40352,9510.192968676238
40353,7149.597451928637
40354,5123.224663260388
40355,6715.078785435913
40356,7233.26771966763
40357,4829.202302372928
40358,3136.1730032508244
40359,4993.385580632274
40360,5115.845268516664
40361,4776.471844204217
40362,3162.796366451127
40363,5478.239125978952
40364,7056.231986766964
40365,6299.296984842525
40366,5997.460948713157
40367,2903.307899505644
40368,6113.315429802233
40369,6886.142403709555
40370,3551.893973205183
40371,5764.2587278005985
40372,4028.749189479429
40373,5292.450550206523
40374,3856.2034391944985
40375,4484.354975544822
40376,5189.0235263504965
40377,7283.919896149779
40378,6877.792576993385
40379,7744.299645845927
40380,15157.731816875994
40381,4440.478771906935
40382,5318.8617860935865
40383,10458.386260288862
40384,5493.801247301347
40385,8442.962787041943
40386,6371.649231609783
40387,5798.965332201792
40388,6618.788126650616
40389,4812.324952348978
40390,4935.523841224013
40391,9304.335100419747
40392,5868.583725603653
40393,2643.1025043351856
40394,3808.457280128317
40395,7781.065564205223
40396,9397.822928571934
40397,6620.339517880142
40398,5887.451993410682
40399,4701.80491145881
40400,2389.106589605057
40401,1852.0930294559234
40402,3222.998782378393
40403,6116.869608489061
40404,7691.24071698337
40405,5212.071444970947
40406,4325.351922977223
40407,7790.410903817287
40408,8731.213874201028
40409,7621.971230268453
40410,5365.577375598426
40411,8218.102635948819
40412,9480.86839720279
40413,3520.8875906385647
40414,4974.2715362826275
40415,4903.918076406733
40416,6588.829916198277
40417,3173.3742484246254
40418,5187.447180496046
40419,4380.274174893109
40420,9132.257929092932
40421,6127.055435377181
40422,7349.779477409161
40423,7113.603159101793
40424,5129.192877537547
40425,8218.846487086848
40426,16987.68340426577
40427,8567.516216957867
40428,3868.6632469356377
40429,3218.0455643816845
40430,6723.827861061868
40431,6290.921242170104
40432,4765.391088820692
40433,9802.789792598885
40434,18537.992637590898
40435,5218.7266711626335
40436,2879.310840801489
40437,10353.804466563997
40438,3160.8617856839883
40439,5155.518815602852
40440,3657.8726859956214
40441,5964.791919349733
40442,4601.4940610203
40443,7150.344289917236
40444,5317.466918123629
40445,5431.678005792124
40446,10224.77651669071
40447,6541.7941068678165
40448,6276.505781931581
40449,8165.70602700391
40450,5335.3270705173245
40451,6300.647730868747
40452,9194.29021847216
40453,5004.795567478114
40454,5866.746285246377
40455,4360.718996113865
40456,3697.3389035327787
40457,6028.239323768149
40458,4522.307289079185
40459,5265.084728207124
40460,8311.367059265518
40461,9705.440138508782
40462,7637.239503853898
40463,4428.900309403474
40464,4103.023096429649
40465,4535.223909215042
40466,4783.660485775106
40467,6607.697847806635
40468,3041.1258143707105
40469,6681.725991116961
40470,5107.507557904279
40471,8281.33796397113
40472,5862.227814855736
40473,4601.072957415939
40474,3168.6709993332206
40475,2732.0978063255616
40476,8723.683232684456
40477,6007.1233258715065
40478,5672.916762921872
40479,13404.017109587328
40480,7891.9354419745005
40481,3741.038955597049
40482,6031.067596268984
40483,2526.2508288037825
40484,4180.583789916559
40485,4079.6506055635796
40486,3792.6407391616067
40487,9408.73405002966
40488,4995.258886708898
40489,9626.074353309805
40490,10978.975190675323
40491,6015.730352855777
40492,5732.756870597849
40493,4269.10517327606
40494,4994.772850005288
40495,4791.168371285027
40496,11775.607771234276
40497,6131.9139941444655
40498,8248.138286082843
40499,3563.226674536626
40500,5456.457676491359
40501,5914.700484269243
40502,9137.273536911685
40503,6891.419574117322
40504,5329.495991199106
40505,6738.563799290326
40506,4800.277729407144
40507,8240.951782243912
40508,7216.1478211444555
40509,7098.5225089798205
40510,9083.74664052884
40511,7506.186508397729
40512,8411.11322228771
40513,3704.8522351400443
40514,5788.317187181274
40515,4843.5210254852445
40516,10066.212808565462
40517,7465.4913545017
40518,6790.2306199204995
40519,6476.127384847749
40520,7892.414206392599
40521,5222.498807107776
40522,6653.076193251728
40523,6019.195828100506
40524,3189.7440294372504
40525,12506.59857436787
40526,16978.246270169653
40527,7277.399829612792
40528,6398.551997956626
40529,6343.813290921382
40530,8640.871098505915
40531,7846.990736106286
40532,2819.07329397612
40533,4342.151996915879
40534,5499.282773881672
40535,8723.941901492153
40536,2817.744247431961
40537,4187.588451927229
40538,5181.329200991626
40539,5393.162214133025
40540,5203.057681532999
40541,3450.0490528957234
40542,3045.3218349771655
40543,8282.322870901862
40544,4245.87583560427
40545,4863.672501631752
40546,5453.382238639145
40547,4767.833100185602
40548,10009.722953774532
40549,11478.661440125126
40550,5182.6105951878735
40551,7725.642111534419
40552,6290.804393253222
40553,10605.457101883552
40554,4897.070478842127
40555,3052.139704809359
40556,5287.732847085153
40557,12244.073054648936
40558,4203.667199851043
40559,6890.227335334481
40560,2192.9967752778502
40561,3669.5273633412744
40562,6634.656271906701
40563,6784.098965236082
40564,5454.927663581209
40565,9646.460104264563
40566,9169.401530411587
40567,8414.818903776728
40568,4829.496602719356
40569,10810.02005159419
40570,1914.3762031124536
40571,3905.440320437361
40572,6436.2075902501565
40573,4974.510535199473
40574,9032.927533693959
40575,2580.1055968275427
40576,5311.792837423978
40577,5823.108178819239
40578,8373.742292833813
40579,10778.748209600815
40580,5119.081936388405
40581,3263.578669217435
40582,9957.186205069334
40583,9038.941595194301
40584,4180.095493800059
40585,5700.8394424266635
40586,9550.041213458207
40587,5558.178632079723
40588,4957.059645824162
40589,3555.8552959678586
40590,7906.719424215346
40591,4436.150664923725
40592,12086.624771715553
40593,7773.8779342006255
40594,11349.230167716523
40595,7170.032827469028
40596,4714.809474836751
40597,2217.5647353780514
40598,5525.436426378734
40599,6347.37294722617
40600,5103.839808698455
40601,9000.846609585433
40602,5836.527542879631
40603,2615.216841239168
40604,7129.898047437784
40605,3774.2985347711337
40606,8700.41063769563
40607,7487.592613953039
40608,6833.398914059808
40609,8257.135522521434
40610,5013.700512085153
40611,7207.217955965611
40612,7794.923118945681
40613,5349.401951553326
40614,7097.068642450022
40615,3344.85051524424
40616,9166.014590746794
40617,6612.071843716909
40618,3666.3434114200936
40619,4875.2910678611825
40620,8046.728309116876
40621,6157.011877886287
40622,3859.7994823390227
40623,4996.4535811198075
40624,5604.513770253834
40625,5466.325758659913
40626,4971.108756882954
40627,9888.236920311097
40628,4254.873735530388
40629,3672.897658108875
40630,6273.307674114436
40631,5685.972786431711
40632,3524.192855446871
40633,5264.163510617941
40634,9794.098322184487
40635,7253.562318688981
40636,10549.416361951846
40637,8550.973973282204
40638,7849.819062710186
40639,7708.242915259089
40640,4394.697535509464
40641,10338.761936294908
40642,8690.219826587454
40643,6852.373218969891
40644,4834.606199314008
40645,5745.37835838522
40646,5144.4262454644195
40647,2420.134435351493
40648,12947.208397272607
40649,6985.090667303015
40650,5405.969162304374
40651,5125.214740370845
40652,1456.1581329136864
40653,8343.223450945768
40654,5565.290658320787
40655,4279.180353712959
40656,3573.7793214322564
40657,5253.426961891745
40658,5570.580148279343
40659,4550.374291405549
40660,9837.183069146973
40661,5491.155007185805
40662,4700.991936232724
40663,3305.890554885693
40664,2604.5736078033324
40665,4926.5142138883075
40666,13612.536614180632
40667,3516.8745665867423
40668,6036.005010182874
40669,5029.196831806789
40670,3697.1570234123365
40671,3107.488711979885
40672,5810.811616181851
40673,2698.3653653092088
40674,9575.568954712824
40675,5400.88422981394
40676,2937.1146591207553
40677,8352.4416270062
40678,2679.142625911219
40679,4570.021030485003
40680,10447.1077994746
40681,7270.394711924291
40682,7895.718551055682
40683,2668.14553609245
40684,4039.001741052668
40685,4651.699959909939
40686,3833.5002142683325
40687,14204.335944153236
40688,11090.388960296965
40689,5490.489497616094
40690,3255.256803506003
40691,6289.909923472486
40692,5063.023250292373
40693,2536.946549211264
40694,7102.155758030765
40695,5003.51791392747
40696,5864.890557638543
40697,7220.144237802337
40698,4942.979596605579
40699,4801.846213184542
40700,5594.353565234952
40701,6303.304393947269
40702,7327.419573191879
40703,2990.55814414318
40704,5898.244362070566
40705,6484.0230310370225
40706,7729.806075090815
40707,6047.60356328827
40708,8174.666586736521
40709,2835.1211806155584
40710,10269.388796004961
40711,5139.750500363769
40712,2895.0903194054617
40713,4262.007248290354
40714,4499.380245346647
40715,4336.674504160052
40716,7638.599351819426
40717,4353.36621556013
40718,5782.399839941445
40719,4857.154529644035
40720,7945.763940963992
40721,7794.9799432283635
40722,5953.872655207682
40723,7742.393100925332
40724,6387.647217050653
40725,2580.41131862648
40726,11760.224008232399
40727,3291.484383832268
40728,2930.2867854598376
40729,5554.671616282972
40730,10397.174005015751
40731,10627.265730427986
40732,4214.624136304657
40733,4865.636816615097
40734,6470.711127108191
40735,6689.9080262245225
40736,4572.772240189869
40737,7961.034796271757
40738,2661.205502658265
40739,4088.044861476176
40740,3937.725213527842
40741,3627.0427929600296
40742,3051.861492312347
40743,7447.004468120429
40744,6640.762585453575
40745,6411.0334022427305
40746,4726.064041105211
40747,8756.382511662267
40748,8058.410220178382
40749,4921.796044085702
40750,5624.301376058642
40751,5999.147439539717
40752,7640.732270840365
40753,5085.701881186552
40754,2102.593334367811
40755,6342.199053980947
40756,7138.549318275428
40757,6056.848621377839
40758,5243.8551187801195
40759,3643.7367905164674
40760,10455.359932348898
40761,3059.6965791544685
40762,8756.291584052964
40763,4920.677850067419
40764,4368.696447610897
40765,7413.187569068309
40766,4760.71374278134
40767,4612.838705695198
40768,9001.082753139746
40769,2610.784409999842
40770,8224.651024416655
40771,10019.836136748812
40772,6788.16164879371
40773,2699.080540403727
40774,5131.121559887184
40775,3969.353019891219
40776,2132.0178005020834
40777,5060.133305190936
40778,6592.505378012872
40779,5645.215979253526
40780,5050.255854785714
40781,5403.758098048647
40782,4759.868981355783
40783,7957.2258420422295
40784,5381.569576998368
40785,5938.54609940189
40786,3971.477376633176
40787,5630.256320759422
40788,5573.244990259257
40789,6713.2441556041995
40790,7865.35487056088
40791,6162.406150410879
40792,8793.513065091278
40793,5375.143770491209
40794,5346.10214776212
40795,3184.078671653431
40796,5976.455970940012
40797,9899.50333934461
40798,6292.8301432519875
40799,8332.17089663245
40800,13591.921979353023
40801,3120.8878829321798
40802,4575.640310204791
40803,3838.753411195798
40804,7831.434006975108
40805,9782.886710266534
40806,8181.276533663898
40807,7599.450138550916
40808,7400.195590657318
40809,8117.561889706553
40810,6700.004942875163
40811,5200.240315142169
40812,2269.990311845377
40813,4945.624042879275
40814,3053.3464094896513
40815,3146.1828148298537
40816,6183.383747437642
40817,17580.624319333518
40818,5607.234339528086
40819,3485.18345489411
40820,4808.177402637468
40821,4690.786040734688
40822,5586.989705771667
40823,2402.3476008923053
40824,7221.251637225801
40825,7260.654083862598
40826,4022.35070103362
40827,12809.763719977042
40828,11187.595342358789
40829,3184.279180443566
40830,5670.343040088383
40831,3609.590743866772
40832,3629.6662714665604
40833,4355.821104590628
40834,8474.087378459672
40835,3552.728786986839
40836,4629.632844165629
40837,4303.552854117932
40838,5190.842626023683
40839,4858.166628446136
40840,7044.467494015729
40841,3487.7038994750974
40842,8294.843287645663
40843,6797.532190924638
40844,4546.423741763359
40845,3848.405552395263
40846,3729.663097192947
40847,4971.785078629898
40848,5147.816794167607
40849,9896.59783873816
40850,4579.683255690882
40851,4349.68432910357
40852,6518.14628522449
40853,4704.79244041807
40854,5888.43649434755
40855,4491.697373370486
40856,6046.033749323743
40857,10473.827822044292
40858,6497.855461133691
40859,6044.559726017426
40860,3631.326418071227
40861,5216.625595059767
40862,6428.5203528313605
40863,3414.254047052913
40864,4955.314485379667
40865,4971.6193366497155
40866,12131.663212193758
40867,7030.307455554544
40868,4208.411122903817
40869,5183.936891816064
40870,5024.608301389865
40871,6429.173451802202
40872,5249.237286694964
40873,9369.039941421295
40874,6435.450572092287
40875,4941.762497360671
40876,3971.402512732009
40877,2286.6988668629597
40878,3201.8633135824653
40879,21301.89368613594
40880,2356.126593795945
40881,4999.173526185623
40882,5778.073453124703
40883,6319.825407692271
40884,5459.030269154154
40885,8653.068994000061
40886,5471.59091213594
40887,5891.974280503878
40888,2656.9772783293633
40889,8409.9779469176
40890,4403.676889552498
40891,6390.222764651553
40892,9066.477416075364
40893,4509.142173161239
40894,8556.654681582062
40895,6466.588441353308
40896,3583.155582948858
40897,5699.121563565533
40898,7486.250187005508
40899,2921.8839358969153
40900,8621.052197284718
40901,6487.303985305184
40902,5093.145676544168
40903,9953.42675298326
40904,8253.296857211886
40905,6461.387654246055
40906,4601.713487901195
40907,4024.67111569746
40908,5451.270024456864
40909,3462.3597225498856
40910,6786.886886304422
40911,2573.165469983396
40912,5370.7099384180465
40913,2728.842622291404
40914,5903.555481667895
40915,5197.930904483826
40916,4312.885730247402
40917,5533.857561258224
40918,9368.753494577912
40919,6220.612329103234
40920,6507.873912153637
40921,5493.177744110046
40922,5241.971682063025
40923,10402.100070400182
40924,6907.2060191418
40925,3796.5878334448985
40926,5790.610690322283
40927,5234.149601118776
40928,3893.2110264585235
40929,13400.08212639911
40930,6302.526338739129
40931,4787.202832934155
40932,10225.364389126293
40933,6097.015001536474
40934,2138.2699185722104
40935,12642.073919442866
40936,8813.592277550222
40937,6390.434089909947
40938,7809.4700179561505
40939,6383.271442631027
40940,8719.203097731346
40941,4795.8736047503735
40942,4144.587571490921
40943,3670.7874809518394
40944,6114.727978159706
40945,7514.193315747203
40946,2582.970393041673
40947,7728.82942579071
40948,6512.516503384624
40949,4328.77881759181
40950,6516.524220236713
40951,4711.80708863933
40952,6255.63104074574
40953,4337.727341451771
40954,4971.376993982333
40955,4853.401081097029
40956,3978.51906341093
40957,5729.419924435961
40958,7317.127928853063
40959,8661.765112123932
40960,5644.367033753853
40961,4505.53271143593
40962,6321.044241263665
40963,6966.370910135312
40964,6858.922784359218
40965,3301.070168363035
40966,2824.4892115182206
40967,8473.972193743848
40968,6380.218334679649
40969,4142.573884846785
40970,7390.384520649679
40971,6788.0993903278195
40972,5439.3521449430955
40973,4932.365077033602
40974,1656.1134549535416
40975,6808.979529422845
40976,5689.099403369981
40977,4926.512430427885
40978,9127.518325255654
40979,6153.783582832603
40980,3431.5505222895454
40981,5224.697042732187
40982,3545.1115989099003
40983,1299.3553783327545
40984,5269.080557754456
40985,10401.073298315414
40986,5497.018144695553
40987,4387.137565139215
40988,2913.172827268927
40989,4860.199962006816
40990,7368.179999018122
40991,5322.850868845936
40992,9141.237036121454
40993,3900.150843842875
40994,4137.438861126819
40995,3526.2389310126255
40996,5849.806054194527
40997,3262.0742358231187
40998,2642.0336175901284
40999,4414.324358192668
41000,4357.6735571716445
41001,7081.223078538139
41002,4289.33211363395
41003,5182.794201281372
41004,4890.127256590506
41005,7857.766807255146
41006,4902.1628340107745
41007,3573.947654797676
41008,11255.635264450659
41009,6087.9122639832685
41010,6674.272616606926
41011,2007.4730969785594
41012,5062.390841140804
41013,5784.191051882649
41014,4266.761481725102
41015,8665.360595264152
41016,8831.590949345584
41017,6406.507218156129
41018,6826.098945346031
41019,6374.60146991308
41020,6974.082540333804
41021,11447.52765430193
41022,3278.762026412001
41023,3943.6840352702247
41024,5337.530078726232
41025,5306.699935047547
41026,6024.10304060228
41027,7210.09872291859
41028,6363.860492164751
41029,6315.964231637546
41030,2661.715181099866
41031,5759.585904351163
41032,8338.828661011788
41033,3389.893759827821
41034,6134.504299238698
41035,3272.438938897603
41036,6588.5503402020995
41037,5793.329429489921
41038,5142.975624007542
41039,5944.162982544102
41040,4491.827254537123
41041,5429.2732669449715
41042,6579.116185506313
41043,4837.465753284574
41044,8144.398237790323
41045,5719.765917259968
41046,9532.116000209386
41047,5586.192510097248
41048,3593.6728815307624
41049,8851.94480692554
41050,2879.238094975452
41051,8226.510526772592
41052,5953.378629196654
41053,5091.507936412519
41054,6897.553655229418
41055,4576.412240793436
41056,4844.744311106802
41057,6748.903143926213
41058,3196.2906812583287
41059,2767.0196264854308
41060,6184.390872979487
41061,6531.1148910009315
41062,10920.24726390865
41063,6001.801970767134
41064,5454.473011087442
41065,3331.2043905547594
41066,6542.802375081913
41067,3131.986928503804
41068,10151.565730296821
41069,7839.706380753193
41070,14428.875372355942
41071,5599.916547896958
41072,5234.792174586563
41073,8476.312147832106
41074,9047.136892564078
41075,2926.072413851596
41076,9813.88778814818
41077,6689.595633879735
41078,6122.912090992775
41079,6223.717590315696
41080,4484.503019528138
41081,3309.4087380530673
41082,5582.239837134889
41083,3695.620083461013
41084,2602.855624329867
41085,6582.929892938275
41086,5334.644770387762
41087,22327.803514325027
41088,7169.3438857332885
