Id,Sales
1,4140.51171875
2,7127.24755859375
3,8448.37890625
4,5828.8935546875
5,6391.994140625
6,5790.8837890625
7,7867.5830078125
8,7466.31103515625
9,4880.60009765625
10,5814.228515625
11,6638.81494140625
12,7445.13623046875
13,6133.91064453125
14,7487.873046875
15,5237.05078125
16,4377.95068359375
17,4977.74755859375
18,9630.9814453125
19,10823.3544921875
20,9103.48046875
21,6445.87646484375
22,5286.3798828125
23,5110.9609375
24,3915.569091796875
25,7503.4384765625
26,9659.7421875
27,9434.33984375
28,5560.35986328125
29,4688.404296875
30,4695.03564453125
31,5165.068359375
32,10006.09765625
33,6250.1044921875
34,4575.509765625
35,4985.248046875
36,7197.06982421875
37,3884.0419921875
38,6711.18505859375
39,4015.218017578125
40,6800.8447265625
41,6760.91162109375
42,4843.53564453125
43,7162.58935546875
44,6523.693359375
45,4566.052734375
46,5929.4443359375
47,7206.6796875
48,9849.2861328125
49,6037.9462890625
50,7999.4013671875
51,7680.11376953125
52,8706.076171875
53,6477.30322265625
54,9177.078125
55,4397.55078125
56,4377.0751953125
57,5955.833984375
58,6057.68603515625
59,8703.2392578125
60,7392.18798828125
61,5161.34912109375
62,7106.40869140625
63,6739.8349609375
64,9976.62890625
65,3851.30126953125
66,11939.314453125
67,4739.63623046875
68,5832.4736328125
69,8529.443359375
70,4831.892578125
71,5433.59716796875
72,5728.1025390625
73,6255.88720703125
74,4779.8505859375
75,4978.5068359375
76,7613.43310546875
77,7732.34814453125
78,7035.47607421875
79,4361.4658203125
80,7200.216796875
81,10270.771484375
82,6168.310546875
83,4606.20458984375
84,6449.7841796875
85,5789.322265625
86,6308.9326171875
87,7312.99169921875
88,3860.786376953125
89,7427.67333984375
90,5345.2265625
91,7226.353515625
92,8961.8203125
93,4298.9560546875
94,5805.32177734375
95,5260.455078125
96,6575.37890625
97,8822.388671875
98,4936.41259765625
99,4643.06591796875
100,5879.5947265625
101,6049.24072265625
102,5118.6875
103,8267.5390625
104,6376.80615234375
105,7361.19580078125
106,5386.7373046875
107,4294.6416015625
108,6047.40234375
109,7375.7080078125
110,7569.31396484375
111,7056.5302734375
112,7753.5703125
113,5034.84912109375
114,8543.228515625
115,5059.7099609375
116,6816.572265625
117,8527.6171875
118,6180.96875
119,8800.2880859375
120,7576.4970703125
121,7415.626953125
122,5833.93115234375
123,6888.65185546875
124,7505.0751953125
125,6112.01171875
126,4060.640625
127,5099.2177734375
128,7738.7890625
129,6372.7998046875
130,4765.814453125
131,8512.75
132,6714.8984375
133,6080.90869140625
134,5370.47998046875
135,5041.49658203125
136,6882.69140625
137,6832.63037109375
138,6327.46728515625
139,5001.77392578125
140,4736.2060546875
141,6012.7763671875
142,3969.6025390625
143,6142.435546875
144,4909.138671875
145,8292.0556640625
146,6862.0625
147,6087.75390625
148,8993.744140625
149,5060.8291015625
150,4621.9814453125
151,10079.2744140625
152,6222.88916015625
153,7295.0009765625
154,7187.34228515625
155,5147.30126953125
156,5965.20947265625
157,5286.00537109375
158,7193.4580078125
159,10760.0068359375
160,6399.12890625
161,3851.30126953125
162,4856.73291015625
163,7714.51806640625
164,9071.505859375
165,5999.3837890625
166,6849.10400390625
167,4357.27001953125
168,4650.470703125
169,3851.30126953125
170,4434.5859375
171,5158.35009765625
172,6501.3896484375
173,6905.64599609375
174,5506.318359375
175,7470.287109375
176,8617.33203125
177,6712.17333984375
178,4397.98291015625
179,8931.734375
180,9895.6142578125
181,5777.9794921875
182,7852.1357421875
183,4646.8916015625
184,5893.91748046875
185,4018.682373046875
186,7223.30224609375
187,4994.416015625
188,8987.4091796875
189,6502.7265625
190,7760.25390625
191,7933.783203125
192,5144.52294921875
193,8378.7509765625
194,17615.236328125
195,9791.302734375
196,5462.27392578125
197,3851.30126953125
198,5901.52587890625
199,8806.916015625
200,5880.228515625
201,11323.11328125
202,17580.482421875
203,3862.652099609375
204,5139.2998046875
205,8589.96875
206,4700.33984375
207,8898.7275390625
208,6212.70849609375
209,6957.353515625
210,4166.294921875
211,6933.005859375
212,6103.62548828125
213,6856.17919921875
214,8541.25390625
215,6158.6787109375
216,5521.69580078125
217,7054.77734375
218,5084.595703125
219,4992.0576171875
220,7698.34765625
221,5345.5048828125
222,6014.27685546875
223,6944.177734375
224,5910.3369140625
225,5643.23583984375
226,7079.58251953125
227,6923.279296875
228,7823.4560546875
229,7456.97265625
230,7025.3037109375
231,4964.1962890625
232,3851.30126953125
233,6085.50146484375
234,6977.31591796875
235,5073.3017578125
236,4328.85693359375
237,9203.96484375
238,6838.8359375
239,8629.4267578125
240,6304.201171875
241,5053.91845703125
242,5069.93359375
243,4317.1376953125
244,9540.48046875
245,5093.9013671875
246,7499.54638671875
247,13971.287109375
248,7470.40283203125
249,6104.31494140625
250,4797.626953125
251,4268.759765625
252,7010.47900390625
253,3863.54248046875
254,5963.8349609375
255,9235.9560546875
256,5431.630859375
257,13926.1484375
258,13454.43359375
259,4682.6640625
260,7408.4580078125
261,5155.6171875
262,6268.1064453125
263,4922.12353515625
264,10362.95703125
265,6764.67626953125
266,8927.3232421875
267,4552.646484375
268,6952.8583984375
269,4600.599609375
270,9104.26953125
271,6590.36181640625
272,5952.7470703125
273,6277.3095703125
274,5738.5380859375
275,7973.216796875
276,9210.28515625
277,5497.47900390625
278,9938.8955078125
279,6315.6591796875
280,9220.857421875
281,5088.56982421875
282,4940.6552734375
283,5041.435546875
284,9896.248046875
285,5934.86865234375
286,7125.1328125
287,6337.95703125
288,7868.9052734375
289,4320.8154296875
290,8335.50390625
291,5776.6875
292,3851.30126953125
293,13101.8525390625
294,15526.826171875
295,6809.8525390625
296,7796.16943359375
297,9012.623046875
298,9701.57421875
299,10507.6591796875
300,5639.734375
301,7733.43896484375
302,5358.64794921875
303,8048.5634765625
304,4126.556640625
305,5062.76953125
306,5291.7763671875
307,5935.25390625
308,7134.59423828125
309,4947.81005859375
310,4498.5478515625
311,6099.44091796875
312,3911.603759765625
313,4451.49169921875
314,5421.98876953125
315,6519.6103515625
316,8659.5791015625
317,8323.60546875
318,6263.50244140625
319,6584.73095703125
320,5703.3759765625
321,10720.3134765625
322,7476.8056640625
323,5181.763671875
324,4432.625
325,8820.7392578125
326,4284.0361328125
327,6595.98486328125
328,3851.30126953125
329,4862.365234375
330,7161.14404296875
331,6272.32275390625
332,5197.9404296875
333,8364.1474609375
334,9685.0029296875
335,11099.8515625
336,6191.0341796875
337,9595.4609375
338,3851.30126953125
339,5243.9970703125
340,5788.8779296875
341,4195.73974609375
342,8311.32421875
343,4996.08154296875
344,4844.578125
345,7829.48974609375
346,10986.408203125
347,8597.2431640625
348,5382.41796875
349,5034.19921875
350,10878.5625
351,7111.23779296875
352,5690.65087890625
353,4667.18310546875
354,6925.1396484375
355,9253.7509765625
356,4752.21728515625
357,6057.9140625
358,7364.916015625
359,7394.95703125
360,12134.025390625
361,6378.28271484375
362,12126.15234375
363,7146.90087890625
364,4776.5810546875
365,3851.30126953125
366,6193.046875
367,5997.89453125
368,5326.23779296875
369,7269.15771484375
370,4562.01904296875
371,4434.69970703125
372,6846.1240234375
373,3851.30126953125
374,7748.779296875
375,6411.041015625
376,7427.955078125
377,7875.9873046875
378,5201.4560546875
379,8939.810546875
380,6500.509765625
381,4897.451171875
382,5177.71142578125
383,5139.61181640625
384,10371.921875
385,6172.287109375
386,4953.0390625
387,7827.5859375
388,8115.8896484375
389,6310.857421875
390,6247.642578125
391,8126.6015625
392,5663.95751953125
393,5474.9736328125
394,5285.54296875
395,8191.90869140625
396,5431.3759765625
397,5552.01904296875
398,5208.58984375
399,5206.0244140625
400,4405.14404296875
401,5102.42138671875
402,8452.3916015625
403,8284.9931640625
404,10200.3818359375
405,10659.3994140625
406,7339.7783203125
407,6891.22021484375
408,4496.001953125
409,9791.7158203125
410,9244.388671875
411,7313.99365234375
412,7982.82958984375
413,7724.83447265625
414,5553.3173828125
415,3851.30126953125
416,10756.6123046875
417,5246.9619140625
418,6045.36181640625
419,6231.04296875
420,3851.30126953125
421,10917.0361328125
422,5401.75244140625
423,4818.2080078125
424,4318.58642578125
425,5585.15673828125
426,5774.6689453125
427,7501.2099609375
428,6630.62158203125
429,4382.1083984375
430,4927.4931640625
431,4040.724365234375
432,3851.30126953125
433,6503.2001953125
434,17193.125
435,5095.0966796875
436,5206.0439453125
437,6414.3828125
438,4775.3408203125
439,5100.0205078125
440,4701.22216796875
441,4539.1640625
442,7465.43603515625
443,6731.39501953125
444,4237.388671875
445,8241.3330078125
446,5383.32470703125
447,4831.146484375
448,8761.95703125
449,8215.458984375
450,9532.345703125
451,5517.46337890625
452,6835.41259765625
453,4867.865234375
454,5001.09765625
455,13736.515625
456,9308.7080078125
457,6075.17822265625
458,4729.2412109375
459,4788.9990234375
460,5363.73828125
461,4511.2783203125
462,9378.14453125
463,4587.072265625
464,5721.767578125
465,7000.4482421875
466,4789.2646484375
467,6276.07080078125
468,7042.25439453125
469,7755.5458984375
470,7348.4267578125
471,4306.9521484375
472,5746.41796875
473,6725.8623046875
474,8925.1103515625
475,8326.3662109375
476,6490.572265625
477,4542.3193359375
478,7483.197265625
479,5244.4345703125
480,4051.235595703125
481,7036.3837890625
482,6421.693359375
483,6438.9580078125
484,5777.68994140625
485,5988.79345703125
486,6949.951171875
487,5307.029296875
488,6503.33642578125
489,7351.33837890625
490,5993.2294921875
491,8416.19921875
492,6177.98828125
493,4278.796875
494,10475.2890625
495,5322.7890625
496,3851.30126953125
497,7921.7021484375
498,9322.3134765625
499,10425.5224609375
500,4812.22900390625
501,5621.0888671875
502,6047.13818359375
503,7458.81494140625
504,5928.60009765625
505,7530.564453125
506,3851.30126953125
507,5722.734375
508,5708.07373046875
509,5436.86865234375
510,4930.71826171875
511,6679.521484375
512,7631.2138671875
513,5374.267578125
514,8450.74609375
515,6826.2392578125
516,8148.7158203125
517,4566.2353515625
518,6127.3857421875
519,5918.81884765625
520,7607.26025390625
521,8689.65234375
522,4055.935546875
523,7808.72265625
524,7624.53271484375
525,7432.7568359375
526,5123.6748046875
527,3851.30126953125
528,7181.59423828125
529,6399.2744140625
530,7472.26318359375
531,6736.435546875
532,5387.880859375
533,7564.373046875
534,6020.923828125
535,6288.2744140625
536,7363.21044921875
537,5595.54638671875
538,8307.859375
539,10175.61328125
540,8166.24462890625
541,4415.1123046875
542,5519.435546875
543,4456.57177734375
544,0.0
545,7936.54736328125
546,5449.8740234375
547,8098.208984375
548,4515.4189453125
549,6828.83642578125
550,6478.6455078125
551,10085.095703125
552,4353.46044921875
553,5822.271484375
554,5094.3798828125
555,7645.16162109375
556,5349.69384765625
557,6508.57275390625
558,7206.2646484375
559,9049.923828125
560,7264.12744140625
561,6058.22998046875
562,5518.32373046875
563,4359.4033203125
564,5164.14208984375
565,10114.947265625
566,9023.40625
567,7667.677734375
568,14193.1650390625
569,6038.1328125
570,4769.572265625
571,6104.6259765625
572,7727.330078125
573,9117.1845703125
574,6257.77099609375
575,7506.0830078125
576,7605.11328125
577,7538.3203125
578,5427.01953125
579,5554.68017578125
580,5176.31640625
581,4942.42919921875
582,4029.01513671875
583,5281.4912109375
584,7968.18896484375
585,15430.640625
586,6367.853515625
587,5135.4912109375
588,7390.24609375
589,4003.873291015625
590,6226.2578125
591,3909.40087890625
592,8474.408203125
593,5498.64892578125
594,6122.904296875
595,12400.837890625
596,10982.6298828125
597,6115.78662109375
598,6513.75830078125
599,3851.30126953125
600,5396.08251953125
601,5199.7900390625
602,8332.658203125
603,4572.0205078125
604,3955.18115234375
605,5841.60205078125
606,5207.52490234375
607,7664.8056640625
608,6055.01904296875
609,3851.30126953125
610,6980.54248046875
611,8048.41357421875
612,6992.14990234375
613,4075.33837890625
614,4341.3310546875
615,7129.42919921875
616,4101.328125
617,9381.05078125
618,4864.23486328125
619,4758.171875
620,6461.91357421875
621,5666.517578125
622,4486.322265625
623,5628.1083984375
624,6650.8232421875
625,9289.7109375
626,9402.447265625
627,5482.85595703125
628,4187.5654296875
629,5482.958984375
630,7182.994140625
631,4823.8427734375
632,5897.79150390625
633,5858.91162109375
634,11314.158203125
635,7408.81298828125
636,5337.4921875
637,6485.94775390625
638,4674.95556640625
639,8354.734375
640,5363.669921875
641,12378.8759765625
642,6100.1689453125
643,4987.248046875
644,5165.5068359375
645,3851.30126953125
646,6911.61328125
647,17031.291015625
648,4824.07421875
649,5022.701171875
650,9088.912109375
651,6344.32421875
652,6954.7451171875
653,7459.78369140625
654,6324.90283203125
655,4983.29541015625
656,4636.095703125
657,9312.564453125
658,5686.48828125
659,6634.2412109375
660,7083.66455078125
661,4744.8759765625
662,6697.69970703125
663,5948.5498046875
664,3851.30126953125
665,7945.8271484375
666,8031.603515625
667,4518.2109375
668,6875.474609375
669,6660.60400390625
670,4291.572265625
671,8549.2509765625
672,5943.68505859375
673,8359.9912109375
674,4528.2861328125
675,4658.98046875
676,5829.7431640625
677,0.0
678,7552.49755859375
679,4206.3984375
680,6410.2294921875
681,4925.4228515625
682,5032.689453125
683,5495.50390625
684,6375.02880859375
685,6443.39404296875
686,7611.48876953125
687,5656.578125
688,7642.68359375
689,6118.146484375
690,8390.5185546875
691,8735.6435546875
692,6969.36181640625
693,3851.30126953125
694,5416.9755859375
695,6994.47314453125
696,4832.5244140625
697,10766.0625
698,5259.76220703125
699,7987.44189453125
700,10644.08203125
701,6085.6767578125
702,4412.025390625
703,10683.87109375
704,9286.3515625
705,5406.49609375
706,8919.3271484375
707,9198.095703125
708,5707.845703125
709,5301.8681640625
710,6764.17041015625
711,5635.52490234375
712,5520.2109375
713,6744.3818359375
714,4700.6826171875
715,6500.16748046875
716,6915.53857421875
717,6672.81103515625
718,7446.63427734375
719,5376.9482421875
720,6859.859375
721,4295.8623046875
722,7298.99853515625
723,6845.8349609375
724,5407.9189453125
725,6626.69873046875
726,6721.869140625
727,8946.189453125
728,5392.876953125
729,5001.27490234375
730,5898.97607421875
731,6268.4599609375
732,6871.3544921875
733,4488.7373046875
734,4240.1044921875
735,8083.5849609375
736,7211.55517578125
737,5477.4501953125
738,7446.98388671875
739,6417.1357421875
740,7238.8515625
741,4539.7333984375
742,3958.69384765625
743,6572.7880859375
744,5453.2939453125
745,5867.703125
746,9136.650390625
747,7804.9619140625
748,4774.916015625
749,7871.43408203125
750,3851.30126953125
751,3851.30126953125
752,5641.8408203125
753,11109.849609375
754,7686.841796875
755,6343.81494140625
756,4587.62744140625
757,6800.88671875
758,9357.720703125
759,5494.1435546875
760,8299.3408203125
761,5908.4716796875
762,4975.5537109375
763,5688.619140625
764,5034.619140625
765,5133.43359375
766,4946.17578125
767,4628.56689453125
768,4528.02099609375
769,6912.73193359375
770,6910.6201171875
771,4558.3720703125
772,5922.79638671875
773,6096.91455078125
774,5375.13232421875
775,4968.1376953125
776,8522.6455078125
777,7423.615234375
778,6034.78466796875
779,3998.727294921875
780,11322.076171875
781,5956.67041015625
782,4850.455078125
783,8631.8515625
784,8926.798828125
785,6802.89013671875
786,5482.2607421875
787,7813.0625
788,9086.712890625
789,13058.111328125
790,4622.3515625
791,4150.552734375
792,4697.3203125
793,6437.28466796875
794,5325.57958984375
795,7814.02734375
796,8850.5908203125
797,5934.4013671875
798,4185.52392578125
799,6262.927734375
800,9149.8916015625
801,4965.751953125
802,6555.033203125
803,3989.080078125
804,6985.734375
805,7396.33447265625
806,6734.44677734375
807,8880.1748046875
808,5967.23583984375
809,3851.30126953125
810,5733.72802734375
811,6668.248046875
812,7456.7294921875
813,7254.8056640625
814,7359.6787109375
815,6379.93310546875
816,3851.30126953125
817,9378.185546875
818,4442.291015625
819,10232.017578125
820,5317.02294921875
821,4231.337890625
822,6255.9794921875
823,5739.67041015625
824,7245.56591796875
825,7374.09521484375
826,3851.30126953125
827,4232.9736328125
828,6915.3876953125
829,8468.8701171875
830,9819.544921875
831,5100.470703125
832,6066.0126953125
833,7465.88037109375
834,5771.77587890625
835,5119.048828125
836,9195.291015625
837,8081.6689453125
838,11507.302734375
839,4230.6689453125
840,5510.25634765625
841,0.0
842,8165.01416015625
843,5208.74755859375
844,9968.5556640625
845,6574.67724609375
846,4941.58984375
847,4981.755859375
848,4347.4921875
849,4767.2451171875
850,6151.7607421875
851,4756.69140625
852,4774.5185546875
853,8857.490234375
854,6574.73388671875
855,20598.62890625
856,6148.7890625
857,4218.30859375
858,7068.38916015625
859,8562.365234375
860,5860.8251953125
861,6600.58740234375
862,5659.9736328125
863,8074.9697265625
864,7629.02294921875
865,4727.2236328125
866,5928.41015625
867,6401.28515625
868,7648.44677734375
869,6323.3037109375
870,7343.23876953125
871,5280.94677734375
872,4472.697265625
873,4894.0693359375
874,9853.861328125
875,11280.162109375
876,9748.6015625
877,6415.94140625
878,5759.078125
879,4994.00390625
880,4056.28076171875
881,7665.982421875
882,9679.828125
883,9663.306640625
884,5608.0849609375
885,4893.8388671875
886,5000.55126953125
887,5012.3974609375
888,10411.326171875
889,6139.25732421875
890,4538.2333984375
891,5002.11962890625
892,7350.01611328125
893,3865.574462890625
894,6533.3876953125
895,3946.765869140625
896,6750.34912109375
897,6591.81689453125
898,4950.998046875
899,7072.76416015625
900,6648.4775390625
901,4775.2099609375
902,6077.9462890625
903,6934.548828125
904,9786.6416015625
905,5767.3994140625
906,8163.763671875
907,7844.69189453125
908,8688.12109375
909,6433.84716796875
910,9471.1083984375
911,4524.64013671875
912,4501.0869140625
913,6146.6904296875
914,5792.16455078125
915,8788.30078125
916,7355.96337890625
917,5425.6474609375
918,7046.43798828125
919,6777.501953125
920,10185.748046875
921,3854.687255859375
922,12158.5712890625
923,4874.19970703125
924,5693.9912109375
925,8815.9892578125
926,4902.9814453125
927,5600.130859375
928,5784.57080078125
929,6109.3994140625
930,4471.259765625
931,4788.39453125
932,7604.86767578125
933,7690.97998046875
934,7498.5546875
935,4190.3134765625
936,7303.859375
937,10136.7265625
938,6283.31005859375
939,4565.0126953125
940,6199.98779296875
941,5877.970703125
942,6179.001953125
943,7306.01123046875
944,3851.30126953125
945,7514.76220703125
946,5482.681640625
947,7077.4248046875
948,9080.427734375
949,4395.94921875
950,5538.74853515625
951,5254.5146484375
952,6574.3955078125
953,8901.3818359375
954,4941.81494140625
955,4564.134765625
956,5928.080078125
957,5742.91455078125
958,5057.095703125
959,8295.64453125
960,6365.24853515625
961,7591.0048828125
962,5254.9873046875
963,4419.15869140625
964,5844.84521484375
965,7510.556640625
966,7616.57373046875
967,6986.501953125
968,7824.931640625
969,4728.9453125
970,8391.0341796875
971,5420.662109375
972,6903.3359375
973,8467.205078125
974,6039.87744140625
975,9053.01171875
976,7305.447265625
977,7380.90380859375
978,5521.71826171875
979,6951.7373046875
980,7356.88720703125
981,6152.6142578125
982,4069.45947265625
983,5361.7216796875
984,8035.322265625
985,6391.7138671875
986,4826.3544921875
987,8897.2275390625
988,6953.6484375
989,5947.5576171875
990,5230.28955078125
991,5252.2978515625
992,6986.591796875
993,6813.63037109375
994,6379.21337890625
995,4901.267578125
996,4779.8203125
997,6025.90087890625
998,4106.4521484375
999,6334.80224609375
1000,4903.0166015625
1001,8341.6083984375
1002,6836.546875
1003,6031.322265625
1004,8675.7978515625
1005,5323.4833984375
1006,4324.13720703125
1007,10414.2236328125
1008,6137.3642578125
1009,7397.3857421875
1010,7313.716796875
1011,4812.60986328125
1012,5915.77685546875
1013,5334.58544921875
1014,7216.81005859375
1015,11132.4541015625
1016,6246.1015625
1017,3851.30126953125
1018,4862.87646484375
1019,7687.6328125
1020,9050.08984375
1021,6146.9140625
1022,6795.8837890625
1023,4340.560546875
1024,4653.3515625
1025,3851.30126953125
1026,4687.650390625
1027,5066.96240234375
1028,6373.48388671875
1029,6997.5283203125
1030,5565.8505859375
1031,7345.59375
1032,8276.5869140625
1033,6503.376953125
1034,4243.78857421875
1035,8969.078125
1036,10112.5400390625
1037,5764.96484375
1038,8052.421875
1039,4731.9541015625
1040,5970.8828125
1041,4048.703369140625
1042,7360.69580078125
1043,4959.3486328125
1044,8937.248046875
1045,6617.27099609375
1046,7971.15625
1047,8202.5068359375
1048,4818.2109375
1049,8398.9013671875
1050,17914.69921875
1051,9769.54296875
1052,5727.0263671875
1053,3851.30126953125
1054,5719.48388671875
1055,9155.369140625
1056,5789.19287109375
1057,11084.56640625
1058,17520.693359375
1059,3851.30126953125
1060,5150.009765625
1061,8358.357421875
1062,4776.884765625
1063,9301.2138671875
1064,6233.26953125
1065,6949.505859375
1066,4005.82763671875
1067,6730.9658203125
1068,6076.361328125
1069,6840.626953125
1070,8496.00390625
1071,5778.99169921875
1072,5310.4814453125
1073,7057.4599609375
1074,5006.5615234375
1075,4867.31787109375
1076,7681.7900390625
1077,5289.94384765625
1078,5861.5
1079,7062.36865234375
1080,6015.09716796875
1081,5835.72216796875
1082,7319.80712890625
1083,7168.390625
1084,7729.068359375
1085,7310.43798828125
1086,7015.330078125
1087,5184.53564453125
1088,3851.30126953125
1089,6028.51416015625
1090,7143.35595703125
1091,4993.021484375
1092,4128.37890625
1093,9458.8623046875
1094,6718.62890625
1095,8595.8046875
1096,6352.47998046875
1097,5041.447265625
1098,5151.36767578125
1099,4186.82177734375
1100,9412.8515625
1101,4864.03955078125
1102,7564.05224609375
1103,14151.6357421875
1104,7225.87060546875
1105,6208.322265625
1106,4472.6220703125
1107,4328.79833984375
1108,7048.64501953125
1109,4014.064208984375
1110,6027.4306640625
1111,9558.021484375
1112,5190.9892578125
1113,14626.21484375
1114,14137.0283203125
1115,4444.53955078125
1116,7344.28857421875
1117,5265.50390625
1118,6511.4736328125
1119,5015.216796875
1120,10483.154296875
1121,6533.56494140625
1122,9202.595703125
1123,4676.365234375
1124,6936.00390625
1125,4348.216796875
1126,9157.6875
1127,6272.6875
1128,6160.3544921875
1129,6197.80224609375
1130,5660.212890625
1131,7901.2685546875
1132,9418.7490234375
1133,5351.72607421875
1134,10265.845703125
1135,6305.515625
1136,9563.49609375
1137,4964.89013671875
1138,4813.7734375
1139,4989.23876953125
1140,9961.4853515625
1141,5672.1748046875
1142,6942.55029296875
1143,6385.052734375
1144,7955.48974609375
1145,4091.0673828125
1146,8493.55078125
1147,5926.8515625
1148,3859.125
1149,13750.1142578125
1150,15561.685546875
1151,6691.47607421875
1152,7724.0576171875
1153,9458.36328125
1154,9932.126953125
1155,10680.8251953125
1156,5765.3173828125
1157,8073.49853515625
1158,5318.1904296875
1159,8077.52734375
1160,4245.0234375
1161,5265.04541015625
1162,5149.4140625
1163,5685.669921875
1164,7287.703125
1165,4949.5859375
1166,4727.359375
1167,5976.78515625
1168,3851.30126953125
1169,4409.265625
1170,5255.44140625
1171,6965.390625
1172,8677.9375
1173,8015.61376953125
1174,6289.5478515625
1175,6446.8076171875
1176,5633.22216796875
1177,10892.2470703125
1178,7604.798828125
1179,5395.23046875
1180,4345.8583984375
1181,8939.53125
1182,4222.68994140625
1183,6323.2626953125
1184,3851.30126953125
1185,5026.798828125
1186,7311.8134765625
1187,6050.94384765625
1188,4965.025390625
1189,8202.806640625
1190,9559.416015625
1191,11441.498046875
1192,6047.4501953125
1193,9663.15625
1194,3851.30126953125
1195,5036.05322265625
1196,5537.0283203125
1197,4271.6953125
1198,8503.61328125
1199,5198.09912109375
1200,4859.033203125
1201,7964.92724609375
1202,11255.408203125
1203,8380.111328125
1204,5404.224609375
1205,4987.7119140625
1206,10917.6875
1207,6949.14501953125
1208,5844.36376953125
1209,4519.68603515625
1210,6863.75244140625
1211,9591.2490234375
1212,4638.505859375
1213,5977.40478515625
1214,7297.49951171875
1215,7682.8896484375
1216,12221.5439453125
1217,6349.63525390625
1218,12584.365234375
1219,6893.29931640625
1220,4768.93115234375
1221,3904.9990234375
1222,6379.09619140625
1223,5965.44189453125
1224,5053.8369140625
1225,7271.62255859375
1226,4494.17626953125
1227,4519.5986328125
1228,6653.09521484375
1229,3876.706787109375
1230,7957.939453125
1231,6176.1943359375
1232,7546.79833984375
1233,7918.890625
1234,5039.76025390625
1235,8812.6884765625
1236,6561.24853515625
1237,4884.595703125
1238,4821.8876953125
1239,5362.46875
1240,10753.119140625
1241,5996.1640625
1242,5050.45703125
1243,7874.1142578125
1244,8223.0673828125
1245,6506.88818359375
1246,6477.060546875
1247,8072.599609375
1248,5575.37353515625
1249,5548.18798828125
1250,5180.83984375
1251,7988.53515625
1252,5802.482421875
1253,5546.6376953125
1254,5057.6513671875
1255,5039.578125
1256,4390.439453125
1257,4786.23828125
1258,8187.36767578125
1259,8298.2783203125
1260,10111.587890625
1261,10981.6259765625
1262,7280.23486328125
1263,6873.71533203125
1264,4609.53125
1265,9964.20703125
1266,9274.0
1267,7207.12255859375
1268,8154.841796875
1269,7822.12158203125
1270,5604.4267578125
1271,3851.30126953125
1272,11081.759765625
1273,5095.02734375
1274,6177.2119140625
1275,6355.5791015625
1276,3851.30126953125
1277,11326.626953125
1278,5163.953125
1279,4774.3955078125
1280,4391.7138671875
1281,5380.201171875
1282,5923.75830078125
1283,7800.89208984375
1284,6532.353515625
1285,4500.9091796875
1286,4844.48291015625
1287,4422.91357421875
1288,3851.30126953125
1289,6382.32470703125
1290,16977.826171875
1291,5204.64990234375
1292,4991.1796875
1293,6589.125
1294,4777.79931640625
1295,5245.6162109375
1296,4449.751953125
1297,4539.96484375
1298,7342.43408203125
1299,6558.43994140625
1300,4325.2099609375
1301,8213.0390625
1302,5707.75390625
1303,4824.50244140625
1304,8507.7861328125
1305,8353.22265625
1306,9773.166015625
1307,5759.4677734375
1308,6966.53857421875
1309,4647.6435546875
1310,4853.0
1311,14048.7265625
1312,9027.6259765625
1313,5794.0947265625
1314,4910.79833984375
1315,4656.052734375
1316,5353.970703125
1317,4512.30517578125
1318,9526.9892578125
1319,4856.6796875
1320,5480.3173828125
1321,6739.12744140625
1322,4623.41796875
1323,6246.21875
1324,7280.80078125
1325,7612.22314453125
1326,7204.7021484375
1327,4406.40625
1328,5637.73583984375
1329,6476.751953125
1330,8999.8671875
1331,8415.49609375
1332,6238.55419921875
1333,4320.3427734375
1334,7372.56005859375
1335,5433.1533203125
1336,4027.044677734375
1337,7213.6904296875
1338,6535.95166015625
1339,6549.5791015625
1340,5729.81640625
1341,6122.09375
1342,7055.513671875
1343,5222.57861328125
1344,6527.12548828125
1345,7125.482421875
1346,5926.640625
1347,8364.8681640625
1348,6046.30517578125
1349,4592.5927734375
1350,10394.369140625
1351,5554.0888671875
1352,3941.7490234375
1353,7893.2939453125
1354,9226.755859375
1355,11028.2529296875
1356,5103.4638671875
1357,5881.97119140625
1358,6182.357421875
1359,7581.9697265625
1360,5650.5
1361,7510.15234375
1362,3851.30126953125
1363,5770.9326171875
1364,5743.9560546875
1365,5362.79638671875
1366,4983.8720703125
1367,6385.7060546875
1368,7664.49267578125
1369,5602.8759765625
1370,8685.0693359375
1371,6814.65576171875
1372,8013.77099609375
1373,4303.70947265625
1374,6198.017578125
1375,5714.248046875
1376,7298.681640625
1377,8771.8232421875
1378,4033.293212890625
1379,7789.6806640625
1380,7570.33447265625
1381,7580.244140625
1382,5189.40576171875
1383,3956.620849609375
1384,7381.36083984375
1385,6533.0
1386,7336.99267578125
1387,6722.900390625
1388,5741.08203125
1389,7474.798828125
1390,6593.46630859375
1391,6504.2490234375
1392,7387.34033203125
1393,5634.482421875
1394,8337.6904296875
1395,10071.5712890625
1396,8177.37890625
1397,4259.794921875
1398,5331.01171875
1399,4429.6123046875
1400,0.0
1401,8346.3173828125
1402,5166.9775390625
1403,8559.755859375
1404,4347.794921875
1405,6482.12109375
1406,6352.0673828125
1407,10446.626953125
1408,4030.30078125
1409,5596.6259765625
1410,4964.60546875
1411,7761.53515625
1412,5091.7890625
1413,6478.97509765625
1414,7222.0791015625
1415,9164.9482421875
1416,7079.55859375
1417,6059.52197265625
1418,5288.423828125
1419,4461.02587890625
1420,4780.1572265625
1421,10186.6328125
1422,9170.7353515625
1423,7543.017578125
1424,14019.2099609375
1425,6297.6025390625
1426,4660.6884765625
1427,6223.26171875
1428,7658.98291015625
1429,9104.322265625
1430,6007.033203125
1431,7336.26611328125
1432,7409.81640625
1433,7657.333984375
1434,5225.89453125
1435,5303.4267578125
1436,5003.576171875
1437,4612.1142578125
1438,4156.7119140625
1439,5601.4150390625
1440,8112.0595703125
1441,15837.875
1442,6423.3671875
1443,5170.572265625
1444,7779.583984375
1445,3892.3076171875
1446,6138.33349609375
1447,3851.30126953125
1448,8735.736328125
1449,5323.55712890625
1450,6180.3994140625
1451,12798.041015625
1452,11147.337890625
1453,6237.4228515625
1454,6464.82421875
1455,3851.30126953125
1456,5420.3017578125
1457,5257.8251953125
1458,8057.97607421875
1459,4582.890625
1460,3851.30126953125
1461,6002.62939453125
1462,5035.55859375
1463,7939.6494140625
1464,6169.56982421875
1465,3851.30126953125
1466,6865.0732421875
1467,8347.8359375
1468,7191.724609375
1469,4167.0048828125
1470,4242.259765625
1471,7235.2587890625
1472,3995.209716796875
1473,9489.0205078125
1474,4685.50390625
1475,4590.625
1476,6583.72314453125
1477,5624.29296875
1478,4514.4453125
1479,5527.60986328125
1480,6687.54638671875
1481,9504.8828125
1482,9796.9765625
1483,5285.5009765625
1484,4251.71484375
1485,5394.14453125
1486,7068.44970703125
1487,4838.9765625
1488,5849.9619140625
1489,5929.3369140625
1490,11496.134765625
1491,7660.06689453125
1492,5266.48388671875
1493,6585.0888671875
1494,4700.65625
1495,8518.5625
1496,5586.72998046875
1497,12930.85546875
1498,5813.37451171875
1499,4791.013671875
1500,5142.65625
1501,3851.30126953125
1502,7053.53662109375
1503,17001.982421875
1504,4837.736328125
1505,4813.0185546875
1506,9269.8037109375
1507,6338.4208984375
1508,7294.029296875
1509,7340.97314453125
1510,6218.595703125
1511,4779.38916015625
1512,4678.9990234375
1513,9630.642578125
1514,5859.83740234375
1515,6778.91015625
1516,7160.96533203125
1517,4651.7607421875
1518,6658.7587890625
1519,5850.88525390625
1520,3851.30126953125
1521,8150.765625
1522,8011.8916015625
1523,4491.8388671875
1524,6681.5634765625
1525,6374.94677734375
1526,4167.9970703125
1527,8477.6484375
1528,5793.0908203125
1529,8639.056640625
1530,4371.529296875
1531,4817.09375
1532,6081.09033203125
1533,0.0
1534,7629.00146484375
1535,4446.1435546875
1536,6738.44970703125
1537,4989.5439453125
1538,4789.037109375
1539,5612.4853515625
1540,6609.52978515625
1541,6148.732421875
1542,7556.08984375
1543,5788.7373046875
1544,7942.76806640625
1545,6296.25390625
1546,8855.830078125
1547,9030.8779296875
1548,6873.76318359375
1549,3851.30126953125
1550,5292.85107421875
1551,7196.2314453125
1552,4962.6337890625
1553,10755.7314453125
1554,5151.18603515625
1555,8140.5234375
1556,11000.302734375
1557,6279.12109375
1558,4570.001953125
1559,10832.6982421875
1560,9319.44140625
1561,5238.6708984375
1562,9193.49609375
1563,9184.6318359375
1564,5572.8095703125
1565,5515.9912109375
1566,6935.47265625
1567,5676.7119140625
1568,5559.0205078125
1569,6652.06201171875
1570,4635.408203125
1571,6538.0439453125
1572,6893.3408203125
1573,6989.50048828125
1574,7336.8984375
1575,5431.15966796875
1576,7173.07666015625
1577,4131.685546875
1578,7241.99462890625
1579,6880.94580078125
1580,5295.71875
1581,6621.97900390625
1582,6730.55712890625
1583,9225.306640625
1584,5353.10888671875
1585,5049.47802734375
1586,5713.546875
1587,6128.05078125
1588,6893.40625
1589,4716.7158203125
1590,4293.40966796875
1591,8194.8310546875
1592,7212.79345703125
1593,5598.6982421875
1594,7382.6982421875
1595,6276.68798828125
1596,7396.6953125
1597,4485.3681640625
1598,3929.673583984375
1599,6544.017578125
1600,5230.40234375
1601,5988.6572265625
1602,9220.1689453125
1603,8128.00390625
1604,4978.869140625
1605,7908.96337890625
1606,3851.30126953125
1607,3851.30126953125
1608,5713.2978515625
1609,11485.64453125
1610,7511.09521484375
1611,6435.20166015625
1612,4708.7958984375
1613,6948.6884765625
1614,10026.3251953125
1615,5422.8115234375
1616,8360.4091796875
1617,6012.13671875
1618,4995.79541015625
1619,5811.41064453125
1620,5148.578125
1621,5482.46630859375
1622,4916.73828125
1623,4554.7890625
1624,4549.990234375
1625,7081.42431640625
1626,7253.71484375
1627,4549.73828125
1628,5869.60302734375
1629,6080.189453125
1630,5377.54736328125
1631,5110.50146484375
1632,8288.4052734375
1633,7656.669921875
1634,5745.3603515625
1635,4212.8583984375
1636,11895.564453125
1637,5759.087890625
1638,5019.953125
1639,8479.025390625
1640,9116.7421875
1641,7063.099609375
1642,5315.7451171875
1643,7747.75732421875
1644,9368.216796875
1645,13347.5703125
1646,4924.02099609375
1647,4410.634765625
1648,4445.14697265625
1649,6288.79931640625
1650,5139.818359375
1651,7976.67724609375
1652,8987.205078125
1653,5771.21044921875
1654,4312.87890625
1655,6486.099609375
1656,8972.453125
1657,4976.740234375
1658,6383.92919921875
1659,4106.59619140625
1660,6725.52294921875
1661,7577.73193359375
1662,7109.98046875
1663,9031.8515625
1664,5993.48291015625
1665,3851.30126953125
1666,5659.9228515625
1667,6847.53857421875
1668,7572.259765625
1669,7276.439453125
1670,7273.060546875
1671,6407.884765625
1672,3862.088134765625
1673,9603.775390625
1674,4324.45703125
1675,10510.65234375
1676,5104.9541015625
1677,4120.08984375
1678,6392.6025390625
1679,5810.18359375
1680,7256.8798828125
1681,7840.45458984375
1682,3851.30126953125
1683,4419.69140625
1684,6821.89892578125
1685,8568.9609375
1686,9786.5
1687,4771.8642578125
1688,6232.65771484375
1689,7929.69775390625
1690,5591.71484375
1691,5309.3818359375
1692,9244.330078125
1693,8161.5478515625
1694,11449.298828125
1695,4034.141357421875
1696,5745.92529296875
1697,0.0
1698,8120.326171875
1699,5271.50146484375
1700,9966.8984375
1701,6489.4013671875
1702,4732.869140625
1703,4707.94384765625
1704,4343.3388671875
1705,4785.1015625
1706,6159.5849609375
1707,4631.0185546875
1708,4913.7275390625
1709,8994.0458984375
1710,6587.666015625
1711,20869.91015625
1712,6107.32421875
1713,4940.4189453125
1714,7740.4833984375
1715,9756.90625
1716,6670.15380859375
1717,7420.64208984375
1718,6156.59033203125
1719,9005.5185546875
1720,8322.33984375
1721,5283.86181640625
1722,6610.89794921875
1723,6950.27734375
1724,8653.654296875
1725,7164.3359375
1726,8250.1513671875
1727,5859.2666015625
1728,4865.58154296875
1729,5653.7841796875
1730,11031.9091796875
1731,12577.099609375
1732,10904.7705078125
1733,7229.583984375
1734,6371.578125
1735,5530.35791015625
1736,4554.5146484375
1737,8631.56640625
1738,10794.1142578125
1739,10369.201171875
1740,6392.73486328125
1741,5742.408203125
1742,5760.9443359375
1743,5531.740234375
1744,11470.134765625
1745,7017.3955078125
1746,5282.54638671875
1747,5765.63916015625
1748,7982.673828125
1749,4282.7099609375
1750,7244.25
1751,4557.3955078125
1752,7319.2333984375
1753,7349.98291015625
1754,5761.134765625
1755,7780.91796875
1756,7468.58154296875
1757,5465.83203125
1758,6682.26416015625
1759,7423.4873046875
1760,10740.548828125
1761,6332.69482421875
1762,8901.7802734375
1763,8638.865234375
1764,9552.248046875
1765,7077.74462890625
1766,10522.7353515625
1767,5248.8125
1768,5105.53759765625
1769,6839.87744140625
1770,6407.529296875
1771,9882.033203125
1772,8132.1953125
1773,6181.3017578125
1774,7869.390625
1775,7539.40966796875
1776,11062.9814453125
1777,4387.4140625
1778,13443.9462890625
1779,5615.14892578125
1780,5929.345703125
1781,9999.763671875
1782,5750.1865234375
1783,6426.27392578125
1784,6467.19921875
1785,6924.21484375
1786,4905.115234375
1787,5289.4921875
1788,8574.4775390625
1789,8482.9921875
1790,8510.44140625
1791,4631.80859375
1792,8369.8125
1793,11324.623046875
1794,7084.08984375
1795,4983.63623046875
1796,6913.62646484375
1797,6525.27392578125
1798,6898.984375
1799,8168.14599609375
1800,4202.55078125
1801,8504.5654296875
1802,6099.24755859375
1803,7968.48876953125
1804,9713.6962890625
1805,4861.828125
1806,6425.95849609375
1807,5883.646484375
1808,7383.162109375
1809,9631.953125
1810,5429.37353515625
1811,5240.5
1812,6772.40576171875
1813,6270.638671875
1814,5824.79931640625
1815,9302.7861328125
1816,7112.3662109375
1817,8512.875
1818,5725.83935546875
1819,4960.92431640625
1820,6561.20263671875
1821,8549.888671875
1822,8337.0732421875
1823,7872.9267578125
1824,8791.5556640625
1825,5311.80078125
1826,9108.4189453125
1827,6207.0166015625
1828,7722.22509765625
1829,9314.583984375
1830,6997.2626953125
1831,10385.0009765625
1832,7975.0908203125
1833,8265.8310546875
1834,5894.193359375
1835,7698.91845703125
1836,8363.57421875
1837,6972.185546875
1838,4436.1572265625
1839,5992.58251953125
1840,9071.8095703125
1841,7251.263671875
1842,5593.8291015625
1843,9987.4423828125
1844,7698.69482421875
1845,6478.72265625
1846,5817.859375
1847,6199.0283203125
1848,7836.37451171875
1849,7690.58203125
1850,7253.251953125
1851,5417.32666015625
1852,5348.89208984375
1853,6921.31396484375
1854,4665.4072265625
1855,7048.43408203125
1856,5605.7275390625
1857,9251.810546875
1858,7611.46240234375
1859,6635.69091796875
1860,9640.587890625
1861,6045.287109375
1862,4677.2841796875
1863,11578.0322265625
1864,6838.00634765625
1865,8365.6328125
1866,8158.01806640625
1867,5281.537109375
1868,6579.51318359375
1869,6049.35498046875
1870,8020.46875
1871,12563.2333984375
1872,6694.12744140625
1873,3851.30126953125
1874,5183.9228515625
1875,8621.85546875
1876,10142.826171875
1877,7149.25341796875
1878,7590.3349609375
1879,4870.953125
1880,5032.0986328125
1881,3993.3349609375
1882,5315.53125
1883,5612.1806640625
1884,6975.50537109375
1885,7774.8984375
1886,6273.8515625
1887,8202.12109375
1888,8971.642578125
1889,7122.5732421875
1890,4677.451171875
1891,9936.359375
1892,11475.4599609375
1893,6657.06103515625
1894,8905.8779296875
1895,5446.22802734375
1896,6881.576171875
1897,4646.94287109375
1898,8106.0361328125
1899,5558.2998046875
1900,9592.5703125
1901,7518.1357421875
1902,9124.662109375
1903,9179.05859375
1904,5018.0654296875
1905,9517.0810546875
1906,19411.873046875
1907,11070.787109375
1908,6605.27734375
1909,3851.30126953125
1910,6310.0888671875
1911,10443.431640625
1912,6532.60888671875
1913,11353.5439453125
1914,17599.021484375
1915,4057.775390625
1916,5914.578125
1917,9109.849609375
1918,5305.18017578125
1919,10415.8173828125
1920,7172.3544921875
1921,7929.576171875
1922,4085.78564453125
1923,7455.064453125
1924,6813.22021484375
1925,7753.5771484375
1926,9699.3291015625
1927,6149.61181640625
1928,5935.32373046875
1929,7796.3447265625
1930,5753.8671875
1931,5372.5537109375
1932,8601.98828125
1933,6031.3154296875
1934,6295.22705078125
1935,8013.462890625
1936,6674.4189453125
1937,6402.60400390625
1938,8223.001953125
1939,8188.0146484375
1940,8575.9765625
1941,7456.0048828125
1942,7710.25927734375
1943,5760.765625
1944,4115.0439453125
1945,6959.576171875
1946,7855.689453125
1947,5443.85791015625
1948,4533.27197265625
1949,10792.697265625
1950,7535.62646484375
1951,9030.05859375
1952,7061.1005859375
1953,5881.22216796875
1954,5867.4609375
1955,4573.02734375
1956,10203.908203125
1957,5495.93115234375
1958,8170.23486328125
1959,15732.74609375
1960,7922.318359375
1961,6971.58642578125
1962,4757.5166015625
1963,4931.1826171875
1964,7714.86767578125
1965,4644.3759765625
1966,6550.51708984375
1967,10569.05078125
1968,5587.21240234375
1969,15729.1171875
1970,15521.037109375
1971,4729.4951171875
1972,7985.8818359375
1973,5881.1865234375
1974,7339.36669921875
1975,5744.5390625
1976,11521.01171875
1977,7406.25
1978,10123.4033203125
1979,5428.20703125
1980,7504.7822265625
1981,4752.82666015625
1982,9882.060546875
1983,7147.88037109375
1984,7061.06201171875
1985,6746.0810546875
1986,6037.177734375
1987,8824.794921875
1988,10163.3466796875
1989,5963.2958984375
1990,11483.310546875
1991,7032.63720703125
1992,10659.0341796875
1993,5146.89013671875
1994,5709.00927734375
1995,5548.44970703125
1996,11202.4453125
1997,6370.4677734375
1998,7720.09765625
1999,7354.27490234375
2000,9154.845703125
2001,4484.2265625
2002,9250.431640625
2003,6661.0771484375
2004,4427.29296875
2005,15277.46484375
2006,16670.4765625
2007,7492.24365234375
2008,8535.9150390625
2009,10787.783203125
2010,10958.9736328125
2011,11581.4931640625
2012,6544.64306640625
2013,8941.513671875
2014,6065.8662109375
2015,8861.64453125
2016,4706.408203125
2017,5949.7431640625
2018,5764.404296875
2019,6275.26806640625
2020,8187.22314453125
2021,5258.96923828125
2022,5455.927734375
2023,6706.2568359375
2024,4185.85302734375
2025,5010.828125
2026,5938.0654296875
2027,8129.6279296875
2028,9778.7578125
2029,8993.8974609375
2030,6925.84814453125
2031,7061.40673828125
2032,6211.7138671875
2033,12143.4169921875
2034,8271.61328125
2035,6341.57568359375
2036,4713.2109375
2037,10031.923828125
2038,4668.87158203125
2039,7059.48193359375
2040,3859.95947265625
2041,5762.83203125
2042,8352.244140625
2043,6664.77978515625
2044,5375.63623046875
2045,9029.7587890625
2046,10467.916015625
2047,12664.048828125
2048,6309.65087890625
2049,10538.515625
2050,3990.080078125
2051,5541.9990234375
2052,6203.17919921875
2053,4764.4130859375
2054,9272.025390625
2055,5814.54638671875
2056,5310.462890625
2057,8814.453125
2058,12111.841796875
2059,9210.2451171875
2060,5977.57958984375
2061,5742.70068359375
2062,11279.013671875
2063,7437.03662109375
2064,6614.720703125
2065,5111.98486328125
2066,7623.646484375
2067,10687.6474609375
2068,5010.67333984375
2069,6582.8583984375
2070,8190.158203125
2071,8671.7470703125
2072,13296.244140625
2073,7077.82177734375
2074,13996.419921875
2075,7640.087890625
2076,5354.44921875
2077,4549.43701171875
2078,7087.6826171875
2079,6622.0986328125
2080,5460.23193359375
2081,8031.58544921875
2082,4921.8974609375
2083,5077.03271484375
2084,7413.0244140625
2085,4446.63671875
2086,8813.2216796875
2087,7038.85791015625
2088,8285.9453125
2089,8976.7978515625
2090,5630.78173828125
2091,9639.7763671875
2092,7162.24267578125
2093,5347.509765625
2094,5329.4365234375
2095,5988.6064453125
2096,11826.712890625
2097,6631.1064453125
2098,5647.7646484375
2099,8868.658203125
2100,9314.220703125
2101,7267.2958984375
2102,7479.16650390625
2103,8839.9560546875
2104,6200.44091796875
2105,5812.4248046875
2106,5752.38037109375
2107,8855.9150390625
2108,6653.13232421875
2109,6196.56396484375
2110,5636.4599609375
2111,5556.86376953125
2112,4719.1904296875
2113,5083.60400390625
2114,8737.0517578125
2115,8629.66796875
2116,10888.7138671875
2117,12132.94140625
2118,8014.0068359375
2119,7234.44873046875
2120,5089.81787109375
2121,11131.884765625
2122,10431.2138671875
2123,8156.849609375
2124,9074.8876953125
2125,8771.2958984375
2126,6267.61328125
2127,4273.8134765625
2128,12010.830078125
2129,5991.380859375
2130,6866.5732421875
2131,7231.06982421875
2132,3868.513427734375
2133,12820.20703125
2134,5663.5546875
2135,5316.5244140625
2136,4837.5166015625
2137,5880.275390625
2138,6941.20654296875
2139,8938.55859375
2140,7382.4892578125
2141,4909.56396484375
2142,5523.68994140625
2143,5352.95849609375
2144,4027.359619140625
2145,7243.072265625
2146,17219.857421875
2147,6076.609375
2148,5419.42822265625
2149,7259.04638671875
2150,5290.59228515625
2151,5892.013671875
2152,4659.1611328125
2153,4831.0166015625
2154,8267.755859375
2155,7121.4384765625
2156,4948.4228515625
2157,9248.771484375
2158,6527.5400390625
2159,5336.43212890625
2160,8742.8818359375
2161,9279.453125
2162,10800.9833984375
2163,6487.853515625
2164,7651.388671875
2165,5061.41650390625
2166,5338.921875
2167,15383.294921875
2168,10212.1865234375
2169,6293.78173828125
2170,5573.001953125
2171,5158.79296875
2172,5988.32275390625
2173,5088.55078125
2174,10571.3125
2175,5639.1162109375
2176,5848.00390625
2177,7355.0
2178,5180.365234375
2179,6933.96923828125
2180,8231.876953125
2181,8486.703125
2182,8059.9873046875
2183,5054.10791015625
2184,6336.35888671875
2185,7184.10205078125
2186,10012.64453125
2187,9086.6328125
2188,6969.205078125
2189,4597.884765625
2190,8114.7705078125
2191,6012.0322265625
2192,4478.67822265625
2193,8303.3740234375
2194,7360.06396484375
2195,7335.287109375
2196,6285.31201171875
2197,6855.53662109375
2198,8041.60791015625
2199,5782.20751953125
2200,7337.623046875
2201,7817.71044921875
2202,6578.365234375
2203,9027.0634765625
2204,6838.08740234375
2205,5329.921875
2206,11435.36328125
2207,6342.56884765625
2208,4383.95947265625
2209,8505.5087890625
2210,9927.7880859375
2211,12402.9619140625
2212,5888.39794921875
2213,6766.63623046875
2214,6994.40087890625
2215,8250.98046875
2216,6195.59814453125
2217,8701.255859375
2218,3851.30126953125
2219,6532.60791015625
2220,6347.3046875
2221,6057.4189453125
2222,5756.64892578125
2223,7005.705078125
2224,8495.638671875
2225,6138.4326171875
2226,9411.92578125
2227,7579.08349609375
2228,8950.2275390625
2229,4950.35888671875
2230,6895.6796875
2231,6318.51953125
2232,8094.40625
2233,9598.919921875
2234,4813.806640625
2235,7998.93359375
2236,8418.9072265625
2237,8605.046875
2238,5786.740234375
2239,4355.197265625
2240,8450.1064453125
2241,7335.142578125
2242,8122.67138671875
2243,7681.923828125
2244,6596.84375
2245,8420.0791015625
2246,7637.34716796875
2247,7605.45166015625
2248,8145.32666015625
2249,6304.8212890625
2250,8880.2919921875
2251,11151.59375
2252,8765.890625
2253,4686.935546875
2254,5937.3505859375
2255,4913.50634765625
2256,0.0
2257,9501.90234375
2258,5519.05859375
2259,9846.69921875
2260,4803.681640625
2261,7119.77490234375
2262,6962.2001953125
2263,11498.265625
2264,4176.712890625
2265,5883.77197265625
2266,5633.58984375
2267,8729.1943359375
2268,5462.767578125
2269,7300.025390625
2270,7846.15869140625
2271,10003.04296875
2272,7866.05078125
2273,6737.78466796875
2274,5828.5146484375
2275,5211.40576171875
2276,5198.12158203125
2277,11439.296875
2278,10156.4296875
2279,7856.5068359375
2280,14299.041015625
2281,7337.0947265625
2282,5003.15673828125
2283,7063.1005859375
2284,8453.19140625
2285,10236.8017578125
2286,6897.4892578125
2287,8102.5234375
2288,8344.7685546875
2289,8526.228515625
2290,5834.31884765625
2291,5764.91259765625
2292,5505.9765625
2293,5103.00732421875
2294,4629.197265625
2295,6520.0771484375
2296,9117.45703125
2297,17547.8828125
2298,7204.650390625
2299,5493.1083984375
2300,8731.5087890625
2301,4099.9677734375
2302,6623.6298828125
2303,4222.03515625
2304,9811.234375
2305,5941.85400390625
2306,6974.67578125
2307,14388.455078125
2308,11095.505859375
2309,7050.9873046875
2310,7325.8720703125
2311,4138.09765625
2312,5961.208984375
2313,5715.705078125
2314,8815.46875
2315,5295.10302734375
2316,4019.45947265625
2317,6874.78173828125
2318,5342.45458984375
2319,9108.388671875
2320,7165.537109375
2321,4161.8896484375
2322,7650.48193359375
2323,9407.451171875
2324,8278.5302734375
2325,4895.67578125
2326,4804.76171875
2327,8046.1640625
2328,4431.82763671875
2329,10379.0595703125
2330,5231.9677734375
2331,5170.86572265625
2332,7419.580078125
2333,6396.0673828125
2334,5065.4755859375
2335,6374.23291015625
2336,7416.41064453125
2337,10412.4150390625
2338,10911.3134765625
2339,5760.78662109375
2340,4713.73779296875
2341,6013.796875
2342,7749.892578125
2343,5333.56640625
2344,6636.634765625
2345,6632.4189453125
2346,12687.587890625
2347,8796.923828125
2348,5910.60791015625
2349,7499.794921875
2350,5284.16650390625
2351,9510.1162109375
2352,6473.31884765625
2353,14125.587890625
2354,6582.62841796875
2355,5371.9755859375
2356,5745.931640625
2357,4390.9365234375
2358,7953.09423828125
2359,17933.25
2360,5115.17578125
2361,5274.57958984375
2362,10398.4599609375
2363,7148.21826171875
2364,8210.9775390625
2365,8219.03515625
2366,6996.037109375
2367,5227.84228515625
2368,5306.15283203125
2369,10612.5126953125
2370,6523.5498046875
2371,7672.6142578125
2372,8233.16015625
2373,5224.79345703125
2374,7681.4873046875
2375,6630.7041015625
2376,3946.764404296875
2377,9018.2412109375
2378,8546.0869140625
2379,4990.22802734375
2380,7504.26611328125
2381,6993.56689453125
2382,4268.736328125
2383,9708.048828125
2384,6422.845703125
2385,9528.6328125
2386,4784.58447265625
2387,5651.8427734375
2388,6876.3330078125
2389,0.0
2390,8445.5478515625
2391,5129.791015625
2392,7560.84765625
2393,5521.8369140625
2394,5194.2099609375
2395,6191.97509765625
2396,7430.76123046875
2397,6870.47412109375
2398,8443.970703125
2399,6542.50927734375
2400,8916.2236328125
2401,7139.31494140625
2402,10066.904296875
2403,10074.5380859375
2404,7480.23681640625
2405,3851.30126953125
2406,5714.896484375
2407,8210.2412109375
2408,5501.80712890625
2409,11776.4697265625
2410,5826.51025390625
2411,8835.1259765625
2412,11978.921875
2413,7009.7392578125
2414,5230.5712890625
2415,11664.712890625
2416,10280.73046875
2417,5762.37353515625
2418,10325.3828125
2419,10083.8017578125
2420,6156.46142578125
2421,6209.0908203125
2422,7700.578125
2423,6468.85400390625
2424,6109.1767578125
2425,7495.57958984375
2426,5215.197265625
2427,7339.9453125
2428,7732.66162109375
2429,7898.26171875
2430,8467.37109375
2431,6054.9052734375
2432,8062.2587890625
2433,4444.607421875
2434,8098.068359375
2435,7639.40771484375
2436,5840.6279296875
2437,7443.2841796875
2438,7758.99755859375
2439,10300.478515625
2440,6189.37158203125
2441,5788.2705078125
2442,6414.099609375
2443,6645.1376953125
2444,7840.56982421875
2445,5268.35888671875
2446,4755.18359375
2447,8994.7822265625
2448,7583.6787109375
2449,6384.91162109375
2450,8345.7666015625
2451,6827.03173828125
2452,8249.33203125
2453,5090.19091796875
2454,4498.0009765625
2455,7320.75146484375
2456,5802.6337890625
2457,6726.56201171875
2458,10145.73046875
2459,9099.1455078125
2460,5413.7451171875
2461,8588.05859375
2462,4170.470703125
2463,4319.4892578125
2464,6536.13623046875
2465,12319.2890625
2466,8211.9892578125
2467,7131.29296875
2468,5226.6103515625
2469,7824.5703125
2470,11537.40625
2471,6259.2880859375
2472,9353.232421875
2473,6730.01171875
2474,5356.89306640625
2475,6387.1572265625
2476,5742.212890625
2477,6381.3798828125
2478,5554.24072265625
2479,5142.60498046875
2480,5060.4765625
2481,7763.88623046875
2482,8421.6923828125
2483,5216.26806640625
2484,6533.64501953125
2485,6899.41943359375
2486,5680.5205078125
2487,5564.2041015625
2488,9118.3564453125
2489,8632.681640625
2490,6007.3798828125
2491,4913.3505859375
2492,13604.0927734375
2493,6424.9716796875
2494,5807.955078125
2495,9639.7548828125
2496,9923.453125
2497,8115.57568359375
2498,5923.5498046875
2499,8474.6806640625
2500,10623.9541015625
2501,14896.5888671875
2502,5756.61767578125
2503,5276.45849609375
2504,4893.3828125
2505,6928.353515625
2506,5756.509765625
2507,8843.8564453125
2508,9970.109375
2509,6313.53076171875
2510,4895.6357421875
2511,7250.6103515625
2512,9258.658203125
2513,5593.9931640625
2514,7074.3125
2515,4568.9208984375
2516,7439.25244140625
2517,8370.1806640625
2518,8081.4033203125
2519,9813.728515625
2520,6793.5009765625
2521,4049.027099609375
2522,6346.96337890625
2523,7699.751953125
2524,8380.5927734375
2525,8058.9638671875
2526,7989.0390625
2527,7260.1298828125
2528,4346.9140625
2529,10315.29296875
2530,4763.4189453125
2531,11569.30078125
2532,5583.76171875
2533,4433.4912109375
2534,7291.2890625
2535,6592.1181640625
2536,7861.3017578125
2537,8674.7626953125
2538,4181.271484375
2539,5006.943359375
2540,7372.4091796875
2541,9682.7509765625
2542,10630.078125
2543,5066.3076171875
2544,7090.89404296875
2545,9182.064453125
2546,6186.22216796875
2547,5899.80859375
2548,10429.6279296875
2549,9311.759765625
2550,12336.46875
2551,4572.51025390625
2552,6401.6513671875
2553,0.0
2554,8367.919921875
2555,6009.5732421875
2556,10979.333984375
2557,7289.82666015625
2558,5271.875
2559,5117.4267578125
2560,4920.4931640625
2561,5295.22607421875
2562,6798.08203125
2563,5226.9140625
2564,5577.67919921875
2565,10165.1201171875
2566,7204.74169921875
2567,22077.482421875
2568,6827.51171875
2569,6167.06884765625
2570,9510.947265625
2571,12220.419921875
2572,8445.0615234375
2573,9022.8837890625
2574,7326.63671875
2575,10804.107421875
2576,10251.345703125
2577,6522.85693359375
2578,7839.8056640625
2579,8418.669921875
2580,10448.017578125
2581,8618.796875
2582,10068.373046875
2583,7554.1396484375
2584,5808.2509765625
2585,7434.6884765625
2586,13627.060546875
2587,15149.478515625
2588,12644.8251953125
2589,9184.734375
2590,7273.95556640625
2591,6951.1923828125
2592,5793.55615234375
2593,10363.7529296875
2594,13806.8349609375
2595,12002.0556640625
2596,8382.185546875
2597,7312.54541015625
2598,6884.59521484375
2599,6950.40087890625
2600,13993.69921875
2601,9168.177734375
2602,6856.00048828125
2603,7463.15185546875
2604,9710.220703125
2605,5318.8232421875
2606,9362.74609375
2607,6045.41650390625
2608,9153.8701171875
2609,9306.9931640625
2610,7331.6484375
2611,9771.8623046875
2612,9271.724609375
2613,6662.63525390625
2614,8045.5859375
2615,9242.29296875
2616,13131.626953125
2617,7917.4697265625
2618,10570.6513671875
2619,10221.2802734375
2620,11495.669921875
2621,8755.01171875
2622,12560.2177734375
2623,6649.560546875
2624,6164.5185546875
2625,7862.5166015625
2626,8016.8544921875
2627,12763.84765625
2628,10113.654296875
2629,7631.1103515625
2630,9980.6279296875
2631,9457.2451171875
2632,12734.9140625
2633,5493.6865234375
2634,16100.791015625
2635,6833.96435546875
2636,6625.716796875
2637,12150.98828125
2638,7134.453125
2639,8013.927734375
2640,8304.189453125
2641,9046.373046875
2642,6550.58642578125
2643,6854.58984375
2644,10658.92578125
2645,10294.818359375
2646,10460.791015625
2647,5725.8193359375
2648,10241.82421875
2649,14092.5400390625
2650,8745.8515625
2651,6014.71826171875
2652,8865.9892578125
2653,7819.595703125
2654,9069.740234375
2655,10287.884765625
2656,5259.7216796875
2657,11101.5439453125
2658,7307.81591796875
2659,10226.580078125
2660,10233.955078125
2661,5871.2880859375
2662,8140.22900390625
2663,7676.05126953125
2664,9315.06640625
2665,11116.005859375
2666,6247.49560546875
2667,6486.27734375
2668,8233.404296875
2669,7671.8271484375
2670,7181.6826171875
2671,11403.4609375
2672,8730.6328125
2673,10294.3046875
2674,6835.3251953125
2675,6294.6337890625
2676,8369.0673828125
2677,10616.0908203125
2678,9742.15625
2679,9918.50390625
2680,11111.412109375
2681,6782.046875
2682,11135.943359375
2683,7593.43408203125
2684,9692.578125
2685,11649.607421875
2686,8871.18359375
2687,12632.6220703125
2688,10304.7841796875
2689,10455.6337890625
2690,7433.1630859375
2691,9457.3671875
2692,10580.0205078125
2693,8499.5791015625
2694,5290.76171875
2695,7309.1591796875
2696,11139.888671875
2697,9034.900390625
2698,6893.966796875
2699,12310.548828125
2700,8856.853515625
2701,7907.01025390625
2702,7289.0166015625
2703,7668.31005859375
2704,9436.3271484375
2705,9511.88671875
2706,8826.44921875
2707,6981.35693359375
2708,6918.7451171875
2709,8672.5849609375
2710,5777.23046875
2711,8393.033203125
2712,7256.8193359375
2713,11063.09765625
2714,8853.5732421875
2715,7690.60009765625
2716,12283.7509765625
2717,7131.07568359375
2718,5951.97900390625
2719,13957.958984375
2720,8155.197265625
2721,10680.7802734375
2722,9529.119140625
2723,6735.9150390625
2724,8373.1806640625
2725,7401.1083984375
2726,9496.34765625
2727,15654.296875
2728,7555.61083984375
2729,4648.8017578125
2730,6560.26513671875
2731,10742.9931640625
2732,12737.021484375
2733,9082.171875
2734,9101.9453125
2735,6143.09423828125
2736,5861.9423828125
2737,5253.6572265625
2738,6712.16259765625
2739,7371.96923828125
2740,8993.5673828125
2741,9102.880859375
2742,7608.68994140625
2743,10006.013671875
2744,11199.357421875
2745,8723.9267578125
2746,6048.974609375
2747,11921.90234375
2748,13811.30078125
2749,8373.28515625
2750,10550.2822265625
2751,6809.98095703125
2752,8710.7724609375
2753,6099.1513671875
2754,9644.3681640625
2755,7296.16455078125
2756,11613.5185546875
2757,9314.7265625
2758,11646.953125
2759,10824.0947265625
2760,6029.3818359375
2761,11957.0625
2762,22531.703125
2763,14081.76171875
2764,8361.615234375
2765,4545.3642578125
2766,8026.720703125
2767,12773.392578125
2768,8183.1181640625
2769,12190.4423828125
2770,18992.5625
2771,5012.77392578125
2772,7531.78125
2773,10967.3662109375
2774,6802.1279296875
2775,12748.7490234375
2776,9105.013671875
2777,9785.6630859375
2778,5232.0126953125
2779,9331.6240234375
2780,8500.404296875
2781,9585.1337890625
2782,12475.638671875
2783,8176.685546875
2784,7642.244140625
2785,9700.767578125
2786,7264.4326171875
2787,6607.91943359375
2788,10503.025390625
2789,7631.4111328125
2790,7521.953125
2791,9829.26171875
2792,8001.87255859375
2793,7767.39990234375
2794,9967.16796875
2795,10073.6767578125
2796,10859.9912109375
2797,7987.322265625
2798,9075.3408203125
2799,6921.06396484375
2800,5042.8017578125
2801,8612.0107421875
2802,9146.029296875
2803,7020.62744140625
2804,5213.43994140625
2805,13389.53125
2806,9509.1962890625
2807,10018.7783203125
2808,8435.03125
2809,7670.5771484375
2810,7423.90966796875
2811,5689.970703125
2812,12476.498046875
2813,6912.11376953125
2814,9627.515625
2815,18789.48046875
2816,10150.38671875
2817,8519.412109375
2818,6094.79345703125
2819,6036.3212890625
2820,9235.431640625
2821,5653.42529296875
2822,7790.666015625
2823,12741.65234375
2824,6739.27197265625
2825,17277.638671875
2826,17686.033203125
2827,5913.13134765625
2828,9881.7802734375
2829,7123.3466796875
2830,9013.19921875
2831,7063.21533203125
2832,14393.548828125
2833,9387.306640625
2834,11813.548828125
2835,6761.93798828125
2836,8699.9677734375
2837,6118.55224609375
2838,11565.751953125
2839,9216.3564453125
2840,8929.001953125
2841,8388.9775390625
2842,6891.7216796875
2843,10832.5517578125
2844,11898.98828125
2845,7702.3251953125
2846,13695.1708984375
2847,8682.32421875
2848,13064.220703125
2849,6437.0625
2850,7024.1787109375
2851,7003.359375
2852,14382.2958984375
2853,8253.0927734375
2854,9854.470703125
2855,9361.8056640625
2856,11809.42578125
2857,5705.48095703125
2858,10621.845703125
2859,7942.771484375
2860,5704.86376953125
2861,17823.3125
2862,19257.091796875
2863,9573.560546875
2864,10723.8359375
2865,13129.009765625
2866,12793.486328125
2867,13330.412109375
2868,7921.57666015625
2869,11007.8173828125
2870,7824.6875
2871,10471.427734375
2872,5891.51904296875
2873,7116.09228515625
2874,7322.3720703125
2875,7702.6455078125
2876,9906.9970703125
2877,6102.7431640625
2878,6870.83154296875
2879,8449.38671875
2880,5245.6513671875
2881,6435.51123046875
2882,7449.8564453125
2883,10104.22265625
2884,12259.271484375
2885,11448.1796875
2886,8090.2880859375
2887,8791.3291015625
2888,7638.611328125
2889,14922.013671875
2890,9767.212890625
2891,7684.90869140625
2892,5802.9541015625
2893,12451.181640625
2894,5863.705078125
2895,8960.9921875
2896,4722.162109375
2897,7186.41748046875
2898,10414.3623046875
2899,8143.77392578125
2900,6611.1513671875
2901,11308.8125
2902,13082.37890625
2903,15125.98828125
2904,6713.5966796875
2905,12254.451171875
2906,5048.173828125
2907,7110.66943359375
2908,7786.9697265625
2909,5985.1220703125
2910,10545.486328125
2911,7319.34765625
2912,6675.39453125
2913,10684.890625
2914,13896.326171875
2915,11153.8134765625
2916,7198.806640625
2917,7030.75146484375
2918,11768.4140625
2919,9021.044921875
2920,7994.29248046875
2921,6492.99951171875
2922,9237.0087890625
2923,12694.0830078125
2924,6153.03466796875
2925,7945.87548828125
2926,10289.654296875
2927,11039.662109375
2928,15508.560546875
2929,9074.265625
2930,16745.19921875
2931,9310.8515625
2932,6595.85107421875
2933,5841.63330078125
2934,8616.994140625
2935,8273.986328125
2936,6921.09033203125
2937,9849.49609375
2938,6121.759765625
2939,6263.0361328125
2940,9435.904296875
2941,5453.44140625
2942,10461.98828125
2943,9298.669921875
2944,9973.041015625
2945,11455.1123046875
2946,7245.18505859375
2947,11444.7412109375
2948,8374.0654296875
2949,6454.39990234375
2950,6658.974609375
2951,7520.33349609375
2952,14031.1376953125
2953,8091.04638671875
2954,6709.72412109375
2955,11076.77734375
2956,11379.626953125
2957,9047.900390625
2958,9362.8125
2959,10733.306640625
2960,7412.91650390625
2961,6578.34423828125
2962,7228.1064453125
2963,10948.96875
2964,7780.7138671875
2965,7737.9580078125
2966,7090.029296875
2967,7272.70947265625
2968,5442.85693359375
2969,6626.16162109375
2970,10914.794921875
2971,9220.287109375
2972,13001.607421875
2973,14845.697265625
2974,9677.55078125
2975,7616.60400390625
2976,6194.59228515625
2977,13574.185546875
2978,13035.302734375
2979,10314.654296875
2980,10958.630859375
2981,10639.1982421875
2982,7704.720703125
2983,5673.85791015625
2984,13664.1328125
2985,7961.60498046875
2986,8490.814453125
2987,9212.837890625
2988,5152.85888671875
2989,16245.40625
2990,7249.466796875
2991,6723.30126953125
2992,6052.708984375
2993,7273.3994140625
2994,8607.828125
2995,11051.9990234375
2996,9146.23828125
2997,5788.25732421875
2998,6964.6494140625
2999,6915.19580078125
3000,4908.83740234375
3001,9105.9521484375
3002,17841.287109375
3003,7526.798828125
3004,6878.08203125
3005,8683.666015625
3006,6511.587890625
3007,7335.3857421875
3008,5924.80078125
3009,5522.1396484375
3010,10594.2490234375
3011,9010.3974609375
3012,6213.982421875
3013,11497.490234375
3014,8094.708984375
3015,6482.55126953125
3016,9357.1328125
3017,11554.775390625
3018,12559.39453125
3019,8003.4697265625
3020,8906.47265625
3021,5890.658203125
3022,6384.37451171875
3023,18073.611328125
3024,12762.384765625
3025,7943.59130859375
3026,6828.20166015625
3027,6612.69482421875
3028,7539.33740234375
3029,6210.4267578125
3030,12666.640625
3031,6700.0146484375
3032,6948.28466796875
3033,9103.2353515625
3034,6609.67626953125
3035,8388.615234375
3036,9805.1201171875
3037,10829.6064453125
3038,10219.34375
3039,6285.7890625
3040,7851.37109375
3041,9148.443359375
3042,12275.26953125
3043,10860.24609375
3044,8893.150390625
3045,5222.9765625
3046,10049.79296875
3047,7095.22607421875
3048,5655.8427734375
3049,10438.2353515625
3050,9103.48828125
3051,9034.875
3052,7879.939453125
3053,8477.1552734375
3054,9805.06640625
3055,7098.75830078125
3056,8911.189453125
3057,9622.1005859375
3058,8338.4912109375
3059,10468.560546875
3060,8600.625
3061,6559.9921875
3062,14557.09765625
3063,7767.65966796875
3064,5169.111328125
3065,9953.044921875
3066,11543.8662109375
3067,15042.0078125
3068,6938.66162109375
3069,8387.7861328125
3070,8476.7177734375
3071,9691.345703125
3072,7686.5615234375
3073,11126.845703125
3074,4825.0654296875
3075,8174.65771484375
3076,7929.8056640625
3077,7648.72705078125
3078,7632.8349609375
3079,8706.52734375
3080,10841.8046875
3081,7345.30078125
3082,10950.01953125
3083,9532.8701171875
3084,11388.662109375
3085,6530.24072265625
3086,8189.0537109375
3087,7740.98193359375
3088,10448.12890625
3089,11413.4140625
3090,6520.9638671875
3091,8770.259765625
3092,10267.74609375
3093,10847.7578125
3094,7113.60791015625
3095,5177.47021484375
3096,10591.849609375
3097,9163.412109375
3098,9864.1298828125
3099,9764.8134765625
3100,7916.9384765625
3101,10554.2021484375
3102,9121.080078125
3103,9859.80078125
3104,10064.265625
3105,7763.77197265625
3106,10321.982421875
3107,13672.5390625
3108,10288.8154296875
3109,5899.484375
3110,7350.6845703125
3111,5819.86474609375
3112,0.0
3113,11757.400390625
3114,6912.94287109375
3115,11872.1064453125
3116,5686.072265625
3117,8867.9169921875
3118,8087.9853515625
3119,13529.849609375
3120,5265.38818359375
3121,7144.36376953125
3122,7011.935546875
3123,10409.833984375
3124,6863.37060546875
3125,9053.4052734375
3126,9481.07421875
3127,11711.892578125
3128,9892.0634765625
3129,8426.9599609375
3130,7305.4912109375
3131,6527.24169921875
3132,6287.09912109375
3133,14471.59375
3134,12106.42578125
3135,8544.5703125
3136,14640.6142578125
3137,9044.408203125
3138,6234.119140625
3139,8785.912109375
3140,10297.52734375
3141,13126.318359375
3142,9099.57421875
3143,10136.658203125
3144,10563.40234375
3145,10305.080078125
3146,7569.91845703125
3147,7272.35986328125
3148,6925.6279296875
3149,6645.462890625
3150,5566.34716796875
3151,8321.9794921875
3152,11148.919921875
3153,21019.37109375
3154,8779.7890625
3155,6602.890625
3156,10272.0498046875
3157,5176.87353515625
3158,8307.5625
3159,5349.15283203125
3160,12118.619140625
3161,7632.48974609375
3162,8712.208984375
3163,17845.80859375
3164,11462.21484375
3165,8216.14453125
3166,9323.3056640625
3167,5054.8984375
3168,6963.18505859375
3169,6747.64404296875
3170,11070.1826171875
3171,6448.61669921875
3172,4893.71484375
3173,8237.962890625
3174,6711.9501953125
3175,11032.1181640625
3176,9288.80859375
3177,4865.10888671875
3178,9473.861328125
3179,11692.7783203125
3180,10379.5341796875
3181,6291.978515625
3182,6266.984375
3183,9909.8427734375
3184,5662.5634765625
3185,12713.8271484375
3186,6601.9111328125
3187,6568.19482421875
3188,9296.4580078125
3189,7785.12548828125
3190,6321.24267578125
3191,8425.8046875
3192,9381.474609375
3193,12225.9921875
3194,12914.296875
3195,7455.59130859375
3196,5524.16064453125
3197,7144.3701171875
3198,9133.513671875
3199,6131.6259765625
3200,8378.654296875
3201,8056.9267578125
3202,15282.267578125
3203,11012.7685546875
3204,7450.037109375
3205,9361.9609375
3206,6003.21435546875
3207,11499.9560546875
3208,7851.17822265625
3209,16352.39453125
3210,8526.876953125
3211,7084.787109375
3212,7076.9736328125
3213,5095.4736328125
3214,9570.64453125
3215,20547.73046875
3216,6274.8427734375
3217,6594.04345703125
3218,12743.5595703125
3219,8953.67578125
3220,9816.6875
3221,10014.6484375
3222,8722.708984375
3223,6530.47265625
3224,6557.61962890625
3225,12392.708984375
3226,7892.27587890625
3227,9196.9638671875
3228,10405.7353515625
3229,6668.85791015625
3230,9999.857421875
3231,8096.13720703125
3232,4621.88818359375
3233,10831.8173828125
3234,9180.794921875
3235,6169.3271484375
3236,9374.70703125
3237,8915.6328125
3238,4786.1708984375
3239,12261.61328125
3240,8034.28759765625
3241,11569.4921875
3242,5892.9814453125
3243,7280.40869140625
3244,8417.5322265625
3245,0.0
3246,10109.0
3247,6074.0107421875
3248,9024.6533203125
3249,7040.5556640625
3250,6473.8310546875
3251,7481.783203125
3252,9063.15234375
3253,8775.29296875
3254,10395.1826171875
3255,8317.9267578125
3256,10896.22265625
3257,8462.2314453125
3258,11871.5908203125
3259,12068.763671875
3260,8851.1435546875
3261,4652.5361328125
3262,6765.62451171875
3263,10126.388671875
3264,6284.9892578125
3265,14318.1357421875
3266,7383.5556640625
3267,10428.0458984375
3268,13961.14453125
3269,7982.48876953125
3270,6630.63232421875
3271,12716.275390625
3272,12464.6484375
3273,7222.5537109375
3274,11774.2890625
3275,11951.564453125
3276,7767.671875
3277,7353.85986328125
3278,9267.40234375
3279,7847.2060546875
3280,7365.763671875
3281,9314.81640625
3282,6775.92822265625
3283,8770.876953125
3284,10136.419921875
3285,9426.7724609375
3286,11112.427734375
3287,7547.40087890625
3288,9846.236328125
3289,5016.76171875
3290,9990.439453125
3291,9430.50390625
3292,7422.5947265625
3293,8849.8818359375
3294,9794.4326171875
3295,12135.25390625
3296,7986.150390625
3297,7379.9140625
3298,8414.96875
3299,8180.95458984375
3300,9628.2880859375
3301,6303.541015625
3302,5798.18359375
3303,10560.845703125
3304,8443.96484375
3305,8010.810546875
3306,10721.767578125
3307,8331.91015625
3308,9943.4267578125
3309,6618.54736328125
3310,5829.75927734375
3311,8950.9794921875
3312,7525.8857421875
3313,8131.75244140625
3314,11793.6796875
3315,10929.9208984375
3316,6348.29443359375
3317,10285.4716796875
3318,4798.380859375
3319,5575.8662109375
3320,8449.48046875
3321,14067.388671875
3322,10282.197265625
3323,8695.0693359375
3324,6174.62255859375
3325,9807.3759765625
3326,13741.71875
3327,7717.1884765625
3328,11678.28125
3329,8473.1103515625
3330,6193.5283203125
3331,7775.22900390625
3332,6996.73388671875
3333,8072.650390625
3334,6895.01318359375
3335,6635.1533203125
3336,6174.98388671875
3337,8960.142578125
3338,10166.08203125
3339,6616.3505859375
3340,8093.53076171875
3341,8896.4970703125
3342,6684.86669921875
3343,6426.8408203125
3344,11621.7470703125
3345,10619.134765625
3346,7146.8837890625
3347,6142.21435546875
3348,16557.494140625
3349,8345.203125
3350,7124.65478515625
3351,12297.9697265625
3352,11532.619140625
3353,10199.0380859375
3354,7564.43798828125
3355,9973.45703125
3356,13126.3984375
3357,18208.177734375
3358,7113.46923828125
3359,6786.158203125
3360,6227.8408203125
3361,8274.345703125
3362,7460.5146484375
3363,10621.2490234375
3364,12059.318359375
3365,7519.1435546875
3366,6000.27294921875
3367,8789.5107421875
3368,9692.1865234375
3369,6979.53466796875
3370,8910.31640625
3371,5404.98095703125
3372,9394.296875
3373,10039.015625
3374,9941.642578125
3375,11418.009765625
3376,8597.583984375
3377,5106.87939453125
3378,8208.837890625
3379,9630.841796875
3380,9936.755859375
3381,9704.0341796875
3382,9976.22265625
3383,9171.224609375
3384,5805.01416015625
3385,12002.158203125
3386,5541.81591796875
3387,13159.638671875
3388,7201.498046875
3389,5593.26123046875
3390,9161.3994140625
3391,8060.166015625
3392,9652.326171875
3393,10320.412109375
3394,5121.54248046875
3395,6491.55029296875
3396,9385.611328125
3397,11472.296875
3398,12361.896484375
3399,6409.13134765625
3400,8512.8662109375
3401,11125.064453125
3402,7931.89794921875
3403,7402.462890625
3404,13256.607421875
3405,11475.134765625
3406,14395.59765625
3407,5925.6484375
3408,8111.07275390625
3409,0.0
3410,8831.53515625
3411,7334.3056640625
3412,14269.62109375
3413,8912.2197265625
3414,6875.78955078125
3415,6310.3974609375
3416,6587.27734375
3417,6663.1357421875
3418,8479.255859375
3419,6528.73095703125
3420,6827.11083984375
3421,12773.6005859375
3422,8865.75
3423,24841.5234375
3424,8745.18359375
3425,0.0
3426,0.0
3427,0.0
3428,0.0
3429,0.0
3430,0.0
3431,0.0
3432,0.0
3433,0.0
3434,0.0
3435,0.0
3436,0.0
3437,0.0
3438,0.0
3439,0.0
3440,0.0
3441,0.0
3442,0.0
3443,0.0
3444,0.0
3445,0.0
3446,0.0
3447,0.0
3448,0.0
3449,0.0
3450,0.0
3451,0.0
3452,0.0
3453,0.0
3454,0.0
3455,0.0
3456,0.0
3457,0.0
3458,0.0
3459,0.0
3460,0.0
3461,0.0
3462,0.0
3463,0.0
3464,0.0
3465,0.0
3466,0.0
3467,0.0
3468,0.0
3469,0.0
3470,0.0
3471,0.0
3472,0.0
3473,0.0
3474,0.0
3475,0.0
3476,0.0
3477,0.0
3478,0.0
3479,0.0
3480,0.0
3481,0.0
3482,0.0
3483,0.0
3484,0.0
3485,0.0
3486,0.0
3487,0.0
3488,0.0
3489,0.0
3490,0.0
3491,0.0
3492,0.0
3493,0.0
3494,0.0
3495,0.0
3496,0.0
3497,0.0
3498,0.0
3499,0.0
3500,0.0
3501,0.0
3502,0.0
3503,0.0
3504,0.0
3505,0.0
3506,0.0
3507,0.0
3508,0.0
3509,0.0
3510,0.0
3511,0.0
3512,0.0
3513,0.0
3514,0.0
3515,0.0
3516,4207.923828125
3517,0.0
3518,0.0
3519,0.0
3520,0.0
3521,0.0
3522,0.0
3523,0.0
3524,0.0
3525,0.0
3526,0.0
3527,0.0
3528,0.0
3529,0.0
3530,0.0
3531,0.0
3532,0.0
3533,0.0
3534,0.0
3535,0.0
3536,0.0
3537,0.0
3538,0.0
3539,0.0
3540,0.0
3541,0.0
3542,0.0
3543,0.0
3544,0.0
3545,0.0
3546,0.0
3547,0.0
3548,0.0
3549,0.0
3550,0.0
3551,0.0
3552,0.0
3553,0.0
3554,0.0
3555,0.0
3556,0.0
3557,0.0
3558,0.0
3559,0.0
3560,0.0
3561,0.0
3562,0.0
3563,0.0
3564,0.0
3565,0.0
3566,0.0
3567,0.0
3568,0.0
3569,0.0
3570,0.0
3571,0.0
3572,0.0
3573,0.0
3574,0.0
3575,0.0
3576,0.0
3577,0.0
3578,0.0
3579,0.0
3580,0.0
3581,0.0
3582,0.0
3583,0.0
3584,3851.30126953125
3585,0.0
3586,0.0
3587,0.0
3588,0.0
3589,0.0
3590,0.0
3591,0.0
3592,0.0
3593,0.0
3594,0.0
3595,0.0
3596,0.0
3597,0.0
3598,0.0
3599,0.0
3600,0.0
3601,0.0
3602,0.0
3603,0.0
3604,0.0
3605,0.0
3606,0.0
3607,0.0
3608,0.0
3609,0.0
3610,0.0
3611,0.0
3612,0.0
3613,0.0
3614,0.0
3615,0.0
3616,0.0
3617,0.0
3618,0.0
3619,0.0
3620,0.0
3621,0.0
3622,0.0
3623,0.0
3624,0.0
3625,14146.23828125
3626,23544.482421875
3627,0.0
3628,0.0
3629,0.0
3630,0.0
3631,0.0
3632,0.0
3633,0.0
3634,8173.76904296875
3635,0.0
3636,0.0
3637,0.0
3638,0.0
3639,0.0
3640,0.0
3641,0.0
3642,0.0
3643,0.0
3644,0.0
3645,0.0
3646,0.0
3647,0.0
3648,0.0
3649,0.0
3650,0.0
3651,0.0
3652,0.0
3653,5620.048828125
3654,0.0
3655,0.0
3656,0.0
3657,0.0
3658,0.0
3659,0.0
3660,0.0
3661,0.0
3662,0.0
3663,3851.30126953125
3664,0.0
3665,0.0
3666,0.0
3667,0.0
3668,0.0
3669,0.0
3670,0.0
3671,0.0
3672,0.0
3673,0.0
3674,0.0
3675,0.0
3676,0.0
3677,0.0
3678,0.0
3679,0.0
3680,0.0
3681,7820.2578125
3682,0.0
3683,0.0
3684,0.0
3685,0.0
3686,0.0
3687,0.0
3688,0.0
3689,0.0
3690,0.0
3691,0.0
3692,0.0
3693,0.0
3694,0.0
3695,0.0
3696,0.0
3697,0.0
3698,8276.732421875
3699,0.0
3700,0.0
3701,0.0
3702,0.0
3703,0.0
3704,0.0
3705,0.0
3706,0.0
3707,0.0
3708,0.0
3709,0.0
3710,0.0
3711,0.0
3712,0.0
3713,0.0
3714,0.0
3715,0.0
3716,0.0
3717,0.0
3718,0.0
3719,0.0
3720,0.0
3721,0.0
3722,0.0
3723,0.0
3724,0.0
3725,0.0
3726,0.0
3727,0.0
3728,0.0
3729,0.0
3730,0.0
3731,0.0
3732,0.0
3733,0.0
3734,0.0
3735,0.0
3736,0.0
3737,0.0
3738,0.0
3739,0.0
3740,0.0
3741,0.0
3742,0.0
3743,0.0
3744,0.0
3745,0.0
3746,0.0
3747,0.0
3748,0.0
3749,0.0
3750,0.0
3751,0.0
3752,0.0
3753,0.0
3754,0.0
3755,0.0
3756,0.0
3757,0.0
3758,0.0
3759,0.0
3760,3851.30126953125
3761,0.0
3762,0.0
3763,0.0
3764,0.0
3765,0.0
3766,0.0
3767,0.0
3768,0.0
3769,0.0
3770,0.0
3771,0.0
3772,0.0
3773,0.0
3774,6005.77978515625
3775,0.0
3776,0.0
3777,0.0
3778,0.0
3779,0.0
3780,0.0
3781,0.0
3782,0.0
3783,0.0
3784,0.0
3785,0.0
3786,0.0
3787,0.0
3788,0.0
3789,0.0
3790,0.0
3791,0.0
3792,0.0
3793,0.0
3794,0.0
3795,0.0
3796,0.0
3797,0.0
3798,0.0
3799,0.0
3800,0.0
3801,0.0
3802,0.0
3803,0.0
3804,0.0
3805,0.0
3806,0.0
3807,0.0
3808,0.0
3809,0.0
3810,0.0
3811,0.0
3812,0.0
3813,0.0
3814,0.0
3815,0.0
3816,0.0
3817,8735.572265625
3818,0.0
3819,0.0
3820,0.0
3821,0.0
3822,0.0
3823,0.0
3824,0.0
3825,0.0
3826,0.0
3827,3851.30126953125
3828,0.0
3829,0.0
3830,0.0
3831,5982.0009765625
3832,0.0
3833,0.0
3834,0.0
3835,0.0
3836,0.0
3837,0.0
3838,0.0
3839,0.0
3840,0.0
3841,0.0
3842,0.0
3843,0.0
3844,0.0
3845,0.0
3846,0.0
3847,0.0
3848,0.0
3849,0.0
3850,0.0
3851,0.0
3852,0.0
3853,0.0
3854,0.0
3855,0.0
3856,0.0
3857,0.0
3858,17734.416015625
3859,0.0
3860,0.0
3861,0.0
3862,0.0
3863,0.0
3864,0.0
3865,0.0
3866,0.0
3867,0.0
3868,0.0
3869,0.0
3870,0.0
3871,0.0
3872,6206.83154296875
3873,0.0
3874,0.0
3875,0.0
3876,0.0
3877,0.0
3878,0.0
3879,0.0
3880,0.0
3881,0.0
3882,0.0
3883,0.0
3884,0.0
3885,0.0
3886,0.0
3887,0.0
3888,0.0
3889,0.0
3890,0.0
3891,0.0
3892,0.0
3893,0.0
3894,0.0
3895,0.0
3896,0.0
3897,0.0
3898,0.0
3899,0.0
3900,0.0
3901,0.0
3902,0.0
3903,0.0
3904,0.0
3905,0.0
3906,0.0
3907,0.0
3908,0.0
3909,0.0
3910,0.0
3911,0.0
3912,0.0
3913,0.0
3914,0.0
3915,0.0
3916,0.0
3917,0.0
3918,0.0
3919,0.0
3920,0.0
3921,0.0
3922,0.0
3923,0.0
3924,0.0
3925,0.0
3926,0.0
3927,0.0
3928,0.0
3929,0.0
3930,0.0
3931,0.0
3932,0.0
3933,0.0
3934,0.0
3935,0.0
3936,0.0
3937,0.0
3938,0.0
3939,0.0
3940,0.0
3941,0.0
3942,0.0
3943,0.0
3944,0.0
3945,0.0
3946,0.0
3947,10987.509765625
3948,0.0
3949,0.0
3950,0.0
3951,0.0
3952,0.0
3953,0.0
3954,0.0
3955,0.0
3956,0.0
3957,0.0
3958,0.0
3959,0.0
3960,0.0
3961,0.0
3962,0.0
3963,0.0
3964,0.0
3965,0.0
3966,0.0
3967,0.0
3968,0.0
3969,0.0
3970,0.0
3971,0.0
3972,0.0
3973,0.0
3974,0.0
3975,0.0
3976,0.0
3977,0.0
3978,0.0
3979,0.0
3980,0.0
3981,0.0
3982,0.0
3983,0.0
3984,0.0
3985,0.0
3986,0.0
3987,0.0
3988,0.0
3989,0.0
3990,0.0
3991,3967.639404296875
3992,14421.197265625
3993,0.0
3994,0.0
3995,0.0
3996,0.0
3997,0.0
3998,0.0
3999,0.0
4000,0.0
4001,0.0
4002,0.0
4003,0.0
4004,0.0
4005,0.0
4006,0.0
4007,0.0
4008,0.0
4009,0.0
4010,0.0
4011,0.0
4012,0.0
4013,0.0
4014,0.0
4015,0.0
4016,0.0
4017,0.0
4018,0.0
4019,0.0
4020,12376.1484375
4021,0.0
4022,0.0
4023,0.0
4024,0.0
4025,0.0
4026,0.0
4027,0.0
4028,0.0
4029,0.0
4030,0.0
4031,0.0
4032,0.0
4033,0.0
4034,0.0
4035,0.0
4036,0.0
4037,0.0
4038,0.0
4039,0.0
4040,0.0
4041,0.0
4042,0.0
4043,0.0
4044,0.0
4045,0.0
4046,0.0
4047,0.0
4048,0.0
4049,0.0
4050,0.0
4051,0.0
4052,0.0
4053,0.0
4054,0.0
4055,0.0
4056,0.0
4057,0.0
4058,0.0
4059,0.0
4060,0.0
4061,0.0
4062,0.0
4063,0.0
4064,0.0
4065,0.0
4066,0.0
4067,0.0
4068,0.0
4069,0.0
4070,0.0
4071,0.0
4072,0.0
4073,0.0
4074,0.0
4075,0.0
4076,0.0
4077,0.0
4078,0.0
4079,0.0
4080,0.0
4081,0.0
4082,0.0
4083,0.0
4084,0.0
4085,0.0
4086,0.0
4087,0.0
4088,0.0
4089,0.0
4090,3851.30126953125
4091,0.0
4092,0.0
4093,0.0
4094,3851.30126953125
4095,0.0
4096,0.0
4097,0.0
4098,0.0
4099,0.0
4100,0.0
4101,0.0
4102,0.0
4103,0.0
4104,0.0
4105,0.0
4106,0.0
4107,0.0
4108,0.0
4109,0.0
4110,0.0
4111,0.0
4112,0.0
4113,0.0
4114,0.0
4115,0.0
4116,0.0
4117,0.0
4118,0.0
4119,0.0
4120,0.0
4121,0.0
4122,0.0
4123,0.0
4124,0.0
4125,0.0
4126,0.0
4127,0.0
4128,0.0
4129,0.0
4130,0.0
4131,0.0
4132,0.0
4133,0.0
4134,0.0
4135,0.0
4136,0.0
4137,0.0
4138,0.0
4139,0.0
4140,0.0
4141,0.0
4142,0.0
4143,0.0
4144,0.0
4145,3851.30126953125
4146,0.0
4147,0.0
4148,0.0
4149,0.0
4150,0.0
4151,0.0
4152,0.0
4153,0.0
4154,0.0
4155,0.0
4156,0.0
4157,0.0
4158,0.0
4159,0.0
4160,9974.0595703125
4161,0.0
4162,0.0
4163,0.0
4164,0.0
4165,0.0
4166,0.0
4167,0.0
4168,0.0
4169,0.0
4170,0.0
4171,0.0
4172,0.0
4173,0.0
4174,0.0
4175,0.0
4176,0.0
4177,0.0
4178,0.0
4179,0.0
4180,0.0
4181,0.0
4182,0.0
4183,0.0
4184,0.0
4185,0.0
4186,0.0
4187,0.0
4188,0.0
4189,0.0
4190,0.0
4191,0.0
4192,0.0
4193,0.0
4194,0.0
4195,0.0
4196,0.0
4197,0.0
4198,0.0
4199,0.0
4200,0.0
4201,0.0
4202,0.0
4203,0.0
4204,0.0
4205,0.0
4206,0.0
4207,0.0
4208,0.0
4209,0.0
4210,0.0
4211,0.0
4212,0.0
4213,0.0
4214,0.0
4215,0.0
4216,0.0
4217,0.0
4218,0.0
4219,0.0
4220,0.0
4221,0.0
4222,0.0
4223,0.0
4224,4158.70703125
4225,0.0
4226,0.0
4227,0.0
4228,0.0
4229,0.0
4230,0.0
4231,0.0
4232,0.0
4233,0.0
4234,0.0
4235,0.0
4236,0.0
4237,0.0
4238,0.0
4239,0.0
4240,0.0
4241,0.0
4242,0.0
4243,0.0
4244,0.0
4245,0.0
4246,0.0
4247,0.0
4248,0.0
4249,0.0
4250,0.0
4251,0.0
4252,0.0
4253,0.0
4254,0.0
4255,0.0
4256,0.0
4257,0.0
4258,0.0
4259,0.0
4260,0.0
4261,0.0
4262,0.0
4263,0.0
4264,0.0
4265,11885.98828125
4266,5252.4931640625
4267,0.0
4268,0.0
4269,0.0
4270,0.0
4271,0.0
4272,0.0
4273,0.0
4274,0.0
4275,0.0
4276,0.0
4277,0.0
4278,0.0
4279,0.0
4280,0.0
4281,3851.30126953125
4282,3985.3359375
4283,6045.61962890625
4284,3851.30126953125
4285,5699.57958984375
4286,4790.9833984375
4287,4843.34765625
4288,6649.7080078125
4289,3851.30126953125
4290,3851.30126953125
4291,5915.1875
4292,5342.01953125
4293,4522.3271484375
4294,4463.3408203125
4295,5657.44482421875
4296,3851.30126953125
4297,4015.123046875
4298,6999.46484375
4299,7854.72998046875
4300,6751.56787109375
4301,5978.7421875
4302,3851.30126953125
4303,4615.291015625
4304,3851.30126953125
4305,6933.77734375
4306,8375.8994140625
4307,7033.35107421875
4308,5205.50439453125
4309,3851.30126953125
4310,4011.21337890625
4311,3919.122802734375
4312,7008.0888671875
4313,4435.04345703125
4314,4831.5634765625
4315,3851.30126953125
4316,5502.48828125
4317,3851.30126953125
4318,6398.6220703125
4319,3851.30126953125
4320,5131.41552734375
4321,5468.02783203125
4322,3851.30126953125
4323,6641.2294921875
4324,5913.810546875
4325,4218.76171875
4326,3851.30126953125
4327,7024.75048828125
4328,8922.08984375
4329,5695.9873046875
4330,5573.91015625
4331,7674.82421875
4332,6808.5302734375
4333,5184.2548828125
4334,5519.4384765625
4335,3851.30126953125
4336,3851.30126953125
4337,4546.28125
4338,5654.7158203125
4339,7384.07275390625
4340,6541.23779296875
4341,3851.30126953125
4342,6942.5634765625
4343,4749.35546875
4344,5487.52490234375
4345,3851.30126953125
4346,9096.193359375
4347,3851.30126953125
4348,3851.30126953125
4349,6847.93310546875
4350,3851.30126953125
4351,5138.69580078125
4352,3851.30126953125
4353,5161.9521484375
4354,4447.8515625
4355,3851.30126953125
4356,5820.19873046875
4357,7173.62451171875
4358,5198.2783203125
4359,3851.30126953125
4360,6876.123046875
4361,8565.3115234375
4362,4559.05908203125
4363,3851.30126953125
4364,5815.17236328125
4365,4762.3466796875
4366,4906.1259765625
4367,6366.2216796875
4368,3851.30126953125
4369,6352.13818359375
4370,4626.3349609375
4371,6135.107421875
4372,7359.87890625
4373,3851.30126953125
4374,4384.7001953125
4375,4919.384765625
4376,6017.6787109375
4377,5690.40234375
4378,4235.75830078125
4379,4447.662109375
4380,5065.6318359375
4381,5279.7333984375
4382,3851.30126953125
4383,4681.0146484375
4384,3851.30126953125
4385,5381.41162109375
4386,4341.63671875
4387,3851.30126953125
4388,4864.1044921875
4389,3941.260009765625
4390,4511.2177734375
4391,6891.6865234375
4392,7244.22021484375
4393,3851.30126953125
4394,6376.1162109375
4395,3851.30126953125
4396,3851.30126953125
4397,6514.20166015625
4398,6664.44775390625
4399,6218.8994140625
4400,8153.359375
4401,6107.3798828125
4402,4203.4013671875
4403,6087.8779296875
4404,6458.60693359375
4405,4223.86376953125
4406,3851.30126953125
4407,4269.1279296875
4408,4047.866455078125
4409,4782.2548828125
4410,3851.30126953125
4411,5352.10205078125
4412,4713.20849609375
4413,4043.623046875
4414,5073.3935546875
4415,3851.30126953125
4416,5685.248046875
4417,6299.76513671875
4418,3920.623046875
4419,4905.486328125
4420,3851.30126953125
4421,4951.4609375
4422,3851.30126953125
4423,3851.30126953125
4424,4545.78125
4425,6717.06494140625
4426,4870.86767578125
4427,4531.13232421875
4428,8588.509765625
4429,3851.30126953125
4430,4754.1904296875
4431,8824.1181640625
4432,5612.52978515625
4433,6988.853515625
4434,5592.64892578125
4435,5201.67529296875
4436,5600.72314453125
4437,3851.30126953125
4438,4530.841796875
4439,7691.68115234375
4440,5193.6103515625
4441,3851.30126953125
4442,3851.30126953125
4443,7403.5244140625
4444,8708.4716796875
4445,3941.01123046875
4446,6063.5537109375
4447,3851.30126953125
4448,3851.30126953125
4449,3851.30126953125
4450,3851.30126953125
4451,5241.40283203125
4452,6696.5185546875
4453,4652.66552734375
4454,4061.38330078125
4455,6522.3720703125
4456,7662.55419921875
4457,6039.7734375
4458,3851.30126953125
4459,7602.12548828125
4460,7965.05419921875
4461,3851.30126953125
4462,5444.4443359375
4463,5022.60546875
4464,5814.9921875
4465,3851.30126953125
4466,5199.0078125
4467,4016.81591796875
4468,7712.46630859375
4469,5771.271484375
4470,6346.36328125
4471,6669.40380859375
4472,4520.59814453125
4473,6945.47607421875
4474,14913.734375
4475,7324.02490234375
4476,3851.30126953125
4477,3851.30126953125
4478,5596.74072265625
4479,6476.287109375
4480,3851.30126953125
4481,8623.8466796875
4482,15600.048828125
4483,3851.30126953125
4484,3851.30126953125
4485,9077.0205078125
4486,3851.30126953125
4487,6430.9541015625
4488,3851.30126953125
4489,4868.5029296875
4490,0.0
4491,5248.9619140625
4492,4110.1337890625
4493,4447.5380859375
4494,8136.716796875
4495,5478.08056640625
4496,5067.982421875
4497,4732.77001953125
4498,3851.30126953125
4499,4973.1728515625
4500,6181.81591796875
4501,4191.859375
4502,4744.673828125
4503,4372.6748046875
4504,3851.30126953125
4505,4933.11083984375
4506,3851.30126953125
4507,4685.3095703125
4508,5972.84130859375
4509,7541.27978515625
4510,6430.953125
4511,4170.888671875
4512,3872.05419921875
4513,3851.30126953125
4514,4507.248046875
4515,5111.45556640625
4516,3851.30126953125
4517,6502.55078125
4518,4901.751953125
4519,7159.3759765625
4520,4868.998046875
4521,3851.30126953125
4522,3851.30126953125
4523,3851.30126953125
4524,8349.943359375
4525,4018.537353515625
4526,5721.0849609375
4527,11172.607421875
4528,7292.40869140625
4529,3851.30126953125
4530,4453.6181640625
4531,3851.30126953125
4532,3915.179443359375
4533,3851.30126953125
4534,3851.30126953125
4535,7741.5517578125
4536,5114.376953125
4537,8335.255859375
4538,9751.6806640625
4539,4313.3984375
4540,5018.9521484375
4541,4041.18505859375
4542,4749.552734375
4543,4478.5283203125
4544,8016.19189453125
4545,5685.91455078125
4546,7127.38427734375
4547,3851.30126953125
4548,5290.9931640625
4549,5122.3740234375
4550,5434.85693359375
4551,5661.3564453125
4552,4710.986328125
4553,5957.4443359375
4554,4255.556640625
4555,7758.3134765625
4556,6319.236328125
4557,6192.1494140625
4558,8425.5048828125
4559,6078.287109375
4560,6969.0146484375
4561,3851.30126953125
4562,3851.30126953125
4563,4488.2294921875
4564,8648.78515625
4565,6320.98681640625
4566,6855.455078125
4567,5254.453125
4568,6886.7041015625
4569,4108.37060546875
4570,6580.42333984375
4571,5140.95263671875
4572,3851.30126953125
4573,10380.3349609375
4574,13663.228515625
4575,5210.95703125
4576,6006.9267578125
4577,6471.54931640625
4578,7569.4140625
4579,6977.66162109375
4580,3851.30126953125
4581,3851.30126953125
4582,4918.47705078125
4583,7355.630859375
4584,3851.30126953125
4585,3851.30126953125
4586,4788.29345703125
4587,3851.30126953125
4588,4886.64697265625
4589,3851.30126953125
4590,3851.30126953125
4591,6304.73095703125
4592,3851.30126953125
4593,4181.78515625
4594,4897.966796875
4595,5048.080078125
4596,7320.623046875
4597,7477.98388671875
4598,3851.30126953125
4599,6119.7763671875
4600,5383.56298828125
4601,8938.3837890625
4602,4612.9033203125
4603,3851.30126953125
4604,3851.30126953125
4605,9338.09375
4606,3851.30126953125
4607,6525.85791015625
4608,3851.30126953125
4609,3851.30126953125
4610,6689.5517578125
4611,4294.99072265625
4612,3851.30126953125
4613,6644.9970703125
4614,7802.1201171875
4615,7790.5458984375
4616,4112.6806640625
4617,7343.82568359375
4618,3851.30126953125
4619,3851.30126953125
4620,5742.2685546875
4621,4291.255859375
4622,9250.3203125
4623,3851.30126953125
4624,4089.681396484375
4625,5037.4189453125
4626,7716.4716796875
4627,8815.712890625
4628,3970.6005859375
4629,3851.30126953125
4630,7978.94580078125
4631,7867.23779296875
4632,4306.7900390625
4633,3851.30126953125
4634,7457.400390625
4635,5530.25244140625
4636,4601.892578125
4637,3851.30126953125
4638,6573.66259765625
4639,4144.80078125
4640,9954.0283203125
4641,6244.95166015625
4642,9746.515625
4643,5319.75244140625
4644,4027.853759765625
4645,3851.30126953125
4646,5389.923828125
4647,4472.5341796875
4648,4437.4619140625
4649,7919.4423828125
4650,3897.78857421875
4651,3851.30126953125
4652,6618.9560546875
4653,3851.30126953125
4654,5749.30859375
4655,6689.11328125
4656,6581.48046875
4657,7522.46923828125
4658,4732.9140625
4659,6877.8330078125
4660,5331.056640625
4661,4777.53662109375
4662,4753.4306640625
4663,3851.30126953125
4664,7876.1630859375
4665,5564.08935546875
4666,3851.30126953125
4667,4589.22021484375
4668,6585.2373046875
4669,5539.8515625
4670,3851.30126953125
4671,5067.01171875
4672,4629.494140625
4673,5534.2509765625
4674,3851.30126953125
4675,8177.0869140625
4676,3972.673095703125
4677,3851.30126953125
4678,5204.94873046875
4679,5294.7607421875
4680,3851.30126953125
4681,4492.158203125
4682,8049.4716796875
4683,5890.3115234375
4684,9299.482421875
4685,7741.4140625
4686,6853.59619140625
4687,6371.04296875
4688,3851.30126953125
4689,8779.4521484375
4690,7678.48486328125
4691,6761.2529296875
4692,4685.22314453125
4693,4708.521484375
4694,3975.482177734375
4695,3851.30126953125
4696,8844.3134765625
4697,4351.02587890625
4698,4521.2265625
4699,3851.30126953125
4700,3851.30126953125
4701,7616.07470703125
4702,3964.41259765625
4703,3851.30126953125
4704,3851.30126953125
4705,5207.2919921875
4706,4752.552734375
4707,3851.30126953125
4708,8069.65478515625
4709,4322.4423828125
4710,3851.30126953125
4711,3851.30126953125
4712,3851.30126953125
4713,4504.43017578125
4714,11984.607421875
4715,3965.507080078125
4716,5274.44140625
4717,4786.4189453125
4718,3851.30126953125
4719,3851.30126953125
4720,5186.98486328125
4721,3851.30126953125
4722,6279.1826171875
4723,5751.025390625
4724,3851.30126953125
4725,7539.10302734375
4726,3851.30126953125
4727,4061.149658203125
4728,8864.5810546875
4729,6671.234375
4730,7860.97607421875
4731,3851.30126953125
4732,5108.087890625
4733,4781.24951171875
4734,4244.837890625
4735,12686.166015625
4736,8148.66943359375
4737,4597.6669921875
4738,3851.30126953125
4739,5165.41455078125
4740,3851.30126953125
4741,3851.30126953125
4742,6219.42138671875
4743,4605.9384765625
4744,4362.8486328125
4745,6424.42333984375
4746,4441.28125
4747,4357.626953125
4748,5511.974609375
4749,4590.1884765625
4750,6446.24560546875
4751,3851.30126953125
4752,3851.30126953125
4753,5937.13427734375
4754,7305.1435546875
4755,5440.11328125
4756,5998.89697265625
4757,3851.30126953125
4758,5995.74560546875
4759,4676.8505859375
4760,3851.30126953125
4761,4267.328125
4762,3851.30126953125
4763,4831.599609375
4764,5643.57373046875
4765,3851.30126953125
4766,4726.845703125
4767,4233.2099609375
4768,7180.49609375
4769,5319.869140625
4770,5224.1181640625
4771,5656.90576171875
4772,4206.5810546875
4773,3851.30126953125
4774,9176.5205078125
4775,3851.30126953125
4776,3851.30126953125
4777,6275.5634765625
4778,7419.7646484375
4779,9161.3134765625
4780,3851.30126953125
4781,4576.4638671875
4782,4670.0771484375
4783,6635.8193359375
4784,3893.220703125
4785,7149.75390625
4786,3851.30126953125
4787,4755.37353515625
4788,3966.165771484375
4789,3851.30126953125
4790,3851.30126953125
4791,6578.650390625
4792,6296.22509765625
4793,5111.18115234375
4794,5155.9326171875
4795,7133.92919921875
4796,6973.814453125
4797,3851.30126953125
4798,3851.30126953125
4799,3851.30126953125
4800,6719.15478515625
4801,4877.8857421875
4802,3851.30126953125
4803,5712.5751953125
4804,5592.13427734375
4805,5400.53466796875
4806,5168.1640625
4807,3851.30126953125
4808,6629.0244140625
4809,3851.30126953125
4810,7695.12548828125
4811,5085.1884765625
4812,4204.2109375
4813,7165.822265625
4814,3902.545654296875
4815,4848.4921875
4816,5809.4765625
4817,3851.30126953125
4818,6847.130859375
4819,8640.6337890625
4820,6624.7060546875
4821,3851.30126953125
4822,3851.30126953125
4823,3851.30126953125
4824,3851.30126953125
4825,4251.9912109375
4826,4727.001953125
4827,4650.640625
4828,3851.30126953125
4829,4996.48583984375
4830,3851.30126953125
4831,7922.26953125
4832,4845.873046875
4833,4516.873046875
4834,4290.08154296875
4835,5279.5283203125
4836,3851.30126953125
4837,5508.5146484375
4838,7040.02490234375
4839,7427.1865234375
4840,6792.47216796875
4841,4938.865234375
4842,4733.5849609375
4843,3851.30126953125
4844,5534.458984375
4845,7944.142578125
4846,5940.5908203125
4847,6014.85546875
4848,12123.21875
4849,3856.1259765625
4850,3851.30126953125
4851,4183.2890625
4852,7150.47216796875
4853,7039.35400390625
4854,6696.5986328125
4855,5861.16357421875
4856,6854.84130859375
4857,5475.322265625
4858,4965.8046875
4859,5397.361328125
4860,3851.30126953125
4861,3851.30126953125
4862,3851.30126953125
4863,3851.30126953125
4864,5866.33740234375
4865,15134.92578125
4866,5273.02392578125
4867,3851.30126953125
4868,4444.646484375
4869,4312.1328125
4870,5204.6279296875
4871,3851.30126953125
4872,5461.6708984375
4873,4503.748046875
4874,3851.30126953125
4875,10490.44140625
4876,10677.3193359375
4877,3851.30126953125
4878,3851.30126953125
4879,3851.30126953125
4880,3869.652099609375
4881,3919.978759765625
4882,6298.580078125
4883,3852.663818359375
4884,4499.2578125
4885,3851.30126953125
4886,4501.16455078125
4887,4910.1953125
4888,6010.5126953125
4889,3851.30126953125
4890,7081.03466796875
4891,6133.8447265625
4892,4348.40380859375
4893,3851.30126953125
4894,3851.30126953125
4895,3851.30126953125
4896,3851.30126953125
4897,8145.78125
4898,3851.30126953125
4899,3899.430908203125
4900,6006.7177734375
4901,4514.49560546875
4902,3851.30126953125
4903,3851.30126953125
4904,4318.62548828125
4905,8246.91796875
4906,5681.19921875
4907,4921.640625
4908,3851.30126953125
4909,4203.7998046875
4910,4882.24951171875
4911,3990.964111328125
4912,4162.1376953125
4913,4803.7255859375
4914,8454.3681640625
4915,5870.0029296875
4916,4003.833984375
4917,4265.40234375
4918,3851.30126953125
4919,6443.9921875
4920,5035.3701171875
4921,8577.8046875
4922,5495.18017578125
4923,4482.4111328125
4924,3851.30126953125
4925,3851.30126953125
4926,4215.728515625
4927,15287.306640625
4928,3851.30126953125
4929,4535.427734375
4930,5427.228515625
4931,6010.9130859375
4932,4890.49658203125
4933,7249.88037109375
4934,5279.84326171875
4935,4105.30029296875
4936,3851.30126953125
4937,7207.39892578125
4938,3851.30126953125
4939,5895.185546875
4940,7009.373046875
4941,3851.30126953125
4942,4845.6591796875
4943,5645.01416015625
4944,3851.30126953125
4945,5664.98291015625
4946,6150.4794921875
4947,3851.30126953125
4948,7365.30517578125
4949,5866.7216796875
4950,4055.972900390625
4951,8246.5556640625
4952,6561.12646484375
4953,5683.82421875
4954,3876.96728515625
4955,3851.30126953125
4956,4681.1064453125
4957,0.0
4958,5627.89892578125
4959,3851.30126953125
4960,5333.962890625
4961,3851.30126953125
4962,3851.30126953125
4963,4540.8212890625
4964,3949.52099609375
4965,5107.53271484375
4966,8118.978515625
4967,3873.46435546875
4968,6097.04052734375
4969,4495.79296875
4970,5366.3994140625
4971,8513.005859375
4972,6663.400390625
4973,3851.30126953125
4974,3851.30126953125
4975,4826.314453125
4976,3889.693603515625
4977,9340.7939453125
4978,4420.17724609375
4979,5105.86279296875
4980,8169.0712890625
4981,5906.69921875
4982,3851.30126953125
4983,6929.64501953125
4984,7093.9892578125
4985,5390.60498046875
4986,7245.47216796875
4987,6528.80712890625
4988,5630.9560546875
4989,4701.37255859375
4990,3854.375
4991,3851.30126953125
4992,4470.3544921875
4993,6708.40625
4994,3851.30126953125
4995,6926.56787109375
4996,6206.7744140625
4997,4542.85009765625
4998,5912.86474609375
4999,4011.173583984375
5000,5462.82958984375
5001,3851.30126953125
5002,5222.703125
5003,4437.5244140625
5004,3851.30126953125
5005,6140.33349609375
5006,6765.58544921875
5007,6812.23779296875
5008,4848.33642578125
5009,3851.30126953125
5010,5388.357421875
5011,6026.6904296875
5012,5873.4091796875
5013,3851.30126953125
5014,3851.30126953125
5015,7549.3125
5016,5988.6142578125
5017,3851.30126953125
5018,7471.62744140625
5019,4934.9033203125
5020,5590.8212890625
5021,4110.17822265625
5022,3851.30126953125
5023,5205.3515625
5024,4767.369140625
5025,4741.0048828125
5026,7909.7861328125
5027,5779.49609375
5028,3851.30126953125
5029,4044.008544921875
5030,3851.30126953125
5031,3851.30126953125
5032,4910.7958984375
5033,7913.478515625
5034,5583.6748046875
5035,3851.30126953125
5036,3851.30126953125
5037,3983.457275390625
5038,6986.060546875
5039,5722.42041015625
5040,8091.04833984375
5041,3851.30126953125
5042,4414.1748046875
5043,3851.30126953125
5044,4884.94970703125
5045,3851.30126953125
5046,3851.30126953125
5047,3851.30126953125
5048,3851.30126953125
5049,5281.1484375
5050,4194.07763671875
5051,3851.30126953125
5052,4691.73291015625
5053,6119.03759765625
5054,4819.68017578125
5055,3851.30126953125
5056,9105.240234375
5057,5581.7568359375
5058,5020.0146484375
5059,3851.30126953125
5060,6101.494140625
5061,4948.35546875
5062,3971.166015625
5063,7271.91259765625
5064,7919.35595703125
5065,5495.3671875
5066,5504.2998046875
5067,6342.81689453125
5068,6571.04638671875
5069,9920.02734375
5070,3851.30126953125
5071,3851.30126953125
5072,4547.65185546875
5073,5558.39501953125
5074,4135.1826171875
5075,7322.66796875
5076,5453.23828125
5077,4346.052734375
5078,3851.30126953125
5079,5540.1220703125
5080,7005.0244140625
5081,3851.30126953125
5082,5732.3056640625
5083,3851.30126953125
5084,5792.4794921875
5085,4994.62109375
5086,4142.2470703125
5087,5247.3076171875
5088,4035.270751953125
5089,4309.322265625
5090,5801.32080078125
5091,4490.98828125
5092,6996.6396484375
5093,5547.41552734375
5094,7899.6962890625
5095,5271.39306640625
5096,3851.30126953125
5097,7559.34814453125
5098,3851.30126953125
5099,8016.80810546875
5100,4171.224609375
5101,4391.0205078125
5102,5905.923828125
5103,4121.82470703125
5104,3984.4345703125
5105,6128.6552734375
5106,3851.30126953125
5107,3851.30126953125
5108,5966.84375
5109,5441.6279296875
5110,7959.06884765625
5111,4964.6806640625
5112,4953.2060546875
5113,3851.30126953125
5114,5179.05908203125
5115,3851.30126953125
5116,8782.197265625
5117,6421.14111328125
5118,9793.9091796875
5119,3851.30126953125
5120,4566.326171875
5121,7401.8134765625
5122,7321.80419921875
5123,3851.30126953125
5124,8151.5166015625
5125,4474.50048828125
5126,4558.5732421875
5127,4234.767578125
5128,4227.3486328125
5129,3851.30126953125
5130,4593.54248046875
5131,3851.30126953125
5132,3851.30126953125
5133,6797.02734375
5134,5017.9306640625
5135,19497.73046875
5136,5588.478515625
5137,3928.015380859375
5138,6292.81298828125
5139,7412.595703125
5140,5394.4228515625
5141,5958.41357421875
5142,5035.0615234375
5143,6295.9736328125
5144,6265.38232421875
5145,4085.0625
5146,4807.927734375
5147,5777.3193359375
5148,6562.49755859375
5149,5564.521484375
5150,6338.24169921875
5151,4976.986328125
5152,3851.30126953125
5153,4404.3662109375
5154,7740.9521484375
5155,8803.5927734375
5156,7202.36962890625
5157,5539.77197265625
5158,4330.97998046875
5159,4563.71826171875
5160,3851.30126953125
5161,6511.615234375
5162,8461.25390625
5163,7759.57373046875
5164,4409.5205078125
5165,4339.537109375
5166,4139.6279296875
5167,4584.1708984375
5168,7802.49755859375
5169,5115.01123046875
5170,4191.451171875
5171,4241.6416015625
5172,5959.9423828125
5173,3851.30126953125
5174,5802.04736328125
5175,3851.30126953125
5176,6214.97216796875
5177,6014.51171875
5178,4320.8193359375
5179,5875.2685546875
5180,5761.5693359375
5181,3948.446044921875
5182,5435.10107421875
5183,6260.6142578125
5184,8373.330078125
5185,5006.7421875
5186,6451.978515625
5187,6688.61376953125
5188,7470.203125
5189,5770.79833984375
5190,7368.3173828125
5191,3851.30126953125
5192,4008.995849609375
5193,5163.49560546875
5194,5712.7119140625
5195,7738.76171875
5196,6608.037109375
5197,4607.20458984375
5198,6327.072265625
5199,5801.41650390625
5200,7663.79248046875
5201,3851.30126953125
5202,9887.736328125
5203,4028.69775390625
5204,5083.2275390625
5205,7172.01318359375
5206,4061.81884765625
5207,4712.7919921875
5208,5315.3310546875
5209,5713.296875
5210,4591.6181640625
5211,4438.4599609375
5212,6783.22119140625
5213,6596.078125
5214,5822.53564453125
5215,3851.30126953125
5216,6214.45751953125
5217,8778.005859375
5218,5205.71826171875
5219,4180.88525390625
5220,5690.12548828125
5221,5020.9609375
5222,6121.0986328125
5223,6698.22314453125
5224,3851.30126953125
5225,6461.6005859375
5226,4757.1748046875
5227,6188.94287109375
5228,7766.76416015625
5229,3926.793212890625
5230,5257.20556640625
5231,4513.87109375
5232,6022.82373046875
5233,7284.849609375
5234,4175.7890625
5235,4450.93115234375
5236,5403.05126953125
5237,5354.6845703125
5238,4768.2333984375
5239,6878.181640625
5240,5341.5439453125
5241,5770.54833984375
5242,4671.10302734375
5243,4157.92578125
5244,5439.08056640625
5245,6529.5224609375
5246,6796.53564453125
5247,6481.4052734375
5248,7053.96630859375
5249,4209.654296875
5250,7225.083984375
5251,4339.896484375
5252,5653.22802734375
5253,7124.51025390625
5254,5541.57861328125
5255,7752.7060546875
5256,7151.400390625
5257,6397.77197265625
5258,5068.62353515625
5259,6427.5859375
5260,6595.193359375
5261,4836.265625
5262,3851.30126953125
5263,4131.71630859375
5264,6243.0126953125
5265,5401.0078125
5266,4329.59765625
5267,7188.74365234375
5268,5481.435546875
5269,5123.83203125
5270,4830.568359375
5271,4474.54638671875
5272,5792.267578125
5273,5957.73193359375
5274,5342.08544921875
5275,4660.8798828125
5276,4314.90625
5277,5362.55322265625
5278,3851.30126953125
5279,5480.02734375
5280,4121.009765625
5281,6968.94580078125
5282,6230.177734375
5283,5525.2060546875
5284,8159.30078125
5285,4189.267578125
5286,4698.5712890625
5287,8237.365234375
5288,5332.3095703125
5289,6457.572265625
5290,6135.44921875
5291,4642.10546875
5292,5541.1884765625
5293,4690.27490234375
5294,5948.74755859375
5295,8858.6064453125
5296,5707.2490234375
5297,3851.30126953125
5298,3987.35302734375
5299,7392.3544921875
5300,7585.17529296875
5301,4735.72900390625
5302,5850.6767578125
5303,3951.31494140625
5304,4070.427978515625
5305,3851.30126953125
5306,4349.8388671875
5307,5304.5625
5308,5862.9609375
5309,5606.333984375
5310,4846.9248046875
5311,6888.880859375
5312,7684.3251953125
5313,6005.044921875
5314,4194.20654296875
5315,7955.736328125
5316,8022.90234375
5317,5025.99462890625
5318,6329.27099609375
5319,4366.9130859375
5320,5467.572265625
5321,3851.30126953125
5322,5748.87158203125
5323,4142.07470703125
5324,7450.71533203125
5325,6006.93212890625
5326,6090.39794921875
5327,6661.587890625
5328,4982.03515625
5329,6913.63232421875
5330,14901.6337890625
5331,8043.89013671875
5332,4281.806640625
5333,3851.30126953125
5334,5119.806640625
5335,7134.29345703125
5336,5225.6748046875
5337,10507.802734375
5338,16888.97265625
5339,3953.46728515625
5340,4537.28271484375
5341,7947.00390625
5342,4351.18359375
5343,7399.3408203125
5344,5011.720703125
5345,5952.564453125
5346,0.0
5347,5961.7021484375
5348,5349.90771484375
5349,6148.1611328125
5350,7859.275390625
5351,5712.7744140625
5352,5011.80615234375
5353,5623.11767578125
5354,4242.20703125
5355,4535.6513671875
5356,6518.76123046875
5357,4464.98095703125
5358,5069.5419921875
5359,6170.7548828125
5360,4971.9072265625
5361,4424.66650390625
5362,5746.2978515625
5363,6123.46875
5364,6731.57861328125
5365,6955.04931640625
5366,5935.03564453125
5367,4922.71484375
5368,3851.30126953125
5369,5321.99072265625
5370,5897.7529296875
5371,4672.3076171875
5372,3851.30126953125
5373,7171.8603515625
5374,5923.6669921875
5375,7536.8017578125
5376,5228.361328125
5377,4451.7548828125
5378,4667.126953125
5379,4265.8134765625
5380,8216.650390625
5381,4445.9990234375
5382,6389.95947265625
5383,11734.54296875
5384,7094.294921875
5385,5085.21826171875
5386,4125.462890625
5387,3851.30126953125
5388,5812.505859375
5389,3901.60888671875
5390,5061.822265625
5391,7979.39306640625
5392,5015.2265625
5393,11861.5166015625
5394,10735.6240234375
5395,4230.5869140625
5396,5923.8623046875
5397,4418.1796875
5398,6037.486328125
5399,4501.8916015625
5400,9220.013671875
5401,6143.75048828125
5402,6885.52783203125
5403,3851.30126953125
5404,5931.21484375
5405,4138.47265625
5406,7077.76953125
5407,5692.8466796875
5408,5141.05859375
5409,5865.947265625
5410,5592.501953125
5411,6854.88623046875
5412,7759.88720703125
5413,5009.2119140625
5414,8506.798828125
5415,5762.8916015625
5416,7454.44287109375
5417,4520.4755859375
5418,4146.85498046875
5419,4091.013671875
5420,8304.8486328125
5421,5650.154296875
5422,6035.37158203125
5423,5273.32421875
5424,7132.8544921875
5425,3982.252685546875
5426,6805.728515625
5427,5237.701171875
5428,3851.30126953125
5429,10465.044921875
5430,13085.623046875
5431,6029.8916015625
5432,6588.224609375
5433,7005.166015625
5434,8045.3564453125
5435,8721.9140625
5436,5348.61279296875
5437,5818.57275390625
5438,4851.62841796875
5439,7205.88671875
5440,3851.30126953125
5441,4470.615234375
5442,4581.396484375
5443,5277.35888671875
5444,6382.24755859375
5445,4277.583984375
5446,3852.75048828125
5447,5621.88623046875
5448,3851.30126953125
5449,3965.9375
5450,4645.95703125
5451,5057.66943359375
5452,7058.9140625
5453,7570.3359375
5454,5632.771484375
5455,5488.9375
5456,5316.10546875
5457,8837.3623046875
5458,5939.70361328125
5459,4550.97607421875
5460,3870.9365234375
5461,8015.623046875
5462,4066.268310546875
5463,6011.20703125
5464,3851.30126953125
5465,4227.533203125
5466,5725.3359375
5467,4936.66796875
5468,4685.1630859375
5469,7273.4443359375
5470,7751.86669921875
5471,8888.587890625
5472,5290.2333984375
5473,7850.095703125
5474,3851.30126953125
5475,4465.5146484375
5476,5388.5576171875
5477,3851.30126953125
5478,7631.33203125
5479,4429.470703125
5480,4460.8671875
5481,6728.62939453125
5482,8769.814453125
5483,7397.94287109375
5484,4801.017578125
5485,4437.75
5486,8687.8798828125
5487,6600.5224609375
5488,4698.6298828125
5489,4393.9345703125
5490,6479.43798828125
5491,7310.23583984375
5492,4217.517578125
5493,5185.59130859375
5494,6671.2978515625
5495,6598.73193359375
5496,10198.3759765625
5497,5762.41455078125
5498,9930.201171875
5499,5723.50341796875
5500,4462.5771484375
5501,3851.30126953125
5502,5230.26904296875
5503,5174.115234375
5504,4499.74609375
5505,6936.544921875
5506,4095.0546875
5507,4052.923095703125
5508,6078.93017578125
5509,3851.30126953125
5510,6816.5224609375
5511,5873.4287109375
5512,6145.97802734375
5513,6923.716796875
5514,4390.0458984375
5515,7890.47900390625
5516,5844.4677734375
5517,4229.212890625
5518,4754.859375
5519,4317.6796875
5520,8286.1171875
5521,5311.99853515625
5522,4120.56884765625
5523,6620.873046875
5524,6927.40673828125
5525,5916.171875
5526,5096.8525390625
5527,6631.56494140625
5528,4992.7626953125
5529,5377.56494140625
5530,4750.044921875
5531,7598.6171875
5532,4192.4091796875
5533,5076.7646484375
5534,4458.4345703125
5535,4624.70166015625
5536,4180.6083984375
5537,4546.9130859375
5538,7299.68310546875
5539,7399.04638671875
5540,9137.8330078125
5541,9010.501953125
5542,6698.17724609375
5543,6307.80322265625
5544,4204.34765625
5545,8491.0087890625
5546,8032.7587890625
5547,6156.79541015625
5548,6626.8984375
5549,6575.4326171875
5550,4669.1826171875
5551,3851.30126953125
5552,9388.798828125
5553,4542.89404296875
5554,5252.294921875
5555,4885.3125
5556,3851.30126953125
5557,8570.232421875
5558,4923.5166015625
5559,4060.611083984375
5560,3949.05126953125
5561,5036.50390625
5562,5025.96240234375
5563,6050.58251953125
5564,5978.65625
5565,3928.518310546875
5566,4171.4990234375
5567,3851.30126953125
5568,3851.30126953125
5569,5957.35009765625
5570,15258.947265625
5571,4624.14990234375
5572,4859.6083984375
5573,5296.2412109375
5574,4223.021484375
5575,4384.9345703125
5576,4656.87890625
5577,4158.6396484375
5578,6184.3857421875
5579,5918.72509765625
5580,3851.30126953125
5581,7283.88134765625
5582,4045.390625
5583,4355.92822265625
5584,8290.537109375
5585,7064.32373046875
5586,7758.53369140625
5587,4743.63720703125
5588,5711.462890625
5589,4131.05810546875
5590,4344.00927734375
5591,11398.2451171875
5592,7976.30322265625
5593,5533.998046875
5594,3851.30126953125
5595,4227.3984375
5596,4972.4619140625
5597,4071.986572265625
5598,7834.9794921875
5599,4309.80859375
5600,4850.5654296875
5601,6130.20166015625
5602,4253.0244140625
5603,5295.033203125
5604,5840.642578125
5605,6767.2587890625
5606,6320.3154296875
5607,3996.159912109375
5608,4866.2734375
5609,5657.16259765625
5610,7496.96923828125
5611,7205.7197265625
5612,6007.2734375
5613,4020.364990234375
5614,6503.6044921875
5615,4402.6123046875
5616,3851.30126953125
5617,5790.205078125
5618,5842.5068359375
5619,5186.56884765625
5620,5109.1865234375
5621,5112.3076171875
5622,5857.0615234375
5623,4510.30859375
5624,6299.75146484375
5625,6105.1962890625
5626,5082.853515625
5627,7257.39453125
5628,5120.4580078125
5629,3903.508056640625
5630,8976.947265625
5631,4737.52392578125
5632,3851.30126953125
5633,6248.95703125
5634,7626.896484375
5635,8766.19140625
5636,4059.661376953125
5637,5205.7587890625
5638,5299.31005859375
5639,6405.6845703125
5640,4719.6201171875
5641,6648.5810546875
5642,3851.30126953125
5643,4655.958984375
5644,4679.833984375
5645,4375.84375
5646,4045.73486328125
5647,5596.2314453125
5648,6268.994140625
5649,4740.787109375
5650,6423.7060546875
5651,6071.65771484375
5652,7054.02001953125
5653,3851.30126953125
5654,5434.013671875
5655,5413.6005859375
5656,6619.86083984375
5657,7133.103515625
5658,3851.30126953125
5659,7379.673828125
5660,6449.63037109375
5661,6245.28271484375
5662,4307.04150390625
5663,3851.30126953125
5664,6754.935546875
5665,5249.193359375
5666,6639.6640625
5667,6192.03857421875
5668,4539.26708984375
5669,6534.8974609375
5670,5091.3095703125
5671,5062.1826171875
5672,6848.1630859375
5673,4420.3955078125
5674,6654.83056640625
5675,8365.5029296875
5676,6778.7958984375
5677,4121.2705078125
5678,4240.65869140625
5679,4065.83642578125
5680,3851.30126953125
5681,6571.88427734375
5682,4427.8681640625
5683,6963.85009765625
5684,3862.20263671875
5685,5760.4404296875
5686,5487.8203125
5687,8168.62646484375
5688,4125.69970703125
5689,5216.146484375
5690,4435.07958984375
5691,6251.12060546875
5692,4917.32568359375
5693,6010.5888671875
5694,6825.23291015625
5695,7776.00830078125
5696,5927.56787109375
5697,5714.1591796875
5698,4949.798828125
5699,3985.804443359375
5700,4543.3740234375
5701,8863.2890625
5702,7513.24267578125
5703,6742.80029296875
5704,13131.31640625
5705,5087.24462890625
5706,4340.59765625
5707,4981.38720703125
5708,6582.04248046875
5709,7972.234375
5710,5742.29931640625
5711,6435.1337890625
5712,6625.70166015625
5713,6311.6015625
5714,4920.26806640625
5715,4652.54052734375
5716,4334.73046875
5717,4311.57080078125
5718,3851.30126953125
5719,4606.109375
5720,6647.47119140625
5721,13592.8349609375
5722,6029.32470703125
5723,4628.8408203125
5724,5731.30224609375
5725,4122.623046875
5726,5727.38330078125
5727,3851.30126953125
5728,7228.724609375
5729,5171.22412109375
5730,5577.68994140625
5731,10405.8203125
5732,11126.4189453125
5733,4701.54150390625
5734,5437.73974609375
5735,3851.30126953125
5736,4822.1953125
5737,4507.9541015625
5738,7201.841796875
5739,4080.50048828125
5740,3851.30126953125
5741,4752.2255859375
5742,4674.89306640625
5743,6223.76318359375
5744,5374.9990234375
5745,3851.30126953125
5746,6522.74658203125
5747,6841.787109375
5748,5839.72265625
5749,3851.30126953125
5750,3863.67431640625
5751,5626.484375
5752,3884.308349609375
5753,7982.826171875
5754,4304.46484375
5755,4404.75537109375
5756,5703.439453125
5757,4702.6279296875
5758,4094.80712890625
5759,4789.6552734375
5760,5210.57470703125
5761,7649.52734375
5762,7508.447265625
5763,4807.23193359375
5764,3851.30126953125
5765,4673.64599609375
5766,6240.7265625
5767,4461.6416015625
5768,4583.8076171875
5769,5263.8330078125
5770,9600.37890625
5771,6232.03466796875
5772,5246.099609375
5773,5887.32763671875
5774,3935.105224609375
5775,7937.279296875
5776,4795.8935546875
5777,9675.140625
5778,5429.29052734375
5779,4492.232421875
5780,4505.1943359375
5781,3851.30126953125
5782,6123.6669921875
5783,15480.515625
5784,3851.30126953125
5785,4425.99462890625
5786,7806.8916015625
5787,5795.65234375
5788,5664.251953125
5789,6764.5869140625
5790,5110.12841796875
5791,4596.08447265625
5792,4091.388427734375
5793,8121.51611328125
5794,5126.3154296875
5795,5835.552734375
5796,6145.9453125
5797,3851.30126953125
5798,6180.77294921875
5799,5247.6083984375
5800,3851.30126953125
5801,7000.58154296875
5802,7506.7421875
5803,3956.439453125
5804,6413.56005859375
5805,5845.404296875
5806,4517.26611328125
5807,7673.99951171875
5808,5855.8369140625
5809,7012.3017578125
5810,4111.3603515625
5811,3902.542724609375
5812,5381.3291015625
5813,3851.30126953125
5814,6786.52783203125
5815,3851.30126953125
5816,5428.5205078125
5817,4369.13818359375
5818,4371.61474609375
5819,4698.5498046875
5820,5681.1826171875
5821,5616.37353515625
5822,7072.60400390625
5823,5133.04150390625
5824,6232.25
5825,5187.66064453125
5826,6779.36328125
5827,7627.4638671875
5828,6019.77978515625
5829,3851.30126953125
5830,4857.953125
5831,6265.41162109375
5832,4181.03564453125
5833,9442.12890625
5834,4706.33984375
5835,6370.63134765625
5836,8576.021484375
5837,5295.97998046875
5838,4005.885986328125
5839,8189.07470703125
5840,8308.0458984375
5841,5432.990234375
5842,6999.38134765625
5843,7768.44580078125
5844,5458.89208984375
5845,4307.48046875
5846,5271.431640625
5847,4743.900390625
5848,4840.32080078125
5849,5990.04052734375
5850,4088.81787109375
5851,5641.1240234375
5852,5594.80859375
5853,5932.52783203125
5854,6220.28759765625
5855,5013.6005859375
5856,5854.17138671875
5857,4003.868408203125
5858,6160.7880859375
5859,5519.505859375
5860,5155.00341796875
5861,6131.93505859375
5862,6062.9130859375
5863,7458.115234375
5864,4399.52099609375
5865,4243.8876953125
5866,5480.83154296875
5867,6024.1474609375
5868,6159.76416015625
5869,4223.85400390625
5870,3851.30126953125
5871,6793.10009765625
5872,6490.75146484375
5873,4643.02197265625
5874,6594.81494140625
5875,5977.1201171875
5876,5775.22119140625
5877,3994.367919921875
5878,3851.30126953125
5879,5462.94970703125
5880,5206.7431640625
5881,4995.548828125
5882,7674.3291015625
5883,6398.63623046875
5884,4455.2255859375
5885,6855.373046875
5886,3851.30126953125
5887,3851.30126953125
5888,4796.4990234375
5889,8942.7333984375
5890,6728.49560546875
5891,5477.66845703125
5892,3856.169677734375
5893,5707.61328125
5894,7696.74072265625
5895,4765.8291015625
5896,7167.4169921875
5897,4836.9619140625
5898,4361.11865234375
5899,4605.34326171875
5900,4539.263671875
5901,4545.591796875
5902,4251.4208984375
5903,4006.451904296875
5904,3903.411865234375
5905,6392.12744140625
5906,5804.81298828125
5907,4186.015625
5908,5346.38818359375
5909,5537.765625
5910,4453.4365234375
5911,4227.8701171875
5912,7824.96337890625
5913,6072.5205078125
5914,5328.9716796875
5915,3851.30126953125
5916,9258.185546875
5917,5565.2685546875
5918,4163.9619140625
5919,7309.1943359375
5920,6825.88916015625
5921,6071.28076171875
5922,5083.41162109375
5923,6803.02490234375
5924,7028.595703125
5925,10456.8681640625
5926,4180.37548828125
5927,3851.30126953125
5928,4303.3759765625
5929,5605.80322265625
5930,4705.083984375
5931,6302.16015625
5932,7030.06689453125
5933,4846.87109375
5934,3851.30126953125
5935,4996.99951171875
5936,7588.2041015625
5937,4492.455078125
5938,5694.2421875
5939,3851.30126953125
5940,6007.22021484375
5941,5945.49853515625
5942,5931.986328125
5943,6835.61376953125
5944,5603.04052734375
5945,3851.30126953125
5946,5312.4423828125
5947,5478.666015625
5948,6626.9287109375
5949,6043.33642578125
5950,6654.318359375
5951,5242.3798828125
5952,4045.36572265625
5953,7594.95361328125
5954,3851.30126953125
5955,8493.234375
5956,5041.0224609375
5957,4003.42626953125
5958,5528.85302734375
5959,5034.4033203125
5960,5927.79541015625
5961,6732.498046875
5962,3851.30126953125
5963,3991.93359375
5964,5499.8828125
5965,7148.650390625
5966,8425.9521484375
5967,4669.341796875
5968,5141.587890625
5969,5542.58544921875
5970,5044.90185546875
5971,4295.6865234375
5972,8145.720703125
5973,6942.7099609375
5974,10090.76953125
5975,3851.30126953125
5976,4902.9365234375
5977,8706.822265625
5978,7405.64794921875
5979,4412.5810546875
5980,8180.34619140625
5981,5717.47314453125
5982,4598.97265625
5983,4015.5107421875
5984,3851.30126953125
5985,4500.00634765625
5986,5239.08642578125
5987,4075.176513671875
5988,4082.174072265625
5989,7520.865234375
5990,5963.52490234375
5991,18173.212890625
5992,5236.25732421875
5993,3851.30126953125
5994,5506.9921875
5995,6874.62353515625
5996,5055.4814453125
5997,5431.8916015625
5998,4521.9599609375
5999,5884.36279296875
6000,5706.84619140625
6001,3851.30126953125
6002,4209.01953125
6003,5155.93359375
6004,6384.818359375
6005,5177.49072265625
6006,5930.1103515625
6007,4514.40625
6008,3851.30126953125
6009,3851.30126953125
6010,7065.98095703125
6011,8307.283203125
6012,6377.48046875
6013,4955.22216796875
6014,4011.166748046875
6015,3851.30126953125
6016,3851.30126953125
6017,6159.7490234375
6018,7620.8837890625
6019,7524.39453125
6020,3876.355224609375
6021,3851.30126953125
6022,3851.30126953125
6023,4352.1513671875
6024,7725.1259765625
6025,4213.8525390625
6026,3851.30126953125
6027,3959.12109375
6028,5493.298828125
6029,3851.30126953125
6030,5300.4658203125
6031,3851.30126953125
6032,5876.626953125
6033,5618.81005859375
6034,4168.96337890625
6035,5096.150390625
6036,5472.1787109375
6037,3851.30126953125
6038,4968.50439453125
6039,5717.20703125
6040,7561.18505859375
6041,4576.4267578125
6042,6351.06591796875
6043,6278.169921875
6044,6693.705078125
6045,5290.1328125
6046,6819.99365234375
6047,3899.240234375
6048,3851.30126953125
6049,4846.748046875
6050,5019.26171875
6051,7345.14794921875
6052,5847.748046875
6053,4455.115234375
6054,5409.83203125
6055,5676.8984375
6056,6902.1982421875
6057,3851.30126953125
6058,9412.7314453125
6059,3851.30126953125
6060,4685.7587890625
6061,6470.37451171875
6062,3851.30126953125
6063,3969.755615234375
6064,4848.779296875
6065,5001.87548828125
6066,4106.8134765625
6067,4112.978515625
6068,6250.9345703125
6069,6041.67333984375
6070,5231.25537109375
6071,3851.30126953125
6072,5766.419921875
6073,8044.4384765625
6074,4651.3369140625
6075,4023.978271484375
6076,4940.1083984375
6077,4527.689453125
6078,5706.931640625
6079,5917.521484375
6080,3851.30126953125
6081,6038.00537109375
6082,4405.45751953125
6083,5517.20947265625
6084,7599.5556640625
6085,3851.30126953125
6086,4428.28662109375
6087,4115.802734375
6088,5538.4287109375
6089,6718.2763671875
6090,3851.30126953125
6091,3851.30126953125
6092,4953.1904296875
6093,4474.76513671875
6094,4482.203125
6095,6441.8447265625
6096,4956.912109375
6097,5310.001953125
6098,4269.3212890625
6099,3851.30126953125
6100,4720.9228515625
6101,6305.76123046875
6102,6444.20263671875
6103,5602.88330078125
6104,6353.1962890625
6105,3851.30126953125
6106,6816.01171875
6107,4077.421875
6108,5097.53173828125
6109,6778.1513671875
6110,4951.7724609375
6111,7530.10107421875
6112,6312.490234375
6113,5890.244140625
6114,4565.36328125
6115,5811.216796875
6116,5806.09326171875
6117,4672.36328125
6118,3851.30126953125
6119,3868.88720703125
6120,6006.55322265625
6121,4423.3427734375
6122,3851.30126953125
6123,6640.5283203125
6124,5239.26171875
6125,4762.083984375
6126,4155.5986328125
6127,4205.37060546875
6128,5554.158203125
6129,5390.60009765625
6130,5091.69189453125
6131,3960.458984375
6132,4131.3330078125
6133,4905.140625
6134,3851.30126953125
6135,5155.46484375
6136,3851.30126953125
6137,6141.7265625
6138,5768.275390625
6139,5079.7265625
6140,7231.0400390625
6141,4245.04296875
6142,4164.759765625
6143,7982.0390625
6144,4630.3525390625
6145,5936.376953125
6146,5812.8369140625
6147,3851.30126953125
6148,4993.744140625
6149,4202.125
6150,5559.908203125
6151,8360.201171875
6152,5503.18603515625
6153,3851.30126953125
6154,4024.103271484375
6155,6470.78369140625
6156,6598.09375
6157,4338.54736328125
6158,4968.3427734375
6159,3851.30126953125
6160,3962.431396484375
6161,3851.30126953125
6162,3851.30126953125
6163,4481.6787109375
6164,5234.36376953125
6165,5068.041015625
6166,4336.0830078125
6167,6225.20947265625
6168,6927.49609375
6169,5217.70068359375
6170,3851.30126953125
6171,7360.33984375
6172,7298.17333984375
6173,4351.8544921875
6174,5831.07861328125
6175,3851.30126953125
6176,5024.98291015625
6177,3851.30126953125
6178,5518.33544921875
6179,3851.30126953125
6180,7201.271484375
6181,5053.0107421875
6182,5430.349609375
6183,6196.11376953125
6184,4516.490234375
6185,6043.76123046875
6186,14681.2734375
6187,7236.548828125
6188,4138.69873046875
6189,3851.30126953125
6190,4582.916015625
6191,6465.40771484375
6192,4894.4482421875
6193,10170.34765625
6194,16443.51171875
6195,3851.30126953125
6196,4214.50927734375
6197,7185.44580078125
6198,3926.819091796875
6199,7125.87744140625
6200,4360.09228515625
6201,5353.74951171875
6202,3971.49169921875
6203,5304.17138671875
6204,4831.5986328125
6205,5823.8017578125
6206,7082.0263671875
6207,5119.89111328125
6208,4434.81689453125
6209,5321.30322265625
6210,3851.30126953125
6211,4061.564208984375
6212,6106.5
6213,4069.376708984375
6214,4341.5107421875
6215,5374.60595703125
6216,4487.654296875
6217,4341.8154296875
6218,5439.9990234375
6219,5791.853515625
6220,5876.8349609375
6221,6451.35107421875
6222,5397.330078125
6223,4441.56298828125
6224,3851.30126953125
6225,4561.6982421875
6226,5235.8564453125
6227,4156.9970703125
6228,3851.30126953125
6229,6363.68701171875
6230,5340.640625
6231,6977.89599609375
6232,4822.5693359375
6233,3921.697509765625
6234,4168.9072265625
6235,3870.414306640625
6236,7120.8349609375
6237,3942.111083984375
6238,5741.00341796875
6239,11347.7099609375
6240,6351.71630859375
6241,4911.548828125
6242,3851.30126953125
6243,3851.30126953125
6244,5342.654296875
6245,3851.30126953125
6246,4809.15625
6247,7707.0693359375
6248,4416.1533203125
6249,11755.767578125
6250,10305.6103515625
6251,3921.656005859375
6252,5504.23193359375
6253,4023.103759765625
6254,5675.5166015625
6255,3856.186767578125
6256,8702.263671875
6257,5189.85546875
6258,6287.8349609375
6259,3851.30126953125
6260,5417.40478515625
6261,3851.30126953125
6262,6960.45751953125
6263,4696.763671875
6264,4265.740234375
6265,5083.84619140625
6266,5281.6484375
6267,6264.3515625
6268,7487.7470703125
6269,4527.93701171875
6270,7748.89892578125
6271,5348.0556640625
6272,7079.72802734375
6273,4093.79541015625
6274,3851.30126953125
6275,3851.30126953125
6276,7695.82421875
6277,4961.29931640625
6278,4979.1376953125
6279,4715.833984375
6280,6484.96630859375
6281,3896.749755859375
6282,6476.9169921875
6283,4953.96240234375
6284,3851.30126953125
6285,10017.58203125
6286,12469.7802734375
6287,5381.8154296875
6288,5959.9462890625
6289,6300.642578125
6290,7527.583984375
6291,8502.951171875
6292,4935.3544921875
6293,5759.6552734375
6294,4440.5
6295,6576.6787109375
6296,3851.30126953125
6297,4107.64013671875
6298,3925.834716796875
6299,4859.892578125
6300,5827.7529296875
6301,4243.7685546875
6302,3851.30126953125
6303,5122.14013671875
6304,3851.30126953125
6305,3851.30126953125
6306,4154.59130859375
6307,4456.6201171875
6308,6578.2470703125
6309,6858.50830078125
6310,5585.2685546875
6311,4799.45703125
6312,4696.962890625
6313,8304.28125
6314,5615.4072265625
6315,3954.141845703125
6316,3851.30126953125
6317,7258.486328125
6318,3851.30126953125
6319,5159.830078125
6320,3851.30126953125
6321,3851.30126953125
6322,5505.00244140625
6323,4595.01806640625
6324,4291.1953125
6325,6798.26318359375
6326,7223.033203125
6327,8412.1748046875
6328,5392.2890625
6329,7509.34716796875
6330,3851.30126953125
6331,4036.1904296875
6332,4488.85546875
6333,3851.30126953125
6334,6963.27783203125
6335,3974.2685546875
6336,4211.8896484375
6337,6274.06591796875
6338,8305.4716796875
6339,6779.72119140625
6340,4307.1396484375
6341,4014.6240234375
6342,8881.1328125
6343,6274.01025390625
6344,4364.28271484375
6345,4027.4033203125
6346,5748.88916015625
6347,6513.8203125
6348,3947.65966796875
6349,4753.0908203125
6350,5970.978515625
6351,6287.8583984375
6352,9846.8427734375
6353,5339.54833984375
6354,9401.330078125
6355,5124.453125
6356,3878.5029296875
6357,3851.30126953125
6358,4913.1533203125
6359,4710.63232421875
6360,3918.382568359375
6361,6462.88916015625
6362,3851.30126953125
6363,3851.30126953125
6364,5286.431640625
6365,3851.30126953125
6366,6370.22265625
6367,5263.19482421875
6368,5855.61474609375
6369,5985.04345703125
6370,3933.107666015625
6371,7284.76611328125
6372,5510.78271484375
6373,3981.0029296875
6374,4192.177734375
6375,4247.998046875
6376,7602.419921875
6377,4906.177734375
6378,3851.30126953125
6379,5614.646484375
6380,6511.271484375
6381,5126.8115234375
6382,4719.5498046875
6383,6098.67578125
6384,4389.595703125
6385,5176.1318359375
6386,4399.85009765625
6387,6714.00390625
6388,3851.30126953125
6389,4544.861328125
6390,3851.30126953125
6391,3975.021240234375
6392,3961.82666015625
6393,4044.437255859375
6394,6646.35546875
6395,7260.16943359375
6396,8518.455078125
6397,8494.087890625
6398,6055.771484375
6399,6170.162109375
6400,3871.20703125
6401,8101.111328125
6402,7560.8251953125
6403,5426.40234375
6404,6312.1826171875
6405,5735.2177734375
6406,4584.1083984375
6407,3851.30126953125
6408,8977.6337890625
6409,4273.31494140625
6410,4890.1318359375
6411,4714.1923828125
6412,3851.30126953125
6413,8182.71435546875
6414,4537.85986328125
6415,3851.30126953125
6416,3851.30126953125
6417,4340.75634765625
6418,4750.68408203125
6419,5528.75
6420,5388.45849609375
6421,3851.30126953125
6422,3851.30126953125
6423,3851.30126953125
6424,3851.30126953125
6425,4972.54150390625
6426,14999.259765625
6427,4031.72509765625
6428,4054.837158203125
6429,4857.1298828125
6430,3851.30126953125
6431,3851.30126953125
6432,3873.29931640625
6433,3851.30126953125
6434,5472.28369140625
6435,5302.7880859375
6436,3851.30126953125
6437,6883.69970703125
6438,4094.923583984375
6439,3941.94970703125
6440,7448.0087890625
6441,6487.853515625
6442,7284.8388671875
6443,4591.1376953125
6444,5282.5048828125
6445,3851.30126953125
6446,3920.730224609375
6447,10886.9599609375
6448,7433.3896484375
6449,5029.072265625
6450,3851.30126953125
6451,3851.30126953125
6452,4922.3017578125
6453,3851.30126953125
6454,7509.03955078125
6455,3851.30126953125
6456,4455.234375
6457,5666.98828125
6458,3851.30126953125
6459,4569.076171875
6460,5616.95166015625
6461,6207.51708984375
6462,5727.23779296875
6463,3851.30126953125
6464,4561.986328125
6465,5053.7685546875
6466,6705.646484375
6467,6796.47021484375
6468,5518.818359375
6469,3851.30126953125
6470,6041.24169921875
6471,4121.50390625
6472,3851.30126953125
6473,5305.30859375
6474,5369.1572265625
6475,4833.158203125
6476,4456.33984375
6477,4809.150390625
6478,5331.77197265625
6479,4014.73486328125
6480,5633.60986328125
6481,5502.2392578125
6482,4653.39794921875
6483,6861.1240234375
6484,4849.1591796875
6485,3851.30126953125
6486,8146.54052734375
6487,4435.04833984375
6488,3851.30126953125
6489,5744.533203125
6490,7038.2763671875
6491,8425.96484375
6492,3858.11865234375
6493,4640.45654296875
6494,4796.4111328125
6495,5959.0263671875
6496,4407.73046875
6497,5995.63623046875
6498,3851.30126953125
6499,3966.20849609375
6500,4018.90283203125
6501,3928.026123046875
6502,3851.30126953125
6503,4904.9384765625
6504,5484.51513671875
6505,4601.736328125
6506,5894.3232421875
6507,5720.5673828125
6508,6138.67578125
6509,3851.30126953125
6510,5044.21923828125
6511,4978.05810546875
6512,6029.2529296875
6513,6351.38330078125
6514,3851.30126953125
6515,7084.3857421875
6516,5764.47021484375
6517,5507.84375
6518,3851.30126953125
6519,3851.30126953125
6520,6303.0107421875
6521,4806.62109375
6522,5748.7724609375
6523,5615.19140625
6524,3926.240234375
6525,5687.75146484375
6526,4647.85693359375
6527,4361.6416015625
6528,6566.30126953125
6529,4046.417724609375
6530,6471.90966796875
6531,7345.08544921875
6532,6324.4697265625
6533,3851.30126953125
6534,3851.30126953125
6535,3912.53955078125
6536,3851.30126953125
6537,6000.4443359375
6538,3916.386474609375
6539,6397.283203125
6540,3851.30126953125
6541,5342.5
6542,5109.6630859375
6543,7608.53466796875
6544,3851.30126953125
6545,4685.716796875
6546,3851.43310546875
6547,5852.68310546875
6548,4608.9921875
6549,5435.85546875
6550,6205.869140625
6551,7467.37060546875
6552,5158.9384765625
6553,4980.77001953125
6554,4217.099609375
6555,3851.30126953125
6556,4030.43115234375
6557,8243.400390625
6558,7022.10107421875
6559,6766.97265625
6560,12655.6796875
6561,4533.0185546875
6562,3990.023681640625
6563,4502.259765625
6564,5989.51025390625
6565,7312.705078125
6566,4762.4033203125
6567,5832.087890625
6568,5929.03515625
6569,5910.03125
6570,4154.98388671875
6571,3955.284912109375
6572,3851.30126953125
6573,3851.30126953125
6574,3851.30126953125
6575,4407.10595703125
6576,6113.15576171875
6577,12887.576171875
6578,5652.8232421875
6579,4670.390625
6580,5098.8271484375
6581,3851.30126953125
6582,5299.24853515625
6583,3851.30126953125
6584,7226.869140625
6585,4728.15869140625
6586,5124.69091796875
6587,9729.3291015625
6588,10242.9228515625
6589,4457.62255859375
6590,5125.0498046875
6591,3851.30126953125
6592,4352.9228515625
6593,4187.5341796875
6594,6402.76220703125
6595,3851.30126953125
6596,3851.30126953125
6597,4481.916015625
6598,4186.1708984375
6599,5597.2509765625
6600,4744.03369140625
6601,3851.30126953125
6602,5882.26953125
6603,6427.77197265625
6604,5105.28173828125
6605,3851.30126953125
6606,3851.30126953125
6607,5229.64013671875
6608,3851.30126953125
6609,7545.86474609375
6610,3851.30126953125
6611,3873.58935546875
6612,5118.99658203125
6613,3851.30126953125
6614,3891.795166015625
6615,4333.380859375
6616,4824.9658203125
6617,7218.2734375
6618,7095.8623046875
6619,4288.1044921875
6620,3851.30126953125
6621,4589.3037109375
6622,5812.5341796875
6623,4081.265869140625
6624,3982.265380859375
6625,4766.9111328125
6626,9273.23046875
6627,5848.75244140625
6628,4620.0732421875
6629,5449.5361328125
6630,3851.30126953125
6631,7222.3642578125
6632,4082.1787109375
6633,9416.0546875
6634,4415.732421875
6635,3902.256103515625
6636,3925.013671875
6637,3851.30126953125
6638,5580.40576171875
6639,14668.044921875
6640,3851.30126953125
6641,3851.30126953125
6642,7056.3935546875
6643,5187.35498046875
6644,5555.982421875
6645,6053.31787109375
6646,4602.08984375
6647,4219.4248046875
6648,3851.30126953125
6649,7776.43017578125
6650,4769.00732421875
6651,5187.75341796875
6652,5288.55322265625
6653,3851.30126953125
6654,5769.73583984375
6655,4732.23046875
6656,3851.30126953125
6657,6705.91845703125
6658,7097.5009765625
6659,3851.982177734375
6660,5683.052734375
6661,5090.51513671875
6662,4276.0068359375
6663,6598.70654296875
6664,5003.947265625
6665,6760.57666015625
6666,3851.30126953125
6667,3851.30126953125
6668,5093.5009765625
6669,3851.30126953125
6670,6496.26513671875
6671,3851.30126953125
6672,5045.53515625
6673,4323.33349609375
6674,4300.69677734375
6675,4231.2177734375
6676,5350.05078125
6677,4775.59423828125
6678,5949.69775390625
6679,4734.1142578125
6680,5626.037109375
6681,5094.099609375
6682,6146.30322265625
6683,7393.2138671875
6684,5483.2587890625
6685,3851.30126953125
6686,4478.42333984375
6687,5895.177734375
6688,3959.891357421875
6689,8910.451171875
6690,4430.2041015625
6691,5894.59033203125
6692,7771.16162109375
6693,4846.611328125
6694,3851.30126953125
6695,7987.84228515625
6696,7580.9453125
6697,4926.8369140625
6698,6314.1865234375
6699,7206.98681640625
6700,5090.9296875
6701,3907.909423828125
6702,5012.6533203125
6703,4676.734375
6704,4398.66259765625
6705,5247.0302734375
6706,3863.826416015625
6707,5158.0888671875
6708,4976.021484375
6709,5409.97265625
6710,5492.990234375
6711,4606.517578125
6712,5414.181640625
6713,3851.30126953125
6714,5609.9697265625
6715,5197.2080078125
6716,4667.9833984375
6717,5496.25732421875
6718,5083.26220703125
6719,6917.48876953125
6720,3851.30126953125
6721,4004.23291015625
6722,4725.65185546875
6723,5111.0595703125
6724,5439.21533203125
6725,3952.120849609375
6726,3851.30126953125
6727,6796.15234375
6728,6271.08837890625
6729,4547.76171875
6730,5670.6171875
6731,5460.75830078125
6732,5285.962890625
6733,3851.30126953125
6734,3851.30126953125
6735,4968.400390625
6736,4507.7509765625
6737,4471.3837890625
6738,7191.90185546875
6739,5949.3271484375
6740,4034.751220703125
6741,6479.90380859375
6742,3851.30126953125
6743,3851.30126953125
6744,4057.996337890625
6745,8914.1376953125
6746,6199.27490234375
6747,4863.69921875
6748,3851.30126953125
6749,5333.1279296875
6750,7184.20556640625
6751,3904.76708984375
6752,6747.22314453125
6753,4382.40283203125
6754,3969.052978515625
6755,4607.498046875
6756,4131.720703125
6757,4284.74755859375
6758,3888.2255859375
6759,3851.30126953125
6760,3851.30126953125
6761,6175.14794921875
6762,5417.80126953125
6763,3962.286865234375
6764,4995.48974609375
6765,4669.22265625
6766,4015.015869140625
6767,3851.30126953125
6768,6766.8974609375
6769,5602.35546875
6770,4889.4208984375
6771,3851.30126953125
6772,8558.1806640625
6773,4819.712890625
6774,3851.30126953125
6775,6910.3544921875
6776,6518.515625
6777,5582.25634765625
6778,4510.99755859375
6779,6129.72607421875
6780,6111.1328125
6781,10129.4501953125
6782,3851.30126953125
6783,3851.30126953125
6784,3851.30126953125
6785,4938.2744140625
6786,4197.93359375
6787,5626.23828125
6788,6537.11474609375
6789,4401.5634765625
6790,3851.30126953125
6791,4626.7294921875
6792,7453.9970703125
6793,3994.0703125
6794,4808.85205078125
6795,3851.30126953125
6796,5200.2685546875
6797,5659.94384765625
6798,5786.0107421875
6799,6509.314453125
6800,4969.0771484375
6801,3851.30126953125
6802,4853.41015625
6803,5062.66943359375
6804,5935.7919921875
6805,5626.83251953125
6806,5989.02490234375
6807,4564.6796875
6808,3851.30126953125
6809,7189.33935546875
6810,3851.30126953125
6811,8138.716796875
6812,4437.115234375
6813,3851.30126953125
6814,4933.78173828125
6815,4454.4833984375
6816,5612.86279296875
6817,6275.9755859375
6818,3851.30126953125
6819,3851.30126953125
6820,4952.56884765625
6821,6303.8212890625
6822,7952.5322265625
6823,4131.90869140625
6824,4753.701171875
6825,5122.68212890625
6826,4304.14599609375
6827,3930.74755859375
6828,7245.666015625
6829,6300.3447265625
6830,9580.0703125
6831,3851.30126953125
6832,4593.90771484375
6833,8270.8271484375
6834,6923.083984375
6835,3960.1376953125
6836,7733.55615234375
6837,5460.3681640625
6838,4022.07666015625
6839,3851.30126953125
6840,3851.30126953125
6841,3958.88134765625
6842,5049.8623046875
6843,3851.30126953125
6844,3863.322265625
6845,6840.55712890625
6846,5582.65576171875
6847,17474.140625
6848,4622.353515625
6849,3851.30126953125
6850,5337.234375
6851,6945.099609375
6852,4895.57470703125
6853,5331.9443359375
6854,4541.94140625
6855,5923.8017578125
6856,5716.81640625
6857,3851.30126953125
6858,4184.3896484375
6859,5070.9775390625
6860,6101.42578125
6861,5203.05126953125
6862,5624.173828125
6863,4253.55859375
6864,3851.30126953125
6865,3851.30126953125
6866,7088.265625
6867,8288.0546875
6868,6353.611328125
6869,5047.2705078125
6870,4160.65771484375
6871,3851.30126953125
6872,3851.30126953125
6873,6230.55029296875
6874,7245.76220703125
6875,7186.65576171875
6876,3859.683349609375
6877,3851.30126953125
6878,3851.30126953125
6879,4022.259765625
6880,7626.4609375
6881,4202.8818359375
6882,3851.30126953125
6883,3851.30126953125
6884,5498.60888671875
6885,3851.30126953125
6886,5039.19140625
6887,3851.30126953125
6888,5569.64013671875
6889,5329.412109375
6890,4276.990234375
6891,5079.44287109375
6892,5231.8876953125
6893,3851.30126953125
6894,4910.6142578125
6895,5481.3740234375
6896,7376.736328125
6897,4304.744140625
6898,6157.28173828125
6899,6188.8486328125
6900,6472.05029296875
6901,5181.61474609375
6902,6782.6376953125
6903,3851.30126953125
6904,3851.30126953125
6905,4829.46484375
6906,4867.509765625
6907,6952.638671875
6908,5613.87890625
6909,4286.1865234375
6910,5317.43310546875
6911,5339.11865234375
6912,6748.54541015625
6913,3851.30126953125
6914,9361.3212890625
6915,3851.30126953125
6916,4697.1328125
6917,6502.875
6918,3851.30126953125
6919,3965.8232421875
6920,4683.998046875
6921,4933.8037109375
6922,3907.131591796875
6923,3971.692138671875
6924,5980.6259765625
6925,5882.8173828125
6926,5198.314453125
6927,3851.30126953125
6928,5788.7265625
6929,7858.77294921875
6930,4683.837890625
6931,4030.89453125
6932,4754.767578125
6933,4674.6708984375
6934,5382.5966796875
6935,5395.01904296875
6936,3851.30126953125
6937,5804.37353515625
6938,4344.025390625
6939,5238.20263671875
6940,7560.6943359375
6941,3851.30126953125
6942,4057.41455078125
6943,3997.155517578125
6944,5476.994140625
6945,6569.998046875
6946,3851.30126953125
6947,3851.30126953125
6948,4688.056640625
6949,4323.693359375
6950,4342.5966796875
6951,6069.490234375
6952,4701.95361328125
6953,5449.6142578125
6954,4162.7578125
6955,3851.30126953125
6956,4698.1396484375
6957,6100.4833984375
6958,6194.73291015625
6959,5454.83349609375
6960,6239.939453125
6961,3851.30126953125
6962,6591.32275390625
6963,4160.5087890625
6964,4913.6279296875
6965,6716.21484375
6966,4723.19775390625
6967,7409.52490234375
6968,6018.1650390625
6969,5491.392578125
6970,4329.66162109375
6971,5709.1513671875
6972,5520.6669921875
6973,4435.1923828125
6974,3851.30126953125
6975,4034.400390625
6976,5867.6962890625
6977,4199.8603515625
6978,3851.30126953125
6979,6503.4287109375
6980,5167.48193359375
6981,4798.81640625
6982,4057.824951171875
6983,4298.5146484375
6984,5434.5087890625
6985,5262.0009765625
6986,4955.95458984375
6987,3851.30126953125
6988,3855.046142578125
6989,4874.5322265625
6990,3851.30126953125
6991,5083.234375
6992,3851.30126953125
6993,6009.7041015625
6994,5530.0986328125
6995,5082.5185546875
6996,6796.36962890625
6997,4050.27490234375
6998,3898.34765625
6999,7892.599609375
7000,4737.8642578125
7001,5876.3203125
7002,6045.18115234375
7003,3851.30126953125
7004,4841.7666015625
7005,4080.843994140625
7006,5482.90478515625
7007,8159.39990234375
7008,5414.369140625
7009,3851.30126953125
7010,4093.268310546875
7011,6204.50048828125
7012,6352.16748046875
7013,4200.85693359375
7014,4859.6123046875
7015,3851.30126953125
7016,3851.30126953125
7017,3851.30126953125
7018,3851.30126953125
7019,4385.6259765625
7020,4863.54296875
7021,5126.2353515625
7022,4388.107421875
7023,5814.2587890625
7024,6490.9912109375
7025,5140.39501953125
7026,3851.30126953125
7027,7259.9736328125
7028,7088.33447265625
7029,4251.275390625
7030,5717.427734375
7031,3851.30126953125
7032,4839.2041015625
7033,3851.30126953125
7034,5305.044921875
7035,3851.30126953125
7036,7089.2529296875
7037,4962.5009765625
7038,5229.919921875
7039,6123.31494140625
7040,4226.58544921875
7041,5752.759765625
7042,14675.564453125
7043,7086.37548828125
7044,4275.33447265625
7045,3851.30126953125
7046,4614.0693359375
7047,6580.794921875
7048,4686.6416015625
7049,9876.59375
7050,16070.88671875
7051,3851.30126953125
7052,4078.241943359375
7053,7020.59423828125
7054,3938.388671875
7055,7056.4443359375
7056,4336.40625
7057,5386.388671875
7058,0.0
7059,5006.7333984375
7060,4521.6533203125
7061,5642.7353515625
7062,6602.6865234375
7063,4640.8896484375
7064,4327.93115234375
7065,5198.4541015625
7066,3851.30126953125
7067,3965.185546875
7068,5818.65625
7069,3916.859619140625
7070,4210.4384765625
7071,5343.7509765625
7072,4548.646484375
7073,4212.89794921875
7074,5402.96875
7075,5725.8291015625
7076,5654.068359375
7077,6121.537109375
7078,5457.5458984375
7079,4517.35986328125
7080,3851.30126953125
7081,4582.568359375
7082,5133.59228515625
7083,3965.54638671875
7084,3851.30126953125
7085,6350.52392578125
7086,5171.6953125
7087,6946.7353515625
7088,4895.03564453125
7089,3851.30126953125
7090,4142.419921875
7091,3851.30126953125
7092,6698.06884765625
7093,3851.30126953125
7094,5871.654296875
7095,11415.11328125
7096,5838.548828125
7097,5017.95751953125
7098,3851.30126953125
7099,3851.30126953125
7100,5236.013671875
7101,3851.30126953125
7102,4753.982421875
7103,7751.88525390625
7104,4218.0576171875
7105,11440.4208984375
7106,10192.703125
7107,3867.328857421875
7108,5426.771484375
7109,4124.759765625
7110,5660.0625
7111,3851.30126953125
7112,8226.12109375
7113,5008.1123046875
7114,6205.3515625
7115,3851.30126953125
7116,5512.28759765625
7117,3851.30126953125
7118,6663.0185546875
7119,4549.7275390625
7120,4262.4873046875
7121,5009.16552734375
7122,4896.9443359375
7123,6239.146484375
7124,7444.63916015625
7125,4345.58349609375
7126,7745.4609375
7127,5294.31689453125
7128,7135.11474609375
7129,3925.79931640625
7130,3851.30126953125
7131,3851.30126953125
7132,7220.0634765625
7133,4831.8671875
7134,4857.80078125
7135,4552.18359375
7136,6117.62451171875
7137,3851.30126953125
7138,6521.25048828125
7139,4978.9580078125
7140,3851.30126953125
7141,10007.9970703125
7142,12515.98046875
7143,5190.48681640625
7144,5654.76123046875
7145,6232.103515625
7146,7573.53125
7147,8545.419921875
7148,4706.205078125
7149,5743.87158203125
7150,4476.443359375
7151,6257.90380859375
7152,3851.30126953125
7153,3996.37158203125
7154,3851.30126953125
7155,4635.7431640625
7156,5887.38525390625
7157,3984.34228515625
7158,3851.30126953125
7159,5024.6953125
7160,3851.30126953125
7161,3851.30126953125
7162,4086.95166015625
7163,4293.1806640625
7164,6348.58349609375
7165,6314.18017578125
7166,5388.47607421875
7167,4588.4423828125
7168,4577.76953125
7169,8061.00634765625
7170,5497.2216796875
7171,3873.764892578125
7172,3851.30126953125
7173,7158.810546875
7174,3851.30126953125
7175,4933.5576171875
7176,3851.30126953125
7177,3851.30126953125
7178,5437.421875
7179,4288.97607421875
7180,3934.298828125
7181,6556.7763671875
7182,7165.6708984375
7183,8365.318359375
7184,5509.18505859375
7185,7087.86083984375
7186,3851.30126953125
7187,3851.30126953125
7188,4556.068359375
7189,3851.30126953125
7190,6967.69189453125
7191,3915.5791015625
7192,4192.193359375
7193,6337.953125
7194,8279.6123046875
7195,6371.2021484375
7196,4192.09912109375
7197,3879.693359375
7198,8840.640625
7199,6088.24609375
7200,4447.54052734375
7201,3851.30126953125
7202,5640.77099609375
7203,6389.25244140625
7204,3851.30126953125
7205,4750.7822265625
7206,5870.6513671875
7207,6176.787109375
7208,9928.2001953125
7209,4995.8798828125
7210,9418.994140625
7211,4929.2705078125
7212,3933.2373046875
7213,3851.30126953125
7214,4888.044921875
7215,4438.84912109375
7216,3851.30126953125
7217,6384.6962890625
7218,3851.30126953125
7219,3851.30126953125
7220,5045.64453125
7221,3851.30126953125
7222,6240.33056640625
7223,4933.8876953125
7224,5709.87158203125
7225,5817.26611328125
7226,3851.30126953125
7227,7211.18798828125
7228,5320.3544921875
7229,3862.1318359375
7230,3857.1865234375
7231,4269.998046875
7232,7460.2080078125
7233,4851.90625
7234,3912.543701171875
7235,5381.9296875
7236,6407.03515625
7237,5054.62744140625
7238,4615.671875
7239,6203.90771484375
7240,4334.89013671875
7241,5001.193359375
7242,4265.9052734375
7243,6409.3564453125
7244,3890.339111328125
7245,4604.2607421875
7246,3863.243896484375
7247,3851.30126953125
7248,3851.30126953125
7249,3851.30126953125
7250,6011.4384765625
7251,7165.771484375
7252,8261.822265625
7253,8347.8515625
7254,6006.33447265625
7255,6174.8017578125
7256,3932.788818359375
7257,8071.0966796875
7258,7508.263671875
7259,5054.91162109375
7260,6451.18603515625
7261,5771.5009765625
7262,4427.8017578125
7263,3851.30126953125
7264,8577.4462890625
7265,4084.696044921875
7266,4995.890625
7267,4527.453125
7268,3851.30126953125
7269,7973.7509765625
7270,4181.37890625
7271,3851.30126953125
7272,3851.30126953125
7273,4192.8056640625
7274,4846.0341796875
7275,5446.8115234375
7276,5156.81005859375
7277,3851.30126953125
7278,3851.30126953125
7279,3851.30126953125
7280,3851.30126953125
7281,4906.654296875
7282,14914.056640625
7283,3947.88134765625
7284,3919.880859375
7285,4916.47509765625
7286,3851.30126953125
7287,3851.30126953125
7288,3851.30126953125
7289,3851.30126953125
7290,5193.02490234375
7291,5069.2744140625
7292,3851.30126953125
7293,6644.41796875
7294,4092.518310546875
7295,3942.58984375
7296,7076.12158203125
7297,6377.2490234375
7298,7501.8125
7299,4581.8408203125
7300,5265.7958984375
7301,3851.30126953125
7302,3851.30126953125
7303,10977.1201171875
7304,7023.19091796875
7305,4815.2705078125
7306,3851.30126953125
7307,3851.30126953125
7308,4648.3232421875
7309,3851.30126953125
7310,7332.91943359375
7311,3851.30126953125
7312,4486.73193359375
7313,5622.68505859375
7314,3851.30126953125
7315,4571.9248046875
7316,5440.01953125
7317,5824.10986328125
7318,5413.6962890625
7319,3851.30126953125
7320,4246.6630859375
7321,4752.79150390625
7322,6378.85595703125
7323,6629.4697265625
7324,5256.47509765625
7325,3851.30126953125
7326,5640.5380859375
7327,4278.369140625
7328,3851.30126953125
7329,5304.515625
7330,5394.66162109375
7331,4686.248046875
7332,4357.66650390625
7333,4631.44140625
7334,5077.37744140625
7335,4029.457275390625
7336,5540.82373046875
7337,5315.85546875
7338,4484.966796875
7339,6618.041015625
7340,4472.0751953125
7341,3851.30126953125
7342,7974.0302734375
7343,4263.50390625
7344,3851.30126953125
7345,5769.220703125
7346,6701.89892578125
7347,8233.822265625
7348,3851.30126953125
7349,4795.2626953125
7350,4585.45166015625
7351,5961.80712890625
7352,4292.29736328125
7353,5779.681640625
7354,3851.30126953125
7355,3959.111083984375
7356,3897.220947265625
7357,3883.719970703125
7358,3851.30126953125
7359,5098.2626953125
7360,5325.0546875
7361,4486.22265625
7362,5887.32080078125
7363,5433.65576171875
7364,5966.9765625
7365,3851.30126953125
7366,4945.62646484375
7367,4715.8935546875
7368,5680.42333984375
7369,6339.44970703125
7370,3851.30126953125
7371,7088.775390625
7372,5345.94873046875
7373,5481.2158203125
7374,3851.30126953125
7375,3851.30126953125
7376,5923.82080078125
7377,4739.2998046875
7378,5689.6611328125
7379,5394.22265625
7380,3900.225830078125
7381,5617.0625
7382,4726.1484375
7383,4189.494140625
7384,6174.40234375
7385,3994.39892578125
7386,6597.556640625
7387,6962.22705078125
7388,6185.814453125
7389,3851.30126953125
7390,3851.30126953125
7391,3851.30126953125
7392,3851.30126953125
7393,6013.31982421875
7394,3855.1923828125
7395,6475.78271484375
7396,3851.30126953125
7397,5030.48291015625
7398,5097.6708984375
7399,7417.7177734375
7400,3851.30126953125
7401,4513.09765625
7402,3851.30126953125
7403,5843.39892578125
7404,4171.0986328125
7405,5353.560546875
7406,6043.26953125
7407,7343.27685546875
7408,4954.31201171875
7409,4846.85107421875
7410,4281.662109375
7411,3851.30126953125
7412,3927.164794921875
7413,8026.34814453125
7414,6851.8759765625
7415,6547.51220703125
7416,12557.275390625
7417,4523.744140625
7418,3851.30126953125
7419,4419.7998046875
7420,5911.32275390625
7421,6890.80810546875
7422,4682.1064453125
7423,5660.123046875
7424,5788.73291015625
7425,5737.1572265625
7426,3927.028076171875
7427,3851.30126953125
7428,3861.444091796875
7429,3851.30126953125
7430,3851.30126953125
7431,4251.783203125
7432,5899.3896484375
7433,12765.04296875
7434,5377.1279296875
7435,4475.904296875
7436,5122.564453125
7437,3851.30126953125
7438,5074.1787109375
7439,3851.30126953125
7440,6965.451171875
7441,4526.12890625
7442,4973.56591796875
7443,9542.7548828125
7444,9979.0517578125
7445,4455.83447265625
7446,4870.31640625
7447,3851.30126953125
7448,4297.1484375
7449,4142.1142578125
7450,6025.330078125
7451,3851.30126953125
7452,3851.30126953125
7453,4553.0302734375
7454,3985.54541015625
7455,5479.53125
7456,4669.40185546875
7457,3851.30126953125
7458,5769.25537109375
7459,6443.31298828125
7460,4807.513671875
7461,3851.30126953125
7462,3851.30126953125
7463,5284.625
7464,3851.30126953125
7465,7618.2939453125
7466,3851.30126953125
7467,3851.30126953125
7468,5120.90625
7469,3851.30126953125
7470,3851.30126953125
7471,4232.6279296875
7472,4796.57177734375
7473,7252.09423828125
7474,6945.193359375
7475,4334.525390625
7476,3851.30126953125
7477,4356.486328125
7478,5588.74365234375
7479,4088.669189453125
7480,3851.30126953125
7481,4736.69287109375
7482,8874.0361328125
7483,5613.875
7484,4536.875
7485,5511.583984375
7486,3851.30126953125
7487,7165.5283203125
7488,3851.30126953125
7489,9452.732421875
7490,4113.71044921875
7491,3851.30126953125
7492,3898.094970703125
7493,3851.30126953125
7494,5384.3349609375
7495,14552.767578125
7496,3851.30126953125
7497,3851.30126953125
7498,6925.95068359375
7499,4970.27734375
7500,5422.69287109375
7501,6043.48193359375
7502,4343.22412109375
7503,4051.076904296875
7504,3851.30126953125
7505,7496.16259765625
7506,4540.875
7507,5215.32666015625
7508,5228.21533203125
7509,3851.30126953125
7510,5436.25439453125
7511,4606.5927734375
7512,3851.30126953125
7513,6611.95263671875
7514,6964.27294921875
7515,3851.30126953125
7516,5488.873046875
7517,5015.85400390625
7518,4101.9814453125
7519,6466.53173828125
7520,4917.7724609375
7521,6710.69873046875
7522,3851.30126953125
7523,3851.30126953125
7524,5233.28759765625
7525,3851.30126953125
7526,6262.83203125
7527,3851.30126953125
7528,4978.439453125
7529,4146.0732421875
7530,4075.05419921875
7531,4212.0771484375
7532,5493.9873046875
7533,4496.8916015625
7534,5761.52197265625
7535,4535.9912109375
7536,5590.08544921875
7537,5076.8369140625
7538,6146.466796875
7539,7357.99462890625
7540,5413.44384765625
7541,3851.30126953125
7542,4358.201171875
7543,5771.53662109375
7544,3937.777099609375
7545,8706.70703125
7546,4204.66064453125
7547,5902.3701171875
7548,7736.1396484375
7549,4856.2724609375
7550,3851.30126953125
7551,7932.50537109375
7552,7453.24267578125
7553,4699.3740234375
7554,6371.791015625
7555,7054.12939453125
7556,4617.7021484375
7557,4044.428466796875
7558,4925.3212890625
7559,4548.0625
7560,4405.607421875
7561,5148.88916015625
7562,3851.30126953125
7563,4823.65625
7564,4966.400390625
7565,5301.615234375
7566,5379.4140625
7567,4482.90869140625
7568,5361.61279296875
7569,3851.30126953125
7570,5447.564453125
7571,5140.5107421875
7572,4544.35205078125
7573,5337.099609375
7574,5016.6982421875
7575,6889.041015625
7576,3851.30126953125
7577,3867.28564453125
7578,4413.068359375
7579,4908.8125
7580,5287.794921875
7581,3920.186279296875
7582,3851.30126953125
7583,6685.75341796875
7584,6083.5546875
7585,4534.6181640625
7586,5458.72607421875
7587,5346.8779296875
7588,5239.60791015625
7589,3851.30126953125
7590,3851.30126953125
7591,4823.7763671875
7592,4266.91650390625
7593,4546.26904296875
7594,7081.20654296875
7595,6086.9716796875
7596,3998.212646484375
7597,6379.04736328125
7598,3851.30126953125
7599,3851.30126953125
7600,4007.465087890625
7601,8542.3740234375
7602,5874.09033203125
7603,4993.7080078125
7604,3851.30126953125
7605,5213.0654296875
7606,7068.91015625
7607,3920.970458984375
7608,6379.0576171875
7609,4439.0830078125
7610,3851.30126953125
7611,4491.849609375
7612,4229.84765625
7613,4205.076171875
7614,3851.30126953125
7615,3851.30126953125
7616,3851.30126953125
7617,6067.76123046875
7618,5312.3798828125
7619,3851.30126953125
7620,4763.7353515625
7621,4656.47265625
7622,4047.2587890625
7623,3851.30126953125
7624,6367.66455078125
7625,5616.6123046875
7626,4670.6015625
7627,3851.30126953125
7628,8558.3154296875
7629,4523.197265625
7630,3851.30126953125
7631,6402.27978515625
7632,6631.7080078125
7633,5480.77490234375
7634,4339.8447265625
7635,5966.66552734375
7636,6073.8037109375
7637,9734.576171875
7638,3851.30126953125
7639,3851.30126953125
7640,3851.30126953125
7641,4745.5625
7642,4056.936767578125
7643,5734.82470703125
7644,6496.65478515625
7645,4188.603515625
7646,3851.30126953125
7647,4452.3837890625
7648,7371.7099609375
7649,4031.6669921875
7650,4769.77587890625
7651,3851.30126953125
7652,5198.48876953125
7653,5440.89892578125
7654,5742.49365234375
7655,6464.73828125
7656,4738.3017578125
7657,3851.30126953125
7658,4767.8701171875
7659,5030.5712890625
7660,5841.9580078125
7661,5590.57421875
7662,5733.091796875
7663,4406.578125
7664,3851.30126953125
7665,7260.80224609375
7666,3851.30126953125
7667,7930.66064453125
7668,4287.47607421875
7669,3851.30126953125
7670,4907.681640625
7671,4390.89111328125
7672,5555.10546875
7673,6137.4306640625
7674,3851.30126953125
7675,3851.30126953125
7676,4508.091796875
7677,6312.28076171875
7678,7559.1962890625
7679,4062.60009765625
7680,4844.19482421875
7681,5126.71875
7682,4184.3291015625
7683,3915.387451171875
7684,7161.7451171875
7685,6184.43359375
7686,9207.1845703125
7687,3851.30126953125
7688,4560.4140625
7689,8151.65283203125
7690,6789.60595703125
7691,3953.8232421875
7692,7572.8720703125
7693,5274.72900390625
7694,3864.259033203125
7695,3851.30126953125
7696,3851.30126953125
7697,3935.47021484375
7698,4732.9580078125
7699,3851.30126953125
7700,3851.30126953125
7701,6590.953125
7702,5492.693359375
7703,17410.015625
7704,4549.7822265625
7705,3851.30126953125
7706,5464.5419921875
7707,7217.30029296875
7708,4934.18408203125
7709,5509.765625
7710,4748.74560546875
7711,5978.73388671875
7712,5793.99072265625
7713,3851.30126953125
7714,4293.6865234375
7715,5134.85693359375
7716,6261.51025390625
7717,5562.419921875
7718,5830.82666015625
7719,4207.7021484375
7720,3851.30126953125
7721,3851.30126953125
7722,7325.51953125
7723,8480.63671875
7724,6588.59423828125
7725,5299.10009765625
7726,4266.33349609375
7727,4122.86328125
7728,3851.30126953125
7729,6512.31494140625
7730,7156.1298828125
7731,7317.24560546875
7732,4058.901611328125
7733,3851.30126953125
7734,3851.30126953125
7735,3882.14208984375
7736,7710.6435546875
7737,4339.1025390625
7738,3851.30126953125
7739,3851.30126953125
7740,5498.6220703125
7741,3851.30126953125
7742,5148.4140625
7743,3851.30126953125
7744,5503.9755859375
7745,5412.2236328125
7746,4473.8046875
7747,5202.4892578125
7748,5180.263671875
7749,3851.30126953125
7750,5099.13134765625
7751,5265.81103515625
7752,7496.72265625
7753,4236.669921875
7754,6269.07568359375
7755,6276.65869140625
7756,6669.23291015625
7757,5221.13623046875
7758,6842.7041015625
7759,3851.30126953125
7760,3851.30126953125
7761,5084.505859375
7762,4927.70263671875
7763,6988.376953125
7764,5562.87744140625
7765,4409.85498046875
7766,5394.146484375
7767,5370.607421875
7768,6974.08544921875
7769,3851.30126953125
7770,9692.466796875
7771,3851.30126953125
7772,4742.96923828125
7773,6777.54931640625
7774,3851.30126953125
7775,4107.203125
7776,4642.5927734375
7777,5219.61328125
7778,3851.30126953125
7779,3914.046630859375
7780,6078.80078125
7781,5943.59423828125
7782,5279.25732421875
7783,3851.30126953125
7784,5924.263671875
7785,8033.89453125
7786,4979.138671875
7787,4126.201171875
7788,4989.80517578125
7789,4870.6591796875
7790,5389.71484375
7791,5401.2412109375
7792,3851.30126953125
7793,5821.8759765625
7794,4553.3623046875
7795,5268.7724609375
7796,7455.40234375
7797,3851.30126953125
7798,4049.42578125
7799,3936.300537109375
7800,5511.65087890625
7801,6720.89697265625
7802,3851.30126953125
7803,3851.30126953125
7804,4838.7568359375
7805,4454.0390625
7806,4393.7490234375
7807,6271.81494140625
7808,4760.708984375
7809,5612.5107421875
7810,4252.53955078125
7811,3851.30126953125
7812,4735.8994140625
7813,6250.35205078125
7814,6124.31298828125
7815,5570.33251953125
7816,6253.5400390625
7817,3851.30126953125
7818,6594.71044921875
7819,4155.716796875
7820,5032.0732421875
7821,6853.7763671875
7822,4774.544921875
7823,7692.79638671875
7824,6008.0205078125
7825,5544.541015625
7826,4386.97265625
7827,5807.09521484375
7828,5568.72265625
7829,4282.2099609375
7830,3851.30126953125
7831,4212.6796875
7832,6067.021484375
7833,4436.96875
7834,3851.30126953125
7835,6673.8154296875
7836,5267.9052734375
7837,4744.0751953125
7838,4339.5927734375
7839,4489.5341796875
7840,5653.833984375
7841,5386.60595703125
7842,4976.7177734375
7843,4044.25
7844,3908.731689453125
7845,5057.27490234375
7846,3851.30126953125
7847,5247.1298828125
7848,3851.30126953125
7849,6192.712890625
7850,5601.16845703125
7851,5159.1796875
7852,6747.12890625
7853,4024.796142578125
7854,3889.446044921875
7855,8127.7490234375
7856,4885.794921875
7857,5968.28173828125
7858,6366.37158203125
7859,3851.30126953125
7860,4849.52490234375
7861,4092.021240234375
7862,5622.103515625
7863,8238.396484375
7864,5313.8017578125
7865,3851.30126953125
7866,4149.90283203125
7867,6263.14306640625
7868,6325.37939453125
7869,4196.439453125
7870,5087.92236328125
7871,3851.30126953125
7872,3851.30126953125
7873,3851.30126953125
7874,3935.444580078125
7875,4397.5986328125
7876,4892.8916015625
7877,5643.31201171875
7878,4747.078125
7879,5800.3896484375
7880,6441.93603515625
7881,5494.3720703125
7882,3851.30126953125
7883,7385.2119140625
7884,7218.0615234375
7885,4535.583984375
7886,5789.92529296875
7887,3851.30126953125
7888,4906.0
7889,3851.30126953125
7890,5125.79345703125
7891,3851.30126953125
7892,7356.25439453125
7893,5128.93701171875
7894,5458.4384765625
7895,6365.36767578125
7896,4268.91259765625
7897,5644.8828125
7898,15276.439453125
7899,7243.087890625
7900,4532.583984375
7901,3851.30126953125
7902,4863.580078125
7903,6862.89501953125
7904,4820.47705078125
7905,9736.005859375
7906,15909.34375
7907,3851.30126953125
7908,4141.236328125
7909,7157.6728515625
7910,4086.814697265625
7911,7296.802734375
7912,4565.35546875
7913,5526.7783203125
7914,0.0
7915,4929.611328125
7916,4485.525390625
7917,5885.97998046875
7918,6534.478515625
7919,4464.4052734375
7920,4397.4609375
7921,5241.7900390625
7922,3851.30126953125
7923,4159.26171875
7924,5840.033203125
7925,3946.392578125
7926,4272.2861328125
7927,5685.623046875
7928,4796.31396484375
7929,4032.383544921875
7930,5356.1025390625
7931,5702.50830078125
7932,5914.74755859375
7933,5888.61181640625
7934,5644.24609375
7935,4671.97265625
7936,3851.30126953125
7937,4679.73193359375
7938,5467.9150390625
7939,4073.89404296875
7940,3851.30126953125
7941,6413.87939453125
7942,5016.94384765625
7943,6919.99755859375
7944,5127.9658203125
7945,3879.30126953125
7946,4107.240234375
7947,3851.30126953125
7948,6766.66455078125
7949,3851.30126953125
7950,6140.3955078125
7951,11832.822265625
7952,5753.677734375
7953,5118.537109375
7954,3851.30126953125
7955,3851.30126953125
7956,5316.34521484375
7957,3851.30126953125
7958,4847.42822265625
7959,7984.3134765625
7960,4200.00244140625
7961,11300.826171875
7962,10432.0078125
7963,3851.30126953125
7964,5612.68359375
7965,4249.115234375
7966,5685.173828125
7967,4178.89599609375
7968,8288.947265625
7969,4885.716796875
7970,6365.35546875
7971,3851.30126953125
7972,5750.97705078125
7973,3851.30126953125
7974,6558.662109375
7975,4618.14892578125
7976,4430.8505859375
7977,5127.96533203125
7978,4817.998046875
7979,6374.6884765625
7980,7736.39501953125
7981,4374.80419921875
7982,7920.10009765625
7983,5430.4267578125
7984,7399.72314453125
7985,3858.541015625
7986,3851.30126953125
7987,3895.3125
7988,7266.66064453125
7989,4989.8955078125
7990,4896.2060546875
7991,4793.4375
7992,6155.36767578125
7993,3851.30126953125
7994,6622.01806640625
7995,5126.01953125
7996,3851.30126953125
7997,10143.77734375
7998,13133.2666015625
7999,5257.29833984375
8000,5804.40673828125
8001,6362.18505859375
8002,7706.1455078125
8003,8779.857421875
8004,4678.5107421875
8005,5957.95458984375
8006,4616.9697265625
8007,6197.08544921875
8008,3851.30126953125
8009,4221.49365234375
8010,4041.555908203125
8011,4553.8388671875
8012,6315.70849609375
8013,3867.869140625
8014,3851.30126953125
8015,4920.38671875
8016,3851.30126953125
8017,3851.30126953125
8018,4263.302734375
8019,4529.5908203125
8020,6475.47314453125
8021,6239.1416015625
8022,5299.9599609375
8023,4812.1396484375
8024,4720.43701171875
8025,8269.7978515625
8026,5560.7041015625
8027,4110.70263671875
8028,3851.30126953125
8029,7225.63916015625
8030,3851.30126953125
8031,5076.3076171875
8032,3851.30126953125
8033,3922.92529296875
8034,5598.2001953125
8035,4249.79443359375
8036,3851.30126953125
8037,6539.64892578125
8038,7299.45703125
8039,8551.5615234375
8040,5383.65966796875
8041,7170.19775390625
8042,3851.30126953125
8043,3889.242919921875
8044,4821.751953125
8045,3851.30126953125
8046,7340.41455078125
8047,3989.502685546875
8048,4365.7294921875
8049,6604.3271484375
8050,8462.6982421875
8051,6291.3916015625
8052,4272.109375
8053,4033.0478515625
8054,8420.04296875
8055,6339.44482421875
8056,4627.55078125
8057,3851.30126953125
8058,5807.7919921875
8059,6412.1181640625
8060,3851.30126953125
8061,4710.27490234375
8062,5992.66455078125
8063,6106.3037109375
8064,10237.884765625
8065,4927.2373046875
8066,9866.26953125
8067,4962.2177734375
8068,4120.00341796875
8069,3851.30126953125
8070,4959.3994140625
8071,4550.07421875
8072,3856.603271484375
8073,6496.37744140625
8074,3851.30126953125
8075,3851.30126953125
8076,5077.1220703125
8077,3851.30126953125
8078,6196.57861328125
8079,4883.7314453125
8080,5803.083984375
8081,5919.7138671875
8082,3851.30126953125
8083,7491.76171875
8084,5436.99072265625
8085,3876.761474609375
8086,3851.30126953125
8087,4269.86572265625
8088,7590.55908203125
8089,5030.8828125
8090,3959.68115234375
8091,5533.728515625
8092,6453.02783203125
8093,5182.001953125
8094,4554.474609375
8095,6490.5185546875
8096,4514.2939453125
8097,4794.681640625
8098,4433.294921875
8099,6480.935546875
8100,4244.322265625
8101,5005.5810546875
8102,4129.22509765625
8103,3946.489013671875
8104,3851.30126953125
8105,3851.30126953125
8106,5947.03662109375
8107,6954.6904296875
8108,8636.025390625
8109,8490.755859375
8110,6196.2265625
8111,6041.583984375
8112,4205.35791015625
8113,8313.1171875
8114,7740.1767578125
8115,5117.884765625
8116,6717.4970703125
8117,6079.001953125
8118,4344.61767578125
8119,3851.30126953125
8120,8591.8125
8121,4128.900390625
8122,5231.27685546875
8123,4509.828125
8124,3851.30126953125
8125,8089.54345703125
8126,4053.48095703125
8127,3851.30126953125
8128,3851.30126953125
8129,4276.6357421875
8130,5167.0615234375
8131,5527.74609375
8132,5011.6171875
8133,3851.30126953125
8134,3851.30126953125
8135,3851.30126953125
8136,3851.30126953125
8137,5125.212890625
8138,14948.72265625
8139,4014.859130859375
8140,4114.44140625
8141,5294.791015625
8142,3851.30126953125
8143,3851.30126953125
8144,3851.30126953125
8145,3851.30126953125
8146,5180.685546875
8147,5017.22265625
8148,3851.30126953125
8149,6485.6162109375
8150,4030.513671875
8151,4313.0390625
8152,6899.3818359375
8153,6453.96142578125
8154,8165.025390625
8155,4717.29345703125
8156,5406.7158203125
8157,3851.30126953125
8158,4004.3828125
8159,11394.7109375
8160,7160.9814453125
8161,4833.64013671875
8162,3851.30126953125
8163,3851.30126953125
8164,4471.1416015625
8165,3851.30126953125
8166,7478.56884765625
8167,4015.534423828125
8168,4639.48876953125
8169,5727.89697265625
8170,3851.30126953125
8171,4796.0927734375
8172,5427.7685546875
8173,5821.22314453125
8174,5295.0302734375
8175,3851.30126953125
8176,4219.1796875
8177,4868.6220703125
8178,6502.54931640625
8179,6660.79248046875
8180,5330.1787109375
8181,3851.30126953125
8182,5605.1435546875
8183,4636.6728515625
8184,3851.30126953125
8185,5540.7763671875
8186,5520.5908203125
8187,4733.05078125
8188,4563.09375
8189,4833.462890625
8190,5115.9345703125
8191,4274.6142578125
8192,5860.83984375
8193,5268.17822265625
8194,4497.3251953125
8195,6554.0224609375
8196,4464.02978515625
8197,3851.30126953125
8198,8145.599609375
8199,4319.482421875
8200,3851.30126953125
8201,5959.5751953125
8202,6724.42919921875
8203,8228.0419921875
8204,3963.197998046875
8205,5033.15283203125
8206,4649.8291015625
8207,6231.3173828125
8208,4326.7001953125
8209,5911.046875
8210,3851.30126953125
8211,4256.77587890625
8212,4016.03955078125
8213,4061.32470703125
8214,3851.30126953125
8215,5320.248046875
8216,5487.318359375
8217,4469.3720703125
8218,6078.21044921875
8219,5424.2646484375
8220,6086.1435546875
8221,3851.30126953125
8222,5041.9853515625
8223,4667.85498046875
8224,5602.03173828125
8225,6569.12353515625
8226,3851.30126953125
8227,7213.27880859375
8228,5425.52197265625
8229,5631.9833984375
8230,3851.30126953125
8231,3851.30126953125
8232,5926.70703125
8233,4910.8203125
8234,6039.16015625
8235,5258.544921875
8236,4309.2646484375
8237,5661.14013671875
8238,4986.2978515625
8239,4248.05859375
8240,6211.2548828125
8241,4148.7763671875
8242,6955.48876953125
8243,7029.20166015625
8244,6284.4638671875
8245,3851.30126953125
8246,3890.864990234375
8247,3851.30126953125
8248,3851.30126953125
8249,6035.22509765625
8250,3976.693359375
8251,6760.00048828125
8252,3851.30126953125
8253,4970.1533203125
8254,5259.81298828125
8255,7692.89404296875
8256,3851.30126953125
8257,4291.43359375
8258,3851.30126953125
8259,6204.94482421875
8260,3984.502685546875
8261,5633.12109375
8262,6173.8642578125
8263,7687.9169921875
8264,4845.76953125
8265,4949.95751953125
8266,4410.23046875
8267,3851.30126953125
8268,3894.04296875
8269,8060.84375
8270,7021.24560546875
8271,6317.7822265625
8272,12590.2197265625
8273,4576.0830078125
8274,3866.943359375
8275,4563.091796875
8276,6214.92333984375
8277,6867.27490234375
8278,5035.75537109375
8279,5734.5439453125
8280,5872.4609375
8281,5768.99609375
8282,4029.344970703125
8283,3851.30126953125
8284,4008.172119140625
8285,3851.30126953125
8286,3851.30126953125
8287,4212.67236328125
8288,5955.2587890625
8289,12987.453125
8290,5375.5068359375
8291,4352.3515625
8292,5393.1953125
8293,3851.30126953125
8294,4962.94189453125
8295,3851.30126953125
8296,7009.67236328125
8297,4432.93359375
8298,5004.5966796875
8299,9756.875
8300,9840.201171875
8301,4717.384765625
8302,4919.28564453125
8303,3851.30126953125
8304,4490.76416015625
8305,4348.41650390625
8306,5998.08154296875
8307,3851.30126953125
8308,3851.30126953125
8309,4654.94921875
8310,4114.6279296875
8311,5605.4599609375
8312,4864.5087890625
8313,3851.30126953125
8314,5739.44677734375
8315,6331.1513671875
8316,4768.9208984375
8317,3851.30126953125
8318,3851.30126953125
8319,5603.9697265625
8320,3851.30126953125
8321,7880.90185546875
8322,3851.30126953125
8323,3851.30126953125
8324,5283.3837890625
8325,4043.83251953125
8326,3851.30126953125
8327,4246.7431640625
8328,4751.26513671875
8329,7522.6005859375
8330,6931.4599609375
8331,4400.416015625
8332,3851.30126953125
8333,4325.4619140625
8334,5715.2880859375
8335,4288.396484375
8336,4025.1865234375
8337,5028.01025390625
8338,8906.765625
8339,5659.7060546875
8340,4722.18994140625
8341,5692.9453125
8342,3941.900146484375
8343,7375.55224609375
8344,4093.276611328125
8345,9673.8369140625
8346,4222.63671875
8347,3851.30126953125
8348,4038.89013671875
8349,3851.30126953125
8350,5628.5927734375
8351,14765.365234375
8352,3851.30126953125
8353,3851.30126953125
8354,7063.328125
8355,5102.8447265625
8356,5509.2138671875
8357,6450.87939453125
8358,4260.88671875
8359,3970.886474609375
8360,3851.30126953125
8361,7649.86376953125
8362,4415.8017578125
8363,5386.99267578125
8364,5304.45703125
8365,3851.30126953125
8366,5524.8154296875
8367,4623.525390625
8368,3851.30126953125
8369,6765.26904296875
8370,6878.90625
8371,3851.30126953125
8372,5531.7158203125
8373,4919.70703125
8374,3851.30126953125
8375,6669.658203125
8376,4989.4521484375
8377,6872.33056640625
8378,3851.30126953125
8379,3851.30126953125
8380,5541.33984375
8381,3851.30126953125
8382,6424.9541015625
8383,3851.30126953125
8384,5322.05078125
8385,4070.872802734375
8386,3978.85205078125
8387,4443.01513671875
8388,5703.6083984375
8389,4532.3173828125
8390,5954.95849609375
8391,4499.802734375
8392,5794.55615234375
8393,5155.79345703125
8394,6482.64208984375
8395,7565.6884765625
8396,5686.927734375
8397,3851.30126953125
8398,4488.0009765625
8399,5923.76318359375
8400,4045.694091796875
8401,8607.611328125
8402,4146.3017578125
8403,6291.6962890625
8404,7995.8984375
8405,5195.439453125
8406,3851.30126953125
8407,8616.2265625
8408,7703.72412109375
8409,4729.8154296875
8410,6787.6962890625
8411,7299.236328125
8412,4578.341796875
8413,4295.8974609375
8414,5064.14453125
8415,4399.2216796875
8416,4535.8916015625
8417,5311.224609375
8418,3851.30126953125
8419,4871.48046875
8420,5188.1220703125
8421,5413.7294921875
8422,5504.572265625
8423,4741.5634765625
8424,5432.9033203125
8425,3851.30126953125
8426,5477.158203125
8427,5281.31494140625
8428,4667.98828125
8429,5572.3056640625
8430,5025.71630859375
8431,7133.60400390625
8432,3851.30126953125
8433,3851.30126953125
8434,4308.3154296875
8435,5030.6806640625
8436,5572.412109375
8437,4043.972412109375
8438,3851.30126953125
8439,6665.39794921875
8440,6269.2255859375
8441,4573.5302734375
8442,5610.6337890625
8443,5420.7900390625
8444,5429.388671875
8445,3851.30126953125
8446,3851.30126953125
8447,4820.125
8448,4507.3349609375
8449,4723.20263671875
8450,7148.28857421875
8451,6395.94091796875
8452,4205.08154296875
8453,6476.7548828125
8454,3851.30126953125
8455,3851.30126953125
8456,4309.75341796875
8457,8275.875
8458,5884.23779296875
8459,5267.73583984375
8460,3851.30126953125
8461,5396.9189453125
8462,7322.88232421875
8463,4243.32080078125
8464,6218.0263671875
8465,4547.16943359375
8466,3961.899169921875
8467,4456.4150390625
8468,4464.6357421875
8469,4294.9169921875
8470,3851.30126953125
8471,3851.30126953125
8472,3851.30126953125
8473,6168.88330078125
8474,5479.84375
8475,3851.30126953125
8476,4854.625
8477,5015.2666015625
8478,4237.1513671875
8479,3934.566162109375
8480,6574.029296875
8481,5810.59814453125
8482,4593.322265625
8483,3851.30126953125
8484,8909.8173828125
8485,4479.0693359375
8486,3851.30126953125
8487,6335.29931640625
8488,6950.97265625
8489,5735.48486328125
8490,4527.44873046875
8491,6205.9921875
8492,6370.7578125
8493,9755.9619140625
8494,3851.30126953125
8495,3851.30126953125
8496,3851.30126953125
8497,5081.4521484375
8498,4050.22607421875
8499,6008.48876953125
8500,6722.9443359375
8501,4247.33203125
8502,3851.30126953125
8503,4362.544921875
8504,7293.35302734375
8505,4100.447265625
8506,4867.9208984375
8507,3851.30126953125
8508,5335.099609375
8509,5355.67919921875
8510,5843.1630859375
8511,6627.3857421875
8512,4850.90625
8513,3851.30126953125
8514,4790.5576171875
8515,5316.24755859375
8516,6248.923828125
8517,5846.91015625
8518,5863.1591796875
8519,4405.84716796875
8520,3851.30126953125
8521,7572.19189453125
8522,3851.30126953125
8523,8149.11572265625
8524,4353.888671875
8525,3851.30126953125
8526,5190.92431640625
8527,4609.3564453125
8528,5555.322265625
8529,6121.68603515625
8530,3851.30126953125
8531,3851.30126953125
8532,4516.00146484375
8533,6434.89453125
8534,7336.701171875
8535,4155.48876953125
8536,4946.1015625
8537,5414.59228515625
8538,4411.16015625
8539,4107.04296875
8540,7367.97119140625
8541,6282.6416015625
8542,9209.93359375
8543,3851.30126953125
8544,4550.595703125
8545,8142.05908203125
8546,6555.96435546875
8547,4036.7685546875
8548,7674.62353515625
8549,5359.96484375
8550,3876.0947265625
8551,3851.30126953125
8552,3851.30126953125
8553,4055.47265625
8554,4759.0361328125
8555,3851.30126953125
8556,4056.7021484375
8557,6747.703125
8558,5600.73876953125
8559,17840.8828125
8560,4627.53515625
8561,3851.30126953125
8562,5938.8017578125
8563,7934.0302734375
8564,5212.5859375
8565,6273.32177734375
8566,4999.994140625
8567,6404.2607421875
8568,6308.66455078125
8569,3851.30126953125
8570,4831.5234375
8571,5456.552734375
8572,6648.9892578125
8573,5952.56298828125
8574,6008.00927734375
8575,4265.7919921875
8576,3851.30126953125
8577,4058.596435546875
8578,7802.51513671875
8579,9230.470703125
8580,7223.95166015625
8581,5773.7158203125
8582,4599.70556640625
8583,4719.9921875
8584,3851.30126953125
8585,7131.2744140625
8586,7465.58203125
8587,7902.2822265625
8588,4593.642578125
8589,4111.8623046875
8590,4164.2392578125
8591,4124.89990234375
8592,8270.47265625
8593,4855.4033203125
8594,3883.623046875
8595,4047.806396484375
8596,6117.29443359375
8597,3851.30126953125
8598,5940.4091796875
8599,3851.30126953125
8600,5855.5009765625
8601,5942.38720703125
8602,5040.2548828125
8603,5787.4375
8604,5616.75
8605,3851.30126953125
8606,5455.099609375
8607,5513.08837890625
8608,7541.0390625
8609,4740.15625
8610,6821.70068359375
8611,6706.7158203125
8612,7195.8876953125
8613,5620.587890625
8614,7157.32666015625
8615,3966.792236328125
8616,4300.22998046875
8617,5344.841796875
8618,5632.6845703125
8619,7576.47509765625
8620,5948.66943359375
8621,4749.1435546875
8622,5927.32568359375
8623,6027.32177734375
8624,7656.630859375
8625,3851.30126953125
8626,10690.515625
8627,3892.217529296875
8628,4943.5029296875
8629,7357.87841796875
8630,3978.38818359375
8631,4373.9619140625
8632,5122.9365234375
8633,5707.9931640625
8634,4467.5986328125
8635,3985.638671875
8636,6728.57177734375
8637,6516.87158203125
8638,5710.0751953125
8639,3952.879150390625
8640,6513.3173828125
8641,8797.3046875
8642,5564.12890625
8643,4558.17724609375
8644,5492.423828125
8645,5517.919921875
8646,5831.478515625
8647,5988.21875
8648,3851.30126953125
8649,6620.4990234375
8650,5082.94287109375
8651,5498.8876953125
8652,7220.67431640625
8653,4070.77001953125
8654,4671.58544921875
8655,4069.965087890625
8656,5911.3427734375
8657,7144.51611328125
8658,3934.86767578125
8659,4069.599365234375
8660,4891.1279296875
8661,4865.84814453125
8662,4600.91748046875
8663,6945.470703125
8664,5131.8955078125
8665,6150.8037109375
8666,4306.216796875
8667,4228.9775390625
8668,4887.5595703125
8669,6581.9052734375
8670,6608.2724609375
8671,6306.244140625
8672,6578.13134765625
8673,3851.30126953125
8674,7012.7578125
8675,4476.92724609375
8676,5573.0517578125
8677,7281.47705078125
8678,5184.7607421875
8679,8534.7109375
8680,6588.87890625
8681,5919.7001953125
8682,5095.234375
8683,6537.3232421875
8684,6260.23828125
8685,4645.8388671875
8686,3851.30126953125
8687,5013.14697265625
8688,6333.01708984375
8689,5178.8896484375
8690,4081.114990234375
8691,7523.8837890625
8692,5600.44921875
8693,5025.1953125
8694,4822.861328125
8695,4769.806640625
8696,6299.806640625
8697,5812.2138671875
8698,5168.91650390625
8699,4384.1298828125
8700,4283.34912109375
8701,5627.76123046875
8702,3851.30126953125
8703,5739.267578125
8704,3851.30126953125
8705,6813.57861328125
8706,5965.03955078125
8707,5446.0693359375
8708,6997.0732421875
8709,4194.06201171875
8710,3991.104248046875
8711,9023.87890625
8712,5498.39453125
8713,6657.5361328125
8714,7089.6435546875
8715,4112.58203125
8716,5308.4990234375
8717,4526.9658203125
8718,6253.4462890625
8719,8985.33203125
8720,5205.7939453125
8721,3851.30126953125
8722,4328.583984375
8723,6702.96728515625
8724,6752.0224609375
8725,4510.3984375
8726,5505.986328125
8727,3938.800537109375
8728,3851.30126953125
8729,3851.30126953125
8730,4336.6044921875
8731,4967.8369140625
8732,5114.73291015625
8733,6337.4658203125
8734,5521.51611328125
8735,6141.84716796875
8736,6891.86669921875
8737,6117.88427734375
8738,3851.30126953125
8739,7733.3876953125
8740,7641.7587890625
8741,5210.32568359375
8742,6249.2685546875
8743,4034.050537109375
8744,5518.5361328125
8745,3851.30126953125
8746,5441.3154296875
8747,3851.30126953125
8748,8147.775390625
8749,5541.88720703125
8750,6419.92919921875
8751,6854.2587890625
8752,4657.115234375
8753,5866.1103515625
8754,16775.130859375
8755,7838.89111328125
8756,5218.1533203125
8757,3851.30126953125
8758,5217.3759765625
8759,7586.626953125
8760,5114.97802734375
8761,10634.939453125
8762,17324.453125
8763,3851.30126953125
8764,4583.6845703125
8765,7657.99951171875
8766,4502.724609375
8767,8245.533203125
8768,5118.15478515625
8769,5937.01806640625
8770,0.0
8771,5155.6552734375
8772,4775.63916015625
8773,6548.2314453125
8774,7088.1953125
8775,5030.513671875
8776,4914.9990234375
8777,5545.56689453125
8778,3851.30126953125
8779,4753.1865234375
8780,6337.0654296875
8781,4136.11962890625
8782,4729.3076171875
8783,6211.82275390625
8784,5107.33251953125
8785,4251.28125
8786,5616.3779296875
8787,6041.86328125
8788,6601.79345703125
8789,5929.12548828125
8790,6168.099609375
8791,5118.654296875
8792,3851.30126953125
8793,5151.2265625
8794,6032.427734375
8795,4666.7509765625
8796,3851.30126953125
8797,7067.923828125
8798,5237.724609375
8799,7007.53759765625
8800,5796.85546875
8801,4238.4375
8802,4426.70166015625
8803,4366.93359375
8804,7572.974609375
8805,3851.30126953125
8806,6804.01171875
8807,12618.087890625
8808,6248.49267578125
8809,5693.0419921875
8810,4091.24951171875
8811,3851.30126953125
8812,5710.755859375
8813,3851.30126953125
8814,5326.17041015625
8815,8519.33203125
8816,4589.2021484375
8817,10691.994140625
8818,11003.080078125
8819,4214.03955078125
8820,6305.12890625
8821,4719.73876953125
8822,6141.3212890625
8823,4722.40625
8824,8618.3671875
8825,5768.8505859375
8826,6910.78369140625
8827,3851.30126953125
8828,6103.78125
8829,3851.30126953125
8830,6997.71923828125
8831,5171.41552734375
8832,4999.38134765625
8833,5515.8837890625
8834,5609.814453125
8835,7184.8935546875
8836,8421.5703125
8837,4569.74169921875
8838,8584.541015625
8839,6026.40966796875
8840,8081.337890625
8841,4288.07373046875
8842,3898.943115234375
8843,4495.9287109375
8844,7567.71435546875
8845,5512.5693359375
8846,5512.69189453125
8847,5461.32958984375
8848,6615.44873046875
8849,3851.30126953125
8850,7074.69580078125
8851,5726.3828125
8852,3851.30126953125
8853,10898.0224609375
8854,14248.517578125
8855,5504.1328125
8856,6314.46826171875
8857,6651.818359375
8858,8221.0107421875
8859,8931.611328125
8860,4881.7548828125
8861,6226.93017578125
8862,5128.3720703125
8863,6502.90478515625
8864,3851.30126953125
8865,4524.63427734375
8866,4442.8486328125
8867,4684.1259765625
8868,6858.05322265625
8869,4058.86376953125
8870,3851.30126953125
8871,5380.3623046875
8872,3851.30126953125
8873,3851.30126953125
8874,4465.90234375
8875,4827.4423828125
8876,6917.27392578125
8877,6902.15771484375
8878,5348.892578125
8879,5398.0517578125
8880,5159.37939453125
8881,9233.08203125
8882,6245.99609375
8883,4649.4375
8884,3851.30126953125
8885,7699.1337890625
8886,4409.8017578125
8887,5345.54150390625
8888,3851.30126953125
8889,4326.341796875
8890,6301.75390625
8891,4298.0625
8892,3968.861328125
8893,7053.96875
8894,8145.236328125
8895,9105.0390625
8896,5284.853515625
8897,7635.2529296875
8898,3851.30126953125
8899,3939.60986328125
8900,5142.185546875
8901,3851.30126953125
8902,7978.28857421875
8903,4355.63720703125
8904,4811.123046875
8905,7187.705078125
8906,9088.4736328125
8907,6826.6806640625
8908,4845.177734375
8909,4514.07275390625
8910,7990.08984375
8911,6686.646484375
8912,5211.2216796875
8913,3851.30126953125
8914,6357.07080078125
8915,6714.77587890625
8916,3851.30126953125
8917,5241.45458984375
8918,6461.2158203125
8919,6687.06640625
8920,10661.3369140625
8921,5614.396484375
8922,10917.119140625
8923,5307.2080078125
8924,4342.7197265625
8925,3851.30126953125
8926,5498.615234375
8927,4718.291015625
8928,4234.0986328125
8929,7132.50732421875
8930,3851.30126953125
8931,4033.760986328125
8932,5759.2880859375
8933,3851.30126953125
8934,6595.7314453125
8935,5179.93212890625
8936,6206.5302734375
8937,6318.1875
8938,3851.30126953125
8939,8039.29541015625
8940,6020.35791015625
8941,3949.353759765625
8942,4093.741455078125
8943,4303.1220703125
8944,8109.34765625
8945,5468.783203125
8946,4267.470703125
8947,5990.5966796875
8948,6876.66748046875
8949,5784.275390625
8950,4954.55322265625
8951,7098.37353515625
8952,5188.47216796875
8953,5450.6748046875
8954,4630.9560546875
8955,7109.29931640625
8956,4770.015625
8957,5568.44921875
8958,4231.90087890625
8959,4421.009765625
8960,4063.6845703125
8961,4064.599853515625
8962,6457.908203125
8963,6683.3271484375
8964,9371.58984375
8965,8807.8447265625
8966,6583.666015625
8967,6048.9892578125
8968,4606.0302734375
8969,9414.7216796875
8970,8342.1669921875
8971,5206.2900390625
8972,7253.04736328125
8973,6657.2626953125
8974,4629.421875
8975,3851.30126953125
8976,9617.53515625
8977,4288.28857421875
8978,5831.5146484375
8979,4870.056640625
8980,3851.30126953125
8981,8608.5703125
8982,4208.0302734375
8983,4352.73193359375
8984,4182.85986328125
8985,5052.32568359375
8986,5535.7255859375
8987,6065.259765625
8988,5527.2431640625
8989,3851.30126953125
8990,3851.30126953125
8991,3851.30126953125
8992,3851.30126953125
8993,5831.60791015625
8994,15407.5390625
8995,4446.080078125
8996,4728.400390625
8997,6000.31591796875
8998,4132.6181640625
8999,3879.495361328125
9000,4321.0166015625
9001,3851.30126953125
9002,5646.12158203125
9003,5336.51611328125
9004,3851.30126953125
9005,6888.890625
9006,4433.96923828125
9007,4714.53515625
9008,6668.34716796875
9009,6874.6201171875
9010,9274.890625
9011,5117.51806640625
9012,5943.1552734375
9013,3851.30126953125
9014,4414.7783203125
9015,12384.6767578125
9016,7590.0478515625
9017,5324.0322265625
9018,3962.684814453125
9019,4170.7880859375
9020,4763.4541015625
9021,4386.8935546875
9022,7908.36572265625
9023,4340.12109375
9024,4895.154296875
9025,6003.79296875
9026,3851.30126953125
9027,5277.33984375
9028,5769.58740234375
9029,6205.97216796875
9030,5189.1943359375
9031,4102.796875
9032,4709.08984375
9033,5262.9306640625
9034,7127.25927734375
9035,7198.45361328125
9036,5963.0498046875
9037,3851.30126953125
9038,6085.6279296875
9039,5243.17724609375
9040,4091.9189453125
9041,6101.66259765625
9042,5803.66943359375
9043,5080.00390625
9044,5274.4541015625
9045,5340.7353515625
9046,5445.80078125
9047,4491.64013671875
9048,6524.119140625
9049,5560.62451171875
9050,4792.0166015625
9051,6864.896484375
9052,4797.45703125
9053,4172.8759765625
9054,8791.7138671875
9055,4866.8408203125
9056,3851.30126953125
9057,6526.25830078125
9058,7363.25341796875
9059,9120.091796875
9060,4561.2080078125
9061,5399.47607421875
9062,5066.642578125
9063,6727.732421875
9064,4896.8896484375
9065,6477.72900390625
9066,3851.30126953125
9067,4678.0419921875
9068,4307.96826171875
9069,4589.744140625
9070,3851.30126953125
9071,5758.2685546875
9072,6073.5048828125
9073,4500.677734375
9074,6773.814453125
9075,5549.06982421875
9076,6772.888671875
9077,3851.30126953125
9078,5539.74267578125
9079,4832.658203125
9080,5838.90234375
9081,7117.31494140625
9082,3851.30126953125
9083,7847.26025390625
9084,5950.31005859375
9085,5945.7470703125
9086,4116.19775390625
9087,3851.30126953125
9088,6064.51953125
9089,5818.8798828125
9090,6751.76220703125
9091,5555.576171875
9092,4985.521484375
9093,6139.83154296875
9094,5558.7333984375
9095,4604.251953125
9096,6672.4521484375
9097,4598.54345703125
9098,7372.03125
9099,7462.7333984375
9100,6841.396484375
9101,3902.861328125
9102,3985.193115234375
9103,3851.30126953125
9104,3851.30126953125
9105,6511.8837890625
9106,4364.7548828125
9107,7306.21728515625
9108,3851.30126953125
9109,4947.11669921875
9110,5280.94775390625
9111,8593.8251953125
9112,3851.30126953125
9113,4368.34228515625
9114,4243.541015625
9115,7050.85498046875
9116,4203.712890625
9117,6057.56103515625
9118,6750.61767578125
9119,8503.3916015625
9120,5129.37890625
9121,5550.1923828125
9122,4846.6025390625
9123,4157.5859375
9124,4200.1669921875
9125,8574.78515625
9126,7680.0966796875
9127,6269.4248046875
9128,13180.580078125
9129,4967.49658203125
9130,3853.65625
9131,4844.7744140625
9132,6896.8310546875
9133,7146.41845703125
9134,5518.8486328125
9135,6243.00341796875
9136,6547.91015625
9137,6157.6162109375
9138,4475.7509765625
9139,4281.3076171875
9140,4515.4404296875
9141,3918.6845703125
9142,3922.50537109375
9143,4572.3369140625
9144,6515.0439453125
9145,14152.708984375
9146,5591.13525390625
9147,4425.904296875
9148,5786.73388671875
9149,3851.30126953125
9150,5363.25927734375
9151,3851.30126953125
9152,7292.1689453125
9153,4879.642578125
9154,5388.9619140625
9155,10773.115234375
9156,9825.451171875
9157,5068.40576171875
9158,5385.408203125
9159,3851.30126953125
9160,5401.00927734375
9161,4830.90625
9162,6526.05419921875
9163,3851.30126953125
9164,3851.30126953125
9165,4846.0361328125
9166,4753.43798828125
9167,6148.21337890625
9168,5326.380859375
9169,3851.30126953125
9170,6132.28564453125
9171,6768.90380859375
9172,5509.6572265625
9173,3851.30126953125
9174,3851.30126953125
9175,6197.390625
9176,3851.30126953125
9177,8524.3037109375
9178,3881.132080078125
9179,4194.0859375
9180,5587.869140625
9181,4347.1064453125
9182,3851.30126953125
9183,4646.01806640625
9184,4688.9306640625
9185,8602.603515625
9186,7715.939453125
9187,4881.99853515625
9188,3851.30126953125
9189,4771.568359375
9190,6519.15625
9191,4515.84814453125
9192,4402.66845703125
9193,5410.3056640625
9194,9729.4970703125
9195,6114.6064453125
9196,5206.1689453125
9197,6075.275390625
9198,3918.50634765625
9199,7919.0419921875
9200,4685.779296875
9201,10394.546875
9202,4666.88134765625
9203,4079.273681640625
9204,4457.5078125
9205,3851.30126953125
9206,6077.162109375
9207,15994.099609375
9208,3924.908935546875
9209,4145.3173828125
9210,7321.2177734375
9211,5793.662109375
9212,5656.65283203125
9213,7049.15283203125
9214,4529.94482421875
9215,4125.88671875
9216,3851.30126953125
9217,8203.2470703125
9218,4546.533203125
9219,5900.02734375
9220,5786.955078125
9221,3851.30126953125
9222,6299.9990234375
9223,5194.9296875
9224,3851.30126953125
9225,7636.1259765625
9226,6740.86328125
9227,3876.734130859375
9228,6239.8369140625
9229,5311.07666015625
9230,3851.30126953125
9231,7281.078125
9232,5437.2421875
9233,7368.50439453125
9234,4010.3154296875
9235,3851.30126953125
9236,6165.123046875
9237,3851.30126953125
9238,6762.923828125
9239,3851.30126953125
9240,5995.88525390625
9241,4601.11572265625
9242,4380.0654296875
9243,5092.3896484375
9244,5974.19384765625
9245,4933.8515625
9246,6435.279296875
9247,4855.3720703125
9248,6522.931640625
9249,5479.6142578125
9250,6825.7666015625
9251,8388.4541015625
9252,6364.50390625
9253,3851.30126953125
9254,4405.80859375
9255,6275.6162109375
9256,4210.90625
9257,9191.068359375
9258,4348.6083984375
9259,7005.9677734375
9260,8627.7099609375
9261,5716.69140625
9262,3851.30126953125
9263,10057.8486328125
9264,8022.81005859375
9265,5242.6005859375
9266,7178.3408203125
9267,7847.9462890625
9268,4901.6845703125
9269,4872.7744140625
9270,5784.96875
9271,4482.966796875
9272,5005.30224609375
9273,5807.21484375
9274,4057.7138671875
9275,5328.69873046875
9276,5550.201171875
9277,5740.82177734375
9278,5922.78564453125
9279,5418.8359375
9280,6239.3671875
9281,3851.30126953125
9282,6085.3251953125
9283,5577.341796875
9284,5102.0009765625
9285,6032.78173828125
9286,5321.8798828125
9287,7528.5634765625
9288,4408.81640625
9289,3987.197998046875
9290,4716.0703125
9291,5509.986328125
9292,6342.0107421875
9293,4460.923828125
9294,3949.567626953125
9295,7236.9541015625
9296,6781.4560546875
9297,4912.0986328125
9298,6202.71630859375
9299,5486.78564453125
9300,5862.0556640625
9301,3851.30126953125
9302,3851.30126953125
9303,4991.36328125
9304,4997.24365234375
9305,5070.412109375
9306,7725.8017578125
9307,7391.70556640625
9308,4680.57421875
9309,7116.828125
9310,3851.30126953125
9311,3851.30126953125
9312,4833.7109375
9313,9311.013671875
9314,6512.7158203125
9315,5926.92529296875
9316,3851.30126953125
9317,5972.62939453125
9318,8171.23388671875
9319,4671.763671875
9320,6873.96923828125
9321,4993.119140625
9322,4242.919921875
9323,4772.8037109375
9324,4931.0048828125
9325,4783.1171875
9326,4303.61083984375
9327,4236.3583984375
9328,3851.30126953125
9329,6448.81103515625
9330,6254.1806640625
9331,3851.30126953125
9332,5524.9970703125
9333,5597.142578125
9334,4565.16064453125
9335,4119.51806640625
9336,7097.69970703125
9337,6552.861328125
9338,4529.97412109375
9339,3851.30126953125
9340,9480.017578125
9341,4790.9150390625
9342,3954.6171875
9343,6964.22021484375
9344,7743.56298828125
9345,6259.0986328125
9346,5170.72265625
9347,6868.27783203125
9348,6763.59033203125
9349,10828.40625
9350,3994.194580078125
9351,3851.30126953125
9352,4239.4912109375
9353,5877.322265625
9354,4348.419921875
9355,6923.09814453125
9356,7400.0947265625
9357,4571.7861328125
9358,3851.30126953125
9359,4916.7236328125
9360,7167.7919921875
9361,4438.78515625
9362,5388.6240234375
9363,3851.30126953125
9364,5679.06396484375
9365,5643.953125
9366,6342.6025390625
9367,7393.498046875
9368,5314.390625
9369,3851.30126953125
9370,5386.40478515625
9371,5994.80419921875
9372,7025.93017578125
9373,6105.4248046875
9374,6405.26171875
9375,4644.46728515625
9376,4059.961181640625
9377,8266.62109375
9378,3851.30126953125
9379,9014.09765625
9380,4696.26708984375
9381,3851.30126953125
9382,5884.75830078125
9383,5094.3515625
9384,5983.56396484375
9385,6596.74609375
9386,3851.30126953125
9387,3851.30126953125
9388,5055.591796875
9389,6915.5693359375
9390,8037.95654296875
9391,4481.5986328125
9392,5398.2578125
9393,5961.533203125
9394,5196.44189453125
9395,4611.392578125
9396,7999.97705078125
9397,6904.1083984375
9398,10144.921875
9399,3851.30126953125
9400,4948.294921875
9401,8968.095703125
9402,6646.89892578125
9403,4440.458984375
9404,8393.845703125
9405,5623.01806640625
9406,4123.263671875
9407,3851.30126953125
9408,3851.30126953125
9409,4443.1162109375
9410,5032.0927734375
9411,3851.30126953125
9412,4458.4853515625
9413,7465.41259765625
9414,6117.0244140625
9415,18809.525390625
9416,4894.955078125
9417,0.0
9418,0.0
9419,0.0
9420,0.0
9421,0.0
9422,0.0
9423,0.0
9424,0.0
9425,0.0
9426,0.0
9427,0.0
9428,0.0
9429,0.0
9430,0.0
9431,0.0
9432,0.0
9433,0.0
9434,0.0
9435,0.0
9436,0.0
9437,0.0
9438,0.0
9439,0.0
9440,0.0
9441,0.0
9442,0.0
9443,0.0
9444,0.0
9445,0.0
9446,0.0
9447,0.0
9448,0.0
9449,0.0
9450,0.0
9451,0.0
9452,0.0
9453,0.0
9454,0.0
9455,0.0
9456,0.0
9457,0.0
9458,0.0
9459,0.0
9460,0.0
9461,0.0
9462,0.0
9463,0.0
9464,0.0
9465,0.0
9466,0.0
9467,0.0
9468,0.0
9469,0.0
9470,0.0
9471,0.0
9472,0.0
9473,0.0
9474,0.0
9475,0.0
9476,0.0
9477,0.0
9478,0.0
9479,0.0
9480,0.0
9481,0.0
9482,0.0
9483,0.0
9484,0.0
9485,0.0
9486,0.0
9487,0.0
9488,0.0
9489,0.0
9490,0.0
9491,0.0
9492,0.0
9493,0.0
9494,0.0
9495,0.0
9496,0.0
9497,0.0
9498,0.0
9499,0.0
9500,0.0
9501,0.0
9502,0.0
9503,0.0
9504,0.0
9505,0.0
9506,0.0
9507,0.0
9508,4555.2939453125
9509,0.0
9510,0.0
9511,0.0
9512,0.0
9513,0.0
9514,0.0
9515,0.0
9516,0.0
9517,0.0
9518,0.0
9519,0.0
9520,0.0
9521,0.0
9522,0.0
9523,0.0
9524,0.0
9525,0.0
9526,0.0
9527,0.0
9528,0.0
9529,0.0
9530,0.0
9531,0.0
9532,0.0
9533,0.0
9534,0.0
9535,0.0
9536,0.0
9537,0.0
9538,0.0
9539,0.0
9540,0.0
9541,0.0
9542,0.0
9543,0.0
9544,0.0
9545,0.0
9546,0.0
9547,0.0
9548,0.0
9549,0.0
9550,0.0
9551,0.0
9552,0.0
9553,0.0
9554,0.0
9555,0.0
9556,0.0
9557,0.0
9558,0.0
9559,0.0
9560,0.0
9561,0.0
9562,0.0
9563,0.0
9564,0.0
9565,0.0
9566,0.0
9567,0.0
9568,0.0
9569,0.0
9570,0.0
9571,0.0
9572,0.0
9573,0.0
9574,0.0
9575,0.0
9576,3851.30126953125
9577,0.0
9578,0.0
9579,0.0
9580,0.0
9581,0.0
9582,0.0
9583,0.0
9584,0.0
9585,0.0
9586,0.0
9587,0.0
9588,0.0
9589,0.0
9590,0.0
9591,0.0
9592,0.0
9593,0.0
9594,0.0
9595,0.0
9596,0.0
9597,0.0
9598,0.0
9599,0.0
9600,0.0
9601,0.0
9602,0.0
9603,0.0
9604,0.0
9605,0.0
9606,0.0
9607,0.0
9608,0.0
9609,0.0
9610,0.0
9611,0.0
9612,0.0
9613,0.0
9614,0.0
9615,0.0
9616,0.0
9617,14088.99609375
9618,24170.595703125
9619,0.0
9620,0.0
9621,0.0
9622,0.0
9623,0.0
9624,0.0
9625,0.0
9626,6377.5244140625
9627,0.0
9628,0.0
9629,0.0
9630,0.0
9631,0.0
9632,0.0
9633,0.0
9634,0.0
9635,0.0
9636,0.0
9637,0.0
9638,0.0
9639,0.0
9640,0.0
9641,0.0
9642,0.0
9643,0.0
9644,0.0
9645,5184.73974609375
9646,0.0
9647,0.0
9648,0.0
9649,0.0
9650,0.0
9651,0.0
9652,0.0
9653,0.0
9654,0.0
9655,3867.51904296875
9656,0.0
9657,0.0
9658,0.0
9659,0.0
9660,0.0
9661,0.0
9662,0.0
9663,0.0
9664,0.0
9665,0.0
9666,0.0
9667,0.0
9668,0.0
9669,0.0
9670,0.0
9671,0.0
9672,0.0
9673,7903.4248046875
9674,0.0
9675,0.0
9676,0.0
9677,0.0
9678,0.0
9679,0.0
9680,0.0
9681,0.0
9682,0.0
9683,0.0
9684,0.0
9685,0.0
9686,0.0
9687,0.0
9688,0.0
9689,0.0
9690,8447.751953125
9691,0.0
9692,0.0
9693,0.0
9694,0.0
9695,0.0
9696,0.0
9697,0.0
9698,0.0
9699,0.0
9700,0.0
9701,0.0
9702,0.0
9703,0.0
9704,0.0
9705,0.0
9706,0.0
9707,0.0
9708,0.0
9709,0.0
9710,0.0
9711,0.0
9712,0.0
9713,0.0
9714,0.0
9715,0.0
9716,0.0
9717,0.0
9718,0.0
9719,0.0
9720,0.0
9721,0.0
9722,0.0
9723,0.0
9724,0.0
9725,0.0
9726,0.0
9727,0.0
9728,0.0
9729,0.0
9730,0.0
9731,0.0
9732,0.0
9733,0.0
9734,0.0
9735,0.0
9736,0.0
9737,0.0
9738,0.0
9739,0.0
9740,0.0
9741,0.0
9742,0.0
9743,0.0
9744,0.0
9745,0.0
9746,0.0
9747,0.0
9748,0.0
9749,0.0
9750,0.0
9751,0.0
9752,3851.30126953125
9753,0.0
9754,0.0
9755,0.0
9756,0.0
9757,0.0
9758,0.0
9759,0.0
9760,0.0
9761,0.0
9762,0.0
9763,0.0
9764,0.0
9765,0.0
9766,6029.4775390625
9767,0.0
9768,0.0
9769,0.0
9770,0.0
9771,0.0
9772,0.0
9773,0.0
9774,0.0
9775,0.0
9776,0.0
9777,0.0
9778,0.0
9779,0.0
9780,0.0
9781,0.0
9782,0.0
9783,0.0
9784,0.0
9785,0.0
9786,0.0
9787,0.0
9788,0.0
9789,0.0
9790,0.0
9791,0.0
9792,0.0
9793,0.0
9794,0.0
9795,0.0
9796,0.0
9797,0.0
9798,0.0
9799,0.0
9800,0.0
9801,0.0
9802,0.0
9803,0.0
9804,0.0
9805,0.0
9806,0.0
9807,0.0
9808,0.0
9809,8566.1357421875
9810,0.0
9811,0.0
9812,0.0
9813,0.0
9814,0.0
9815,0.0
9816,0.0
9817,0.0
9818,0.0
9819,3851.30126953125
9820,0.0
9821,0.0
9822,0.0
9823,5846.8818359375
9824,0.0
9825,0.0
9826,0.0
9827,0.0
9828,0.0
9829,0.0
9830,0.0
9831,0.0
9832,0.0
9833,0.0
9834,0.0
9835,0.0
9836,0.0
9837,0.0
9838,0.0
9839,0.0
9840,0.0
9841,0.0
9842,0.0
9843,0.0
9844,0.0
9845,0.0
9846,0.0
9847,0.0
9848,0.0
9849,0.0
9850,17740.8125
9851,0.0
9852,0.0
9853,0.0
9854,0.0
9855,0.0
9856,0.0
9857,0.0
9858,0.0
9859,0.0
9860,0.0
9861,0.0
9862,0.0
9863,0.0
9864,6075.37646484375
9865,0.0
9866,0.0
9867,0.0
9868,0.0
9869,0.0
9870,0.0
9871,0.0
9872,0.0
9873,0.0
9874,0.0
9875,0.0
9876,0.0
9877,0.0
9878,0.0
9879,0.0
9880,0.0
9881,0.0
9882,0.0
9883,0.0
9884,0.0
9885,0.0
9886,0.0
9887,0.0
9888,0.0
9889,0.0
9890,0.0
9891,0.0
9892,0.0
9893,0.0
9894,0.0
9895,0.0
9896,0.0
9897,0.0
9898,0.0
9899,0.0
9900,0.0
9901,0.0
9902,0.0
9903,0.0
9904,0.0
9905,0.0
9906,0.0
9907,0.0
9908,0.0
9909,0.0
9910,0.0
9911,0.0
9912,0.0
9913,0.0
9914,0.0
9915,0.0
9916,0.0
9917,0.0
9918,0.0
9919,0.0
9920,0.0
9921,0.0
9922,0.0
9923,0.0
9924,0.0
9925,0.0
9926,0.0
9927,0.0
9928,0.0
9929,0.0
9930,0.0
9931,0.0
9932,0.0
9933,0.0
9934,0.0
9935,0.0
9936,0.0
9937,0.0
9938,0.0
9939,11188.044921875
9940,0.0
9941,0.0
9942,0.0
9943,0.0
9944,0.0
9945,0.0
9946,0.0
9947,0.0
9948,0.0
9949,0.0
9950,0.0
9951,0.0
9952,0.0
9953,0.0
9954,0.0
9955,0.0
9956,0.0
9957,0.0
9958,0.0
9959,0.0
9960,0.0
9961,0.0
9962,0.0
9963,0.0
9964,0.0
9965,0.0
9966,0.0
9967,0.0
9968,0.0
9969,0.0
9970,0.0
9971,0.0
9972,0.0
9973,0.0
9974,0.0
9975,0.0
9976,0.0
9977,0.0
9978,0.0
9979,0.0
9980,0.0
9981,0.0
9982,0.0
9983,3851.30126953125
9984,14709.89453125
9985,0.0
9986,0.0
9987,0.0
9988,0.0
9989,0.0
9990,0.0
9991,0.0
9992,0.0
9993,0.0
9994,0.0
9995,0.0
9996,0.0
9997,0.0
9998,0.0
9999,0.0
10000,0.0
10001,0.0
10002,0.0
10003,0.0
10004,0.0
10005,0.0
10006,0.0
10007,0.0
10008,0.0
10009,0.0
10010,0.0
10011,0.0
10012,12291.69140625
10013,0.0
10014,0.0
10015,0.0
10016,0.0
10017,0.0
10018,0.0
10019,0.0
10020,0.0
10021,0.0
10022,0.0
10023,0.0
10024,0.0
10025,0.0
10026,0.0
10027,0.0
10028,0.0
10029,0.0
10030,0.0
10031,0.0
10032,0.0
10033,0.0
10034,0.0
10035,0.0
10036,0.0
10037,0.0
10038,0.0
10039,0.0
10040,0.0
10041,0.0
10042,0.0
10043,0.0
10044,0.0
10045,0.0
10046,0.0
10047,0.0
10048,0.0
10049,0.0
10050,0.0
10051,0.0
10052,0.0
10053,0.0
10054,0.0
10055,0.0
10056,0.0
10057,0.0
10058,0.0
10059,0.0
10060,0.0
10061,0.0
10062,0.0
10063,0.0
10064,0.0
10065,0.0
10066,0.0
10067,0.0
10068,0.0
10069,0.0
10070,0.0
10071,0.0
10072,0.0
10073,0.0
10074,0.0
10075,0.0
10076,0.0
10077,0.0
10078,0.0
10079,0.0
10080,0.0
10081,0.0
10082,3851.30126953125
10083,0.0
10084,0.0
10085,0.0
10086,3851.30126953125
10087,0.0
10088,0.0
10089,0.0
10090,0.0
10091,0.0
10092,0.0
10093,0.0
10094,0.0
10095,0.0
10096,0.0
10097,0.0
10098,0.0
10099,0.0
10100,0.0
10101,0.0
10102,0.0
10103,0.0
10104,0.0
10105,0.0
10106,0.0
10107,0.0
10108,0.0
10109,0.0
10110,0.0
10111,0.0
10112,0.0
10113,0.0
10114,0.0
10115,0.0
10116,0.0
10117,0.0
10118,0.0
10119,0.0
10120,0.0
10121,0.0
10122,0.0
10123,0.0
10124,0.0
10125,0.0
10126,0.0
10127,0.0
10128,0.0
10129,0.0
10130,0.0
10131,0.0
10132,0.0
10133,0.0
10134,0.0
10135,0.0
10136,0.0
10137,3851.30126953125
10138,0.0
10139,0.0
10140,0.0
10141,0.0
10142,0.0
10143,0.0
10144,0.0
10145,0.0
10146,0.0
10147,0.0
10148,0.0
10149,0.0
10150,0.0
10151,0.0
10152,10204.8955078125
10153,0.0
10154,0.0
10155,0.0
10156,0.0
10157,0.0
10158,0.0
10159,0.0
10160,0.0
10161,0.0
10162,0.0
10163,0.0
10164,0.0
10165,0.0
10166,0.0
10167,0.0
10168,0.0
10169,0.0
10170,0.0
10171,0.0
10172,0.0
10173,0.0
10174,0.0
10175,0.0
10176,0.0
10177,0.0
10178,0.0
10179,0.0
10180,0.0
10181,0.0
10182,0.0
10183,0.0
10184,0.0
10185,0.0
10186,0.0
10187,0.0
10188,0.0
10189,0.0
10190,0.0
10191,0.0
10192,0.0
10193,0.0
10194,0.0
10195,0.0
10196,0.0
10197,0.0
10198,0.0
10199,0.0
10200,0.0
10201,0.0
10202,0.0
10203,0.0
10204,0.0
10205,0.0
10206,0.0
10207,0.0
10208,0.0
10209,0.0
10210,0.0
10211,0.0
10212,0.0
10213,0.0
10214,0.0
10215,0.0
10216,4112.1572265625
10217,0.0
10218,0.0
10219,0.0
10220,0.0
10221,0.0
10222,0.0
10223,0.0
10224,0.0
10225,0.0
10226,0.0
10227,0.0
10228,0.0
10229,0.0
10230,0.0
10231,0.0
10232,0.0
10233,0.0
10234,0.0
10235,0.0
10236,0.0
10237,0.0
10238,0.0
10239,0.0
10240,0.0
10241,0.0
10242,0.0
10243,0.0
10244,0.0
10245,0.0
10246,0.0
10247,0.0
10248,0.0
10249,0.0
10250,0.0
10251,0.0
10252,0.0
10253,0.0
10254,0.0
10255,0.0
10256,0.0
10257,12018.919921875
10258,5206.197265625
10259,0.0
10260,0.0
10261,0.0
10262,0.0
10263,0.0
10264,0.0
10265,0.0
10266,0.0
10267,0.0
10268,0.0
10269,0.0
10270,0.0
10271,0.0
10272,0.0
10273,3851.30126953125
10274,4089.47265625
10275,6380.826171875
10276,3851.30126953125
10277,5697.38720703125
10278,4701.48828125
10279,4824.1083984375
10280,6665.0078125
10281,3851.30126953125
10282,3851.30126953125
10283,6168.1201171875
10284,5645.44580078125
10285,4213.2138671875
10286,5152.5966796875
10287,5533.095703125
10288,3851.30126953125
10289,4134.19140625
10290,6911.005859375
10291,7875.33837890625
10292,6388.97802734375
10293,5944.66162109375
10294,3851.30126953125
10295,4747.55419921875
10296,3851.30126953125
10297,6823.8369140625
10298,7980.45654296875
10299,8688.7255859375
10300,5247.3876953125
10301,3851.30126953125
10302,3994.7666015625
10303,4921.58251953125
10304,6660.61669921875
10305,4318.39697265625
10306,5006.55078125
10307,4299.5263671875
10308,5626.8212890625
10309,3851.30126953125
10310,6658.046875
10311,3851.30126953125
10312,6831.685546875
10313,6056.3818359375
10314,3851.30126953125
10315,7106.6630859375
10316,5975.7587890625
10317,4244.1650390625
10318,3851.30126953125
10319,7318.314453125
10320,9179.998046875
10321,5658.359375
10322,5309.529296875
10323,7646.18896484375
10324,6816.4501953125
10325,5173.58984375
10326,5455.638671875
10327,3851.30126953125
10328,3851.30126953125
10329,4420.99755859375
10330,5764.10400390625
10331,7924.5712890625
10332,6898.10693359375
10333,3851.30126953125
10334,7360.7353515625
10335,6317.7529296875
10336,5585.03759765625
10337,3851.30126953125
10338,9270.373046875
10339,3851.30126953125
10340,4206.435546875
10341,6620.25634765625
10342,3851.875244140625
10343,4990.62060546875
10344,3851.30126953125
10345,5248.33837890625
10346,4494.314453125
10347,4880.6875
10348,6878.88720703125
10349,7259.15087890625
10350,4916.55029296875
10351,3851.30126953125
10352,6951.52294921875
10353,9904.7890625
10354,4522.4970703125
10355,3851.30126953125
10356,5918.7451171875
10357,4873.1865234375
10358,5915.43408203125
10359,7663.373046875
10360,3851.30126953125
10361,6491.7998046875
10362,4786.21435546875
10363,6051.07666015625
10364,7885.1630859375
10365,3851.30126953125
10366,4383.82177734375
10367,4856.6220703125
10368,6336.3662109375
10369,6332.419921875
10370,4090.29345703125
10371,4445.3623046875
10372,6438.62841796875
10373,5133.02734375
10374,4389.8310546875
10375,5945.05322265625
10376,3851.30126953125
10377,5481.15087890625
10378,4370.71533203125
10379,3851.30126953125
10380,4804.8779296875
10381,4825.7890625
10382,4508.99658203125
10383,6819.50244140625
10384,7206.82763671875
10385,3851.30126953125
10386,6850.03271484375
10387,3851.30126953125
10388,3851.30126953125
10389,7076.1845703125
10390,6976.85546875
10391,6386.35107421875
10392,8374.5283203125
10393,6230.9658203125
10394,4467.96484375
10395,6244.84423828125
10396,6604.12744140625
10397,4404.2958984375
10398,3851.30126953125
10399,4372.541015625
10400,4472.552734375
10401,4572.70361328125
10402,3851.30126953125
10403,5236.88623046875
10404,5951.09130859375
10405,5404.7080078125
10406,5293.02001953125
10407,3851.30126953125
10408,5674.3828125
10409,6414.18408203125
10410,3851.30126953125
10411,5215.9453125
10412,3851.30126953125
10413,5047.10546875
10414,3851.30126953125
10415,3851.30126953125
10416,4351.56005859375
10417,6776.4091796875
10418,6202.79443359375
10419,5704.45849609375
10420,11061.431640625
10421,3851.30126953125
10422,4828.55859375
10423,9199.642578125
10424,5693.5849609375
10425,7186.8134765625
10426,5709.7119140625
10427,5252.00732421875
10428,5814.50537109375
10429,3932.80859375
10430,4493.88671875
10431,7349.3193359375
10432,5212.9287109375
10433,3851.30126953125
10434,3851.30126953125
10435,7190.08984375
10436,8979.1396484375
10437,3851.30126953125
10438,5943.26416015625
10439,3851.30126953125
10440,3851.30126953125
10441,3851.30126953125
10442,3851.30126953125
10443,5398.49853515625
10444,6881.65234375
10445,4647.76171875
10446,4155.3212890625
10447,6649.14990234375
10448,7824.2607421875
10449,6191.4189453125
10450,4458.25439453125
10451,7865.21142578125
10452,8053.49853515625
10453,3851.30126953125
10454,5019.326171875
10455,5213.55908203125
10456,5822.3544921875
10457,3851.30126953125
10458,4655.13818359375
10459,3851.30126953125
10460,8120.04931640625
10461,5678.87060546875
10462,5990.94921875
10463,6863.25830078125
10464,4702.42626953125
10465,7039.00244140625
10466,15244.845703125
10467,7614.498046875
10468,3851.30126953125
10469,3851.30126953125
10470,5667.728515625
10471,6383.43115234375
10472,3851.30126953125
10473,8449.4482421875
10474,15691.8828125
10475,4390.01171875
10476,3851.30126953125
10477,9578.9501953125
10478,3851.30126953125
10479,6351.65380859375
10480,3851.30126953125
10481,5137.62060546875
10482,3999.47998046875
10483,6079.0400390625
10484,4643.4384765625
10485,4523.46337890625
10486,8645.890625
10487,5569.5185546875
10488,5181.7724609375
10489,5922.90234375
10490,4707.4609375
10491,5108.2861328125
10492,7622.912109375
10493,4750.73681640625
10494,5194.5615234375
10495,4349.9404296875
10496,3851.30126953125
10497,5120.91162109375
10498,3851.30126953125
10499,4692.5068359375
10500,7130.708984375
10501,8104.6884765625
10502,6487.99609375
10503,4061.025146484375
10504,3851.30126953125
10505,3851.30126953125
10506,4589.10546875
10507,5436.119140625
10508,3851.30126953125
10509,5955.9306640625
10510,4918.8818359375
10511,7582.96337890625
10512,5220.3466796875
10513,3851.30126953125
10514,3851.30126953125
10515,3851.30126953125
10516,8450.06640625
10517,4886.4482421875
10518,5632.15478515625
10519,11259.904296875
10520,7551.9150390625
10521,3851.30126953125
10522,4570.8134765625
10523,3851.30126953125
10524,3943.7548828125
10525,3851.30126953125
10526,3861.13427734375
10527,8183.7841796875
10528,5113.78759765625
10529,8462.220703125
10530,9429.9140625
10531,4644.4140625
10532,4842.67578125
10533,4136.6240234375
10534,4676.1767578125
10535,4376.5927734375
10536,9240.576171875
10537,5812.74658203125
10538,7180.767578125
10539,3851.30126953125
10540,5688.4267578125
10541,5412.0078125
10542,6949.77197265625
10543,5935.498046875
10544,4641.47607421875
10545,6174.36865234375
10546,4496.20849609375
10547,7662.83984375
10548,6458.64990234375
10549,6601.5078125
10550,8265.2353515625
10551,6380.4052734375
10552,7225.7744140625
10553,3851.30126953125
10554,3851.30126953125
10555,4674.1708984375
10556,8748.6728515625
10557,6417.6708984375
10558,7027.54638671875
10559,5523.90771484375
10560,6753.92236328125
10561,4119.23486328125
10562,6639.62939453125
10563,5124.3115234375
10564,3851.30126953125
10565,10737.271484375
10566,13860.634765625
10567,6288.97216796875
10568,6182.3330078125
10569,6257.18408203125
10570,7136.0693359375
10571,7578.208984375
10572,3851.30126953125
10573,3851.30126953125
10574,5077.0927734375
10575,7657.201171875
10576,3851.30126953125
10577,3851.30126953125
10578,5014.7958984375
10579,4696.1484375
10580,4892.5849609375
10581,3851.30126953125
10582,3851.30126953125
10583,6681.6513671875
10584,3851.30126953125
10585,4234.28271484375
10586,5004.16162109375
10587,4678.076171875
10588,8107.5517578125
10589,9311.966796875
10590,4311.56298828125
10591,6284.58984375
10592,5700.64111328125
10593,9258.2890625
10594,4497.2587890625
10595,3851.30126953125
10596,4522.01611328125
10597,9902.2578125
10598,3868.892822265625
10599,6724.28173828125
10600,3851.30126953125
10601,3851.30126953125
10602,6308.51513671875
10603,5086.68603515625
10604,4163.958984375
10605,7722.3408203125
10606,8284.0576171875
10607,7215.7421875
10608,4268.89599609375
10609,8857.828125
10610,3851.30126953125
10611,3851.30126953125
10612,5896.4462890625
10613,4277.4951171875
10614,9372.8173828125
10615,3851.30126953125
10616,4350.22216796875
10617,5109.1298828125
10618,7778.2001953125
10619,8877.431640625
10620,3958.280029296875
10621,3851.30126953125
10622,8600.865234375
10623,8233.2802734375
10624,4233.72314453125
10625,4403.3193359375
10626,7784.0283203125
10627,5339.177734375
10628,4554.76611328125
10629,3851.30126953125
10630,7015.548828125
10631,4204.7509765625
10632,10230.9873046875
10633,6539.85107421875
10634,9938.1171875
10635,6321.14306640625
10636,4074.83349609375
10637,3851.30126953125
10638,5502.375
10639,5345.1484375
10640,4834.837890625
10641,8040.291015625
10642,4928.041015625
10643,3851.30126953125
10644,6727.3583984375
10645,3851.30126953125
10646,7166.5068359375
10647,6791.87939453125
10648,6428.62939453125
10649,7528.1767578125
10650,4507.69775390625
10651,6987.49609375
10652,6584.59912109375
10653,4840.853515625
10654,5766.205078125
10655,3851.30126953125
10656,7759.177734375
10657,5847.1962890625
10658,3851.30126953125
10659,4527.3583984375
10660,6798.083984375
10661,5615.8974609375
10662,3851.30126953125
10663,5465.84765625
10664,4680.0712890625
10665,5086.88916015625
10666,4105.1484375
10667,8357.10546875
10668,3865.093017578125
10669,3851.30126953125
10670,5477.7421875
10671,5435.7744140625
10672,3851.30126953125
10673,4500.40234375
10674,8406.5576171875
10675,6117.32421875
10676,9372.9853515625
10677,7815.3671875
10678,7070.0654296875
10679,6615.48193359375
10680,3876.28271484375
10681,9069.87109375
10682,7860.875
10683,6869.05712890625
10684,4798.04638671875
10685,4645.76953125
10686,4005.9736328125
10687,3851.30126953125
10688,10068.2978515625
10689,5548.3505859375
10690,4537.8837890625
10691,4115.37255859375
10692,3851.30126953125
10693,7548.79736328125
10694,4777.83203125
10695,3962.6640625
10696,3851.30126953125
10697,5350.4052734375
10698,4838.24365234375
10699,3851.30126953125
10700,8522.59765625
10701,4107.0703125
10702,4145.28125
10703,3851.30126953125
10704,3851.30126953125
10705,4674.2890625
10706,12314.78125
10707,3886.771484375
10708,5094.6103515625
10709,4869.8583984375
10710,3888.74072265625
10711,3851.30126953125
10712,5370.15625
10713,3851.30126953125
10714,7786.36669921875
10715,5805.1513671875
10716,3851.30126953125
10717,7632.35595703125
10718,3851.30126953125
10719,4136.4306640625
10720,8821.3037109375
10721,6486.09814453125
10722,8699.064453125
10723,3851.30126953125
10724,5076.224609375
10725,4920.27001953125
10726,4267.77734375
10727,13112.3291015625
10728,9943.951171875
10729,4513.033203125
10730,3851.30126953125
10731,5253.45703125
10732,3851.30126953125
10733,3851.30126953125
10734,6189.0
10735,4458.833984375
10736,5222.99560546875
10737,6651.23828125
10738,4593.380859375
10739,4182.921875
10740,5517.5234375
10741,5167.99072265625
10742,6480.35205078125
10743,3851.30126953125
10744,4890.2548828125
10745,6218.8759765625
10746,7266.45556640625
10747,5362.46923828125
10748,6338.09716796875
10749,3851.30126953125
10750,7367.5654296875
10751,4621.623046875
10752,3851.30126953125
10753,4149.04296875
10754,3851.30126953125
10755,4660.01953125
10756,6016.623046875
10757,3851.30126953125
10758,5239.8837890625
10759,4262.8681640625
10760,7346.205078125
10761,6836.2333984375
10762,4512.09765625
10763,6577.73779296875
10764,5106.423828125
10765,3851.30126953125
10766,9285.2626953125
10767,3851.30126953125
10768,3851.30126953125
10769,6234.1181640625
10770,8352.546875
10771,9359.8876953125
10772,3934.970458984375
10773,4577.6865234375
10774,5875.35009765625
10775,6657.1796875
10776,3851.30126953125
10777,7103.39208984375
10778,3851.30126953125
10779,4703.7607421875
10780,3851.30126953125
10781,3851.30126953125
10782,3851.30126953125
10783,6735.087890625
10784,6198.21240234375
10785,5856.56591796875
10786,4963.3564453125
10787,7321.2265625
10788,7052.6455078125
10789,3851.30126953125
10790,3851.30126953125
10791,4788.7177734375
10792,6892.6015625
10793,4861.560546875
10794,3851.30126953125
10795,5705.96240234375
10796,5853.21875
10797,5278.12890625
10798,5134.154296875
10799,3851.30126953125
10800,8122.982421875
10801,3851.30126953125
10802,7914.34228515625
10803,5129.80419921875
10804,4105.4208984375
10805,7224.50732421875
10806,3851.30126953125
10807,4600.22802734375
10808,7402.61376953125
10809,3851.30126953125
10810,6972.54345703125
10811,8718.51953125
10812,6758.2685546875
10813,3851.30126953125
10814,4118.0986328125
10815,3851.30126953125
10816,3851.30126953125
10817,3978.167724609375
10818,5708.43505859375
10819,4661.421875
10820,4044.7314453125
10821,4801.32373046875
10822,3882.879150390625
10823,8004.36083984375
10824,4898.32861328125
10825,5490.7373046875
10826,4246.017578125
10827,5336.3447265625
10828,4851.4130859375
10829,5680.2978515625
10830,7283.4345703125
10831,7362.75830078125
10832,7255.3818359375
10833,4990.68017578125
10834,4681.11474609375
10835,3851.30126953125
10836,5437.921875
10837,7529.52001953125
10838,5901.21142578125
10839,6313.63037109375
10840,12655.361328125
10841,3851.30126953125
10842,4007.9150390625
10843,3937.115478515625
10844,7355.75830078125
10845,8760.919921875
10846,6987.06494140625
10847,6029.10595703125
10848,7084.8505859375
10849,6683.6689453125
10850,5364.86181640625
10851,5452.509765625
10852,3851.30126953125
10853,4135.3369140625
10854,3851.30126953125
10855,3851.30126953125
10856,5993.29248046875
10857,15260.755859375
10858,5638.41357421875
10859,3851.30126953125
10860,4029.5380859375
10861,4229.1669921875
10862,5263.13037109375
10863,3851.30126953125
10864,5333.3212890625
10865,5484.44140625
10866,3851.30126953125
10867,10267.6318359375
10868,10518.4228515625
10869,3851.30126953125
10870,4492.3017578125
10871,3851.30126953125
10872,3902.822998046875
10873,3969.807861328125
10874,7298.6025390625
10875,3851.30126953125
10876,4606.458984375
10877,4010.509033203125
10878,4601.4794921875
10879,4498.7744140625
10880,6245.7138671875
10881,3851.30126953125
10882,7384.95556640625
10883,5803.3779296875
10884,4307.0341796875
10885,3851.30126953125
10886,3851.30126953125
10887,3851.30126953125
10888,4236.52880859375
10889,8653.46484375
10890,3851.30126953125
10891,3965.00390625
10892,6164.54248046875
10893,4362.03173828125
10894,4525.6845703125
10895,3991.653564453125
10896,5129.8134765625
10897,8608.6748046875
10898,5765.10693359375
10899,5160.28857421875
10900,3851.30126953125
10901,4346.31787109375
10902,5503.9345703125
10903,4143.43408203125
10904,3999.001953125
10905,4998.35546875
10906,9703.17578125
10907,6275.37841796875
10908,3951.61181640625
10909,4153.4033203125
10910,4496.0126953125
10911,6354.9677734375
10912,5167.9443359375
10913,8471.8525390625
10914,5958.04736328125
10915,4617.96875
10916,3851.30126953125
10917,3851.30126953125
10918,4143.2607421875
10919,17110.416015625
10920,3851.30126953125
10921,4454.73828125
10922,5543.6103515625
10923,6000.974609375
10924,5026.078125
10925,7267.01708984375
10926,4754.41015625
10927,5026.6826171875
10928,3851.30126953125
10929,7594.20751953125
10930,3851.30126953125
10931,5959.31396484375
10932,7390.9638671875
10933,3895.642333984375
10934,6266.58203125
10935,6009.74560546875
10936,3851.30126953125
10937,5761.31591796875
10938,6314.1669921875
10939,3851.30126953125
10940,7762.27685546875
10941,5774.4931640625
10942,3974.3994140625
10943,8699.791015625
10944,6401.7626953125
10945,5518.9677734375
10946,3934.591552734375
10947,3851.30126953125
10948,4764.5244140625
10949,3851.30126953125
10950,5928.31640625
10951,3851.30126953125
10952,5168.50634765625
10953,3851.30126953125
10954,4385.2890625
10955,4689.4130859375
10956,4004.067626953125
10957,5006.8505859375
10958,8163.27880859375
10959,5023.63134765625
10960,6047.9384765625
10961,4861.2431640625
10962,5297.9560546875
10963,8764.935546875
10964,7007.046875
10965,3851.30126953125
10966,4727.0859375
10967,4855.4189453125
10968,4452.041015625
10969,10539.390625
10970,4990.75341796875
10971,4921.58740234375
10972,8011.5751953125
10973,6091.087890625
10974,3851.30126953125
10975,5573.45947265625
10976,7067.66552734375
10977,5396.40185546875
10978,7609.1005859375
10979,6480.19970703125
10980,6930.7734375
10981,4692.888671875
10982,3851.30126953125
10983,3851.30126953125
10984,5343.83544921875
10985,6843.7646484375
10986,3851.30126953125
10987,7227.31689453125
10988,6194.6533203125
10989,4240.5634765625
10990,5963.4296875
10991,4020.297607421875
10992,5714.2294921875
10993,3851.30126953125
10994,4910.251953125
10995,4281.79638671875
10996,3851.30126953125
10997,6021.04833984375
10998,6847.67626953125
10999,6721.39111328125
11000,4744.78564453125
11001,3882.392578125
11002,5433.4169921875
11003,6124.86279296875
11004,6076.8720703125
11005,3851.30126953125
11006,3851.30126953125
11007,7772.68896484375
11008,6124.08154296875
11009,3851.30126953125
11010,7264.86279296875
11011,5973.30078125
11012,5360.3779296875
11013,4126.07421875
11014,3851.30126953125
11015,5263.12353515625
11016,4596.765625
11017,4937.033203125
11018,8325.0390625
11019,6087.71533203125
11020,3851.30126953125
11021,3851.30126953125
11022,3851.30126953125
11023,3851.30126953125
11024,4663.6640625
11025,8611.9716796875
11026,5438.271484375
11027,3851.30126953125
11028,3851.30126953125
11029,3958.2734375
11030,6499.3916015625
11031,5929.318359375
11032,8340.779296875
11033,3884.268310546875
11034,4747.70849609375
11035,3851.30126953125
11036,5097.322265625
11037,3851.30126953125
11038,3851.30126953125
11039,3976.177978515625
11040,3851.30126953125
11041,6257.5927734375
11042,3929.29296875
11043,4050.828125
11044,4816.20458984375
11045,6151.3212890625
11046,5021.2158203125
11047,3978.612060546875
11048,9567.86328125
11049,5728.46826171875
11050,5920.73681640625
11051,3851.30126953125
11052,5738.76416015625
11053,4949.080078125
11054,3941.270751953125
11055,7285.3349609375
11056,8222.2421875
11057,5439.1015625
11058,5725.77392578125
11059,6312.68359375
11060,6424.47412109375
11061,9441.0146484375
11062,3851.30126953125
11063,3851.30126953125
11064,4567.46875
11065,5469.845703125
11066,5057.7265625
11067,7576.70166015625
11068,5409.13134765625
11069,5199.23583984375
11070,3851.30126953125
11071,5718.9345703125
11072,7734.361328125
11073,3851.30126953125
11074,5950.6728515625
11075,3851.30126953125
11076,6066.5810546875
11077,4840.1533203125
11078,4035.464599609375
11079,5197.703125
11080,3939.153564453125
11081,4520.173828125
11082,6056.07666015625
11083,4649.62109375
11084,7212.931640625
11085,5265.630859375
11086,7917.24853515625
11087,5061.8134765625
11088,3851.30126953125
11089,7486.8876953125
11090,3851.30126953125
11091,8202.7705078125
11092,4919.25
11093,4530.7099609375
11094,5922.02392578125
11095,3975.651611328125
11096,4083.79833984375
11097,5904.8359375
11098,3851.30126953125
11099,3851.30126953125
11100,5748.75927734375
11101,5267.7802734375
11102,9310.83984375
11103,5219.5732421875
11104,5111.150390625
11105,3851.30126953125
11106,5493.99072265625
11107,3851.30126953125
11108,8878.837890625
11109,6406.513671875
11110,11596.2578125
11111,4545.255859375
11112,4441.35205078125
11113,7417.6064453125
11114,7387.9072265625
11115,3851.30126953125
11116,8167.73095703125
11117,5376.0048828125
11118,4827.36865234375
11119,5357.451171875
11120,4286.5859375
11121,3851.30126953125
11122,4485.546875
11123,3851.30126953125
11124,3851.30126953125
11125,6625.521484375
11126,5152.0341796875
11127,20386.322265625
11128,5974.70263671875
11129,4613.296875
11130,7491.53466796875
11131,8895.1259765625
11132,5816.306640625
11133,6259.43505859375
11134,5695.6123046875
11135,7682.435546875
11136,7436.4853515625
11137,5098.81884765625
11138,5863.365234375
11139,7059.572265625
11140,7404.3125
11141,6149.8427734375
11142,7835.654296875
11143,5777.140625
11144,4402.017578125
11145,5468.716796875
11146,9637.8642578125
11147,10593.5625
11148,8768.3984375
11149,6968.70703125
11150,4869.42431640625
11151,5432.830078125
11152,4160.2568359375
11153,7626.77490234375
11154,9982.138671875
11155,9131.5830078125
11156,5596.279296875
11157,4626.6826171875
11158,4526.357421875
11159,5439.7119140625
11160,9385.328125
11161,6771.34716796875
11162,5349.95068359375
11163,5195.77197265625
11164,7192.86669921875
11165,3868.41162109375
11166,7043.783203125
11167,4054.052978515625
11168,7113.20166015625
11169,7189.24755859375
11170,5061.90185546875
11171,7282.33447265625
11172,6739.82666015625
11173,4490.9443359375
11174,6011.908203125
11175,7456.3154296875
11176,10358.927734375
11177,6122.1591796875
11178,7454.5927734375
11179,7467.51220703125
11180,8826.3408203125
11181,6823.474609375
11182,8968.3125
11183,4308.14599609375
11184,4339.72412109375
11185,6027.416015625
11186,6326.96875
11187,8961.3017578125
11188,7752.08154296875
11189,5308.259765625
11190,7589.984375
11191,6721.13623046875
11192,9625.251953125
11193,3857.7265625
11194,12120.94140625
11195,4731.7919921875
11196,5862.3369140625
11197,8274.248046875
11198,4891.46923828125
11199,5458.18017578125
11200,6178.2021484375
11201,6898.576171875
11202,5239.89208984375
11203,5096.98583984375
11204,7768.38671875
11205,7987.41552734375
11206,6859.77294921875
11207,4220.2666015625
11208,7289.13525390625
11209,10510.044921875
11210,6227.05224609375
11211,4674.083984375
11212,6648.47314453125
11213,5929.60498046875
11214,6921.80419921875
11215,7635.02197265625
11216,3888.685791015625
11217,7926.7158203125
11218,5375.265625
11219,7206.63623046875
11220,9006.9658203125
11221,4476.84130859375
11222,6321.0703125
11223,5221.72900390625
11224,6912.95263671875
11225,8603.7138671875
11226,4850.333984375
11227,4780.4677734375
11228,6786.40478515625
11229,6360.037109375
11230,5619.1826171875
11231,8306.14453125
11232,6239.29150390625
11233,7348.8330078125
11234,5509.22119140625
11235,4194.4091796875
11236,6291.98095703125
11237,7179.84423828125
11238,7712.841796875
11239,7782.79248046875
11240,7941.22265625
11241,5152.95703125
11242,8920.984375
11243,5006.232421875
11244,6923.98876953125
11245,8811.34765625
11246,6807.044921875
11247,8744.6669921875
11248,8141.564453125
11249,7440.548828125
11250,5792.47021484375
11251,7089.201171875
11252,7985.57080078125
11253,5700.1806640625
11254,3851.30126953125
11255,4953.37109375
11256,7279.25537109375
11257,6445.30029296875
11258,4704.54296875
11259,8238.5107421875
11260,6396.634765625
11261,6249.12939453125
11262,5429.16015625
11263,4963.3759765625
11264,6702.40673828125
11265,7130.07666015625
11266,6354.41796875
11267,5398.02197265625
11268,4802.9033203125
11269,6139.6455078125
11270,3920.531494140625
11271,6107.4716796875
11272,4995.53955078125
11273,8302.634765625
11274,6988.01416015625
11275,6378.08154296875
11276,9882.9833984375
11277,4707.06201171875
11278,5237.78857421875
11279,9893.9267578125
11280,6552.46337890625
11281,8025.267578125
11282,7182.03857421875
11283,5606.5966796875
11284,6186.35595703125
11285,5211.380859375
11286,7177.38037109375
11287,10570.0244140625
11288,6677.25390625
11289,3851.30126953125
11290,4860.91845703125
11291,8281.283203125
11292,9390.578125
11293,5950.638671875
11294,6826.33642578125
11295,4473.46923828125
11296,4946.1298828125
11297,3851.30126953125
11298,4261.4990234375
11299,5865.87939453125
11300,6890.41357421875
11301,6892.8349609375
11302,5619.46337890625
11303,8112.43359375
11304,8879.830078125
11305,6982.1318359375
11306,4740.7265625
11307,8779.18359375
11308,9927.1923828125
11309,5878.5224609375
11310,7557.4384765625
11311,4827.3232421875
11312,6158.50732421875
11313,4057.897705078125
11314,6562.5849609375
11315,4958.56201171875
11316,8758.1337890625
11317,7005.13330078125
11318,7838.2783203125
11319,7795.56005859375
11320,5469.919921875
11321,8412.048828125
11322,17337.75390625
11323,10086.0224609375
11324,5193.576171875
11325,3851.30126953125
11326,6251.822265625
11327,8767.703125
11328,5762.328125
11329,10850.921875
11330,18335.86328125
11331,4275.28759765625
11332,5046.87890625
11333,8881.9658203125
11334,4596.5078125
11335,8557.70703125
11336,5826.4697265625
11337,7285.03955078125
11338,4504.93115234375
11339,6943.43212890625
11340,6334.73291015625
11341,7142.0732421875
11342,9236.216796875
11343,6522.1337890625
11344,5966.658203125
11345,6608.66845703125
11346,5201.62060546875
11347,5140.85400390625
11348,7711.1201171875
11349,5487.67041015625
11350,6073.0537109375
11351,7032.43359375
11352,5617.8125
11353,5271.740234375
11354,7018.1337890625
11355,6845.115234375
11356,8135.5068359375
11357,7886.65185546875
11358,7150.37158203125
11359,5106.60205078125
11360,4057.544677734375
11361,6517.3984375
11362,6814.24072265625
11363,5277.5546875
11364,4323.16015625
11365,8842.826171875
11366,7087.35400390625
11367,9138.052734375
11368,6046.5576171875
11369,5428.021484375
11370,5100.83544921875
11371,4629.970703125
11372,9681.587890625
11373,5273.8173828125
11374,7664.93994140625
11375,13845.9375
11376,8087.728515625
11377,6134.35009765625
11378,4989.9931640625
11379,4107.0634765625
11380,7096.65234375
11381,4046.76123046875
11382,5699.68212890625
11383,9163.693359375
11384,5934.03466796875
11385,13424.5927734375
11386,12316.1533203125
11387,4981.52783203125
11388,7271.6650390625
11389,5313.60302734375
11390,6299.734375
11391,4943.775390625
11392,10601.9921875
11393,7428.7490234375
11394,8611.4833984375
11395,4356.6513671875
11396,7069.46240234375
11397,4818.7158203125
11398,8429.814453125
11399,7192.43115234375
11400,6184.41015625
11401,6971.54931640625
11402,6263.9892578125
11403,8278.01953125
11404,9181.3603515625
11405,6165.43896484375
11406,9794.642578125
11407,6842.64697265625
11408,9047.638671875
11409,5322.13232421875
11410,5357.30859375
11411,5449.0927734375
11412,9866.1953125
11413,6573.701171875
11414,7486.97998046875
11415,6496.42138671875
11416,8389.6826171875
11417,4643.0478515625
11418,8180.20361328125
11419,5738.4072265625
11420,3923.56884765625
11421,12691.15234375
11422,15391.431640625
11423,6944.43505859375
11424,8046.25146484375
11425,8647.890625
11426,9441.861328125
11427,10470.833984375
11428,5919.765625
11429,7186.56005859375
11430,5652.6474609375
11431,8305.80859375
11432,3973.058349609375
11433,5132.38427734375
11434,5634.0859375
11435,6306.08984375
11436,7105.61083984375
11437,5105.8466796875
11438,4475.12109375
11439,6820.6162109375
11440,4114.8271484375
11441,4652.3779296875
11442,5656.220703125
11443,6494.12890625
11444,9127.6025390625
11445,8976.5546875
11446,6372.90185546875
11447,6483.75537109375
11448,6162.9755859375
11449,10621.056640625
11450,7095.00244140625
11451,5421.82275390625
11452,4432.5166015625
11453,9417.05859375
11454,4424.787109375
11455,7176.19775390625
11456,3851.30126953125
11457,4882.2255859375
11458,7146.43798828125
11459,6124.54150390625
11460,5342.529296875
11461,8385.07421875
11462,9727.7978515625
11463,10604.943359375
11464,6199.845703125
11465,9392.962890625
11466,3851.30126953125
11467,5493.12060546875
11468,6145.8017578125
11469,4231.435546875
11470,8283.791015625
11471,5008.64501953125
11472,4754.0400390625
11473,7787.09033203125
11474,10201.556640625
11475,8546.3466796875
11476,5332.87353515625
11477,5263.6904296875
11478,10184.8037109375
11479,7886.38818359375
11480,5466.84765625
11481,5107.45263671875
11482,7317.6591796875
11483,8819.703125
11484,4874.5771484375
11485,6069.01806640625
11486,7750.08984375
11487,7505.39208984375
11488,12404.5458984375
11489,6468.5048828125
11490,11513.984375
11491,6903.37841796875
11492,5120.96142578125
11493,3851.30126953125
11494,5770.61962890625
11495,6044.49365234375
11496,5428.1748046875
11497,7790.47021484375
11498,4895.7734375
11499,4508.04052734375
11500,7349.00390625
11501,3973.992431640625
11502,7740.234375
11503,6885.05078125
11504,7068.0029296875
11505,8339.2353515625
11506,5329.21044921875
11507,9136.990234375
11508,6379.95947265625
11509,4937.43017578125
11510,5314.1357421875
11511,5100.9560546875
11512,9465.2919921875
11513,6657.7158203125
11514,4833.00634765625
11515,7870.9638671875
11516,8305.751953125
11517,6669.25439453125
11518,6105.39306640625
11519,8184.83251953125
11520,5592.8193359375
11521,6146.62158203125
11522,5337.53857421875
11523,8762.3896484375
11524,5188.294921875
11525,5957.8466796875
11526,5567.0048828125
11527,5640.8583984375
11528,4676.2021484375
11529,5391.4482421875
11530,8192.685546875
11531,8445.50390625
11532,10633.48046875
11533,10567.80078125
11534,7903.05322265625
11535,7169.734375
11536,4693.58837890625
11537,9830.08984375
11538,9357.701171875
11539,7444.99462890625
11540,7913.240234375
11541,8057.767578125
11542,5472.06640625
11543,3851.30126953125
11544,10400.544921875
11545,5500.8017578125
11546,5806.97412109375
11547,5820.7216796875
11548,3851.30126953125
11549,10640.8544921875
11550,5569.48779296875
11551,4997.90380859375
11552,4392.5205078125
11553,5768.98291015625
11554,6073.41943359375
11555,7214.1279296875
11556,6870.1865234375
11557,4688.1005859375
11558,4862.1083984375
11559,4011.93359375
11560,3851.30126953125
11561,6848.73095703125
11562,17462.494140625
11563,5228.87890625
11564,5528.6572265625
11565,6428.30517578125
11566,5015.69091796875
11567,5044.7470703125
11568,5051.4833984375
11569,4558.45703125
11570,7491.2158203125
11571,7113.08544921875
11572,4054.475830078125
11573,8625.548828125
11574,5175.509765625
11575,4962.505859375
11576,9319.33984375
11577,8193.4599609375
11578,9621.650390625
11579,5553.5869140625
11580,6553.07177734375
11581,4902.4423828125
11582,5059.12060546875
11583,13788.4970703125
11584,9933.6708984375
11585,6273.1611328125
11586,4415.2109375
11587,4913.06005859375
11588,5619.17626953125
11589,4390.255859375
11590,9384.18359375
11591,4836.7802734375
11592,5775.626953125
11593,7542.43017578125
11594,4975.96533203125
11595,6045.32275390625
11596,6722.076171875
11597,7610.8935546875
11598,7686.7939453125
11599,4423.287109375
11600,5929.18603515625
11601,6671.82763671875
11602,8766.53125
11603,8296.9169921875
11604,6872.9345703125
11605,4650.98779296875
11606,7798.42578125
11607,5062.2841796875
11608,4204.63671875
11609,7089.4658203125
11610,6564.57861328125
11611,6348.80078125
11612,6109.78369140625
11613,5993.84716796875
11614,7126.34326171875
11615,5684.25390625
11616,6896.697265625
11617,7301.6611328125
11618,5846.697265625
11619,8715.880859375
11620,6389.09130859375
11621,4129.50341796875
11622,10687.3125
11623,5543.70263671875
11624,3969.98583984375
11625,7711.28125
11626,8975.7001953125
11627,10289.4482421875
11628,4894.681640625
11629,5989.45849609375
11630,6173.080078125
11631,7383.779296875
11632,5999.193359375
11633,8312.974609375
11634,3851.30126953125
11635,5767.29052734375
11636,5899.1455078125
11637,5331.4169921875
11638,5016.99609375
11639,6850.08056640625
11640,7767.962890625
11641,5579.86962890625
11642,7764.2158203125
11643,7091.10888671875
11644,8456.02734375
11645,4628.9716796875
11646,6402.9169921875
11647,6527.80126953125
11648,8036.8046875
11649,8679.9345703125
11650,4257.6416015625
11651,7522.43603515625
11652,7850.8681640625
11653,7527.5888671875
11654,5180.71630859375
11655,3851.30126953125
11656,7865.48876953125
11657,6072.9287109375
11658,8074.86767578125
11659,7296.4169921875
11660,5216.0107421875
11661,7974.162109375
11662,5634.1025390625
11663,6297.09912109375
11664,7607.25341796875
11665,5411.4072265625
11666,8278.0712890625
11667,10179.1083984375
11668,7607.06201171875
11669,4722.44921875
11670,5178.111328125
11671,4863.0712890625
11672,3851.30126953125
11673,7945.263671875
11674,5468.5703125
11675,8361.1318359375
11676,4496.140625
11677,7087.69091796875
11678,6249.4833984375
11679,9754.998046875
11680,4588.51904296875
11681,5978.67626953125
11682,5601.013671875
11683,7367.9482421875
11684,5803.88671875
11685,6966.98095703125
11686,7800.28564453125
11687,8819.0009765625
11688,7561.521484375
11689,6297.95556640625
11690,5792.20361328125
11691,4454.640625
11692,5336.640625
11693,10113.2529296875
11694,9080.7998046875
11695,7736.80517578125
11696,14264.734375
11697,6044.7958984375
11698,4959.6435546875
11699,5943.2529296875
11700,8015.287109375
11701,9595.5712890625
11702,6855.455078125
11703,7757.4580078125
11704,8128.666015625
11705,7060.24267578125
11706,5974.482421875
11707,5945.146484375
11708,5231.8837890625
11709,5116.6298828125
11710,3851.30126953125
11711,5360.25048828125
11712,8019.70703125
11713,15597.421875
11714,6816.24853515625
11715,5012.6591796875
11716,6990.55419921875
11717,4234.263671875
11718,6342.72314453125
11719,4168.24072265625
11720,8158.43017578125
11721,5966.19140625
11722,6257.3046875
11723,12392.8515625
11724,11159.185546875
11725,5845.3603515625
11726,6574.42431640625
11727,3969.910400390625
11728,5286.9892578125
11729,5245.44921875
11730,8473.001953125
11731,4584.18359375
11732,4064.18359375
11733,5706.46923828125
11734,5707.06884765625
11735,7447.67431640625
11736,6344.20166015625
11737,3851.30126953125
11738,7766.42431640625
11739,7966.86376953125
11740,7367.00244140625
11741,4173.435546875
11742,4440.5166015625
11743,6850.97802734375
11744,4272.1552734375
11745,9794.33203125
11746,4746.732421875
11747,5142.0498046875
11748,6552.70166015625
11749,5619.36376953125
11750,4495.13671875
11751,5650.5791015625
11752,6498.17724609375
11753,8735.3125
11754,9049.056640625
11755,5995.56494140625
11756,3979.65869140625
11757,5170.7412109375
11758,7009.0283203125
11759,4969.15087890625
11760,5600.0810546875
11761,5913.67822265625
11762,11075.529296875
11763,7235.34716796875
11764,5705.1962890625
11765,6653.02294921875
11766,4509.548828125
11767,8518.5166015625
11768,5223.3388671875
11769,11682.8056640625
11770,6434.43408203125
11771,5378.03125
11772,5391.11328125
11773,3964.605224609375
11774,6772.98974609375
11775,17555.98828125
11776,4794.8876953125
11777,5430.0556640625
11778,9140.876953125
11779,6575.87451171875
11780,6797.314453125
11781,7857.93603515625
11782,6545.35498046875
11783,5356.1083984375
11784,4511.791015625
11785,9126.142578125
11786,5718.83447265625
11787,6733.46240234375
11788,7243.27734375
11789,4601.716796875
11790,7129.64697265625
11791,6369.5029296875
11792,3851.30126953125
11793,8050.69580078125
11794,8631.3046875
11795,4538.5712890625
11796,7348.0
11797,7007.3857421875
11798,4655.994140625
11799,9553.90625
11800,6550.2841796875
11801,8168.65234375
11802,4634.9541015625
11803,4851.08251953125
11804,5975.9677734375
11805,4189.9091796875
11806,7586.59619140625
11807,4178.3564453125
11808,6159.85546875
11809,4750.720703125
11810,5206.89111328125
11811,5367.291015625
11812,6389.1064453125
11813,6936.86572265625
11814,8217.6728515625
11815,5790.48291015625
11816,7541.83154296875
11817,6219.01220703125
11818,8095.40869140625
11819,8748.162109375
11820,6914.1748046875
11821,3851.30126953125
11822,5797.638671875
11823,6952.99462890625
11824,4777.1494140625
11825,10716.13671875
11826,5586.0810546875
11827,7539.056640625
11828,9756.5849609375
11829,6243.80078125
11830,4367.50244140625
11831,9959.859375
11832,9526.9765625
11833,5774.31298828125
11834,8612.701171875
11835,9156.0341796875
11836,6225.578125
11837,5306.40380859375
11838,6503.09326171875
11839,5548.97216796875
11840,5556.14208984375
11841,7032.96923828125
11842,4829.9658203125
11843,6620.24951171875
11844,7109.49609375
11845,6508.8017578125
11846,7801.04931640625
11847,5581.88916015625
11848,6615.55322265625
11849,4293.7705078125
11850,7244.4482421875
11851,6734.65771484375
11852,5879.751953125
11853,6714.76708984375
11854,7310.2021484375
11855,8849.705078125
11856,5511.64111328125
11857,5096.36376953125
11858,5992.06396484375
11859,6933.42333984375
11860,7043.03564453125
11861,4558.931640625
11862,4268.125
11863,7800.2880859375
11864,7193.49365234375
11865,5425.2919921875
11866,8013.48974609375
11867,6675.16015625
11868,6996.13232421875
11869,4931.83203125
11870,4052.162109375
11871,6798.4697265625
11872,5779.64013671875
11873,5705.70556640625
11874,8963.703125
11875,7485.953125
11876,4515.869140625
11877,7950.1083984375
11878,3851.30126953125
11879,3851.30126953125
11880,5801.95556640625
11881,10591.5234375
11882,7928.009765625
11883,6252.4384765625
11884,4397.8916015625
11885,6586.7421875
11886,8932.7998046875
11887,5717.45751953125
11888,8093.7578125
11889,5933.4296875
11890,4912.6103515625
11891,5330.8916015625
11892,5110.4619140625
11893,4969.6416015625
11894,4871.06982421875
11895,4748.921875
11896,4417.6259765625
11897,6815.54052734375
11898,6708.12353515625
11899,4878.0439453125
11900,5958.591796875
11901,6293.912109375
11902,5295.4560546875
11903,4844.82421875
11904,9410.17578125
11905,7258.705078125
11906,6121.55517578125
11907,3925.027587890625
11908,11216.595703125
11909,6191.55908203125
11910,4995.0888671875
11911,8860.1669921875
11912,8011.37255859375
11913,6815.9482421875
11914,5769.27490234375
11915,7500.4072265625
11916,9036.0498046875
11917,12177.9140625
11918,4663.01806640625
11919,4506.5673828125
11920,5053.46435546875
11921,6508.5537109375
11922,5572.1884765625
11923,7837.68798828125
11924,8696.947265625
11925,5745.93359375
11926,4321.14208984375
11927,6011.04931640625
11928,9188.25
11929,5074.46484375
11930,6823.07470703125
11931,3877.342041015625
11932,7483.56005859375
11933,7271.31298828125
11934,6818.75048828125
11935,8400.640625
11936,6472.50048828125
11937,4196.1328125
11938,6112.697265625
11939,6585.85009765625
11940,7701.8134765625
11941,7253.73388671875
11942,7730.224609375
11943,6500.3095703125
11944,4047.674072265625
11945,9442.5390625
11946,4526.73974609375
11947,9936.7724609375
11948,5662.78515625
11949,4601.3388671875
11950,6419.525390625
11951,5794.9384765625
11952,7461.60009765625
11953,7794.755859375
11954,3919.798828125
11955,4472.5458984375
11956,6767.3994140625
11957,8302.01171875
11958,9445.28125
11959,5577.328125
11960,6109.2744140625
11961,6908.53857421875
11962,6109.59814453125
11963,5126.9267578125
11964,9727.09375
11965,8195.82421875
11966,11409.40234375
11967,4576.1240234375
11968,5461.3876953125
11969,9155.357421875
11970,8848.646484375
11971,5207.25244140625
11972,9886.2451171875
11973,6761.74267578125
11974,5310.91357421875
11975,5161.58251953125
11976,4616.4853515625
11977,4980.6318359375
11978,6062.2548828125
11979,4861.9345703125
11980,4818.173828125
11981,8930.15234375
11982,6614.8916015625
11983,20813.203125
11984,6530.55224609375
11985,4476.2685546875
11986,7079.73779296875
11987,8860.2216796875
11988,5757.759765625
11989,6464.1865234375
11990,5508.4384765625
11991,7636.8359375
11992,7319.330078125
11993,4922.42578125
11994,5714.08349609375
11995,6645.6806640625
11996,7557.10009765625
11997,6057.1396484375
11998,7788.20654296875
11999,5623.95458984375
12000,4210.86328125
12001,5247.73095703125
12002,9683.5302734375
12003,10599.470703125
12004,9045.51171875
12005,6609.41162109375
12006,5017.796875
12007,5074.2158203125
12008,4233.6787109375
12009,7413.251953125
12010,9692.4111328125
12011,9378.5693359375
12012,5466.6826171875
12013,4580.232421875
12014,4488.21337890625
12015,5399.40234375
12016,9781.3515625
12017,6116.912109375
12018,5063.30615234375
12019,5008.9521484375
12020,7095.328125
12021,3851.30126953125
12022,6884.39697265625
12023,3902.44384765625
12024,7157.88818359375
12025,6919.9697265625
12026,4921.671875
12027,7149.82568359375
12028,6812.2919921875
12029,4419.4169921875
12030,5863.7783203125
12031,7333.53759765625
12032,9908.80078125
12033,6089.9609375
12034,7666.1708984375
12035,7593.11669921875
12036,8868.8330078125
12037,6605.01708984375
12038,9034.4599609375
12039,4520.14697265625
12040,4235.0625
12041,5845.56591796875
12042,5968.69921875
12043,8954.4482421875
12044,7738.01806640625
12045,5323.84716796875
12046,7232.845703125
12047,6754.86865234375
12048,9923.443359375
12049,3851.30126953125
12050,12048.9775390625
12051,4634.1025390625
12052,5775.31298828125
12053,8330.412109375
12054,4706.1748046875
12055,5409.158203125
12056,5727.17626953125
12057,6450.4951171875
12058,4849.0888671875
12059,5179.12255859375
12060,7614.85302734375
12061,7759.90380859375
12062,6978.01123046875
12063,4313.6171875
12064,7124.2509765625
12065,10207.369140625
12066,6113.5087890625
12067,4640.0986328125
12068,6359.6611328125
12069,5639.44091796875
12070,6649.609375
12071,7678.18701171875
12072,3851.30126953125
12073,7769.1474609375
12074,5303.09033203125
12075,6980.2265625
12076,9477.947265625
12077,4301.7880859375
12078,5710.8974609375
12079,5063.9150390625
12080,6927.39111328125
12081,8336.744140625
12082,4652.12451171875
12083,4594.2861328125
12084,6586.60302734375
12085,6077.7734375
12086,5553.24658203125
12087,8350.400390625
12088,6379.64599609375
12089,7427.5966796875
12090,5135.8779296875
12091,4189.873046875
12092,6139.7314453125
12093,7409.93994140625
12094,7592.14599609375
12095,7122.177734375
12096,7733.8984375
12097,4884.7890625
12098,8742.7939453125
12099,5016.88330078125
12100,6731.25537109375
12101,8934.0888671875
12102,6399.05908203125
12103,8800.478515625
12104,7936.2587890625
12105,7277.548828125
12106,5713.66943359375
12107,6812.01513671875
12108,7829.51611328125
12109,5917.23876953125
12110,3851.30126953125
12111,4958.74755859375
12112,7471.51708984375
12113,6179.455078125
12114,4629.5869140625
12115,8334.921875
12116,6377.05859375
12117,6171.404296875
12118,5349.427734375
12119,4919.0693359375
12120,6855.94384765625
12121,6724.53662109375
12122,6451.38818359375
12123,5320.3173828125
12124,4803.30419921875
12125,5926.744140625
12126,3988.343994140625
12127,6043.10400390625
12128,4946.53759765625
12129,8122.240234375
12130,6823.00341796875
12131,6097.5244140625
12132,9193.2880859375
12133,4870.806640625
12134,4990.00830078125
12135,10004.2001953125
12136,6166.1826171875
12137,7990.70068359375
12138,7099.41455078125
12139,5035.26171875
12140,6023.1708984375
12141,5181.0576171875
12142,7248.412109375
12143,10734.3349609375
12144,6543.7666015625
12145,3851.30126953125
12146,4791.8154296875
12147,7725.00341796875
12148,9001.4033203125
12149,5912.00146484375
12150,6761.42578125
12151,4336.90576171875
12152,4812.6357421875
12153,3851.30126953125
12154,4284.63134765625
12155,5352.6455078125
12156,6733.58740234375
12157,6743.4892578125
12158,5422.314453125
12159,7621.00390625
12160,8754.5390625
12161,6730.021484375
12162,4439.9814453125
12163,8644.0087890625
12164,9768.748046875
12165,5691.25390625
12166,7675.578125
12167,4512.2822265625
12168,5847.3984375
12169,4184.86865234375
12170,6994.8740234375
12171,4840.20947265625
12172,8826.7802734375
12173,6443.078125
12174,7797.10009765625
12175,7832.79931640625
12176,5078.03125
12177,8276.033203125
12178,17510.82421875
12179,9742.4814453125
12180,5344.48291015625
12181,3851.30126953125
12182,5879.611328125
12183,8697.818359375
12184,5871.48388671875
12185,10658.599609375
12186,17852.91015625
12187,4015.012939453125
12188,5164.9599609375
12189,8749.5458984375
12190,4630.55029296875
12191,8756.330078125
12192,6001.884765625
12193,7106.51318359375
12194,4384.833984375
12195,6679.33984375
12196,6098.7294921875
12197,7038.93212890625
12198,9064.771484375
12199,6422.859375
12200,5588.947265625
12201,6832.1162109375
12202,5026.763671875
12203,4827.81640625
12204,7551.8076171875
12205,5337.6357421875
12206,5953.05517578125
12207,6801.2880859375
12208,5797.68017578125
12209,5549.482421875
12210,7338.9404296875
12211,6926.66748046875
12212,7798.7294921875
12213,7747.21484375
12214,7019.623046875
12215,4849.97265625
12216,3922.1630859375
12217,6084.103515625
12218,6772.0546875
12219,5263.72705078125
12220,4338.6005859375
12221,8927.302734375
12222,6858.9287109375
12223,9124.357421875
12224,5997.41015625
12225,5172.08740234375
12226,5034.5947265625
12227,4402.158203125
12228,9487.5927734375
12229,4941.3515625
12230,7436.845703125
12231,14056.087890625
12232,7894.2431640625
12233,6127.4833984375
12234,4572.71044921875
12235,4186.1484375
12236,6927.1845703125
12237,3851.30126953125
12238,5906.080078125
12239,9281.6943359375
12240,5280.1767578125
12241,13898.5068359375
12242,12702.8173828125
12243,4887.17724609375
12244,7377.4501953125
12245,5275.35546875
12246,6245.03076171875
12247,4809.19970703125
12248,10458.2607421875
12249,6842.419921875
12250,8868.9326171875
12251,4376.71142578125
12252,6999.8798828125
12253,4536.26953125
12254,8709.84765625
12255,6829.91455078125
12256,5864.66162109375
12257,6268.96533203125
12258,6086.22021484375
12259,7947.4130859375
12260,9230.5732421875
12261,5775.54638671875
12262,9707.0712890625
12263,6737.10986328125
12264,9098.5537109375
12265,5289.7412109375
12266,4977.04833984375
12267,4967.8046875
12268,9966.076171875
12269,6334.0576171875
12270,7178.7529296875
12271,6443.2236328125
12272,8133.78076171875
12273,4508.728515625
12274,8392.1064453125
12275,5856.638671875
12276,3851.30126953125
12277,12819.18359375
12278,15410.732421875
12279,6786.22314453125
12280,7751.06298828125
12281,8870.4365234375
12282,9551.5419921875
12283,10655.4150390625
12284,5528.59814453125
12285,7510.978515625
12286,5260.6943359375
12287,8068.6630859375
12288,4024.677734375
12289,4982.7705078125
12290,5242.06201171875
12291,6252.716796875
12292,7007.24951171875
12293,5212.2802734375
12294,4416.68359375
12295,6686.384765625
12296,3890.197998046875
12297,4494.3984375
12298,5479.0244140625
12299,6394.478515625
12300,8904.8935546875
12301,8621.2021484375
12302,6499.01416015625
12303,6268.50830078125
12304,6193.17822265625
12305,10594.0341796875
12306,7188.97705078125
12307,5084.3486328125
12308,4415.759765625
12309,9153.9365234375
12310,4239.814453125
12311,6699.1171875
12312,3851.30126953125
12313,4690.2666015625
12314,7302.75390625
12315,6126.35986328125
12316,5259.10107421875
12317,8312.0458984375
12318,9584.275390625
12319,11007.3837890625
12320,6340.44970703125
12321,9346.931640625
12322,3851.30126953125
12323,5146.9794921875
12324,5828.0791015625
12325,4121.10986328125
12326,8122.40966796875
12327,4975.9169921875
12328,4711.0830078125
12329,7821.0869140625
12330,10572.74609375
12331,8627.1455078125
12332,5293.40869140625
12333,5016.666015625
12334,11051.580078125
12335,7686.74365234375
12336,5504.29296875
12337,4959.611328125
12338,6898.83837890625
12339,9131.455078125
12340,4883.3798828125
12341,5905.7099609375
12342,7639.46728515625
12343,7414.34423828125
12344,12314.287109375
12345,6361.9873046875
12346,11896.265625
12347,6681.908203125
12348,4804.078125
12349,3851.30126953125
12350,6065.583984375
12351,5959.40869140625
12352,5371.1181640625
12353,7340.244140625
12354,4741.9345703125
12355,4427.796875
12356,6891.05078125
12357,3851.30126953125
12358,7731.43017578125
12359,6586.67333984375
12360,7119.26513671875
12361,7843.0068359375
12362,5149.56103515625
12363,9126.857421875
12364,6504.970703125
12365,4819.9931640625
12366,5203.4150390625
12367,5105.4423828125
12368,9716.494140625
12369,6253.86962890625
12370,4672.7138671875
12371,7598.501953125
12372,8040.15185546875
12373,6485.31005859375
12374,6140.66064453125
12375,8136.9384765625
12376,5523.705078125
12377,5993.078125
12378,5315.4736328125
12379,8208.5869140625
12380,5294.1513671875
12381,5806.47021484375
12382,5194.4443359375
12383,5317.283203125
12384,4265.845703125
12385,5170.8251953125
12386,8100.3662109375
12387,8648.6484375
12388,10180.525390625
12389,10635.541015625
12390,7583.28857421875
12391,7166.3544921875
12392,4435.04296875
12393,9722.607421875
12394,9305.9345703125
12395,7115.3974609375
12396,7855.63525390625
12397,7726.8154296875
12398,5533.08837890625
12399,3851.30126953125
12400,10417.421875
12401,5532.794921875
12402,6062.3642578125
12403,6131.1552734375
12404,3851.30126953125
12405,10860.138671875
12406,5517.3046875
12407,4841.29296875
12408,4297.095703125
12409,5552.2412109375
12410,5910.2373046875
12411,7478.5830078125
12412,6618.060546875
12413,4386.4248046875
12414,4797.30859375
12415,3952.073486328125
12416,3851.30126953125
12417,6499.5830078125
12418,17180.939453125
12419,4971.8427734375
12420,5301.45361328125
12421,6323.8740234375
12422,4750.0888671875
12423,4990.701171875
12424,4749.9013671875
12425,4454.064453125
12426,7237.4033203125
12427,6717.1650390625
12428,4094.216552734375
12429,8390.9111328125
12430,5349.85107421875
12431,4752.1796875
12432,9238.6484375
12433,8078.56982421875
12434,9419.8037109375
12435,5791.02734375
12436,6545.6396484375
12437,4451.083984375
12438,4850.23291015625
12439,13720.9208984375
12440,9740.5078125
12441,6061.486328125
12442,4835.74609375
12443,4749.4130859375
12444,5520.9775390625
12445,4409.36474609375
12446,9528.275390625
12447,4845.5595703125
12448,5467.20458984375
12449,7116.7001953125
12450,4644.890625
12451,6055.10009765625
12452,6615.11962890625
12453,7484.38037109375
12454,7421.806640625
12455,4244.712890625
12456,5929.1103515625
12457,6531.580078125
12458,8681.5078125
12459,8226.61328125
12460,6807.353515625
12461,4510.771484375
12462,7609.3525390625
12463,5180.4892578125
12464,4014.68359375
12465,6780.7587890625
12466,6408.07861328125
12467,6375.1220703125
12468,5877.9111328125
12469,5851.58447265625
12470,6795.50732421875
12471,5247.259765625
12472,6566.76123046875
12473,7124.15673828125
12474,5723.09033203125
12475,8506.771484375
12476,6263.8056640625
12477,4163.85546875
12478,10420.14453125
12479,5225.35693359375
12480,3851.30126953125
12481,7753.26123046875
12482,8915.0771484375
12483,10534.9296875
12484,4853.88671875
12485,5730.53759765625
12486,5995.4853515625
12487,7308.142578125
12488,5872.83056640625
12489,7795.384765625
12490,3851.30126953125
12491,5600.775390625
12492,5642.3955078125
12493,5311.12841796875
12494,5070.1494140625
12495,6757.20849609375
12496,7516.84912109375
12497,5734.72802734375
12498,7856.04150390625
12499,7059.060546875
12500,8133.74609375
12501,4581.54541015625
12502,5959.06396484375
12503,6277.0849609375
12504,7962.24951171875
12505,8520.8994140625
12506,3968.777587890625
12507,7460.9599609375
12508,7574.45849609375
12509,7278.56201171875
12510,5033.9091796875
12511,3851.30126953125
12512,7735.90966796875
12513,6258.91650390625
12514,7580.94091796875
12515,6994.919921875
12516,5272.78466796875
12517,7469.8564453125
12518,5882.66845703125
12519,6203.19921875
12520,7671.14892578125
12521,5450.517578125
12522,8500.7421875
12523,10040.8095703125
12524,7804.21240234375
12525,4505.044921875
12526,4856.7421875
12527,4592.9619140625
12528,3851.30126953125
12529,7911.55029296875
12530,5193.14990234375
12531,8063.6357421875
12532,4250.68798828125
12533,6941.125
12534,6325.17724609375
12535,9742.0302734375
12536,4347.0224609375
12537,5775.76953125
12538,4983.89453125
12539,7212.90234375
12540,5701.640625
12541,6632.18115234375
12542,7333.68701171875
12543,8562.544921875
12544,7444.5283203125
12545,6117.41748046875
12546,5517.27685546875
12547,4486.48095703125
12548,5095.25
12549,9972.53125
12550,9038.0078125
12551,8139.26025390625
12552,14137.291015625
12553,5930.35498046875
12554,4900.43408203125
12555,5961.0322265625
12556,7734.5087890625
12557,9432.0546875
12558,6269.771484375
12559,7607.39697265625
12560,7640.90380859375
12561,7078.27001953125
12562,5827.45751953125
12563,5500.36083984375
12564,5189.86572265625
12565,4722.66259765625
12566,3851.30126953125
12567,5187.89501953125
12568,7848.4267578125
12569,15456.9453125
12570,6786.92333984375
12571,5269.25927734375
12572,7301.68212890625
12573,4050.98046875
12574,6250.1865234375
12575,3993.425537109375
12576,8846.166015625
12577,5547.392578125
12578,6027.75
12579,12398.6328125
12580,10982.341796875
12581,5808.28857421875
12582,6596.10546875
12583,3851.30126953125
12584,5154.7255859375
12585,5125.546875
12586,8149.8037109375
12587,4491.77734375
12588,3887.566650390625
12589,5533.21630859375
12590,5468.80712890625
12591,7384.466796875
12592,6362.548828125
12593,3851.30126953125
12594,7415.513671875
12595,8030.1201171875
12596,6932.07666015625
12597,3998.186767578125
12598,4253.4501953125
12599,7147.1767578125
12600,4074.5107421875
12601,9385.2060546875
12602,4531.3095703125
12603,4800.8994140625
12604,6441.75439453125
12605,5453.8134765625
12606,4557.5302734375
12607,5479.09716796875
12608,6440.06640625
12609,8876.658203125
12610,9232.228515625
12611,5842.77099609375
12612,4092.409912109375
12613,5228.00634765625
12614,6874.5859375
12615,4571.6162109375
12616,5547.87255859375
12617,5729.931640625
12618,11217.3466796875
12619,7347.61083984375
12620,5324.72119140625
12621,6526.7294921875
12622,4374.64453125
12623,8404.083984375
12624,5158.13427734375
12625,12135.5498046875
12626,6211.62646484375
12627,5039.17919921875
12628,5096.5556640625
12629,3909.611572265625
12630,6704.90234375
12631,17326.19140625
12632,4751.23095703125
12633,4937.1953125
12634,9044.9501953125
12635,6309.1083984375
12636,6959.4150390625
12637,7644.46533203125
12638,6251.0341796875
12639,5139.9951171875
12640,4463.2529296875
12641,9224.4521484375
12642,5863.640625
12643,6578.8125
12644,7367.76171875
12645,4673.02294921875
12646,6858.76708984375
12647,6107.5205078125
12648,3851.30126953125
12649,7946.6826171875
12650,8341.6796875
12651,4599.33642578125
12652,6870.21630859375
12653,6557.2001953125
12654,4421.8955078125
12655,9062.4345703125
12656,6240.541015625
12657,8175.63232421875
12658,4360.86865234375
12659,4851.880859375
12660,5959.1201171875
12661,3957.274169921875
12662,7597.5380859375
12663,4120.3369140625
12664,6201.5869140625
12665,4888.91796875
12666,4941.400390625
12667,5456.6787109375
12668,6387.0986328125
12669,6614.8603515625
12670,7706.59326171875
12671,5860.587890625
12672,7633.0576171875
12673,6209.58837890625
12674,8250.0830078125
12675,8946.578125
12676,6825.39404296875
12677,3851.30126953125
12678,5540.7099609375
12679,6907.07470703125
12680,4695.37744140625
12681,10519.34765625
12682,5544.751953125
12683,7712.74755859375
12684,9894.478515625
12685,6019.09765625
12686,4437.89013671875
12687,10070.7900390625
12688,9357.8818359375
12689,5421.306640625
12690,8685.18359375
12691,9107.322265625
12692,6036.65625
12693,5234.06591796875
12694,6616.8037109375
12695,5607.951171875
12696,5258.98193359375
12697,6660.30908203125
12698,4569.7734375
12699,6533.36328125
12700,6805.18212890625
12701,6465.83203125
12702,7461.5009765625
12703,5418.0400390625
12704,6762.41259765625
12705,4216.2802734375
12706,7139.88037109375
12707,6729.9404296875
12708,5584.046875
12709,6446.3857421875
12710,6757.17724609375
12711,8840.5810546875
12712,5266.2568359375
12713,5140.47998046875
12714,5952.3427734375
12715,6324.5947265625
12716,6848.0546875
12717,4361.9697265625
12718,4172.0712890625
12719,7819.96728515625
12720,7329.85791015625
12721,5364.583984375
12722,7446.50146484375
12723,6611.4541015625
12724,6989.20751953125
12725,4497.615234375
12726,3896.041259765625
12727,6732.99658203125
12728,5539.63134765625
12729,5697.79443359375
12730,8829.544921875
12731,7764.93505859375
12732,4712.3955078125
12733,7881.77978515625
12734,3880.285400390625
12735,3851.30126953125
12736,5642.9921875
12737,10906.1943359375
12738,7742.8681640625
12739,6315.14013671875
12740,4320.73583984375
12741,6650.9677734375
12742,9025.923828125
12743,5459.7158203125
12744,8285.3408203125
12745,5820.62890625
12746,4861.662109375
12747,5564.0498046875
12748,5011.65234375
12749,5026.3291015625
12750,4781.01513671875
12751,4624.2861328125
12752,4342.51513671875
12753,7064.423828125
12754,6594.4130859375
12755,4732.1591796875
12756,5916.39453125
12757,6141.21337890625
12758,5281.51171875
12759,4751.697265625
12760,8880.275390625
12761,7289.80908203125
12762,5977.5595703125
12763,3864.85302734375
12764,11147.3310546875
12765,6090.6650390625
12766,4805.564453125
12767,8873.8095703125
12768,8241.3115234375
12769,6699.29052734375
12770,5501.8515625
12771,7360.412109375
12772,8913.89453125
12773,12513.4375
12774,4486.318359375
12775,4107.029296875
12776,4645.849609375
12777,6299.75537109375
12778,5295.73828125
12779,7733.2158203125
12780,8657.64453125
12781,5607.65966796875
12782,4159.4248046875
12783,6081.4169921875
12784,9488.2021484375
12785,4963.13037109375
12786,6609.361328125
12787,3851.30126953125
12788,7223.2880859375
12789,7236.49169921875
12790,6782.4765625
12791,8573.4033203125
12792,6053.4716796875
12793,4117.0419921875
12794,5761.4794921875
12795,6599.36767578125
12796,7520.94580078125
12797,7225.54931640625
12798,7707.58251953125
12799,6336.30224609375
12800,3851.30126953125
12801,9374.2880859375
12802,4442.6953125
12803,9899.6416015625
12804,5491.25634765625
12805,4359.3173828125
12806,6279.79541015625
12807,5589.59716796875
12808,7392.71240234375
12809,7671.6083984375
12810,3851.30126953125
12811,4242.44921875
12812,6763.6455078125
12813,8420.9423828125
12814,9331.8154296875
12815,5343.775390625
12816,6040.62451171875
12817,7153.80615234375
12818,5839.91455078125
12819,5009.8427734375
12820,9227.359375
12821,8119.3349609375
12822,11212.4033203125
12823,4336.8662109375
12824,5437.08544921875
12825,9022.755859375
12826,8405.1552734375
12827,5136.0986328125
12828,9854.767578125
12829,6759.76904296875
12830,5207.21337890625
12831,4821.9267578125
12832,4280.27734375
12833,4739.71484375
12834,6160.80810546875
12835,4720.970703125
12836,4672.279296875
12837,8705.6435546875
12838,6469.74658203125
12839,20627.62109375
12840,6479.4541015625
12841,4381.388671875
12842,7066.7958984375
12843,9200.337890625
12844,5960.71826171875
12845,6819.8583984375
12846,5500.45263671875
12847,7879.44091796875
12848,7545.61181640625
12849,4819.2548828125
12850,5857.853515625
12851,6518.4287109375
12852,7688.2939453125
12853,6364.78955078125
12854,7673.4326171875
12855,5662.48828125
12856,4229.79931640625
12857,5060.71875
12858,9978.513671875
12859,11039.2353515625
12860,9686.984375
12861,6674.8154296875
12862,5597.3955078125
12863,5035.3095703125
12864,4219.712890625
12865,7635.92431640625
12866,9733.6611328125
12867,9560.884765625
12868,5621.17919921875
12869,4880.7021484375
12870,4862.27294921875
12871,5186.12451171875
12872,10254.701171875
12873,6098.53759765625
12874,4762.65478515625
12875,5018.5576171875
12876,7357.2783203125
12877,3851.30126953125
12878,6855.3369140625
12879,3873.046630859375
12880,7042.11083984375
12881,6711.859375
12882,5137.8466796875
12883,7056.103515625
12884,6877.2265625
12885,4790.841796875
12886,6065.61474609375
12887,7190.7236328125
12888,9985.5546875
12889,6062.94775390625
12890,7925.51806640625
12891,7938.71533203125
12892,8900.623046875
12893,6767.63525390625
12894,9380.7470703125
12895,4618.59716796875
12896,4466.7041015625
12897,6101.80859375
12898,6013.251953125
12899,8903.58203125
12900,7622.73486328125
12901,5474.39111328125
12902,7228.14892578125
12903,6911.63671875
12904,10169.3056640625
12905,3851.30126953125
12906,12375.34765625
12907,4807.49853515625
12908,5748.84814453125
12909,8710.23828125
12910,4953.45263671875
12911,5647.50390625
12912,5869.6220703125
12913,6350.42041015625
12914,4595.80029296875
12915,5195.4892578125
12916,7669.822265625
12917,7873.15087890625
12918,7459.7763671875
12919,4252.873046875
12920,7288.025390625
12921,10144.447265625
12922,6327.31494140625
12923,4732.94921875
12924,6186.46728515625
12925,5755.48095703125
12926,6476.2919921875
12927,7628.33203125
12928,3851.30126953125
12929,7890.44921875
12930,5536.34765625
12931,7032.4296875
12932,9799.263671875
12933,4447.7958984375
12934,5493.4638671875
12935,5056.88818359375
12936,6971.92431640625
12937,8280.3232421875
12938,4656.60546875
12939,4558.83984375
12940,6412.7119140625
12941,5974.2900390625
12942,5462.44921875
12943,8360.4326171875
12944,6471.3623046875
12945,7325.43212890625
12946,5017.078125
12947,4400.1611328125
12948,5983.30078125
12949,7535.619140625
12950,7659.5791015625
12951,7187.1865234375
12952,7825.44921875
12953,4675.70703125
12954,8687.3310546875
12955,5499.26171875
12956,6828.90283203125
12957,8952.5751953125
12958,6355.25390625
12959,9117.69140625
12960,7764.16796875
12961,7330.4833984375
12962,5491.48974609375
12963,7034.66015625
12964,7713.91357421875
12965,5983.037109375
12966,3950.3349609375
12967,5276.72412109375
12968,7758.63720703125
12969,6253.15234375
12970,4763.40185546875
12971,8775.5322265625
12972,6585.99658203125
12973,6123.73193359375
12974,5389.30908203125
12975,5188.86572265625
12976,7036.6875
12977,6841.283203125
12978,6550.75439453125
12979,5215.61083984375
12980,4771.1455078125
12981,6015.7734375
12982,4047.70703125
12983,6391.7509765625
12984,4883.6806640625
12985,8133.625
12986,6960.9931640625
12987,6121.162109375
12988,9199.552734375
12989,5202.70361328125
12990,4729.279296875
12991,10390.0673828125
12992,6176.0615234375
12993,7980.0029296875
12994,7297.263671875
12995,4871.85302734375
12996,5925.80908203125
12997,5224.91015625
12998,7321.41650390625
12999,11187.7001953125
13000,6547.25830078125
13001,3851.30126953125
13002,4843.283203125
13003,7825.2705078125
13004,8995.626953125
13005,6166.861328125
13006,6801.92919921875
13007,4416.4658203125
13008,4672.5400390625
13009,3851.30126953125
13010,4685.763671875
13011,5445.95703125
13012,6690.31591796875
13013,6784.6015625
13014,5575.7109375
13015,7582.52685546875
13016,8526.29296875
13017,6686.04296875
13018,4289.8515625
13019,8847.412109375
13020,10033.2666015625
13021,5626.9169921875
13022,7896.8935546875
13023,4696.427734375
13024,5953.87548828125
13025,4322.2548828125
13026,7190.013671875
13027,4888.30078125
13028,8869.212890625
13029,6669.544921875
13030,7828.68505859375
13031,8152.96484375
13032,4838.638671875
13033,8356.1865234375
13034,17870.16796875
13035,9851.333984375
13036,5659.76220703125
13037,3851.30126953125
13038,5815.14453125
13039,9070.6611328125
13040,5921.9482421875
13041,10563.48828125
13042,17852.62890625
13043,3851.30126953125
13044,5167.53173828125
13045,8511.185546875
13046,4778.26416015625
13047,9130.8779296875
13048,6212.06396484375
13049,7245.01123046875
13050,4190.57568359375
13051,6502.31201171875
13052,5996.26220703125
13053,7166.24072265625
13054,9029.4111328125
13055,6047.15966796875
13056,5432.7568359375
13057,6937.279296875
13058,5058.23388671875
13059,4698.12109375
13060,7722.306640625
13061,5403.2138671875
13062,5862.494140625
13063,7042.49365234375
13064,5912.455078125
13065,5620.66162109375
13066,7503.9169921875
13067,7171.3310546875
13068,7688.5478515625
13069,7797.3115234375
13070,7175.189453125
13071,5131.943359375
13072,3851.30126953125
13073,6119.4970703125
13074,6911.8291015625
13075,5181.1796875
13076,4400.115234375
13077,9182.2978515625
13078,6782.5771484375
13079,9155.2197265625
13080,6148.93701171875
13081,5033.1533203125
13082,5189.93017578125
13083,4309.84765625
13084,9420.853515625
13085,4911.68798828125
13086,7615.2373046875
13087,14336.626953125
13088,7641.28173828125
13089,6229.70751953125
13090,4317.8525390625
13091,4329.025390625
13092,6997.94873046875
13093,3868.330322265625
13094,5947.623046875
13095,9626.869140625
13096,5169.35546875
13097,14712.4677734375
13098,13184.7099609375
13099,4713.6416015625
13100,7313.2841796875
13101,5183.06591796875
13102,6543.3955078125
13103,4996.51416015625
13104,10458.6865234375
13105,6699.83642578125
13106,9267.3017578125
13107,4542.376953125
13108,7108.4541015625
13109,4306.11181640625
13110,8944.6103515625
13111,6569.35595703125
13112,6132.5712890625
13113,6267.9873046875
13114,5905.908203125
13115,7960.2451171875
13116,9512.1611328125
13117,5515.54248046875
13118,9998.6123046875
13119,6580.15869140625
13120,9295.9267578125
13121,4974.125
13122,4881.9189453125
13123,4974.1162109375
13124,9919.869140625
13125,6066.4482421875
13126,7064.84375
13127,6414.5458984375
13128,8279.5048828125
13129,4249.96435546875
13130,8597.1025390625
13131,6027.857421875
13132,4057.8603515625
13133,13495.57421875
13134,15435.98046875
13135,6789.033203125
13136,7709.30908203125
13137,9369.17578125
13138,9838.392578125
13139,10930.3515625
13140,5727.28515625
13141,7856.72216796875
13142,5310.8193359375
13143,8042.8095703125
13144,4189.833984375
13145,5260.76123046875
13146,5198.12548828125
13147,5941.662109375
13148,7302.30859375
13149,5140.302734375
13150,4698.923828125
13151,6522.8447265625
13152,3851.30126953125
13153,4602.57763671875
13154,5482.0869140625
13155,6817.18017578125
13156,8967.046875
13157,8417.931640625
13158,6531.05908203125
13159,6147.29541015625
13160,6031.8291015625
13161,10881.431640625
13162,7409.23486328125
13163,5320.18896484375
13164,4500.609375
13165,9410.8212890625
13166,4197.640625
13167,6515.8818359375
13168,3851.30126953125
13169,4916.6220703125
13170,7544.8828125
13171,6030.31103515625
13172,5138.787109375
13173,8170.056640625
13174,9526.650390625
13175,11421.99609375
13176,6375.8486328125
13177,9434.0732421875
13178,3851.30126953125
13179,5069.2939453125
13180,5724.41455078125
13181,4262.337890625
13182,8415.3759765625
13183,5193.13671875
13184,4894.08544921875
13185,8035.9150390625
13186,11049.6357421875
13187,8468.1875
13188,5352.47998046875
13189,4990.0380859375
13190,11425.994140625
13191,7539.79736328125
13192,5768.1904296875
13193,4829.875
13194,6798.92236328125
13195,9606.943359375
13196,4774.2822265625
13197,5903.95263671875
13198,7537.31103515625
13199,7656.65673828125
13200,12457.4267578125
13201,6493.1484375
13202,12397.689453125
13203,6551.2001953125
13204,4925.1640625
13205,3851.30126953125
13206,6316.18701171875
13207,5792.45166015625
13208,5094.6298828125
13209,7378.4365234375
13210,4645.6572265625
13211,4496.72509765625
13212,6880.00341796875
13213,3851.30126953125
13214,7854.03955078125
13215,6487.03515625
13216,7367.96484375
13217,7904.7080078125
13218,5019.43359375
13219,8969.833984375
13220,6639.068359375
13221,4879.11865234375
13222,4948.02392578125
13223,5326.94921875
13224,10162.01953125
13225,6440.20703125
13226,4785.10498046875
13227,7745.27880859375
13228,8277.974609375
13229,6760.2958984375
13230,6279.88623046875
13231,8187.044921875
13232,5608.59375
13233,5925.3916015625
13234,5219.0546875
13235,8097.75439453125
13236,5730.6650390625
13237,5807.13232421875
13238,5043.8173828125
13239,5203.02685546875
13240,4337.15576171875
13241,4897.6484375
13242,8053.85595703125
13243,8716.189453125
13244,10101.8671875
13245,10965.869140625
13246,7574.7666015625
13247,7434.27099609375
13248,4604.5078125
13249,9932.134765625
13250,9504.03125
13251,7071.62646484375
13252,8157.4091796875
13253,7888.86669921875
13254,5622.478515625
13255,3851.30126953125
13256,10620.5732421875
13257,5597.11279296875
13258,6369.79150390625
13259,6270.27783203125
13260,3851.30126953125
13261,11274.623046875
13262,5386.64697265625
13263,4753.2646484375
13264,4402.115234375
13265,5357.97607421875
13266,6102.4501953125
13267,7730.5166015625
13268,6566.99951171875
13269,4520.23876953125
13270,4723.76123046875
13271,4372.6650390625
13272,3851.30126953125
13273,6504.66015625
13274,17089.443359375
13275,5122.3466796875
13276,5147.466796875
13277,6557.3876953125
13278,4783.650390625
13279,5206.14697265625
13280,4535.7958984375
13281,4500.029296875
13282,7191.69677734375
13283,6558.89404296875
13284,4207.443359375
13285,8402.951171875
13286,5523.3759765625
13287,4825.0009765625
13288,9226.119140625
13289,8254.412109375
13290,9742.0732421875
13291,5838.654296875
13292,6625.07177734375
13293,4408.328125
13294,4772.5498046875
13295,14124.751953125
13296,9571.185546875
13297,5973.41552734375
13298,5151.54150390625
13299,4612.78662109375
13300,5476.12890625
13301,4462.77734375
13302,9775.703125
13303,4963.8203125
13304,5327.4560546875
13305,7010.451171875
13306,4476.7158203125
13307,6084.6767578125
13308,6897.8544921875
13309,7431.923828125
13310,7196.33837890625
13311,4347.2421875
13312,5735.93701171875
13313,6185.03515625
13314,8822.6171875
13315,8401.376953125
13316,6692.203125
13317,4350.23095703125
13318,7537.8037109375
13319,5492.58203125
13320,4018.440673828125
13321,6930.041015625
13322,6626.5517578125
13323,6498.43603515625
13324,5771.3203125
13325,5942.85498046875
13326,6844.97802734375
13327,5218.95654296875
13328,6677.81640625
13329,7090.66552734375
13330,5883.166015625
13331,8488.802734375
13332,6028.599609375
13333,4584.6259765625
13334,10414.345703125
13335,5499.95361328125
13336,3851.30126953125
13337,7845.3056640625
13338,9008.9775390625
13339,11011.00390625
13340,5043.26123046875
13341,6059.83544921875
13342,6135.68212890625
13343,7489.98828125
13344,5685.775390625
13345,7809.51513671875
13346,3851.30126953125
13347,5759.53662109375
13348,5709.3388671875
13349,5372.50634765625
13350,5067.4287109375
13351,6565.16796875
13352,7584.60205078125
13353,5857.87353515625
13354,8068.67724609375
13355,7011.72705078125
13356,8153.51025390625
13357,4579.6416015625
13358,6046.9541015625
13359,5980.10205078125
13360,7812.2734375
13361,8660.5556640625
13362,3963.07958984375
13363,7550.47607421875
13364,7522.46875
13365,7530.0478515625
13366,5168.34716796875
13367,3851.30126953125
13368,7828.267578125
13369,6503.81005859375
13370,7539.6552734375
13371,6881.41748046875
13372,5699.51513671875
13373,7425.76953125
13374,6530.31396484375
13375,6365.81689453125
13376,7776.82958984375
13377,5592.8720703125
13378,8592.138671875
13379,9993.376953125
13380,7800.17724609375
13381,4321.7529296875
13382,4817.20703125
13383,4365.7939453125
13384,3851.30126953125
13385,8349.26953125
13386,5056.5947265625
13387,8605.841796875
13388,4206.1845703125
13389,6729.439453125
13390,6283.65966796875
13391,10145.90234375
13392,4172.10107421875
13393,5569.478515625
13394,4940.751953125
13395,7398.013671875
13396,5490.37939453125
13397,6734.1162109375
13398,7450.35302734375
13399,8423.01953125
13400,7454.27734375
13401,6193.5771484375
13402,5325.302734375
13403,4551.3115234375
13404,4968.8955078125
13405,10108.15625
13406,9126.8564453125
13407,8341.3525390625
13408,14187.982421875
13409,6208.01513671875
13410,4844.720703125
13411,6112.7138671875
13412,7755.2119140625
13413,9280.224609375
13414,6090.6435546875
13415,7639.349609375
13416,7537.7919921875
13417,7385.57470703125
13418,5599.0341796875
13419,5280.03125
13420,5130.5615234375
13421,4527.5126953125
13422,4035.283203125
13423,5517.93212890625
13424,8055.42919921875
13425,15928.228515625
13426,6832.47998046875
13427,5177.17138671875
13428,7741.5244140625
13429,3996.378173828125
13430,6241.2958984375
13431,3851.30126953125
13432,9118.919921875
13433,5335.41357421875
13434,6181.677734375
13435,12857.48828125
13436,11104.73828125
13437,6072.4970703125
13438,6641.4111328125
13439,3851.30126953125
13440,5174.2021484375
13441,5257.505859375
13442,7926.2529296875
13443,4527.8447265625
13444,3851.30126953125
13445,5657.69775390625
13446,5261.38427734375
13447,7698.04931640625
13448,6558.95849609375
13449,3851.30126953125
13450,7250.26708984375
13451,8382.3447265625
13452,7202.29150390625
13453,4142.6337890625
13454,4238.814453125
13455,7386.44189453125
13456,4004.52099609375
13457,9545.373046875
13458,4419.58154296875
13459,4866.306640625
13460,6637.154296875
13461,5568.8330078125
13462,4588.0849609375
13463,5430.18115234375
13464,6550.9521484375
13465,9016.431640625
13466,9660.919921875
13467,5646.455078125
13468,4244.2607421875
13469,5306.46923828125
13470,6828.28271484375
13471,4684.9990234375
13472,5562.76318359375
13473,5904.21728515625
13474,11459.1513671875
13475,7693.0263671875
13476,5366.1337890625
13477,6688.19775390625
13478,4566.2802734375
13479,8628.130859375
13480,5370.50537109375
13481,12753.5712890625
13482,6107.45458984375
13483,4866.259765625
13484,5158.91015625
13485,3851.30126953125
13486,6876.54638671875
13487,17216.77734375
13488,4833.171875
13489,4820.375
13490,9292.68359375
13491,6379.08056640625
13492,7312.4287109375
13493,7834.53564453125
13494,6148.88916015625
13495,5095.48095703125
13496,4467.9169921875
13497,9559.0791015625
13498,5961.919921875
13499,6752.11083984375
13500,7450.966796875
13501,4687.833984375
13502,6848.0712890625
13503,6084.6416015625
13504,3851.30126953125
13505,8203.2373046875
13506,8519.1123046875
13507,4565.90087890625
13508,6829.9677734375
13509,6408.15576171875
13510,4350.822265625
13511,8844.408203125
13512,5986.8603515625
13513,8504.6162109375
13514,4226.4052734375
13515,4956.91650390625
13516,6357.298828125
13517,3851.30126953125
13518,7646.1943359375
13519,4367.775390625
13520,6630.369140625
13521,4998.21337890625
13522,4727.927734375
13523,5651.9853515625
13524,6695.046875
13525,6425.265625
13526,7849.74951171875
13527,5986.3408203125
13528,7953.748046875
13529,6424.6005859375
13530,8808.8232421875
13531,9105.62890625
13532,6840.37841796875
13533,3851.30126953125
13534,5437.62841796875
13535,7169.1083984375
13536,4872.8681640625
13537,10468.087890625
13538,5479.14892578125
13539,7864.8349609375
13540,10256.4921875
13541,6292.32666015625
13542,4615.8388671875
13543,10695.8427734375
13544,9538.181640625
13545,5358.87353515625
13546,8944.814453125
13547,9220.8203125
13548,6048.83349609375
13549,5509.4521484375
13550,6874.84765625
13551,5718.1845703125
13552,5325.2861328125
13553,6618.59130859375
13554,4648.447265625
13555,6544.67724609375
13556,6874.56640625
13557,6796.8798828125
13558,7493.24853515625
13559,5637.234375
13560,7074.865234375
13561,4144.03466796875
13562,7168.09375
13563,6843.98583984375
13564,5568.26708984375
13565,6553.283203125
13566,6588.2841796875
13567,9180.875
13568,5319.6591796875
13569,5206.5693359375
13570,5760.47265625
13571,6283.38232421875
13572,7077.34423828125
13573,4648.8173828125
13574,4265.396484375
13575,8071.93994140625
13576,7377.7470703125
13577,5451.12939453125
13578,7526.2314453125
13579,6536.23779296875
13580,7205.1865234375
13581,4511.1396484375
13582,3885.876708984375
13583,6762.34375
13584,5382.30029296875
13585,5952.56591796875
13586,8880.130859375
13587,8266.630859375
13588,5024.169921875
13589,7920.6591796875
13590,3851.30126953125
13591,3851.30126953125
13592,5836.216796875
13593,11206.9375
13594,7562.056640625
13595,6507.65966796875
13596,4421.2783203125
13597,6910.41162109375
13598,9643.341796875
13599,5480.712890625
13600,8471.0068359375
13601,5924.8525390625
13602,5095.47021484375
13603,5759.796875
13604,5154.18408203125
13605,5417.05029296875
13606,4842.0947265625
13607,4686.88916015625
13608,4469.2060546875
13609,7125.03759765625
13610,6979.9228515625
13611,4661.31884765625
13612,5951.90576171875
13613,6231.220703125
13614,5381.5146484375
13615,4900.94384765625
13616,8734.9404296875
13617,7584.0908203125
13618,5766.80517578125
13619,4119.80322265625
13620,11735.3349609375
13621,5917.22802734375
13622,5083.0185546875
13623,8748.8369140625
13624,8552.5107421875
13625,6920.5244140625
13626,5377.6162109375
13627,7395.22021484375
13628,9181.9638671875
13629,13151.921875
13630,4860.97998046875
13631,4308.0185546875
13632,4459.0849609375
13633,6282.95166015625
13634,5090.72607421875
13635,7997.34716796875
13636,8805.498046875
13637,5528.328125
13638,4354.861328125
13639,6278.625
13640,9525.240234375
13641,5011.9443359375
13642,6606.095703125
13643,3918.2998046875
13644,7018.859375
13645,7304.75341796875
13646,7140.716796875
13647,8603.275390625
13648,6153.1240234375
13649,4068.992919921875
13650,5684.33935546875
13651,6856.0927734375
13652,7752.66748046875
13653,7281.83154296875
13654,7729.28125
13655,6528.0078125
13656,3871.83251953125
13657,9759.5439453125
13658,4345.5751953125
13659,10192.17578125
13660,5273.33642578125
13661,4224.20068359375
13662,6695.21630859375
13663,5731.142578125
13664,7397.74609375
13665,8071.45703125
13666,3851.30126953125
13667,4428.3515625
13668,6836.794921875
13669,8554.08203125
13670,9387.16796875
13671,4997.107421875
13672,6089.103515625
13673,7570.9658203125
13674,5841.53759765625
13675,5226.7802734375
13676,9300.044921875
13677,8427.7431640625
13678,11226.1357421875
13679,4248.9619140625
13680,5696.61083984375
13681,9007.5185546875
13682,8455.216796875
13683,5282.96044921875
13684,9828.91015625
13685,6740.71240234375
13686,5077.62841796875
13687,4660.5322265625
13688,4357.40380859375
13689,4901.25390625
13690,6204.28662109375
13691,4674.61669921875
13692,4869.98828125
13693,8891.7216796875
13694,6588.82666015625
13695,21025.267578125
13696,6325.4091796875
13697,4845.7412109375
13698,7710.63623046875
13699,10387.181640625
13700,6777.32470703125
13701,7738.99609375
13702,5962.90771484375
13703,8834.42578125
13704,8245.6357421875
13705,5220.84814453125
13706,6543.71240234375
13707,7123.25048828125
13708,8410.9794921875
13709,7227.26611328125
13710,8354.189453125
13711,6096.4775390625
13712,4606.0146484375
13713,5672.56884765625
13714,11046.791015625
13715,12318.6689453125
13716,10768.0556640625
13717,7447.76513671875
13718,6203.91748046875
13719,5631.47412109375
13720,4567.0009765625
13721,8660.2421875
13722,10778.8720703125
13723,10290.66015625
13724,6414.06689453125
13725,5687.259765625
13726,5611.10498046875
13727,5442.12841796875
13728,11304.443359375
13729,6921.40869140625
13730,5300.97802734375
13731,5591.486328125
13732,7938.3544921875
13733,4258.4111328125
13734,7650.28515625
13735,4397.23046875
13736,7446.26123046875
13737,7261.38232421875
13738,5927.2265625
13739,7634.6181640625
13740,7577.5439453125
13741,5193.16748046875
13742,6695.9384765625
13743,7591.3046875
13744,10905.5341796875
13745,6496.98779296875
13746,8560.2080078125
13747,8691.234375
13748,9477.6650390625
13749,7247.16064453125
13750,10443.8642578125
13751,5210.9755859375
13752,5116.83935546875
13753,6850.83837890625
13754,6556.4130859375
13755,9726.0517578125
13756,8134.61962890625
13757,6143.44775390625
13758,7980.1162109375
13759,7534.3486328125
13760,10947.994140625
13761,4371.5234375
13762,13543.240234375
13763,5572.91845703125
13764,5957.96484375
13765,9877.9228515625
13766,5736.1279296875
13767,6488.3671875
13768,6498.23828125
13769,7141.193359375
13770,5026.0654296875
13771,5531.98095703125
13772,8468.9755859375
13773,8591.0263671875
13774,8423.099609375
13775,4650.6943359375
13776,7957.501953125
13777,11081.732421875
13778,7096.14990234375
13779,5071.40087890625
13780,6687.48681640625
13781,6199.16259765625
13782,6911.88623046875
13783,8139.6162109375
13784,4160.6650390625
13785,8812.7490234375
13786,6245.50341796875
13787,7747.53271484375
13788,10472.142578125
13789,4955.59326171875
13790,6354.61767578125
13791,5674.94189453125
13792,7589.451171875
13793,8976.2099609375
13794,5031.685546875
13795,5251.5830078125
13796,6974.2138671875
13797,6419.0048828125
13798,5950.330078125
13799,9006.2578125
13800,6983.14453125
13801,8017.419921875
13802,5423.607421875
13803,4957.53955078125
13804,6506.93115234375
13805,8435.5390625
13806,8246.98046875
13807,8081.78564453125
13808,8819.9833984375
13809,5232.765625
13810,9472.9453125
13811,6218.93896484375
13812,7611.00927734375
13813,9537.818359375
13814,6978.9033203125
13815,10401.8408203125
13816,8276.2275390625
13817,8258.0478515625
13818,5849.44970703125
13819,7665.06005859375
13820,8378.19140625
13821,6732.82177734375
13822,4276.85693359375
13823,5953.50537109375
13824,8697.302734375
13825,7131.46533203125
13826,5510.2412109375
13827,9849.46875
13828,7357.27880859375
13829,6658.1123046875
13830,5952.6083984375
13831,6115.912109375
13832,7947.107421875
13833,7719.0517578125
13834,7224.51904296875
13835,5490.1298828125
13836,5283.2509765625
13837,6883.3544921875
13838,4459.015625
13839,7092.85693359375
13840,5370.7685546875
13841,8982.525390625
13842,7630.90087890625
13843,6586.91748046875
13844,9964.8095703125
13845,5774.43310546875
13846,4941.0439453125
13847,11516.15234375
13848,6942.302734375
13849,8680.1171875
13850,8160.28955078125
13851,5366.00927734375
13852,6471.57470703125
13853,5822.833984375
13854,8107.30224609375
13855,12505.580078125
13856,7137.13330078125
13857,3851.30126953125
13858,5179.703125
13859,8764.98828125
13860,10073.8125
13861,6973.63671875
13862,7602.67626953125
13863,5016.380859375
13864,4939.3203125
13865,3926.5126953125
13866,5358.16064453125
13867,6028.32470703125
13868,7237.232421875
13869,7450.95556640625
13870,6349.181640625
13871,8340.826171875
13872,8994.1904296875
13873,7264.06396484375
13874,4578.43896484375
13875,9705.078125
13876,11437.3076171875
13877,6209.17529296875
13878,8809.8515625
13879,5401.47509765625
13880,6876.35595703125
13881,4725.14599609375
13882,7829.4853515625
13883,5530.2880859375
13884,9434.423828125
13885,7619.67724609375
13886,8641.0390625
13887,9136.5810546875
13888,5127.38818359375
13889,9242.02734375
13890,19413.73828125
13891,11091.78125
13892,6587.94677734375
13893,3851.30126953125
13894,6384.37109375
13895,10263.61328125
13896,6528.6630859375
13897,10830.111328125
13898,17823.775390625
13899,4034.11572265625
13900,5633.5771484375
13901,9290.7783203125
13902,5197.9736328125
13903,10206.1279296875
13904,7166.4697265625
13905,8168.87548828125
13906,4216.24658203125
13907,7134.13134765625
13908,6686.07958984375
13909,8022.38330078125
13910,9881.857421875
13911,6183.7294921875
13912,6011.470703125
13913,7623.4736328125
13914,5762.6201171875
13915,5190.189453125
13916,8322.73046875
13917,6021.9130859375
13918,6248.35302734375
13919,7977.67431640625
13920,6474.93359375
13921,6122.2802734375
13922,8171.494140625
13923,7916.73828125
13924,8423.150390625
13925,8175.93359375
13926,7797.6474609375
13927,5733.5517578125
13928,3919.185302734375
13929,7020.8408203125
13930,7572.30810546875
13931,5450.94775390625
13932,4692.1748046875
13933,10422.68359375
13934,7556.25439453125
13935,9453.369140625
13936,7055.2744140625
13937,5783.2431640625
13938,5900.3154296875
13939,4709.8427734375
13940,10225.1005859375
13941,5525.9580078125
13942,8174.2021484375
13943,15847.9375
13944,8145.1005859375
13945,6893.046875
13946,4525.6650390625
13947,4994.177734375
13948,7665.759765625
13949,4515.36669921875
13950,6310.50732421875
13951,10641.90234375
13952,5590.41259765625
13953,15701.5078125
13954,14391.439453125
13955,4944.2705078125
13956,7809.578125
13957,5703.4921875
13958,7333.17041015625
13959,5792.57958984375
13960,11340.5703125
13961,7522.67041015625
13962,10263.228515625
13963,5147.23388671875
13964,7704.06787109375
13965,4619.892578125
13966,9493.00390625
13967,7264.77880859375
13968,6973.5419921875
13969,6784.5439453125
13970,6084.09033203125
13971,8930.888671875
13972,10305.6201171875
13973,6142.6708984375
13974,11233.5859375
13975,7100.6279296875
13976,10183.0615234375
13977,5158.0771484375
13978,5557.60546875
13979,5542.94921875
13980,10870.6708984375
13981,6541.0341796875
13982,7811.03662109375
13983,7173.0078125
13984,9332.232421875
13985,4404.8974609375
13986,9460.330078125
13987,6825.89501953125
13988,4479.068359375
13989,15060.484375
13990,16551.421875
13991,7487.6669921875
13992,8523.396484375
13993,10639.427734375
13994,10860.4462890625
13995,11723.541015625
13996,6461.34619140625
13997,8706.8017578125
13998,6085.1787109375
13999,8849.1025390625
14000,4706.0234375
14001,5978.06396484375
14002,5794.15576171875
14003,6311.58984375
14004,8254.392578125
14005,5240.2119140625
14006,5435.71826171875
14007,7110.86474609375
14008,3928.27197265625
14009,5220.91796875
14010,5973.9267578125
14011,7861.92431640625
14012,9983.75390625
14013,9072.4267578125
14014,7062.21533203125
14015,6552.2197265625
14016,6453.85498046875
14017,12106.69921875
14018,8163.01220703125
14019,6209.955078125
14020,4808.2509765625
14021,10453.712890625
14022,4607.283203125
14023,7192.42529296875
14024,3870.064697265625
14025,5700.97900390625
14026,8509.03125
14027,6527.27197265625
14028,5464.603515625
14029,8779.84765625
14030,10499.359375
14031,12589.50390625
14032,6564.84619140625
14033,10103.00390625
14034,3931.110595703125
14035,5621.9775390625
14036,6339.24072265625
14037,4734.7626953125
14038,9271.765625
14039,5837.92333984375
14040,5336.15380859375
14041,8894.3046875
14042,11821.654296875
14043,9205.705078125
14044,5721.8740234375
14045,5730.79150390625
14046,11884.1865234375
14047,7836.384765625
14048,6512.251953125
14049,5248.47802734375
14050,7479.1318359375
14051,10675.041015625
14052,5080.22509765625
14053,6544.5791015625
14054,8191.55029296875
14055,8549.046875
14056,13562.982421875
14057,7222.92333984375
14058,13876.375
14059,7320.2861328125
14060,5490.4990234375
14061,4493.3955078125
14062,7033.974609375
14063,6294.4638671875
14064,5469.123046875
14065,8104.2138671875
14066,5039.70947265625
14067,5067.865234375
14068,7547.48046875
14069,4389.009765625
14070,8594.0224609375
14071,7222.7060546875
14072,8164.4921875
14073,8954.791015625
14074,5524.08984375
14075,9428.220703125
14076,7133.6474609375
14077,5244.517578125
14078,5322.626953125
14079,5921.103515625
14080,11190.814453125
14081,6936.8896484375
14082,5304.60546875
14083,8670.83984375
14084,9310.111328125
14085,7515.91015625
14086,7171.3525390625
14087,8890.359375
14088,6179.1845703125
14089,6014.4248046875
14090,5734.4140625
14091,8903.2451171875
14092,6599.4287109375
14093,6329.3916015625
14094,5518.55908203125
14095,5709.9619140625
14096,4723.06298828125
14097,5186.6337890625
14098,8773.263671875
14099,9100.111328125
14100,10874.607421875
14101,12107.76953125
14102,8280.98046875
14103,7883.67626953125
14104,5130.25927734375
14105,11094.216796875
14106,10585.1123046875
14107,7873.7685546875
14108,9032.8984375
14109,8825.5556640625
14110,6097.2314453125
14111,4299.4072265625
14112,11459.236328125
14113,6234.5791015625
14114,7042.95068359375
14115,7069.6591796875
14116,3851.30126953125
14117,12629.6396484375
14118,5718.11083984375
14119,5106.47265625
14120,4879.845703125
14121,5697.24072265625
14122,7131.904296875
14123,8490.908203125
14124,7167.17431640625
14125,5044.775390625
14126,5287.3271484375
14127,5275.64453125
14128,3955.140625
14129,7338.78662109375
14130,17478.642578125
14131,5899.5185546875
14132,5559.927734375
14133,7256.013671875
14134,5364.49267578125
14135,5860.1796875
14136,4663.181640625
14137,4820.7060546875
14138,8096.60107421875
14139,7085.951171875
14140,4704.40380859375
14141,9088.568359375
14142,6298.1689453125
14143,5384.66162109375
14144,9590.6640625
14145,9189.529296875
14146,10776.19140625
14147,6458.26220703125
14148,7220.28759765625
14149,4663.9716796875
14150,5264.75341796875
14151,15448.439453125
14152,10216.888671875
14153,6456.3359375
14154,5601.9541015625
14155,4903.9453125
14156,5884.25634765625
14157,5056.82861328125
14158,10829.943359375
14159,5386.255859375
14160,5683.21435546875
14161,7585.48193359375
14162,5074.72607421875
14163,6571.64111328125
14164,7869.57177734375
14165,8183.49365234375
14166,7736.619140625
14167,5078.70703125
14168,6186.61181640625
14169,6772.05078125
14170,9658.7236328125
14171,9069.359375
14172,7291.94580078125
14173,4571.07666015625
14174,8149.62109375
14175,6131.77490234375
14176,4537.51611328125
14177,7992.99072265625
14178,7478.76513671875
14179,7268.0029296875
14180,6345.00341796875
14181,6598.412109375
14182,7538.73974609375
14183,5842.033203125
14184,7517.39208984375
14185,7687.88232421875
14186,6587.76953125
14187,9055.736328125
14188,6609.55859375
14189,5310.365234375
14190,11572.3349609375
14191,6263.4853515625
14192,4243.9150390625
14193,8521.74609375
14194,9576.5693359375
14195,12161.798828125
14196,5668.02685546875
14197,6930.60888671875
14198,6801.611328125
14199,8224.3388671875
14200,6240.1552734375
14201,8810.6328125
14202,3879.7138671875
14203,6544.43115234375
14204,6310.9423828125
14205,5959.48193359375
14206,5690.51806640625
14207,7079.8056640625
14208,8260.9140625
14209,6280.6025390625
14210,8690.796875
14211,7444.76220703125
14212,9174.1044921875
14213,5057.94970703125
14214,6865.2666015625
14215,6460.90771484375
14216,8343.5615234375
14217,9453.91015625
14218,4678.138671875
14219,7734.0517578125
14220,8084.75244140625
14221,8518.845703125
14222,5744.44970703125
14223,4257.3701171875
14224,8639.173828125
14225,7346.14013671875
14226,8354.6767578125
14227,7539.08447265625
14228,6518.29541015625
14229,8399.423828125
14230,7543.8369140625
14231,7182.22412109375
14232,8386.9189453125
14233,6304.06884765625
14234,9189.4267578125
14235,11079.36328125
14236,8236.3759765625
14237,4677.78515625
14238,5309.638671875
14239,4621.1357421875
14240,4008.76416015625
14241,9413.4951171875
14242,5378.3837890625
14243,9929.193359375
14244,4728.615234375
14245,7181.9365234375
14246,6715.0390625
14247,11156.541015625
14248,4193.1376953125
14249,5864.86767578125
14250,5599.10498046875
14251,8337.80859375
14252,5594.37744140625
14253,7490.1904296875
14254,7943.095703125
14255,9129.763671875
14256,8068.18212890625
14257,6808.63134765625
14258,5833.1630859375
14259,5157.650390625
14260,5285.990234375
14261,11326.244140625
14262,10055.7490234375
14263,8633.185546875
14264,14470.009765625
14265,7157.720703125
14266,5174.80859375
14267,6988.3056640625
14268,8564.0283203125
14269,10058.9375
14270,6832.84912109375
14271,8265.68359375
14272,8464.466796875
14273,8174.5419921875
14274,5940.40869140625
14275,5785.7744140625
14276,5558.26708984375
14277,4913.326171875
14278,4572.84375
14279,6387.10791015625
14280,9087.349609375
14281,17518.521484375
14282,7500.55615234375
14283,5354.603515625
14284,8671.33203125
14285,4191.4814453125
14286,6648.5341796875
14287,4162.453125
14288,9932.9970703125
14289,5779.13427734375
14290,7077.52587890625
14291,14255.736328125
14292,11208.8876953125
14293,6880.43017578125
14294,7379.05712890625
14295,4091.5517578125
14296,5725.626953125
14297,5767.52099609375
14298,8587.4541015625
14299,5242.3642578125
14300,4017.775390625
14301,6527.6201171875
14302,5478.5908203125
14303,8848.2216796875
14304,7552.900390625
14305,4123.3212890625
14306,7768.86083984375
14307,9502.673828125
14308,8210.34375
14309,4901.197265625
14310,4801.0556640625
14311,8218.13671875
14312,4369.1337890625
14313,10396.17578125
14314,5137.6748046875
14315,5436.93701171875
14316,7468.75146484375
14317,6296.1318359375
14318,5065.56005859375
14319,6072.4716796875
14320,7192.615234375
14321,9737.64453125
14322,10764.517578125
14323,5894.75048828125
14324,4747.3037109375
14325,5788.65625
14326,7425.23681640625
14327,5278.40576171875
14328,6183.28759765625
14329,6629.31103515625
14330,12386.029296875
14331,8815.6875
14332,6100.42724609375
14333,7663.13623046875
14334,5102.763671875
14335,9557.447265625
14336,6259.20654296875
14337,13947.896484375
14338,6780.57470703125
14339,5394.40625
14340,5801.212890625
14341,4234.4951171875
14342,7672.52099609375
14343,17939.365234375
14344,5103.83251953125
14345,5329.689453125
14346,10476.953125
14347,7173.53466796875
14348,8242.31640625
14349,8502.3291015625
14350,6882.2353515625
14351,5455.771484375
14352,5129.9296875
14353,10419.7099609375
14354,6588.498046875
14355,7669.13623046875
14356,8389.1640625
14357,5220.4267578125
14358,7647.0712890625
14359,6779.5732421875
14360,3891.300537109375
14361,9094.8466796875
14362,9084.6650390625
14363,4800.2998046875
14364,7564.86767578125
14365,7056.31884765625
14366,4489.3173828125
14367,9625.298828125
14368,6555.4990234375
14369,9367.876953125
14370,4660.501953125
14371,5553.86328125
14372,7078.56005859375
14373,4007.59423828125
14374,8451.30078125
14375,5055.86572265625
14376,7446.45068359375
14377,5497.626953125
14378,5119.978515625
14379,6252.5185546875
14380,7403.21875
14381,6992.17236328125
14382,8729.677734375
14383,6666.1806640625
14384,8942.6611328125
14385,7036.55810546875
14386,10018.4384765625
14387,10034.845703125
14388,7473.572265625
14389,3851.30126953125
14390,5794.7861328125
14391,8168.005859375
14392,5401.0068359375
14393,11345.994140625
14394,5900.68505859375
14395,8587.537109375
14396,11204.021484375
14397,7115.79345703125
14398,5143.2412109375
14399,12317.814453125
14400,10523.349609375
14401,5857.4970703125
14402,9931.603515625
14403,10073.4765625
14404,6464.1591796875
14405,6143.66796875
14406,7612.28125
14407,6371.173828125
14408,5917.72998046875
14409,7493.1044921875
14410,5240.0244140625
14411,7159.822265625
14412,7743.8349609375
14413,7749.52197265625
14414,8608.40625
14415,6293.89794921875
14416,7966.58251953125
14417,4492.9794921875
14418,7896.37158203125
14419,7588.10107421875
14420,6085.2646484375
14421,7419.81884765625
14422,7422.56494140625
14423,10059.4169921875
14424,6178.35009765625
14425,5630.8037109375
14426,6293.06884765625
14427,6874.11279296875
14428,7868.51806640625
14429,5201.48828125
14430,4701.142578125
14431,8513.912109375
14432,7827.103515625
14433,6156.9794921875
14434,8427.9658203125
14435,6849.79638671875
14436,8039.947265625
14437,5092.287109375
14438,4462.7275390625
14439,7414.55517578125
14440,5939.27099609375
14441,6765.513671875
14442,9458.888671875
14443,9091.40234375
14444,5519.47998046875
14445,8569.8701171875
14446,3853.707275390625
14447,4102.720703125
14448,6696.6435546875
14449,12030.609375
14450,8112.23291015625
14451,7255.97216796875
14452,4944.35302734375
14453,7784.84130859375
14454,11075.14453125
14455,6405.51806640625
14456,9237.05859375
14457,6617.12890625
14458,5398.0380859375
14459,6331.333984375
14460,5770.33935546875
14461,6274.86279296875
14462,5540.32861328125
14463,5193.57666015625
14464,4987.2470703125
14465,7575.931640625
14466,8099.30712890625
14467,5141.1220703125
14468,6698.45166015625
14469,7155.26220703125
14470,5726.3408203125
14471,5313.73193359375
14472,9541.10546875
14473,8669.5
14474,5950.865234375
14475,4803.44970703125
14476,13450.5078125
14477,6305.81640625
14478,5868.1923828125
14479,9477.775390625
14480,9204.8095703125
14481,7974.76318359375
14482,6004.22900390625
14483,8086.060546875
14484,10366.7294921875
14485,14914.6025390625
14486,5718.13232421875
14487,5191.67919921875
14488,4920.87060546875
14489,7016.18994140625
14490,5586.54638671875
14491,8852.662109375
14492,9786.8818359375
14493,6042.03076171875
14494,4945.8125
14495,7030.23046875
14496,9801.873046875
14497,5635.07080078125
14498,7343.03369140625
14499,4478.83203125
14500,7506.7099609375
14501,8027.7861328125
14502,8182.517578125
14503,9260.9658203125
14504,6971.16650390625
14505,4282.35888671875
14506,6341.14111328125
14507,7679.083984375
14508,8535.7685546875
14509,8033.490234375
14510,8507.8837890625
14511,7131.78564453125
14512,4383.578125
14513,10407.84375
14514,4644.39599609375
14515,11312.525390625
14516,5584.38134765625
14517,4423.46240234375
14518,7392.751953125
14519,6530.30615234375
14520,7907.03857421875
14521,8824.6142578125
14522,4157.8818359375
14523,5029.23291015625
14524,7430.46630859375
14525,9470.181640625
14526,10028.6982421875
14527,5203.09765625
14528,6746.5810546875
14529,8504.8740234375
14530,6242.9443359375
14531,5899.23193359375
14532,10412.3486328125
14533,9519.330078125
14534,12030.994140625
14535,4607.53564453125
14536,6380.71875
14537,9364.607421875
14538,8775.2978515625
14539,5998.72314453125
14540,10884.7001953125
14541,7316.37841796875
14542,5465.80419921875
14543,4962.50390625
14544,4929.3369140625
14545,5414.6650390625
14546,6834.76171875
14547,5187.7294921875
14548,5530.95361328125
14549,10157.6611328125
14550,7168.3623046875
14551,22219.337890625
14552,6810.505859375
14553,6238.2412109375
14554,9505.1220703125
14555,12872.6171875
14556,8576.3251953125
14557,9394.39453125
14558,7401.90576171875
14559,10818.087890625
14560,10328.6630859375
14561,6581.89599609375
14562,7832.6923828125
14563,8795.607421875
14564,10452.5166015625
14565,8832.806640625
14566,10455.125
14567,7656.4501953125
14568,5823.50244140625
14569,7596.294921875
14570,13738.5703125
14571,14996.6064453125
14572,12635.86328125
14573,9570.1796875
14574,7188.099609375
14575,7153.2451171875
14576,5823.10595703125
14577,10573.013671875
14578,13866.6875
14579,12509.419921875
14580,8524.009765625
14581,7321.77001953125
14582,6860.6552734375
14583,7013.41650390625
14584,13841.330078125
14585,9118.1572265625
14586,7196.734375
14587,7388.91259765625
14588,9756.51171875
14589,5372.982421875
14590,9848.841796875
14591,5871.23046875
14592,9365.416015625
14593,9280.755859375
14594,7508.6416015625
14595,9678.689453125
14596,9596.951171875
14597,6515.3388671875
14598,8227.421875
14599,9527.6923828125
14600,13490.666015625
14601,8288.8056640625
14602,10445.734375
14603,10609.80078125
14604,11682.291015625
14605,9041.466796875
14606,12576.9150390625
14607,6595.65283203125
14608,6248.95361328125
14609,8023.53515625
14610,8299.3876953125
14611,12747.990234375
14612,10257.1708984375
14613,7938.876953125
14614,10471.271484375
14615,9670.8154296875
14616,12677.27734375
14617,5467.23974609375
14618,16241.716796875
14619,6862.19873046875
14620,6896.6875
14621,12030.2470703125
14622,7237.10693359375
14623,8259.841796875
14624,8494.767578125
14625,9407.314453125
14626,6786.5908203125
14627,7024.79248046875
14628,10794.5009765625
14629,10415.7119140625
14630,10461.8671875
14631,6084.56640625
14632,10039.001953125
14633,14322.05078125
14634,8781.9609375
14635,6196.634765625
14636,8817.9697265625
14637,7391.6806640625
14638,8865.673828125
14639,10510.81640625
14640,5333.58447265625
14641,11663.87109375
14642,7435.4638671875
14643,10306.8486328125
14644,10951.876953125
14645,6008.892578125
14646,8123.4970703125
14647,7677.0537109375
14648,9529.58203125
14649,10991.7607421875
14650,5897.421875
14651,6616.50048828125
14652,8699.65625
14653,7987.01611328125
14654,7515.56591796875
14655,10876.6826171875
14656,8739.462890625
14657,9980.2705078125
14658,6804.984375
14659,6420.2470703125
14660,8302.8681640625
14661,10644.9658203125
14662,9855.998046875
14663,10185.982421875
14664,11239.5771484375
14665,7064.8076171875
14666,11613.943359375
14667,7651.10595703125
14668,9628.16796875
14669,12021.2685546875
14670,8975.7333984375
14671,12729.1826171875
14672,10459.349609375
14673,10458.8515625
14674,7454.3671875
14675,9485.736328125
14676,10855.28515625
14677,8569.271484375
14678,5283.52734375
14679,7480.39404296875
14680,11275.3271484375
14681,8910.3173828125
14682,6824.27392578125
14683,12230.234375
14684,8854.498046875
14685,8068.72314453125
14686,7492.564453125
14687,7644.46484375
14688,9691.78515625
14689,9700.96875
14690,8933.9140625
14691,7067.3701171875
14692,6826.94384765625
14693,8803.4091796875
14694,5631.32373046875
14695,8516.427734375
14696,7481.7919921875
14697,11256.990234375
14698,9243.7763671875
14699,7866.359375
14700,13402.0791015625
14701,7087.384765625
14702,6162.7880859375
14703,13962.91796875
14704,8440.544921875
14705,11182.2880859375
14706,9660.888671875
14707,6946.7958984375
14708,8693.5322265625
14709,7440.53271484375
14710,9764.7509765625
14711,15769.638671875
14712,8202.9169921875
14713,4686.890625
14714,6606.05322265625
14715,11151.287109375
14716,12713.154296875
14717,9043.6591796875
14718,9218.8955078125
14719,6295.525390625
14720,6027.05322265625
14721,5196.9599609375
14722,6878.32958984375
14723,7892.9580078125
14724,9418.8046875
14725,9248.134765625
14726,7877.34326171875
14727,10293.33984375
14728,11416.509765625
14729,9078.802734375
14730,6246.32861328125
14731,11932.091796875
14732,13923.158203125
14733,7964.71240234375
14734,10578.6708984375
14735,6850.1650390625
14736,8857.3154296875
14737,6049.24658203125
14738,9734.947265625
14739,7383.2080078125
14740,11368.91796875
14741,9488.5166015625
14742,11389.41015625
14743,10927.392578125
14744,6111.5869140625
14745,12312.7041015625
14746,22642.015625
14747,14201.908203125
14748,8437.4892578125
14749,4376.892578125
14750,8215.67578125
14751,12640.28125
14752,8164.07080078125
14753,11638.6025390625
14754,19537.87109375
14755,5027.69482421875
14756,7350.5146484375
14757,11562.08984375
14758,6657.05126953125
14759,12517.974609375
14760,9266.0927734375
14761,10102.669921875
14762,4964.54736328125
14763,9186.2314453125
14764,8621.1845703125
14765,9806.673828125
14766,13130.865234375
14767,8371.7705078125
14768,7782.12158203125
14769,9732.0078125
14770,7395.1669921875
14771,6621.607421875
14772,10578.064453125
14773,7632.03076171875
14774,7923.857421875
14775,9857.134765625
14776,8040.390625
14777,7677.0703125
14778,10034.69140625
14779,10041.6630859375
14780,11034.921875
14781,8909.9296875
14782,9108.6767578125
14783,7010.99658203125
14784,4725.74365234375
14785,8691.029296875
14786,9094.0390625
14787,6898.04541015625
14788,5248.6318359375
14789,13020.01171875
14790,9601.30078125
14791,10669.1455078125
14792,8694.9384765625
14793,7879.6201171875
14794,7528.1845703125
14795,5850.1474609375
14796,12508.982421875
14797,6996.87255859375
14798,9811.55859375
14799,18978.384765625
14800,10389.115234375
14801,8603.6298828125
14802,6120.80908203125
14803,6172.55859375
14804,9322.0361328125
14805,5591.4248046875
14806,7648.17333984375
14807,12925.212890625
14808,6760.60595703125
14809,17334.251953125
14810,17126.41796875
14811,6325.0859375
14812,9778.2548828125
14813,7189.9150390625
14814,9106.140625
14815,7331.66064453125
14816,14698.6494140625
14817,9656.568359375
14818,12206.15234375
14819,6756.8349609375
14820,9067.080078125
14821,6155.03759765625
14822,11600.37109375
14823,9510.869140625
14824,8842.4677734375
14825,8534.82421875
14826,7013.052734375
14827,11122.716796875
14828,12146.6103515625
14829,8022.72265625
14830,13538.802734375
14831,8877.255859375
14832,13008.8125
14833,6402.5546875
14834,7125.2958984375
14835,7051.396484375
14836,14109.546875
14837,8492.5439453125
14838,9960.55078125
14839,9407.166015625
14840,12167.5615234375
14841,5687.5263671875
14842,10933.6640625
14843,8242.962890625
14844,6160.943359375
14845,17702.701171875
14846,19478.23046875
14847,9481.587890625
14848,10821.220703125
14849,13217.6513671875
14850,12779.890625
14851,13491.73828125
14852,7837.6328125
14853,10708.4638671875
14854,7929.70947265625
14855,10981.3662109375
14856,5925.2158203125
14857,7268.36572265625
14858,7489.2724609375
14859,7758.54638671875
14860,10157.1015625
14861,6235.29541015625
14862,6751.2705078125
14863,9081.3955078125
14864,5197.86767578125
14865,6780.83544921875
14866,7590.0751953125
14867,9876.1904296875
14868,12842.919921875
14869,11797.109375
14870,8312.8828125
14871,8595.958984375
14872,8118.47265625
14873,14912.8828125
14874,9785.40625
14875,7663.19677734375
14876,5898.908203125
14877,13006.94140625
14878,5844.95849609375
14879,9134.3544921875
14880,4758.2646484375
14881,7179.63818359375
14882,10728.73046875
14883,8336.541015625
14884,6658.68359375
14885,11412.3837890625
14886,13236.603515625
14887,15193.845703125
14888,7052.79638671875
14889,12113.62109375
14890,5034.07763671875
14891,7428.8095703125
14892,7989.18212890625
14893,6112.47119140625
14894,10702.1650390625
14895,7326.40380859375
14896,6735.974609375
14897,10875.4404296875
14898,13791.134765625
14899,11617.568359375
14900,6860.4521484375
14901,7148.5673828125
14902,12318.2666015625
14903,9340.5693359375
14904,8037.8466796875
14905,6611.97998046875
14906,9494.8046875
14907,12943.279296875
14908,6190.29736328125
14909,7937.33056640625
14910,10466.0361328125
14911,10965.029296875
14912,15784.44140625
14913,9424.1650390625
14914,16891.279296875
14915,9365.87109375
14916,6763.7822265625
14917,5725.6201171875
14918,8664.6611328125
14919,8245.6083984375
14920,6893.29833984375
14921,9952.3125
14922,6414.6748046875
14923,6377.9091796875
14924,9833.015625
14925,5413.24853515625
14926,10644.681640625
14927,9526.4091796875
14928,10172.791015625
14929,11541.1630859375
14930,7531.28515625
14931,11148.408203125
14932,8384.0224609375
14933,6539.0029296875
14934,6937.6083984375
14935,7366.95751953125
14936,13631.64453125
14937,8569.748046875
14938,6571.765625
14939,10986.98046875
14940,11493.744140625
14941,9358.5400390625
14942,9257.7216796875
14943,10977.8154296875
14944,7688.6904296875
14945,6865.50927734375
14946,7387.10546875
14947,11157.5771484375
14948,7894.04345703125
14949,8095.8994140625
14950,7385.9287109375
14951,7458.33056640625
14952,5530.05419921875
14953,6873.296875
14954,11109.9248046875
14955,9799.048828125
14956,13053.5615234375
14957,14842.240234375
14958,9975.9423828125
14959,8160.8955078125
14960,6304.130859375
14961,13692.0849609375
14962,13618.3076171875
14963,10689.21484375
14964,11027.21484375
14965,10847.8310546875
14966,7765.033203125
14967,5724.611328125
14968,13880.005859375
14969,8488.7412109375
14970,8879.7587890625
14971,9060.6015625
14972,4977.2373046875
14973,16068.072265625
14974,7664.12158203125
14975,6466.5625
14976,6101.33447265625
14977,7043.12841796875
14978,8804.94921875
14979,10862.0478515625
14980,9442.5546875
14981,6112.59033203125
14982,6940.6845703125
14983,6887.93115234375
14984,4828.48876953125
14985,9307.162109375
14986,18093.349609375
14987,7396.25439453125
14988,6982.42333984375
14989,8831.337890625
14990,6637.09912109375
14991,7439.87841796875
14992,5841.74560546875
14993,5545.08154296875
14994,10813.615234375
14995,9066.19140625
14996,6037.771484375
14997,11559.453125
14998,8172.4248046875
14999,6614.50390625
15000,10284.171875
15001,11484.1904296875
15002,12702.091796875
15003,8194.1884765625
15004,8763.5
15005,5933.255859375
15006,6395.98291015625
15007,18266.7578125
15008,12999.9638671875
15009,8209.6689453125
15010,6511.033203125
15011,6393.4697265625
15012,7718.34033203125
15013,6234.443359375
15014,13212.251953125
15015,6714.50341796875
15016,6978.4482421875
15017,9428.7373046875
15018,6724.7421875
15019,8065.0205078125
15020,9651.6259765625
15021,10591.494140625
15022,10260.439453125
15023,6345.93212890625
15024,7906.0
15025,9183.8876953125
15026,12116.625
15027,10951.240234375
15028,9419.98046875
15029,5320.119140625
15030,10545.87109375
15031,7465.12109375
15032,5779.6953125
15033,10211.923828125
15034,9371.7353515625
15035,8995.5400390625
15036,8112.3837890625
15037,8481.572265625
15038,9512.9765625
15039,7288.72607421875
15040,9105.1689453125
15041,9472.662109375
15042,8773.7783203125
15043,10705.0048828125
15044,8635.8935546875
15045,6587.81494140625
15046,14786.88671875
15047,7761.1015625
15048,5030.970703125
15049,10052.0703125
15050,11476.984375
15051,15396.248046875
15052,6817.2392578125
15053,8551.9736328125
15054,8538.96875
15055,9705.1826171875
15056,7840.232421875
15057,11504.26953125
15058,4855.54296875
15059,8281.298828125
15060,7990.35400390625
15061,7657.68359375
15062,7660.22021484375
15063,8992.435546875
15064,10939.3701171875
15065,7672.99609375
15066,10491.0634765625
15067,9686.58203125
15068,11841.2177734375
15069,6568.09521484375
15070,8410.9833984375
15071,8226.95703125
15072,10970.8896484375
15073,11347.666015625
15074,6356.9541015625
15075,8300.3359375
15076,10030.8359375
15077,10810.09375
15078,7206.9443359375
15079,5123.59033203125
15080,11164.607421875
15081,9289.63671875
15082,10242.814453125
15083,9834.12890625
15084,7948.064453125
15085,10753.1279296875
15086,9131.0654296875
15087,9719.7158203125
15088,10234.458984375
15089,7893.4130859375
15090,10721.08984375
15091,13638.9091796875
15092,9865.0869140625
15093,5932.2607421875
15094,7378.41943359375
15095,5765.51220703125
15096,5119.83447265625
15097,11822.45703125
15098,6972.5341796875
15099,12052.74609375
15100,5919.15625
15101,8670.8349609375
15102,8029.7939453125
15103,13185.0810546875
15104,5467.2763671875
15105,7136.39794921875
15106,7112.92919921875
15107,10211.6142578125
15108,6932.64306640625
15109,9401.8623046875
15110,9606.365234375
15111,11067.20703125
15112,10437.154296875
15113,8584.232421875
15114,7410.4990234375
15115,6818.65185546875
15116,6459.08056640625
15117,14448.796875
15118,12040.849609375
15119,9343.904296875
15120,14940.5078125
15121,8800.822265625
15122,6331.67822265625
15123,8817.462890625
15124,10493.435546875
15125,12967.2138671875
15126,9542.810546875
15127,10329.552734375
15128,10867.9404296875
15129,10211.69140625
15130,7833.14013671875
15131,7398.2822265625
15132,6848.10693359375
15133,6623.171875
15134,5581.080078125
15135,8296.083984375
15136,11336.720703125
15137,21087.283203125
15138,9052.9365234375
15139,6593.68896484375
15140,10319.44140625
15141,5084.83056640625
15142,8361.97265625
15143,5358.0166015625
15144,12356.044921875
15145,7807.7685546875
15146,8939.0810546875
15147,17826.814453125
15148,11632.6865234375
15149,8108.90869140625
15150,9526.7802734375
15151,5085.71875
15152,6746.17236328125
15153,6879.470703125
15154,11069.279296875
15155,6565.81298828125
15156,5101.4892578125
15157,8160.1904296875
15158,6753.33984375
15159,10777.4326171875
15160,9815.30078125
15161,5033.720703125
15162,9918.326171875
15163,11849.87890625
15164,10338.1650390625
15165,6449.63525390625
15166,6304.84326171875
15167,10215.8828125
15168,5751.84228515625
15169,12717.970703125
15170,6701.556640625
15171,6925.658203125
15172,9525.466796875
15173,7770.5322265625
15174,6462.1513671875
15175,8207.5166015625
15176,9434.0107421875
15177,12047.0810546875
15178,12891.37890625
15179,7678.8623046875
15180,5668.041015625
15181,7011.0625
15182,9041.0732421875
15183,6102.599609375
15184,7973.15234375
15185,8036.19384765625
15186,15148.1796875
15187,11244.205078125
15188,7727.67431640625
15189,9629.3447265625
15190,6051.2158203125
15191,11584.12890625
15192,7980.7119140625
15193,16188.427734375
15194,8913.3369140625
15195,7171.439453125
15196,7155.04150390625
15197,5233.0654296875
15198,9398.1357421875
15199,21231.48046875
15200,6336.2802734375
15201,6749.78466796875
15202,12882.34765625
15203,9116.0810546875
15204,9882.404296875
15205,10547.009765625
15206,8669.7734375
15207,6798.091796875
15208,6602.84375
15209,12580.7265625
15210,8030.05078125
15211,9274.0654296875
15212,10795.017578125
15213,6749.16796875
15214,10194.9794921875
15215,8273.7001953125
15216,4694.341796875
15217,10967.1474609375
15218,9811.21484375
15219,6119.900390625
15220,9552.490234375
15221,9471.630859375
15222,5089.251953125
15223,12359.693359375
15224,8496.2548828125
15225,11485.08984375
15226,5862.0625
15227,7360.0634765625
15228,8587.833984375
15229,5135.994140625
15230,10235.27734375
15231,6142.9228515625
15232,8954.9013671875
15233,6992.244140625
15234,6733.74853515625
15235,7606.42138671875
15236,9089.6689453125
15237,9196.1064453125
15238,10804.5927734375
15239,8489.41015625
15240,11078.271484375
15241,8387.8232421875
15242,11887.4287109375
15243,12279.3828125
15244,9013.2548828125
15245,4496.6806640625
15246,7211.3212890625
15247,10193.244140625
15248,6198.09423828125
15249,14311.17578125
15250,7588.3740234375
15251,10229.2646484375
15252,13506.171875
15253,8200.142578125
15254,6433.1083984375
15255,15327.736328125
15256,12925.572265625
15257,7413.50439453125
15258,11799.451171875
15259,12038.5966796875
15260,8039.57421875
15261,7375.67333984375
15262,9272.755859375
15263,7854.65771484375
15264,7462.3466796875
15265,9373.201171875
15266,6743.57177734375
15267,8613.240234375
15268,10369.041015625
15269,9293.0771484375
15270,11497.8837890625
15271,7723.81396484375
15272,9776.92578125
15273,5116.703125
15274,10117.40625
15275,9517.810546875
15276,7767.29541015625
15277,8894.205078125
15278,9856.8515625
15279,12150.0546875
15280,8105.408203125
15281,7334.94775390625
15282,8619.4072265625
15283,8518.708984375
15284,9789.72265625
15285,6229.04345703125
15286,5576.8203125
15287,9990.974609375
15288,8652.890625
15289,8095.99609375
15290,10964.955078125
15291,8231.966796875
15292,9799.357421875
15293,6732.97119140625
15294,5880.3134765625
15295,9089.435546875
15296,7750.6064453125
15297,8310.490234375
15298,11521.87890625
15299,11324.244140625
15300,6496.61962890625
15301,10393.962890625
15302,4540.3525390625
15303,5138.95361328125
15304,8802.3818359375
15305,14392.955078125
15306,10274.451171875
15307,8943.1455078125
15308,6192.8125
15309,9861.3525390625
15310,13424.646484375
15311,7973.86767578125
15312,11800.330078125
15313,8324.5888671875
15314,6264.47119140625
15315,7829.6416015625
15316,7131.57373046875
15317,8011.3515625
15318,6964.4755859375
15319,6743.48486328125
15320,6056.47802734375
15321,9073.01171875
15322,9988.6220703125
15323,6799.87646484375
15324,8258.9599609375
15325,9385.4453125
15326,6873.544921875
15327,6410.16162109375
15328,12278.8369140625
15329,10812.9267578125
15330,7093.375
15331,6076.0947265625
15332,16510.560546875
15333,8612.1279296875
15334,7238.01416015625
15335,12593.103515625
15336,10923.16015625
15337,10074.0859375
15338,7749.11474609375
15339,9798.5263671875
15340,13011.4609375
15341,18700.455078125
15342,7142.5263671875
15343,6786.20654296875
15344,6328.61181640625
15345,8484.4296875
15346,7369.5947265625
15347,10817.94921875
15348,11961.0673828125
15349,7451.58154296875
15350,6039.1787109375
15351,8748.8935546875
15352,10251.4287109375
15353,7067.11279296875
15354,9315.6435546875
15355,5404.9423828125
15356,9712.5703125
15357,9939.0107421875
15358,10151.8740234375
15359,11146.4521484375
15360,8841.3447265625
15361,5332.21533203125
15362,8259.2451171875
15363,9793.052734375
15364,10233.5947265625
15365,9845.15234375
15366,10762.21875
15367,9021.9716796875
15368,5940.7080078125
15369,12199.435546875
15370,5506.23095703125
15371,13149.3955078125
15372,7292.779296875
15373,5701.8935546875
15374,9265.982421875
15375,8143.6484375
15376,9757.1640625
15377,10601.861328125
15378,5170.38916015625
15379,6534.5400390625
15380,9459.3388671875
15381,11714.064453125
15382,12393.41015625
15383,6827.34912109375
15384,8294.919921875
15385,10784.32421875
15386,8040.275390625
15387,7461.54248046875
15388,13336.453125
15389,11824.59375
15390,14470.037109375
15391,5982.6796875
15392,8188.46142578125
15393,10432.6201171875
15394,9359.2177734375
15395,7392.8681640625
15396,14162.958984375
15397,9011.396484375
15398,7112.1953125
15399,6415.60302734375
15400,6669.212890625
15401,6877.46142578125
15402,8758.009765625
15403,6581.970703125
15404,6911.00439453125
15405,12896.705078125
15406,8944.5849609375
15407,25289.0078125
15408,9028.1650390625
15409,0.0
15410,0.0
15411,0.0
15412,0.0
15413,0.0
15414,0.0
15415,0.0
15416,0.0
15417,0.0
15418,0.0
15419,0.0
15420,0.0
15421,0.0
15422,0.0
15423,0.0
15424,0.0
15425,0.0
15426,0.0
15427,0.0
15428,0.0
15429,0.0
15430,0.0
15431,0.0
15432,0.0
15433,0.0
15434,0.0
15435,0.0
15436,0.0
15437,0.0
15438,0.0
15439,0.0
15440,0.0
15441,0.0
15442,0.0
15443,0.0
15444,0.0
15445,0.0
15446,0.0
15447,0.0
15448,0.0
15449,0.0
15450,0.0
15451,0.0
15452,0.0
15453,0.0
15454,0.0
15455,0.0
15456,0.0
15457,0.0
15458,0.0
15459,0.0
15460,0.0
15461,0.0
15462,0.0
15463,0.0
15464,0.0
15465,0.0
15466,0.0
15467,0.0
15468,0.0
15469,0.0
15470,0.0
15471,0.0
15472,0.0
15473,0.0
15474,0.0
15475,0.0
15476,0.0
15477,0.0
15478,0.0
15479,0.0
15480,0.0
15481,0.0
15482,0.0
15483,0.0
15484,0.0
15485,0.0
15486,0.0
15487,0.0
15488,0.0
15489,0.0
15490,0.0
15491,0.0
15492,0.0
15493,0.0
15494,0.0
15495,0.0
15496,0.0
15497,0.0
15498,0.0
15499,0.0
15500,4526.11328125
15501,0.0
15502,0.0
15503,0.0
15504,0.0
15505,0.0
15506,0.0
15507,0.0
15508,0.0
15509,0.0
15510,0.0
15511,0.0
15512,0.0
15513,0.0
15514,0.0
15515,0.0
15516,0.0
15517,0.0
15518,0.0
15519,0.0
15520,0.0
15521,0.0
15522,0.0
15523,0.0
15524,0.0
15525,0.0
15526,0.0
15527,0.0
15528,0.0
15529,0.0
15530,0.0
15531,0.0
15532,0.0
15533,0.0
15534,0.0
15535,0.0
15536,0.0
15537,0.0
15538,0.0
15539,0.0
15540,0.0
15541,0.0
15542,0.0
15543,0.0
15544,0.0
15545,0.0
15546,0.0
15547,0.0
15548,0.0
15549,0.0
15550,0.0
15551,0.0
15552,0.0
15553,0.0
15554,0.0
15555,0.0
15556,0.0
15557,0.0
15558,0.0
15559,0.0
15560,0.0
15561,0.0
15562,0.0
15563,0.0
15564,0.0
15565,0.0
15566,0.0
15567,0.0
15568,3851.30126953125
15569,0.0
15570,0.0
15571,0.0
15572,0.0
15573,0.0
15574,0.0
15575,0.0
15576,0.0
15577,0.0
15578,0.0
15579,0.0
15580,0.0
15581,0.0
15582,0.0
15583,0.0
15584,0.0
15585,0.0
15586,0.0
15587,0.0
15588,0.0
15589,0.0
15590,0.0
15591,0.0
15592,0.0
15593,0.0
15594,0.0
15595,0.0
15596,0.0
15597,0.0
15598,0.0
15599,0.0
15600,0.0
15601,0.0
15602,0.0
15603,0.0
15604,0.0
15605,0.0
15606,0.0
15607,0.0
15608,0.0
15609,13524.72265625
15610,24527.41796875
15611,0.0
15612,0.0
15613,0.0
15614,0.0
15615,0.0
15616,0.0
15617,0.0
15618,5547.814453125
15619,0.0
15620,0.0
15621,0.0
15622,0.0
15623,0.0
15624,0.0
15625,0.0
15626,0.0
15627,0.0
15628,0.0
15629,0.0
15630,0.0
15631,0.0
15632,0.0
15633,0.0
15634,0.0
15635,0.0
15636,0.0
15637,5408.87060546875
15638,0.0
15639,0.0
15640,0.0
15641,0.0
15642,0.0
15643,0.0
15644,0.0
15645,0.0
15646,0.0
15647,3851.30126953125
15648,0.0
15649,0.0
15650,0.0
15651,0.0
15652,0.0
15653,0.0
15654,0.0
15655,0.0
15656,0.0
15657,0.0
15658,0.0
15659,0.0
15660,0.0
15661,0.0
15662,0.0
15663,0.0
15664,0.0
15665,7672.08349609375
15666,0.0
15667,0.0
15668,0.0
15669,0.0
15670,0.0
15671,0.0
15672,0.0
15673,0.0
15674,0.0
15675,0.0
15676,0.0
15677,0.0
15678,0.0
15679,0.0
15680,0.0
15681,0.0
15682,8553.470703125
15683,0.0
15684,0.0
15685,0.0
15686,0.0
15687,0.0
15688,0.0
15689,0.0
15690,0.0
15691,0.0
15692,0.0
15693,0.0
15694,0.0
15695,0.0
15696,0.0
15697,0.0
15698,0.0
15699,0.0
15700,0.0
15701,0.0
15702,0.0
15703,0.0
15704,0.0
15705,0.0
15706,0.0
15707,0.0
15708,0.0
15709,0.0
15710,0.0
15711,0.0
15712,0.0
15713,0.0
15714,0.0
15715,0.0
15716,0.0
15717,0.0
15718,0.0
15719,0.0
15720,0.0
15721,0.0
15722,0.0
15723,0.0
15724,0.0
15725,0.0
15726,0.0
15727,0.0
15728,0.0
15729,0.0
15730,0.0
15731,0.0
15732,0.0
15733,0.0
15734,0.0
15735,0.0
15736,0.0
15737,0.0
15738,0.0
15739,0.0
15740,0.0
15741,0.0
15742,0.0
15743,0.0
15744,3851.30126953125
15745,0.0
15746,0.0
15747,0.0
15748,0.0
15749,0.0
15750,0.0
15751,0.0
15752,0.0
15753,0.0
15754,0.0
15755,0.0
15756,0.0
15757,0.0
15758,6151.37109375
15759,0.0
15760,0.0
15761,0.0
15762,0.0
15763,0.0
15764,0.0
15765,0.0
15766,0.0
15767,0.0
15768,0.0
15769,0.0
15770,0.0
15771,0.0
15772,0.0
15773,0.0
15774,0.0
15775,0.0
15776,0.0
15777,0.0
15778,0.0
15779,0.0
15780,0.0
15781,0.0
15782,0.0
15783,0.0
15784,0.0
15785,0.0
15786,0.0
15787,0.0
15788,0.0
15789,0.0
15790,0.0
15791,0.0
15792,0.0
15793,0.0
15794,0.0
15795,0.0
15796,0.0
15797,0.0
15798,0.0
15799,0.0
15800,0.0
15801,8854.2314453125
15802,0.0
15803,0.0
15804,0.0
15805,0.0
15806,0.0
15807,0.0
15808,0.0
15809,0.0
15810,0.0
15811,3851.30126953125
15812,0.0
15813,0.0
15814,0.0
15815,6073.076171875
15816,0.0
15817,0.0
15818,0.0
15819,0.0
15820,0.0
15821,0.0
15822,0.0
15823,0.0
15824,0.0
15825,0.0
15826,0.0
15827,0.0
15828,0.0
15829,0.0
15830,0.0
15831,0.0
15832,0.0
15833,0.0
15834,0.0
15835,0.0
15836,0.0
15837,0.0
15838,0.0
15839,0.0
15840,0.0
15841,0.0
15842,17607.275390625
15843,0.0
15844,0.0
15845,0.0
15846,0.0
15847,0.0
15848,0.0
15849,0.0
15850,0.0
15851,0.0
15852,0.0
15853,0.0
15854,0.0
15855,0.0
15856,6098.8994140625
15857,0.0
15858,0.0
15859,0.0
15860,0.0
15861,0.0
15862,0.0
15863,0.0
15864,0.0
15865,0.0
15866,0.0
15867,0.0
15868,0.0
15869,0.0
15870,0.0
15871,0.0
15872,0.0
15873,0.0
15874,0.0
15875,0.0
15876,0.0
15877,0.0
15878,0.0
15879,0.0
15880,0.0
15881,0.0
15882,0.0
15883,0.0
15884,0.0
15885,0.0
15886,0.0
15887,0.0
15888,0.0
15889,0.0
15890,0.0
15891,0.0
15892,0.0
15893,0.0
15894,0.0
15895,0.0
15896,0.0
15897,0.0
15898,0.0
15899,0.0
15900,0.0
15901,0.0
15902,0.0
15903,0.0
15904,0.0
15905,0.0
15906,0.0
15907,0.0
15908,0.0
15909,0.0
15910,0.0
15911,0.0
15912,0.0
15913,0.0
15914,0.0
15915,0.0
15916,0.0
15917,0.0
15918,0.0
15919,0.0
15920,0.0
15921,0.0
15922,0.0
15923,0.0
15924,0.0
15925,0.0
15926,0.0
15927,0.0
15928,0.0
15929,0.0
15930,0.0
15931,10213.6298828125
15932,0.0
15933,0.0
15934,0.0
15935,0.0
15936,0.0
15937,0.0
15938,0.0
15939,0.0
15940,0.0
15941,0.0
15942,0.0
15943,0.0
15944,0.0
15945,0.0
15946,0.0
15947,0.0
15948,0.0
15949,0.0
15950,0.0
15951,0.0
15952,0.0
15953,0.0
15954,0.0
15955,0.0
15956,0.0
15957,0.0
15958,0.0
15959,0.0
15960,0.0
15961,0.0
15962,0.0
15963,0.0
15964,0.0
15965,0.0
15966,0.0
15967,0.0
15968,0.0
15969,0.0
15970,0.0
15971,0.0
15972,0.0
15973,0.0
15974,0.0
15975,4116.52685546875
15976,14758.61328125
15977,0.0
15978,0.0
15979,0.0
15980,0.0
15981,0.0
15982,0.0
15983,0.0
15984,0.0
15985,0.0
15986,0.0
15987,0.0
15988,0.0
15989,0.0
15990,0.0
15991,0.0
15992,0.0
15993,0.0
15994,0.0
15995,0.0
15996,0.0
15997,0.0
15998,0.0
15999,0.0
16000,0.0
16001,0.0
16002,0.0
16003,0.0
16004,12385.2607421875
16005,0.0
16006,0.0
16007,0.0
16008,0.0
16009,0.0
16010,0.0
16011,0.0
16012,0.0
16013,0.0
16014,0.0
16015,0.0
16016,0.0
16017,0.0
16018,0.0
16019,0.0
16020,0.0
16021,0.0
16022,0.0
16023,0.0
16024,0.0
16025,0.0
16026,0.0
16027,0.0
16028,0.0
16029,0.0
16030,0.0
16031,0.0
16032,0.0
16033,0.0
16034,0.0
16035,0.0
16036,0.0
16037,0.0
16038,0.0
16039,0.0
16040,0.0
16041,0.0
16042,0.0
16043,0.0
16044,0.0
16045,0.0
16046,0.0
16047,0.0
16048,0.0
16049,0.0
16050,0.0
16051,0.0
16052,0.0
16053,0.0
16054,0.0
16055,0.0
16056,0.0
16057,0.0
16058,0.0
16059,0.0
16060,0.0
16061,0.0
16062,0.0
16063,0.0
16064,0.0
16065,0.0
16066,0.0
16067,0.0
16068,0.0
16069,0.0
16070,0.0
16071,0.0
16072,0.0
16073,0.0
16074,3851.30126953125
16075,0.0
16076,0.0
16077,0.0
16078,3851.30126953125
16079,0.0
16080,0.0
16081,0.0
16082,0.0
16083,0.0
16084,0.0
16085,0.0
16086,0.0
16087,0.0
16088,0.0
16089,0.0
16090,0.0
16091,0.0
16092,0.0
16093,0.0
16094,0.0
16095,0.0
16096,0.0
16097,0.0
16098,0.0
16099,0.0
16100,0.0
16101,0.0
16102,0.0
16103,0.0
16104,0.0
16105,0.0
16106,0.0
16107,0.0
16108,0.0
16109,0.0
16110,0.0
16111,0.0
16112,0.0
16113,0.0
16114,0.0
16115,0.0
16116,0.0
16117,0.0
16118,0.0
16119,0.0
16120,0.0
16121,0.0
16122,0.0
16123,0.0
16124,0.0
16125,0.0
16126,0.0
16127,0.0
16128,0.0
16129,3851.30126953125
16130,0.0
16131,0.0
16132,0.0
16133,0.0
16134,0.0
16135,0.0
16136,0.0
16137,0.0
16138,0.0
16139,0.0
16140,0.0
16141,0.0
16142,0.0
16143,0.0
16144,10201.8369140625
16145,0.0
16146,0.0
16147,0.0
16148,0.0
16149,0.0
16150,0.0
16151,0.0
16152,0.0
16153,0.0
16154,0.0
16155,0.0
16156,0.0
16157,0.0
16158,0.0
16159,0.0
16160,0.0
16161,0.0
16162,0.0
16163,0.0
16164,0.0
16165,0.0
16166,0.0
16167,0.0
16168,0.0
16169,0.0
16170,0.0
16171,0.0
16172,0.0
16173,0.0
16174,0.0
16175,0.0
16176,0.0
16177,0.0
16178,0.0
16179,0.0
16180,0.0
16181,0.0
16182,0.0
16183,0.0
16184,0.0
16185,0.0
16186,0.0
16187,0.0
16188,0.0
16189,0.0
16190,0.0
16191,0.0
16192,0.0
16193,0.0
16194,0.0
16195,0.0
16196,0.0
16197,0.0
16198,0.0
16199,0.0
16200,0.0
16201,0.0
16202,0.0
16203,0.0
16204,0.0
16205,0.0
16206,0.0
16207,0.0
16208,4235.28759765625
16209,0.0
16210,0.0
16211,0.0
16212,0.0
16213,0.0
16214,0.0
16215,0.0
16216,0.0
16217,0.0
16218,0.0
16219,0.0
16220,0.0
16221,0.0
16222,0.0
16223,0.0
16224,0.0
16225,0.0
16226,0.0
16227,0.0
16228,0.0
16229,0.0
16230,0.0
16231,0.0
16232,0.0
16233,0.0
16234,0.0
16235,0.0
16236,0.0
16237,0.0
16238,0.0
16239,0.0
16240,0.0
16241,0.0
16242,0.0
16243,0.0
16244,0.0
16245,0.0
16246,0.0
16247,0.0
16248,0.0
16249,12238.3681640625
16250,5129.1865234375
16251,0.0
16252,0.0
16253,0.0
16254,0.0
16255,0.0
16256,0.0
16257,0.0
16258,0.0
16259,0.0
16260,0.0
16261,0.0
16262,0.0
16263,0.0
16264,0.0
16265,3851.30126953125
16266,4284.7529296875
16267,6757.34130859375
16268,3851.30126953125
16269,5955.568359375
16270,4787.69140625
16271,5043.75537109375
16272,6480.59130859375
16273,3851.30126953125
16274,3982.640625
16275,6030.7080078125
16276,5547.80126953125
16277,4472.2734375
16278,4253.27685546875
16279,5675.41796875
16280,3851.30126953125
16281,4129.13671875
16282,7288.4716796875
16283,8285.541015625
16284,6761.17626953125
16285,6193.578125
16286,3851.30126953125
16287,4800.03369140625
16288,3851.30126953125
16289,7211.001953125
16290,8362.2705078125
16291,6800.9365234375
16292,5409.01123046875
16293,3851.30126953125
16294,3851.30126953125
16295,4281.3408203125
16296,6995.84619140625
16297,4637.5068359375
16298,5040.95458984375
16299,3851.30126953125
16300,5554.58984375
16301,3851.30126953125
16302,6856.2587890625
16303,3851.30126953125
16304,5601.01953125
16305,4850.119140625
16306,3851.30126953125
16307,6347.79345703125
16308,5957.759765625
16309,4259.38671875
16310,3851.30126953125
16311,7447.16015625
16312,9366.708984375
16313,5951.41455078125
16314,5570.6484375
16315,7704.4384765625
16316,6627.20361328125
16317,5125.2548828125
16318,5962.3291015625
16319,3851.30126953125
16320,3851.30126953125
16321,4603.89404296875
16322,5780.984375
16323,7845.11572265625
16324,6346.005859375
16325,3851.30126953125
16326,7302.6591796875
16327,5326.16650390625
16328,5730.23828125
16329,3851.30126953125
16330,9550.197265625
16331,3851.30126953125
16332,3851.30126953125
16333,6793.20166015625
16334,3851.30126953125
16335,5195.2666015625
16336,3851.30126953125
16337,5431.4794921875
16338,4713.0927734375
16339,3883.51708984375
16340,5718.45263671875
16341,7223.9150390625
16342,5576.0078125
16343,3851.30126953125
16344,6565.58203125
16345,8461.44140625
16346,4823.77392578125
16347,3851.30126953125
16348,5875.3447265625
16349,4806.75146484375
16350,5002.673828125
16351,6563.9814453125
16352,3851.30126953125
16353,6674.46630859375
16354,4934.79345703125
16355,5848.3212890625
16356,7866.2724609375
16357,3851.30126953125
16358,4597.310546875
16359,4989.6806640625
16360,5776.1630859375
16361,5465.123046875
16362,3851.30126953125
16363,4505.59521484375
16364,5256.658203125
16365,4746.705078125
16366,3851.30126953125
16367,5156.43994140625
16368,3851.30126953125
16369,5183.501953125
16370,4511.087890625
16371,3851.30126953125
16372,5012.10009765625
16373,4289.296875
16374,4732.8662109375
16375,7078.7392578125
16376,7542.03759765625
16377,3851.30126953125
16378,6677.65771484375
16379,3851.30126953125
16380,3851.30126953125
16381,6680.44384765625
16382,6777.81982421875
16383,6568.66455078125
16384,8503.3681640625
16385,6466.0498046875
16386,4266.328125
16387,6268.4462890625
16388,6353.37744140625
16389,4409.3662109375
16390,3851.30126953125
16391,4360.33935546875
16392,4718.0068359375
16393,4978.087890625
16394,3851.30126953125
16395,5475.416015625
16396,4705.037109375
16397,4330.302734375
16398,5331.06689453125
16399,3851.30126953125
16400,5924.23095703125
16401,6454.07861328125
16402,3904.81298828125
16403,4722.7666015625
16404,3851.30126953125
16405,5206.18017578125
16406,3851.30126953125
16407,3851.30126953125
16408,4586.31591796875
16409,6900.755859375
16410,5061.4541015625
16411,4738.759765625
16412,9273.017578125
16413,3918.624267578125
16414,4813.486328125
16415,9163.197265625
16416,5673.984375
16417,7232.3896484375
16418,5880.046875
16419,5301.72265625
16420,5251.82421875
16421,3851.30126953125
16422,4765.98828125
16423,7838.80224609375
16424,5530.81787109375
16425,3851.30126953125
16426,3851.30126953125
16427,7172.3994140625
16428,8963.84375
16429,4451.1572265625
16430,6018.5537109375
16431,3851.30126953125
16432,3851.30126953125
16433,3851.30126953125
16434,3851.30126953125
16435,5581.56689453125
16436,6903.29638671875
16437,4809.501953125
16438,4216.74560546875
16439,6713.12841796875
16440,7983.0029296875
16441,6262.45703125
16442,3851.30126953125
16443,7120.82080078125
16444,8342.3349609375
16445,3851.30126953125
16446,5619.27294921875
16447,5156.310546875
16448,5991.09423828125
16449,3851.30126953125
16450,5320.990234375
16451,3851.30126953125
16452,7401.34375
16453,5926.6728515625
16454,5945.22900390625
16455,6799.28662109375
16456,4805.1171875
16457,6808.7451171875
16458,14960.974609375
16459,7732.96337890625
16460,3851.30126953125
16461,3851.30126953125
16462,5918.783203125
16463,6527.84033203125
16464,3851.30126953125
16465,8321.7412109375
16466,15950.19921875
16467,3851.30126953125
16468,3851.30126953125
16469,9220.96875
16470,3851.30126953125
16471,6667.615234375
16472,3851.30126953125
16473,5250.6767578125
16474,3851.30126953125
16475,5189.50390625
16476,3926.89599609375
16477,4729.46533203125
16478,8294.8798828125
16479,5769.7197265625
16480,5270.5322265625
16481,5147.02587890625
16482,3858.90869140625
16483,4697.73046875
16484,5924.07080078125
16485,4022.291015625
16486,4824.0859375
16487,4545.916015625
16488,3851.30126953125
16489,5177.90185546875
16490,3851.30126953125
16491,4915.73681640625
16492,5646.87353515625
16493,8250.84765625
16494,6152.861328125
16495,4266.353515625
16496,3851.30126953125
16497,3873.18603515625
16498,4786.5146484375
16499,5047.6015625
16500,3851.30126953125
16501,6457.06103515625
16502,5147.75341796875
16503,7385.0888671875
16504,4768.98046875
16505,3851.30126953125
16506,3851.30126953125
16507,3851.30126953125
16508,8412.384765625
16509,4119.29638671875
16510,5879.78271484375
16511,11279.9765625
16512,7436.27880859375
16513,3851.30126953125
16514,4686.49609375
16515,3851.30126953125
16516,4190.84765625
16517,3949.247802734375
16518,3899.057373046875
16519,7985.15625
16520,5151.9892578125
16521,8604.189453125
16522,9224.9208984375
16523,4187.4013671875
16524,5107.2265625
16525,4014.558349609375
16526,4838.38134765625
16527,4625.27734375
16528,7996.44970703125
16529,5795.3837890625
16530,7273.5517578125
16531,3851.30126953125
16532,5444.291015625
16533,5444.7421875
16534,5833.1708984375
16535,5507.09423828125
16536,4818.2412109375
16537,6152.0126953125
16538,4423.70166015625
16539,7871.66943359375
16540,6626.431640625
16541,6494.04931640625
16542,8508.76953125
16543,6303.767578125
16544,6901.7880859375
16545,3851.30126953125
16546,3865.07373046875
16547,4593.4052734375
16548,8841.580078125
16549,6101.7763671875
16550,6952.58447265625
16551,5250.64892578125
16552,7226.5380859375
16553,4304.80029296875
16554,6825.00390625
16555,5390.7412109375
16556,3851.30126953125
16557,10590.119140625
16558,13466.865234375
16559,5085.130859375
16560,6147.599609375
16561,6726.95556640625
16562,7734.2998046875
16563,7158.29296875
16564,3851.30126953125
16565,3851.30126953125
16566,5123.31640625
16567,7000.212890625
16568,3851.30126953125
16569,3851.30126953125
16570,4909.08203125
16571,4014.767578125
16572,5117.63818359375
16573,3851.30126953125
16574,3851.30126953125
16575,6706.36376953125
16576,3851.30126953125
16577,4547.552734375
16578,4729.5029296875
16579,4938.2998046875
16580,7528.95703125
16581,7510.95703125
16582,3894.02734375
16583,6023.14501953125
16584,5483.5888671875
16585,9128.4990234375
16586,4667.5791015625
16587,3851.30126953125
16588,3851.30126953125
16589,10006.623046875
16590,3873.947021484375
16591,6728.09521484375
16592,3851.30126953125
16593,3851.30126953125
16594,6561.2490234375
16595,4444.1455078125
16596,3851.30126953125
16597,6148.185546875
16598,8321.8271484375
16599,7512.34033203125
16600,4518.4453125
16601,7674.9306640625
16602,3851.30126953125
16603,3955.04736328125
16604,6074.095703125
16605,4518.4931640625
16606,9079.216796875
16607,3851.30126953125
16608,4323.6435546875
16609,5311.14306640625
16610,7770.3876953125
16611,9361.0048828125
16612,3851.30126953125
16613,3851.30126953125
16614,8428.0224609375
16615,8172.01708984375
16616,4236.5029296875
16617,3851.30126953125
16618,7087.79736328125
16619,5725.47705078125
16620,4682.63671875
16621,3859.419189453125
16622,6441.54345703125
16623,4347.9912109375
16624,10081.2890625
16625,6609.1162109375
16626,9893.193359375
16627,5248.94384765625
16628,4219.87890625
16629,3851.30126953125
16630,5374.14111328125
16631,4725.970703125
16632,4427.2119140625
16633,8105.72265625
16634,3864.940673828125
16635,3851.30126953125
16636,6679.123046875
16637,3851.30126953125
16638,5781.09423828125
16639,6888.5146484375
16640,6625.9404296875
16641,7661.0263671875
16642,4790.0478515625
16643,6767.466796875
16644,5404.109375
16645,5004.34521484375
16646,4761.2841796875
16647,3851.30126953125
16648,7828.0087890625
16649,5361.11279296875
16650,3851.30126953125
16651,4960.3271484375
16652,6979.21533203125
16653,5954.93310546875
16654,3851.30126953125
16655,5435.560546875
16656,4427.04150390625
16657,5660.228515625
16658,3851.30126953125
16659,8663.5400390625
16660,3851.75634765625
16661,3851.30126953125
16662,5271.1376953125
16663,5416.13623046875
16664,3851.30126953125
16665,4705.28466796875
16666,8224.7783203125
16667,6304.56884765625
16668,9332.826171875
16669,7953.3671875
16670,7055.87451171875
16671,6923.0126953125
16672,3851.30126953125
16673,9063.56640625
16674,8091.4345703125
16675,6462.84765625
16676,4817.10595703125
16677,5353.5771484375
16678,4278.4560546875
16679,3851.30126953125
16680,8584.3271484375
16681,4342.1044921875
16682,4753.87646484375
16683,3851.30126953125
16684,3851.30126953125
16685,7935.9697265625
16686,3851.30126953125
16687,3851.30126953125
16688,3851.30126953125
16689,4858.138671875
16690,5317.6240234375
16691,3851.30126953125
16692,8428.515625
16693,4378.5390625
16694,3851.30126953125
16695,3851.30126953125
16696,3851.30126953125
16697,4800.6220703125
16698,11814.07421875
16699,3950.822509765625
16700,5416.060546875
16701,4998.64111328125
16702,3863.213623046875
16703,3851.30126953125
16704,4743.1865234375
16705,3851.30126953125
16706,6358.2353515625
16707,5633.32470703125
16708,3851.30126953125
16709,7757.24072265625
16710,3851.30126953125
16711,4244.013671875
16712,9149.5615234375
16713,6742.50048828125
16714,8019.2451171875
16715,3851.30126953125
16716,5192.0390625
16717,4583.9873046875
16718,4401.5166015625
16719,12577.73046875
16720,7704.8427734375
16721,4834.6962890625
16722,3851.30126953125
16723,5389.833984375
16724,4093.418701171875
16725,3851.30126953125
16726,6149.66796875
16727,4467.7421875
16728,4474.2587890625
16729,6854.72802734375
16730,4079.062744140625
16731,4243.203125
16732,5598.65966796875
16733,4466.10986328125
16734,6491.86767578125
16735,3851.30126953125
16736,3914.25146484375
16737,5740.9521484375
16738,7102.93408203125
16739,5907.91552734375
16740,5990.42333984375
16741,3851.30126953125
16742,6301.8671875
16743,4777.6005859375
16744,3851.30126953125
16745,4484.2001953125
16746,3851.30126953125
16747,4736.4326171875
16748,5635.83740234375
16749,3938.70703125
16750,4495.8583984375
16751,4477.31689453125
16752,7523.4521484375
16753,5443.93701171875
16754,5367.9755859375
16755,5700.21337890625
16756,4259.72412109375
16757,3851.30126953125
16758,9530.833984375
16759,3851.30126953125
16760,3851.30126953125
16761,6449.77783203125
16762,6849.0703125
16763,9540.673828125
16764,3851.30126953125
16765,4941.06640625
16766,4776.64599609375
16767,6717.37841796875
16768,4028.86083984375
16769,7310.1044921875
16770,3851.30126953125
16771,4917.04443359375
16772,3996.481201171875
16773,3851.30126953125
16774,3851.30126953125
16775,6073.43701171875
16776,6314.33154296875
16777,5623.8935546875
16778,5201.78369140625
16779,7664.25244140625
16780,7127.578125
16781,3851.30126953125
16782,4185.431640625
16783,3962.55078125
16784,6914.5078125
16785,5321.6376953125
16786,3851.30126953125
16787,5858.349609375
16788,5531.146484375
16789,5622.853515625
16790,5182.1669921875
16791,3851.30126953125
16792,6576.669921875
16793,3851.30126953125
16794,7918.57763671875
16795,5228.54296875
16796,4297.814453125
16797,7109.6943359375
16798,4500.666015625
16799,4824.20166015625
16800,6065.27734375
16801,3851.30126953125
16802,7109.54248046875
16803,8931.548828125
16804,6527.3515625
16805,3851.30126953125
16806,3851.30126953125
16807,3851.30126953125
16808,3851.30126953125
16809,4845.888671875
16810,4891.6708984375
16811,5155.111328125
16812,3851.30126953125
16813,5074.4560546875
16814,3851.30126953125
16815,7912.3271484375
16816,4978.4833984375
16817,4663.3115234375
16818,4357.59765625
16819,5146.7216796875
16820,3880.877685546875
16821,5910.30029296875
16822,7231.43994140625
16823,7273.7353515625
16824,6685.306640625
16825,5172.419921875
16826,4773.66015625
16827,3851.30126953125
16828,5745.755859375
16829,8117.1103515625
16830,6049.248046875
16831,6561.60595703125
16832,12496.55859375
16833,3984.398193359375
16834,3851.30126953125
16835,4398.40625
16836,7313.5986328125
16837,6995.28955078125
16838,6658.443359375
16839,5914.853515625
16840,7129.89111328125
16841,5723.16162109375
16842,4843.2529296875
16843,5393.947265625
16844,3851.30126953125
16845,3851.30126953125
16846,3851.30126953125
16847,3851.30126953125
16848,6019.67236328125
16849,15309.068359375
16850,5284.7880859375
16851,3851.30126953125
16852,4780.7353515625
16853,4409.8828125
16854,5282.9794921875
16855,3851.30126953125
16856,5826.830078125
16857,4476.5771484375
16858,3851.30126953125
16859,10939.740234375
16860,11134.70703125
16861,3851.30126953125
16862,3851.30126953125
16863,3851.30126953125
16864,3882.98095703125
16865,4128.83984375
16866,5992.41650390625
16867,3851.30126953125
16868,4664.755859375
16869,3851.30126953125
16870,4598.6640625
16871,4948.62353515625
16872,6392.158203125
16873,3851.30126953125
16874,6883.373046875
16875,6452.6044921875
16876,4556.11865234375
16877,3851.30126953125
16878,3851.30126953125
16879,3851.400146484375
16880,3851.30126953125
16881,8725.013671875
16882,3922.254150390625
16883,4065.447265625
16884,6122.681640625
16885,4142.77978515625
16886,3851.30126953125
16887,3851.30126953125
16888,4643.4345703125
16889,7855.29443359375
16890,6062.87158203125
16891,5119.70703125
16892,3851.30126953125
16893,4516.640625
16894,4725.8349609375
16895,4151.2607421875
16896,4177.4765625
16897,4855.400390625
16898,8380.7255859375
16899,6060.4228515625
16900,4031.514892578125
16901,4412.5146484375
16902,3851.30126953125
16903,6640.78271484375
16904,4609.5205078125
16905,8587.4189453125
16906,5225.41845703125
16907,4434.61376953125
16908,3851.30126953125
16909,3851.30126953125
16910,4214.4921875
16911,15165.177734375
16912,3851.30126953125
16913,4479.97509765625
16914,5621.220703125
16915,6155.65869140625
16916,5083.51025390625
16917,6777.7060546875
16918,5093.08642578125
16919,4198.44580078125
16920,3851.30126953125
16921,7620.2998046875
16922,3946.44287109375
16923,5917.9912109375
16924,6912.34814453125
16925,3851.30126953125
16926,5224.7275390625
16927,5855.88720703125
16928,3851.30126953125
16929,5755.22265625
16930,6546.11376953125
16931,3851.30126953125
16932,7743.7802734375
16933,5598.7314453125
16934,4271.814453125
16935,8382.6142578125
16936,6416.884765625
16937,5993.37255859375
16938,3851.30126953125
16939,3851.30126953125
16940,5035.30419921875
16941,3851.30126953125
16942,5987.58056640625
16943,3851.30126953125
16944,5408.09228515625
16945,3851.30126953125
16946,3851.30126953125
16947,4721.529296875
16948,4046.362548828125
16949,4858.1162109375
16950,8435.72265625
16951,4293.55859375
16952,6271.6328125
16953,4169.4052734375
16954,5530.09814453125
16955,8880.900390625
16956,6680.818359375
16957,3851.30126953125
16958,3851.30126953125
16959,4922.244140625
16960,3873.716064453125
16961,8720.923828125
16962,4287.013671875
16963,5090.9443359375
16964,8000.412109375
16965,5928.8486328125
16966,3851.30126953125
16967,6080.6494140625
16968,7154.9453125
16969,5353.0810546875
16970,7371.79150390625
16971,6461.3046875
16972,5801.6328125
16973,4673.59521484375
16974,4096.326171875
16975,3851.30126953125
16976,4649.9921875
16977,6949.287109375
16978,3851.30126953125
16979,7055.216796875
16980,6318.10546875
16981,4654.47509765625
16982,6110.8681640625
16983,4193.1015625
16984,5699.30908203125
16985,3880.62109375
16986,5432.47412109375
16987,4615.78125
16988,3851.30126953125
16989,6104.61962890625
16990,6448.9580078125
16991,6737.36767578125
16992,5072.7099609375
16993,3851.30126953125
16994,4895.5517578125
16995,6296.896484375
16996,6021.19873046875
16997,3851.30126953125
16998,3851.30126953125
16999,7561.6669921875
17000,6105.45361328125
17001,0.0
17002,7506.08349609375
17003,4912.900390625
17004,5350.78271484375
17005,4361.6142578125
17006,3851.30126953125
17007,4904.7470703125
17008,4883.939453125
17009,4948.3310546875
17010,7996.931640625
17011,5587.04931640625
17012,3851.30126953125
17013,4169.2041015625
17014,3851.30126953125
17015,3851.30126953125
17016,5087.01318359375
17017,7400.45166015625
17018,5627.126953125
17019,3851.30126953125
17020,3851.30126953125
17021,4238.22119140625
17022,6923.70166015625
17023,5681.21484375
17024,8057.73291015625
17025,3957.697998046875
17026,4470.9775390625
17027,3851.30126953125
17028,5154.8515625
17029,3851.30126953125
17030,3851.30126953125
17031,3851.30126953125
17032,3869.696044921875
17033,5353.4794921875
17034,4233.1591796875
17035,3851.30126953125
17036,4818.60205078125
17037,6368.03857421875
17038,4854.83203125
17039,3851.30126953125
17040,9599.4921875
17041,5839.13671875
17042,5053.5947265625
17043,3851.30126953125
17044,6451.27099609375
17045,5050.10009765625
17046,4072.60498046875
17047,7456.3779296875
17048,7336.5517578125
17049,5794.08984375
17050,5773.767578125
17051,6308.89599609375
17052,6866.26416015625
17053,9707.07421875
17054,3851.30126953125
17055,3851.30126953125
17056,4681.4033203125
17057,5560.36181640625
17058,4300.6181640625
17059,7375.17578125
17060,5689.68017578125
17061,4523.80517578125
17062,3851.30126953125
17063,5637.21435546875
17064,7563.4462890625
17065,3851.30126953125
17066,5918.5029296875
17067,3851.30126953125
17068,5781.07763671875
17069,5327.49951171875
17070,4620.0908203125
17071,5634.7646484375
17072,4289.9521484375
17073,4563.8095703125
17074,5921.1181640625
17075,4637.5654296875
17076,7351.6591796875
17077,5620.61181640625
17078,8239.89453125
17079,5381.44970703125
17080,3851.30126953125
17081,7797.78076171875
17082,3851.30126953125
17083,8014.0078125
17084,4138.35498046875
17085,4537.578125
17086,5522.2236328125
17087,4162.3408203125
17088,4298.89208984375
17089,6152.48291015625
17090,3851.30126953125
17091,3851.30126953125
17092,6006.44482421875
17093,5510.14306640625
17094,7623.87744140625
17095,4753.1201171875
17096,4798.591796875
17097,3851.30126953125
17098,5298.83935546875
17099,3851.30126953125
17100,9050.1962890625
17101,6749.0234375
17102,9872.65625
17103,3851.30126953125
17104,4842.025390625
17105,7911.181640625
17106,7719.4267578125
17107,3851.30126953125
17108,8338.5458984375
17109,4724.9638671875
17110,4453.9599609375
17111,4550.7890625
17112,4442.80810546875
17113,3851.30126953125
17114,4766.619140625
17115,3851.30126953125
17116,3851.30126953125
17117,6802.59814453125
17118,5101.302734375
17119,19565.01171875
17120,5141.3955078125
17121,4141.03515625
17122,6837.99560546875
17123,8819.8837890625
17124,5503.82666015625
17125,6575.80615234375
17126,5325.64697265625
17127,6863.40234375
17128,6335.23779296875
17129,4408.55859375
17130,5093.8427734375
17131,6137.94482421875
17132,6855.11962890625
17133,6174.65576171875
17134,6733.33056640625
17135,5431.69775390625
17136,3954.774169921875
17137,4794.3232421875
17138,9072.5703125
17139,9539.7255859375
17140,8402.52734375
17141,6464.90380859375
17142,4423.0615234375
17143,4863.908203125
17144,3966.538818359375
17145,7230.33349609375
17146,9173.6416015625
17147,8459.8876953125
17148,4907.3125
17149,4993.1259765625
17150,4343.13427734375
17151,4904.42138671875
17152,8413.138671875
17153,5582.37353515625
17154,4502.32275390625
17155,4764.0927734375
17156,6595.90625
17157,3937.978271484375
17158,6511.47705078125
17159,3851.30126953125
17160,6461.708984375
17161,6000.85546875
17162,5107.94873046875
17163,6238.11865234375
17164,6249.177734375
17165,4056.49267578125
17166,5991.0615234375
17167,6751.7294921875
17168,9279.8896484375
17169,5303.7060546875
17170,6826.296875
17171,7218.5234375
17172,8080.041015625
17173,6028.35595703125
17174,8141.10498046875
17175,3969.9384765625
17176,4255.81640625
17177,5599.15478515625
17178,5774.310546875
17179,8120.98388671875
17180,6811.66943359375
17181,4921.60693359375
17182,6753.529296875
17183,6296.03857421875
17184,8514.150390625
17185,3851.30126953125
17186,10981.880859375
17187,4298.3740234375
17188,5263.060546875
17189,8060.1376953125
17190,4129.478515625
17191,5385.01416015625
17192,5643.861328125
17193,6403.6396484375
17194,5160.73291015625
17195,4488.2197265625
17196,7086.31787109375
17197,6858.28955078125
17198,7046.58349609375
17199,4176.34619140625
17200,6544.18115234375
17201,9294.9853515625
17202,5262.7529296875
17203,4232.873046875
17204,6220.8212890625
17205,5207.091796875
17206,6243.61767578125
17207,6998.20458984375
17208,3851.30126953125
17209,7154.65771484375
17210,5065.66015625
17211,6358.0595703125
17212,8473.232421875
17213,4601.6123046875
17214,5894.88525390625
17215,4955.90478515625
17216,6497.56494140625
17217,7358.30078125
17218,3993.384521484375
17219,4605.56396484375
17220,6034.62744140625
17221,5461.4052734375
17222,5260.82177734375
17223,7266.828125
17224,5584.8974609375
17225,6498.4501953125
17226,4970.8974609375
17227,4457.4990234375
17228,5732.98193359375
17229,6765.89306640625
17230,7096.74755859375
17231,7230.95556640625
17232,7882.49462890625
17233,4447.44580078125
17234,7852.478515625
17235,4929.7080078125
17236,6212.58935546875
17237,7803.1865234375
17238,6026.64892578125
17239,8443.5693359375
17240,7754.16796875
17241,6593.41845703125
17242,5253.541015625
17243,7048.177734375
17244,7073.55419921875
17245,5173.5849609375
17246,3851.30126953125
17247,4538.23046875
17248,6835.0146484375
17249,5821.77978515625
17250,4522.4306640625
17251,7603.35791015625
17252,5542.06396484375
17253,5222.50390625
17254,5490.9501953125
17255,5031.0224609375
17256,6807.63134765625
17257,6675.3994140625
17258,5637.556640625
17259,4922.916015625
17260,4719.66162109375
17261,5957.53759765625
17262,3851.30126953125
17263,5414.857421875
17264,4575.77490234375
17265,7315.35986328125
17266,6518.87646484375
17267,5854.2275390625
17268,9355.525390625
17269,4259.529296875
17270,4901.6640625
17271,9226.1328125
17272,6217.431640625
17273,7092.77880859375
17274,7095.14404296875
17275,4993.791015625
17276,5732.7529296875
17277,4827.8232421875
17278,6899.345703125
17279,9360.8359375
17280,6343.16064453125
17281,3851.30126953125
17282,4495.7109375
17283,8001.693359375
17284,8239.8271484375
17285,4984.98828125
17286,6429.17919921875
17287,4368.94970703125
17288,4252.68359375
17289,3851.30126953125
17290,4446.00244140625
17291,5734.4013671875
17292,6345.49560546875
17293,5997.55078125
17294,5371.28564453125
17295,7552.7529296875
17296,7994.26416015625
17297,6506.998046875
17298,4442.75244140625
17299,8048.72265625
17300,9185.740234375
17301,4990.6689453125
17302,7105.6962890625
17303,4789.14111328125
17304,6001.39111328125
17305,3851.30126953125
17306,6218.8076171875
17307,4368.9921875
17308,7726.5712890625
17309,6731.81787109375
17310,6738.53076171875
17311,6909.48291015625
17312,5094.88818359375
17313,7599.9248046875
17314,15858.775390625
17315,9147.912109375
17316,4991.72900390625
17317,3851.30126953125
17318,5874.4755859375
17319,7753.36669921875
17320,5302.658203125
17321,10514.84375
17322,18282.953125
17323,4142.3564453125
17324,4628.1796875
17325,8143.63818359375
17326,4506.0908203125
17327,8233.322265625
17328,5302.36279296875
17329,6683.12939453125
17330,4542.8525390625
17331,6106.2470703125
17332,5594.06982421875
17333,6762.25341796875
17334,8528.9150390625
17335,5890.38623046875
17336,5312.62841796875
17337,5940.587890625
17338,4387.4384765625
17339,4816.25341796875
17340,6792.064453125
17341,4582.7607421875
17342,5338.65283203125
17343,6658.23828125
17344,5266.3583984375
17345,4740.7314453125
17346,6230.2333984375
17347,6249.103515625
17348,6926.56298828125
17349,7929.75
17350,6391.6328125
17351,4992.2626953125
17352,3851.30126953125
17353,6121.41650390625
17354,6439.7060546875
17355,4844.02978515625
17356,3987.219482421875
17357,7800.93310546875
17358,6439.5107421875
17359,8392.3486328125
17360,5431.81201171875
17361,4663.5771484375
17362,5131.31787109375
17363,4700.66455078125
17364,8851.9990234375
17365,4512.07666015625
17366,6902.671875
17367,12468.701171875
17368,7161.65283203125
17369,5823.34716796875
17370,4383.4697265625
17371,4238.09765625
17372,6460.96728515625
17373,4218.21728515625
17374,5253.52392578125
17375,9204.2646484375
17376,5380.2509765625
17377,12868.4736328125
17378,10973.498046875
17379,4522.53857421875
17380,6329.9130859375
17381,4707.3427734375
17382,6018.18359375
17383,4967.8994140625
17384,9912.26953125
17385,6785.88818359375
17386,7958.48828125
17387,3924.93994140625
17388,6498.060546875
17389,4533.873046875
17390,7335.2568359375
17391,5969.6806640625
17392,5720.92431640625
17393,6092.59765625
17394,6115.2099609375
17395,7500.5458984375
17396,8134.931640625
17397,5617.8115234375
17398,9294.4091796875
17399,6257.318359375
17400,8084.77978515625
17401,4936.052734375
17402,4654.53369140625
17403,4589.1884765625
17404,8814.8740234375
17405,6013.076171875
17406,6693.48095703125
17407,5761.04345703125
17408,8016.76708984375
17409,4135.3798828125
17410,7708.2900390625
17411,5965.4130859375
17412,3851.30126953125
17413,11585.90234375
17414,14401.142578125
17415,6106.97607421875
17416,7190.05517578125
17417,8369.6982421875
17418,8736.89453125
17419,9541.2294921875
17420,5866.64306640625
17421,6119.5791015625
17422,5545.0283203125
17423,7053.9462890625
17424,4039.29931640625
17425,5173.4765625
17426,5004.73095703125
17427,5438.078125
17428,6778.52880859375
17429,4517.9150390625
17430,4080.7255859375
17431,6417.486328125
17432,4075.619873046875
17433,4312.47265625
17434,4949.2275390625
17435,5485.73095703125
17436,7721.11474609375
17437,8117.8232421875
17438,5935.60400390625
17439,5979.22216796875
17440,5510.16748046875
17441,9719.025390625
17442,6425.98876953125
17443,5102.9013671875
17444,3960.599609375
17445,9206.451171875
17446,4169.3544921875
17447,6865.01318359375
17448,3851.30126953125
17449,4420.45703125
17450,6256.541015625
17451,5020.3017578125
17452,4733.5537109375
17453,7276.09716796875
17454,8447.44921875
17455,9488.1025390625
17456,5997.3623046875
17457,8204.1630859375
17458,3851.30126953125
17459,4637.5517578125
17460,6168.3603515625
17461,4049.370361328125
17462,8350.8505859375
17463,5042.83935546875
17464,4474.369140625
17465,7300.69970703125
17466,9388.64453125
17467,7810.85986328125
17468,4757.02587890625
17469,4666.353515625
17470,9332.2705078125
17471,7068.6650390625
17472,5102.4052734375
17473,4629.6611328125
17474,6650.0107421875
17475,7796.6064453125
17476,4379.24267578125
17477,5434.59375
17478,7145.02587890625
17479,7157.44775390625
17480,11563.9921875
17481,5968.98876953125
17482,10687.52734375
17483,5917.9697265625
17484,5155.24072265625
17485,3851.30126953125
17486,5588.78271484375
17487,5230.9951171875
17488,4894.7353515625
17489,7171.0517578125
17490,4300.4892578125
17491,4457.5400390625
17492,6505.12548828125
17493,3851.30126953125
17494,7019.34814453125
17495,6362.5966796875
17496,6426.12158203125
17497,7831.84033203125
17498,4664.9609375
17499,8282.595703125
17500,5991.20263671875
17501,4465.666015625
17502,5098.90966796875
17503,4564.0078125
17504,9013.3134765625
17505,5999.537109375
17506,4410.583984375
17507,7544.240234375
17508,7724.64501953125
17509,6816.41064453125
17510,5232.701171875
17511,7635.0
17512,5317.59814453125
17513,6067.10400390625
17514,5004.513671875
17515,8446.6455078125
17516,4646.45947265625
17517,5531.9599609375
17518,4846.72314453125
17519,5251.50732421875
17520,4262.34521484375
17521,4866.4541015625
17522,7633.130859375
17523,8005.2578125
17524,9971.208984375
17525,9993.4296875
17526,7208.8203125
17527,7103.10791015625
17528,4428.8212890625
17529,9122.0859375
17530,8943.427734375
17531,6599.23291015625
17532,7118.744140625
17533,7827.28662109375
17534,5100.3564453125
17535,3851.30126953125
17536,9842.3447265625
17537,5368.60205078125
17538,6180.0908203125
17539,4966.046875
17540,3851.30126953125
17541,9557.2919921875
17542,5084.1259765625
17543,4167.1923828125
17544,4314.5439453125
17545,5025.32177734375
17546,5865.95703125
17547,6513.0751953125
17548,6498.5126953125
17549,4298.11083984375
17550,4206.83203125
17551,3892.24853515625
17552,3851.30126953125
17553,6576.8271484375
17554,15916.087890625
17555,4831.14892578125
17556,5122.6201171875
17557,5778.412109375
17558,4824.9541015625
17559,5011.6845703125
17560,4847.0029296875
17561,4361.14111328125
17562,6422.33203125
17563,6328.96728515625
17564,3903.9150390625
17565,7647.89306640625
17566,4310.8681640625
17567,4744.373046875
17568,9147.62890625
17569,7629.095703125
17570,8145.7197265625
17571,4689.60009765625
17572,5686.96337890625
17573,4200.958984375
17574,4523.416015625
17575,12556.4599609375
17576,8489.1650390625
17577,5520.6171875
17578,3851.30126953125
17579,4378.53857421875
17580,5292.14111328125
17581,4288.02392578125
17582,8246.5478515625
17583,4397.546875
17584,5057.13671875
17585,6925.59716796875
17586,4127.0009765625
17587,5405.52783203125
17588,6039.353515625
17589,6830.9833984375
17590,6660.43896484375
17591,4161.1513671875
17592,5163.79248046875
17593,5787.4150390625
17594,7661.9697265625
17595,8040.03857421875
17596,6219.90966796875
17597,4503.392578125
17598,7084.14404296875
17599,4943.41015625
17600,4092.658447265625
17601,6474.0888671875
17602,6515.0869140625
17603,5522.0517578125
17604,5800.10400390625
17605,5945.59912109375
17606,5961.876953125
17607,4607.02099609375
17608,7032.29345703125
17609,6208.97705078125
17610,5718.6025390625
17611,7505.59912109375
17612,5372.328125
17613,4257.26171875
17614,9767.470703125
17615,5136.3564453125
17616,3851.30126953125
17617,6640.7060546875
17618,7727.0849609375
17619,10563.1484375
17620,4301.548828125
17621,5765.8447265625
17622,5515.06396484375
17623,6973.8251953125
17624,5437.75537109375
17625,7689.9921875
17626,3851.30126953125
17627,5376.685546875
17628,5136.177734375
17629,4375.1123046875
17630,4367.26220703125
17631,5894.78125
17632,6590.40576171875
17633,5168.0224609375
17634,6369.95654296875
17635,6673.82568359375
17636,7546.18408203125
17637,3960.859375
17638,5650.822265625
17639,5861.259765625
17640,7241.2626953125
17641,8173.1875
17642,3851.30126953125
17643,7674.6826171875
17644,6735.99169921875
17645,7129.3740234375
17646,4440.31787109375
17647,3851.30126953125
17648,7339.1640625
17649,5701.41650390625
17650,7532.63916015625
17651,6287.0380859375
17652,4929.814453125
17653,7219.8046875
17654,5537.4736328125
17655,5108.4990234375
17656,7148.9521484375
17657,4872.822265625
17658,8091.69677734375
17659,9507.9404296875
17660,7004.681640625
17661,4176.7724609375
17662,4709.697265625
17663,4387.853515625
17664,3851.30126953125
17665,7839.97998046875
17666,4836.01025390625
17667,8178.7060546875
17668,3864.7880859375
17669,5798.0537109375
17670,5695.1328125
17671,8672.400390625
17672,4351.43359375
17673,5334.09033203125
17674,4860.677734375
17675,6640.3466796875
17676,5076.73779296875
17677,6692.5029296875
17678,7139.359375
17679,7495.35205078125
17680,6661.7978515625
17681,6235.09765625
17682,5325.8447265625
17683,4213.8466796875
17684,4760.7568359375
17685,9815.294921875
17686,8245.009765625
17687,7347.7919921875
17688,13822.53515625
17689,5287.50830078125
17690,4482.00390625
17691,5696.1630859375
17692,7213.2734375
17693,8359.4130859375
17694,6277.1826171875
17695,7132.41845703125
17696,7438.32763671875
17697,6410.04541015625
17698,5390.36083984375
17699,5081.041015625
17700,4755.91162109375
17701,4538.5009765625
17702,3851.30126953125
17703,5300.787109375
17704,7078.06982421875
17705,15133.890625
17706,6394.5087890625
17707,4636.037109375
17708,6894.66455078125
17709,4227.4921875
17710,5939.79296875
17711,3917.129638671875
17712,7721.23291015625
17713,5371.49609375
17714,5706.25830078125
17715,11074.96875
17716,11684.9150390625
17717,4968.626953125
17718,5851.12451171875
17719,3954.056396484375
17720,4787.4375
17721,4804.33544921875
17722,7327.4970703125
17723,4311.9482421875
17724,3906.5224609375
17725,4958.57080078125
17726,5127.3828125
17727,6701.58349609375
17728,6498.3828125
17729,3851.30126953125
17730,6838.56201171875
17731,7941.60693359375
17732,6660.12646484375
17733,4168.0439453125
17734,3976.09033203125
17735,6458.736328125
17736,4140.513671875
17737,9133.529296875
17738,4149.5634765625
17739,4836.5673828125
17740,6160.259765625
17741,4545.9921875
17742,4187.423828125
17743,4897.662109375
17744,5656.16259765625
17745,7839.849609375
17746,8276.9267578125
17747,5347.900390625
17748,3851.30126953125
17749,4945.1669921875
17750,6353.65966796875
17751,4856.3798828125
17752,4782.76123046875
17753,5264.10498046875
17754,10179.77734375
17755,6559.2587890625
17756,5484.18212890625
17757,5878.33447265625
17758,4098.578125
17759,8673.0068359375
17760,4805.220703125
17761,10708.501953125
17762,5603.8828125
17763,4542.3447265625
17764,5268.6884765625
17765,3851.30126953125
17766,6213.8291015625
17767,16342.447265625
17768,4230.3798828125
17769,4556.6142578125
17770,8799.0849609375
17771,6382.763671875
17772,6218.8095703125
17773,7388.63134765625
17774,5490.15185546875
17775,4674.6767578125
17776,3977.52197265625
17777,8685.5498046875
17778,5765.7470703125
17779,6596.841796875
17780,6574.74658203125
17781,3911.87939453125
17782,6411.89111328125
17783,5999.5302734375
17784,3851.30126953125
17785,7612.16943359375
17786,8316.0283203125
17787,4281.3291015625
17788,7115.09716796875
17789,6077.25244140625
17790,4861.015625
17791,8578.75
17792,5855.4990234375
17793,7522.98388671875
17794,4407.67138671875
17795,4208.11474609375
17796,6066.1298828125
17797,3851.30126953125
17798,7101.2900390625
17799,4367.16796875
17800,5723.205078125
17801,4672.7939453125
17802,4655.916015625
17803,5080.0146484375
17804,5978.28466796875
17805,5820.40673828125
17806,7842.9130859375
17807,5595.24462890625
17808,7204.17431640625
17809,5408.5400390625
17810,7713.783203125
17811,8149.23046875
17812,6198.93798828125
17813,3851.30126953125
17814,5197.76171875
17815,6562.62744140625
17816,4232.939453125
17817,9498.15625
17818,5135.7412109375
17819,6567.55029296875
17820,9007.447265625
17821,6030.90234375
17822,4045.5341796875
17823,9459.9326171875
17824,8618.8134765625
17825,5703.77490234375
17826,7681.88818359375
17827,8150.859375
17828,5840.546875
17829,4607.6337890625
17830,5995.736328125
17831,5043.0185546875
17832,5180.3896484375
17833,6551.4091796875
17834,4270.052734375
17835,5991.52783203125
17836,6620.384765625
17837,6300.2529296875
17838,7377.7041015625
17839,5521.4453125
17840,6402.0283203125
17841,4299.2451171875
17842,6664.1162109375
17843,6268.888671875
17844,5736.79150390625
17845,6289.6943359375
17846,6115.87890625
17847,7999.46435546875
17848,4859.8623046875
17849,4637.314453125
17850,5550.3134765625
17851,6569.21826171875
17852,6688.40576171875
17853,4231.783203125
17854,3851.30126953125
17855,6955.8642578125
17856,7200.53076171875
17857,4871.93310546875
17858,7234.9423828125
17859,5994.69384765625
17860,6248.91796875
17861,4459.44580078125
17862,3851.30126953125
17863,5635.18896484375
17864,5963.5634765625
17865,5689.85546875
17866,8249.4755859375
17867,6714.1142578125
17868,4762.8408203125
17869,7577.0537109375
17870,3851.30126953125
17871,3851.30126953125
17872,5587.4873046875
17873,9358.4892578125
17874,7234.62744140625
17875,6304.8798828125
17876,4063.1455078125
17877,6169.5732421875
17878,8261.744140625
17879,5222.12109375
17880,7306.82421875
17881,5111.2919921875
17882,4436.4033203125
17883,4728.025390625
17884,5037.916015625
17885,5120.54638671875
17886,4757.935546875
17887,4140.3916015625
17888,4195.53466796875
17889,6386.17919921875
17890,6323.0810546875
17891,4540.138671875
17892,5841.87255859375
17893,6171.89599609375
17894,4889.11572265625
17895,4363.30078125
17896,9083.2734375
17897,6811.83837890625
17898,5371.125
17899,3915.193603515625
17900,10545.990234375
17901,5767.99462890625
17902,4737.103515625
17903,7664.47265625
17904,7023.5439453125
17905,6669.302734375
17906,5647.31884765625
17907,6930.30419921875
17908,8114.041015625
17909,11089.1484375
17910,4620.255859375
17911,3894.970947265625
17912,4772.951171875
17913,6190.994140625
17914,4772.05517578125
17915,6991.23046875
17916,7718.95068359375
17917,5055.171875
17918,4199.5
17919,5223.5439453125
17920,8257.0947265625
17921,5394.283203125
17922,6074.9794921875
17923,3851.30126953125
17924,6717.828125
17925,6373.6767578125
17926,6888.880859375
17927,7104.77783203125
17928,6008.755859375
17929,3937.178955078125
17930,5667.85986328125
17931,6171.24658203125
17932,7597.681640625
17933,7086.0927734375
17934,7252.74462890625
17935,5361.4482421875
17936,4250.3486328125
17937,8619.7900390625
17938,4155.96630859375
17939,8607.740234375
17940,5102.064453125
17941,4139.9951171875
17942,6012.41796875
17943,5187.90185546875
17944,6776.125
17945,7385.47216796875
17946,3950.60888671875
17947,4338.3330078125
17948,5617.9267578125
17949,7549.87353515625
17950,8683.80078125
17951,4993.05908203125
17952,5486.5009765625
17953,5810.8564453125
17954,5680.37109375
17955,4710.287109375
17956,9043.5400390625
17957,7485.91943359375
17958,11048.49609375
17959,3990.033447265625
17960,5697.12646484375
17961,8899.3984375
17962,8347.2822265625
17963,4973.267578125
17964,8654.6650390625
17965,6056.0380859375
17966,5049.044921875
17967,4256.54443359375
17968,4292.14013671875
17969,4629.203125
17970,5661.36083984375
17971,4070.416748046875
17972,4348.5498046875
17973,7968.17724609375
17974,5844.7353515625
17975,18974.74609375
17976,5397.80029296875
17977,3851.30126953125
17978,5972.1220703125
17979,7875.51318359375
17980,5271.134765625
17981,5851.849609375
17982,4807.3349609375
17983,6467.95263671875
17984,6037.00732421875
17985,3865.28662109375
17986,4379.4248046875
17987,5634.13916015625
17988,6643.82568359375
17989,5736.203125
17990,6668.2587890625
17991,4774.77978515625
17992,3851.30126953125
17993,4160.89892578125
17994,7782.17138671875
17995,8511.4853515625
17996,6892.77001953125
17997,5488.33837890625
17998,4085.727783203125
17999,4372.056640625
18000,3881.402587890625
18001,6393.86572265625
18002,7986.041015625
18003,8264.8720703125
18004,4184.28076171875
18005,4068.26025390625
18006,3851.30126953125
18007,4626.7041015625
18008,7909.29736328125
18009,4476.646484375
18010,4009.438720703125
18011,4432.5263671875
18012,5732.09375
18013,3851.30126953125
18014,5782.1220703125
18015,3851.30126953125
18016,6054.6123046875
18017,5506.79443359375
18018,4728.8671875
18019,5539.10546875
18020,5913.01953125
18021,3873.886962890625
18022,5353.2314453125
18023,6052.0302734375
18024,8061.96875
18025,4795.50048828125
18026,6622.9990234375
18027,6863.494140625
18028,7515.3017578125
18029,5616.2568359375
18030,7100.8291015625
18031,3926.28662109375
18032,4142.6455078125
18033,5117.94970703125
18034,5353.263671875
18035,7605.341796875
18036,6338.4921875
18037,4556.7724609375
18038,6264.1640625
18039,5960.52490234375
18040,7279.7490234375
18041,3851.30126953125
18042,10008.9296875
18043,3851.30126953125
18044,4842.923828125
18045,6820.2255859375
18046,3851.30126953125
18047,4361.11962890625
18048,5017.86474609375
18049,5614.234375
18050,4509.0791015625
18051,4083.7646484375
18052,6645.1875
18053,6410.4658203125
18054,5553.8994140625
18055,4045.070068359375
18056,6203.85009765625
18057,8652.830078125
18058,4919.3056640625
18059,4383.53369140625
18060,5686.26220703125
18061,4645.625
18062,5689.95947265625
18063,6340.41259765625
18064,3851.30126953125
18065,6771.44580078125
18066,4802.9091796875
18067,5539.39404296875
18068,8263.287109375
18069,3851.30126953125
18070,4756.734375
18071,4474.5439453125
18072,6201.18603515625
18073,6852.5546875
18074,3851.30126953125
18075,3894.475830078125
18076,5489.64453125
18077,4964.1181640625
18078,4844.9990234375
18079,6576.2666015625
18080,5171.611328125
18081,6188.23583984375
18082,4459.470703125
18083,3851.30126953125
18084,5122.87451171875
18085,6441.98095703125
18086,6665.33447265625
18087,6106.16748046875
18088,6731.5927734375
18089,3851.30126953125
18090,7582.68896484375
18091,4380.236328125
18092,5283.67626953125
18093,7561.4521484375
18094,5277.09814453125
18095,7956.01416015625
18096,6894.59130859375
18097,5933.21728515625
18098,4963.80859375
18099,5977.74755859375
18100,6605.0322265625
18101,4899.50732421875
18102,3851.30126953125
18103,4243.087890625
18104,6332.7822265625
18105,4858.44921875
18106,3851.30126953125
18107,6946.921875
18108,5262.09228515625
18109,4880.28759765625
18110,4388.189453125
18111,4413.6572265625
18112,6138.51513671875
18113,5814.89208984375
18114,5275.56005859375
18115,4408.791015625
18116,4345.5244140625
18117,5143.88330078125
18118,3851.30126953125
18119,5450.8818359375
18120,4062.290771484375
18121,6638.4794921875
18122,6052.20556640625
18123,5367.0234375
18124,8345.9736328125
18125,4210.4072265625
18126,4249.2998046875
18127,8275.9208984375
18128,5059.1455078125
18129,6845.314453125
18130,6051.64013671875
18131,4003.699462890625
18132,5332.4267578125
18133,4244.8525390625
18134,5993.7880859375
18135,8783.466796875
18136,5976.96142578125
18137,3851.30126953125
18138,4300.943359375
18139,6982.98046875
18140,6916.505859375
18141,4552.30859375
18142,5215.828125
18143,3851.30126953125
18144,4080.371826171875
18145,3851.30126953125
18146,3851.30126953125
18147,5048.24560546875
18148,5714.833984375
18149,5593.0751953125
18150,4643.50390625
18151,6638.4462890625
18152,7320.43701171875
18153,5891.35205078125
18154,3954.581298828125
18155,7827.2802734375
18156,7565.134765625
18157,4586.83984375
18158,5974.01416015625
18159,3851.30126953125
18160,5277.05322265625
18161,3851.30126953125
18162,5725.943359375
18163,3851.30126953125
18164,7687.46630859375
18165,5397.994140625
18166,6280.8740234375
18167,6681.5791015625
18168,4694.8984375
18169,6807.3349609375
18170,15187.638671875
18171,8015.44873046875
18172,4505.0166015625
18173,3851.30126953125
18174,5009.64404296875
18175,6747.8818359375
18176,4962.1298828125
18177,9994.21484375
18178,17491.005859375
18179,3851.30126953125
18180,4471.20654296875
18181,7991.4765625
18182,4085.329345703125
18183,7379.52880859375
18184,4800.89404296875
18185,5991.5703125
18186,4064.64453125
18187,5443.1240234375
18188,5034.89453125
18189,6342.41455078125
18190,7787.57958984375
18191,5358.67578125
18192,4990.49072265625
18193,5595.82568359375
18194,3890.537109375
18195,4326.544921875
18196,6483.09521484375
18197,4129.30322265625
18198,4811.095703125
18199,5681.9091796875
18200,5163.1220703125
18201,4633.64794921875
18202,5849.74560546875
18203,5954.32373046875
18204,6085.87255859375
18205,7512.1337890625
18206,6109.76904296875
18207,4707.0546875
18208,3851.30126953125
18209,4995.017578125
18210,5784.5693359375
18211,4551.267578125
18212,3945.138916015625
18213,6679.34033203125
18214,5707.390625
18215,7941.041015625
18216,5196.4609375
18217,4187.689453125
18218,4489.0205078125
18219,4387.0810546875
18220,7528.3095703125
18221,4057.69384765625
18222,6267.44921875
18223,12013.228515625
18224,6625.5107421875
18225,5462.869140625
18226,3852.5830078125
18227,3907.99267578125
18228,5510.212890625
18229,3851.30126953125
18230,5073.4716796875
18231,8438.0810546875
18232,4611.08447265625
18233,12261.818359375
18234,10669.853515625
18235,4275.0576171875
18236,6114.51708984375
18237,4315.94873046875
18238,5836.27880859375
18239,4059.9326171875
18240,9226.79296875
18241,5610.68359375
18242,6884.58935546875
18243,3851.30126953125
18244,5704.47412109375
18245,3922.504150390625
18246,7384.48291015625
18247,5160.79833984375
18248,4700.1279296875
18249,5505.56982421875
18250,5653.28125
18251,6602.17236328125
18252,7802.0849609375
18253,4861.08837890625
18254,8226.1005859375
18255,5868.541015625
18256,7832.63818359375
18257,4695.890625
18258,4087.0048828125
18259,4144.9052734375
18260,7905.22265625
18261,5328.87939453125
18262,5485.025390625
18263,5261.0751953125
18264,6941.7353515625
18265,3968.880126953125
18266,7080.244140625
18267,5480.9580078125
18268,3851.30126953125
18269,10241.8896484375
18270,13642.966796875
18271,5446.8037109375
18272,6340.716796875
18273,6946.50341796875
18274,7770.57861328125
18275,8933.66796875
18276,5168.623046875
18277,5796.173828125
18278,4876.205078125
18279,6577.1650390625
18280,3851.30126953125
18281,4491.70849609375
18282,4558.4091796875
18283,5136.373046875
18284,6022.0810546875
18285,4467.146484375
18286,3851.30126953125
18287,5615.71630859375
18288,3851.30126953125
18289,3851.30126953125
18290,4667.2236328125
18291,4682.43505859375
18292,7057.103515625
18293,7322.806640625
18294,5682.732421875
18295,5431.3525390625
18296,4990.5498046875
18297,8959.6708984375
18298,5804.5283203125
18299,4228.4150390625
18300,3851.30126953125
18301,8546.6298828125
18302,4084.72900390625
18303,5490.908203125
18304,3851.30126953125
18305,3992.597900390625
18306,6169.90625
18307,4656.685546875
18308,4303.5439453125
18309,6863.36376953125
18310,7641.056640625
18311,8725.822265625
18312,5677.853515625
18313,7555.04296875
18314,3851.30126953125
18315,4144.470703125
18316,4973.75
18317,3851.30126953125
18318,7479.318359375
18319,4224.6630859375
18320,4274.9638671875
18321,6668.1494140625
18322,9234.53515625
18323,7545.31005859375
18324,4584.51171875
18325,4511.263671875
18326,9430.533203125
18327,6751.51513671875
18328,4719.9931640625
18329,4239.40966796875
18330,6044.44775390625
18331,6862.05908203125
18332,4003.2822265625
18333,4852.1220703125
18334,6552.80712890625
18335,6613.78857421875
18336,10360.0986328125
18337,5808.248046875
18338,9755.6376953125
18339,5348.42578125
18340,4216.73779296875
18341,3851.30126953125
18342,5195.5703125
18343,4838.8447265625
18344,4383.5380859375
18345,6710.88916015625
18346,3889.04541015625
18347,3910.335205078125
18348,5984.7080078125
18349,3851.30126953125
18350,6596.42578125
18351,5646.689453125
18352,5990.0771484375
18353,6618.58203125
18354,4050.8232421875
18355,7967.24658203125
18356,5561.7626953125
18357,4157.83349609375
18358,4558.6455078125
18359,4365.2548828125
18360,8316.9169921875
18361,5412.294921875
18362,4040.148681640625
18363,5984.87158203125
18364,6915.14013671875
18365,5573.1826171875
18366,4867.609375
18367,6626.93603515625
18368,4806.638671875
18369,5564.51953125
18370,4594.373046875
18371,7176.03564453125
18372,4140.6962890625
18373,5072.07958984375
18374,4287.4853515625
18375,4579.67431640625
18376,3886.0791015625
18377,4113.8359375
18378,7037.9306640625
18379,7683.36474609375
18380,8752.5107421875
18381,9064.0107421875
18382,6663.740234375
18383,6904.001953125
18384,3996.243896484375
18385,8605.7734375
18386,8344.4775390625
18387,5841.75634765625
18388,6625.7353515625
18389,6311.59912109375
18390,4922.29736328125
18391,3851.30126953125
18392,9384.3984375
18393,4929.44580078125
18394,5402.52392578125
18395,4772.0771484375
18396,3851.30126953125
18397,8660.9375
18398,4624.2978515625
18399,3987.3759765625
18400,3851.30126953125
18401,4751.0302734375
18402,5087.05859375
18403,6339.43505859375
18404,5940.88818359375
18405,3851.30126953125
18406,3851.30126953125
18407,3851.30126953125
18408,3851.30126953125
18409,5422.15185546875
18410,15497.40625
18411,4183.9248046875
18412,4398.48388671875
18413,5098.240234375
18414,3948.505615234375
18415,3937.7197265625
18416,4326.47216796875
18417,3851.30126953125
18418,5711.89599609375
18419,5568.4765625
18420,3851.30126953125
18421,7245.25537109375
18422,4301.30322265625
18423,4228.689453125
18424,8400.7548828125
18425,6720.4736328125
18426,8059.509765625
18427,4619.85986328125
18428,5568.755859375
18429,3851.30126953125
18430,4277.63916015625
18431,11573.9482421875
18432,7996.15234375
18433,5132.44482421875
18434,3851.30126953125
18435,3919.33447265625
18436,5087.869140625
18437,3851.30126953125
18438,8291.3291015625
18439,4127.2001953125
18440,4668.951171875
18441,6030.76171875
18442,3851.30126953125
18443,4945.7041015625
18444,5665.5986328125
18445,6231.42236328125
18446,6214.18603515625
18447,3851.30126953125
18448,4769.0302734375
18449,5233.5556640625
18450,7350.6357421875
18451,6982.6435546875
18452,5790.34423828125
18453,4014.36865234375
18454,6532.517578125
18455,4388.1259765625
18456,3851.30126953125
18457,5504.72998046875
18458,5713.1376953125
18459,4965.033203125
18460,5198.45166015625
18461,5220.541015625
18462,5384.720703125
18463,4248.833984375
18464,6063.34033203125
18465,5601.93359375
18466,5367.4248046875
18467,7306.921875
18468,5035.05029296875
18469,3868.046875
18470,8419.626953125
18471,4716.05615234375
18472,3851.30126953125
18473,6067.4970703125
18474,7235.91015625
18475,9442.798828125
18476,4014.33642578125
18477,5364.9775390625
18478,5009.07568359375
18479,6203.4765625
18480,4780.046875
18481,6655.46826171875
18482,3851.30126953125
18483,4297.380859375
18484,4216.740234375
18485,4134.14892578125
18486,4068.30224609375
18487,5529.9365234375
18488,5978.97265625
18489,4922.8798828125
18490,5912.576171875
18491,6375.0126953125
18492,7049.509765625
18493,3851.30126953125
18494,5224.99169921875
18495,5404.36083984375
18496,6634.4658203125
18497,6711.73828125
18498,3851.30126953125
18499,7516.86865234375
18500,5842.99267578125
18501,5862.24853515625
18502,4082.955078125
18503,3851.30126953125
18504,6891.373046875
18505,5136.9853515625
18506,6436.3759765625
18507,5690.140625
18508,4192.2587890625
18509,6272.88720703125
18510,4934.1943359375
18511,4647.2646484375
18512,6844.1376953125
18513,4512.20458984375
18514,6957.984375
18515,7941.5869140625
18516,6531.8955078125
18517,3967.96142578125
18518,4256.44091796875
18519,4106.3359375
18520,3851.30126953125
18521,6413.61083984375
18522,4260.59130859375
18523,6979.97265625
18524,3851.30126953125
18525,5425.68359375
18526,5340.8759765625
18527,7723.49951171875
18528,3851.30126953125
18529,4789.08740234375
18530,4067.96435546875
18531,6443.4658203125
18532,4735.91845703125
18533,5974.29248046875
18534,6738.8251953125
18535,7266.00146484375
18536,5959.26171875
18537,5469.47265625
18538,4718.36083984375
18539,3949.877685546875
18540,4231.546875
18541,8534.6123046875
18542,7414.0107421875
18543,7290.41943359375
18544,13200.68359375
18545,4563.7978515625
18546,4133.0205078125
18547,4762.14111328125
18548,6383.99365234375
18549,7713.73046875
18550,5413.1953125
18551,6568.7734375
18552,6489.92041015625
18553,6006.01904296875
18554,4775.884765625
18555,4198.94140625
18556,4298.62548828125
18557,3905.62548828125
18558,3851.30126953125
18559,4758.6923828125
18560,6302.24072265625
18561,13531.3466796875
18562,5908.9765625
18563,4605.50634765625
18564,5672.978515625
18565,3919.515625
18566,5528.025390625
18567,3851.30126953125
18568,7583.890625
18569,4882.9267578125
18570,5459.2451171875
18571,10200.916015625
18572,10663.892578125
18573,4687.61083984375
18574,5445.068359375
18575,3851.30126953125
18576,4475.203125
18577,4665.240234375
18578,6646.3505859375
18579,3851.30126953125
18580,3851.30126953125
18581,4667.625
18582,4466.41015625
18583,5765.29541015625
18584,5403.51611328125
18585,3851.30126953125
18586,6519.5546875
18587,6897.1845703125
18588,5719.998046875
18589,3851.30126953125
18590,3851.30126953125
18591,5854.4853515625
18592,3851.30126953125
18593,8005.091796875
18594,3872.954833984375
18595,4406.349609375
18596,5722.97119140625
18597,4191.5048828125
18598,3990.629150390625
18599,4429.7880859375
18600,5193.0087890625
18601,7425.56103515625
18602,7490.24951171875
18603,4765.8193359375
18604,3851.30126953125
18605,4762.9384765625
18606,5879.4697265625
18607,4257.4013671875
18608,4252.375
18609,5015.4375
18610,9823.2353515625
18611,6313.5400390625
18612,5181.9619140625
18613,5574.46533203125
18614,3921.30224609375
18615,7554.669921875
18616,4644.80126953125
18617,10019.7763671875
18618,4790.59375
18619,4140.314453125
18620,4152.6396484375
18621,3851.30126953125
18622,5870.7177734375
18623,15446.63671875
18624,3851.30126953125
18625,3851.30126953125
18626,7810.43798828125
18627,5497.5869140625
18628,5987.3134765625
18629,6891.626953125
18630,4805.97265625
18631,4292.90234375
18632,3851.30126953125
18633,8294.14453125
18634,5161.56201171875
18635,5647.8466796875
18636,6114.056640625
18637,3909.654541015625
18638,6017.853515625
18639,5253.294921875
18640,3851.30126953125
18641,7501.2607421875
18642,7477.3583984375
18643,4021.107666015625
18644,6068.84912109375
18645,5488.9541015625
18646,4424.724609375
18647,7876.2529296875
18648,5202.916015625
18649,6896.654296875
18650,4016.448486328125
18651,3856.90673828125
18652,5696.23583984375
18653,3851.30126953125
18654,6975.09765625
18655,3851.30126953125
18656,5196.7890625
18657,4484.8759765625
18658,4459.9169921875
18659,4467.078125
18660,5604.45556640625
18661,5063.021484375
18662,6482.28515625
18663,5033.8369140625
18664,5866.96484375
18665,5336.7255859375
18666,6511.58203125
18667,7878.1875
18668,5831.2314453125
18669,3851.30126953125
18670,4817.1142578125
18671,6332.08251953125
18672,3923.384521484375
18673,8963.5732421875
18674,4800.099609375
18675,5995.84716796875
18676,8502.376953125
18677,5292.8671875
18678,3851.30126953125
18679,9017.5859375
18680,8046.92578125
18681,5269.28564453125
18682,7281.8740234375
18683,7856.92431640625
18684,5295.97021484375
18685,4191.3662109375
18686,5327.4453125
18687,4904.056640625
18688,4801.1201171875
18689,5512.244140625
18690,4010.392333984375
18691,5470.43408203125
18692,5492.353515625
18693,5556.3310546875
18694,6087.224609375
18695,5219.7353515625
18696,5711.4375
18697,4033.7041015625
18698,6273.47998046875
18699,5534.23193359375
18700,5137.484375
18701,5672.5224609375
18702,5486.9638671875
18703,7563.81005859375
18704,3868.547607421875
18705,4317.57666015625
18706,5092.4248046875
18707,5520.70263671875
18708,6295.01513671875
18709,4093.88818359375
18710,3851.30126953125
18711,6935.8134765625
18712,6828.173828125
18713,4592.462890625
18714,6109.462890625
18715,5487.3828125
18716,5378.80322265625
18717,3851.30126953125
18718,3851.30126953125
18719,5381.8564453125
18720,5027.634765625
18721,4856.50390625
18722,7792.216796875
18723,6705.21484375
18724,4323.34765625
18725,6848.5986328125
18726,3851.30126953125
18727,3851.30126953125
18728,4483.95849609375
18729,9148.423828125
18730,6606.97119140625
18731,5286.4921875
18732,3851.30126953125
18733,5482.85888671875
18734,7399.02734375
18735,4430.0166015625
18736,6986.0498046875
18737,4472.89990234375
18738,4172.6875
18739,4671.841796875
18740,4420.30078125
18741,4417.9033203125
18742,4127.60986328125
18743,3879.365478515625
18744,3851.30126953125
18745,6205.955078125
18746,5674.46630859375
18747,4102.54052734375
18748,5279.11669921875
18749,5372.79736328125
18750,4404.7939453125
18751,3851.30126953125
18752,7915.9072265625
18753,6203.4736328125
18754,4970.8984375
18755,3851.30126953125
18756,9036.494140625
18757,5265.7021484375
18758,3880.728515625
18759,7299.4345703125
18760,6639.4697265625
18761,5887.69091796875
18762,5184.5341796875
18763,6397.42919921875
18764,6528.25390625
18765,11109.740234375
18766,3851.30126953125
18767,3851.30126953125
18768,4025.302490234375
18769,5338.607421875
18770,4200.251953125
18771,6210.32763671875
18772,6881.6875
18773,4658.962890625
18774,3851.30126953125
18775,4753.50830078125
18776,8219.0390625
18777,4304.7421875
18778,5484.6982421875
18779,3851.30126953125
18780,5883.5927734375
18781,6190.34814453125
18782,6185.05224609375
18783,6676.5283203125
18784,5424.2099609375
18785,3851.30126953125
18786,5293.93359375
18787,5359.3017578125
18788,6503.43798828125
18789,5955.42041015625
18790,6404.63330078125
18791,4761.83984375
18792,3851.30126953125
18793,7605.58837890625
18794,3882.5732421875
18795,8012.158203125
18796,4550.58203125
18797,3851.30126953125
18798,5643.4990234375
18799,4729.8515625
18800,5931.63671875
18801,6491.48486328125
18802,3851.30126953125
18803,3851.30126953125
18804,5321.82080078125
18805,6892.87451171875
18806,8455.087890625
18807,4391.3212890625
18808,4955.67578125
18809,5704.08984375
18810,5017.24658203125
18811,4141.62744140625
18812,7634.73974609375
18813,7027.60107421875
18814,10429.685546875
18815,3851.30126953125
18816,4868.814453125
18817,8404.2265625
18818,7857.041015625
18819,4190.197265625
18820,8311.3984375
18821,5752.4072265625
18822,4710.76953125
18823,3851.30126953125
18824,3851.30126953125
18825,4393.77978515625
18826,5494.0966796875
18827,3851.30126953125
18828,4062.557861328125
18829,7152.0107421875
18830,5821.4326171875
18831,18047.734375
18832,5070.63134765625
18833,3851.30126953125
18834,5606.30908203125
18835,7730.705078125
18836,5004.0712890625
18837,5784.4521484375
18838,4644.44921875
18839,6058.94921875
18840,5851.17041015625
18841,3851.30126953125
18842,4330.173828125
18843,5346.66162109375
18844,6404.22998046875
18845,5648.78515625
18846,6325.97412109375
18847,4531.07421875
18848,3851.30126953125
18849,3928.4912109375
18850,7514.95703125
18851,8567.296875
18852,6797.96533203125
18853,5392.4306640625
18854,4253.357421875
18855,4110.8037109375
18856,3851.30126953125
18857,6355.3154296875
18858,7594.99609375
18859,7890.6904296875
18860,4249.9638671875
18861,3926.830810546875
18862,3851.30126953125
18863,4193.677734375
18864,7747.830078125
18865,4524.0107421875
18866,3851.30126953125
18867,4166.4169921875
18868,5664.6630859375
18869,3851.30126953125
18870,5657.037109375
18871,3851.30126953125
18872,5684.03515625
18873,5232.845703125
18874,4530.5869140625
18875,5359.689453125
18876,5460.56494140625
18877,3851.30126953125
18878,5266.41650390625
18879,5605.765625
18880,7781.26953125
18881,4533.3212890625
18882,6489.3466796875
18883,6683.724609375
18884,7076.21337890625
18885,5250.447265625
18886,6869.31103515625
18887,3851.30126953125
18888,3907.864013671875
18889,5125.7705078125
18890,5056.509765625
18891,7216.22216796875
18892,5852.626953125
18893,4400.0595703125
18894,5993.140625
18895,5708.04248046875
18896,6974.32373046875
18897,3851.30126953125
18898,9988.98046875
18899,3851.30126953125
18900,4815.4375
18901,6709.9482421875
18902,3851.30126953125
18903,4287.005859375
18904,4861.02783203125
18905,5520.83740234375
18906,4198.82177734375
18907,3867.82177734375
18908,6334.8486328125
18909,6188.24462890625
18910,5471.603515625
18911,3851.30126953125
18912,5898.310546875
18913,8448.8779296875
18914,4766.28466796875
18915,4244.44580078125
18916,5317.361328125
18917,4508.7021484375
18918,5308.82763671875
18919,5780.4033203125
18920,3851.30126953125
18921,6578.3935546875
18922,4682.00244140625
18923,5169.3662109375
18924,8179.2822265625
18925,3851.30126953125
18926,4321.7666015625
18927,4328.6416015625
18928,5904.8662109375
18929,6741.06396484375
18930,3851.30126953125
18931,3851.30126953125
18932,5124.8583984375
18933,4756.80224609375
18934,4505.580078125
18935,6180.7275390625
18936,4832.0048828125
18937,5797.35546875
18938,4402.5380859375
18939,3851.30126953125
18940,4854.869140625
18941,6305.34423828125
18942,6278.8046875
18943,5928.5546875
18944,6534.02392578125
18945,3851.30126953125
18946,7009.44140625
18947,4401.71875
18948,5041.39208984375
18949,7382.68212890625
18950,4930.7109375
18951,7693.96533203125
18952,6499.443359375
18953,5636.5009765625
18954,4556.2373046875
18955,5972.35693359375
18956,6126.2265625
18957,4510.21142578125
18958,3851.30126953125
18959,4209.3427734375
18960,6210.9150390625
18961,4516.16796875
18962,3851.30126953125
18963,6743.5546875
18964,5251.591796875
18965,4904.947265625
18966,4347.3916015625
18967,4442.20068359375
18968,5713.25830078125
18969,5645.0595703125
18970,5122.7236328125
18971,4128.46240234375
18972,4044.2509765625
18973,5172.95068359375
18974,3851.30126953125
18975,5350.87109375
18976,3851.30126953125
18977,6389.39208984375
18978,5817.9697265625
18979,5275.02783203125
18980,7651.96435546875
18981,3929.446044921875
18982,3982.37841796875
18983,8176.87890625
18984,5147.0966796875
18985,6544.208984375
18986,6116.1884765625
18987,3898.360595703125
18988,4961.22998046875
18989,4140.9345703125
18990,5729.5068359375
18991,8773.31640625
18992,5613.298828125
18993,3851.30126953125
18994,4081.155517578125
18995,6583.08837890625
18996,6629.55517578125
18997,4303.44677734375
18998,5036.72998046875
18999,3911.835693359375
19000,3877.553466796875
19001,3851.30126953125
19002,3851.30126953125
19003,4722.08349609375
19004,5357.15234375
19005,5644.751953125
19006,4712.35302734375
19007,6188.11962890625
19008,6790.8349609375
19009,5711.951171875
19010,3851.30126953125
19011,7614.12158203125
19012,7314.09130859375
19013,4437.07421875
19014,5740.6552734375
19015,3851.30126953125
19016,5127.865234375
19017,3851.30126953125
19018,5406.5908203125
19019,3851.30126953125
19020,7483.1025390625
19021,5109.69189453125
19022,6045.22412109375
19023,6523.9345703125
19024,4356.9384765625
19025,6531.99560546875
19026,15354.03515625
19027,7854.197265625
19028,4666.12353515625
19029,3851.30126953125
19030,4857.88623046875
19031,6753.5234375
19032,4647.5283203125
19033,9780.5361328125
19034,17189.072265625
19035,3851.30126953125
19036,4164.34521484375
19037,7394.7490234375
19038,3950.056884765625
19039,7298.064453125
19040,4538.60400390625
19041,5667.5986328125
19042,3908.401611328125
19043,5144.89599609375
19044,4694.650390625
19045,5925.982421875
19046,7209.58447265625
19047,4851.9580078125
19048,4662.20361328125
19049,5379.2861328125
19050,3851.30126953125
19051,4209.3896484375
19052,6113.53125
19053,4018.94873046875
19054,4483.921875
19055,5505.4189453125
19056,4894.33447265625
19057,4242.3583984375
19058,5679.77099609375
19059,5897.01806640625
19060,5955.35009765625
19061,7193.97900390625
19062,6080.71923828125
19063,4426.1455078125
19064,3851.30126953125
19065,4868.5888671875
19066,5663.1708984375
19067,4273.6845703125
19068,3851.30126953125
19069,6467.78125
19070,5403.8173828125
19071,7646.61181640625
19072,5184.455078125
19073,4047.68408203125
19074,4368.87744140625
19075,4052.560546875
19076,7096.8798828125
19077,3851.30126953125
19078,6050.60888671875
19079,11956.453125
19080,6068.4345703125
19081,5288.05615234375
19082,3858.271484375
19083,3985.6474609375
19084,5380.54931640625
19085,3851.30126953125
19086,4695.7041015625
19087,8369.056640625
19088,4419.06005859375
19089,12052.625
19090,10477.24609375
19091,4018.343505859375
19092,5856.7451171875
19093,4077.032470703125
19094,5575.57861328125
19095,4097.3076171875
19096,8907.4619140625
19097,5298.732421875
19098,6786.89794921875
19099,3851.30126953125
19100,5773.18701171875
19101,3851.30126953125
19102,7075.27880859375
19103,4798.2373046875
19104,4544.8935546875
19105,5093.15185546875
19106,5316.6572265625
19107,6446.5439453125
19108,7659.470703125
19109,4500.0361328125
19110,7941.3466796875
19111,5631.36572265625
19112,7848.9560546875
19113,4339.796875
19114,3877.665283203125
19115,4007.05712890625
19116,7642.228515625
19117,5102.8583984375
19118,5156.6884765625
19119,4973.84521484375
19120,6637.15869140625
19121,3851.30126953125
19122,6956.67529296875
19123,5379.099609375
19124,3851.30126953125
19125,10213.962890625
19126,13387.8134765625
19127,5246.14599609375
19128,6047.36962890625
19129,6654.00390625
19130,7712.51171875
19131,8985.9189453125
19132,4930.6572265625
19133,5754.677734375
19134,4857.623046875
19135,6434.59765625
19136,3851.30126953125
19137,4430.0078125
19138,4333.4208984375
19139,4852.173828125
19140,6111.03369140625
19141,4088.978271484375
19142,3851.30126953125
19143,5352.220703125
19144,3851.30126953125
19145,3851.30126953125
19146,4267.4248046875
19147,4678.12109375
19148,6820.52294921875
19149,6745.5947265625
19150,5433.08740234375
19151,5054.2001953125
19152,4789.4296875
19153,8893.1015625
19154,5676.43603515625
19155,4077.75
19156,3851.30126953125
19157,7909.5
19158,3851.30126953125
19159,5298.73876953125
19160,3851.30126953125
19161,3963.379638671875
19162,5692.48388671875
19163,4453.0224609375
19164,4011.927490234375
19165,6624.451171875
19166,7529.22705078125
19167,8577.3193359375
19168,5610.73828125
19169,7419.56298828125
19170,3851.30126953125
19171,3885.506591796875
19172,5016.97900390625
19173,3851.30126953125
19174,7427.46337890625
19175,4162.7939453125
19176,4179.34326171875
19177,6550.484375
19178,9054.92578125
19179,6993.7880859375
19180,4422.158203125
19181,4180.90283203125
19182,9290.701171875
19183,6552.34912109375
19184,4694.6025390625
19185,3900.3984375
19186,5908.91015625
19187,6701.509765625
19188,3851.30126953125
19189,4774.6953125
19190,6205.875
19191,6444.3310546875
19192,10233.7548828125
19193,5269.5205078125
19194,9803.4501953125
19195,5097.1806640625
19196,4342.1787109375
19197,3851.30126953125
19198,5226.70703125
19199,4718.64501953125
19200,3924.90771484375
19201,6460.6982421875
19202,3851.30126953125
19203,3851.30126953125
19204,5603.91943359375
19205,3851.30126953125
19206,6441.099609375
19207,5278.05859375
19208,5949.3994140625
19209,6170.486328125
19210,3851.30126953125
19211,7716.638671875
19212,5355.107421875
19213,4059.96826171875
19214,4125.52734375
19215,4376.6484375
19216,7853.45947265625
19217,5320.9013671875
19218,3945.534423828125
19219,5748.46142578125
19220,6640.67041015625
19221,5405.826171875
19222,4645.40087890625
19223,6459.81884765625
19224,4640.65625
19225,5373.7041015625
19226,4425.1240234375
19227,6784.77099609375
19228,4220.8095703125
19229,4961.1220703125
19230,4121.548828125
19231,4304.2451171875
19232,3851.30126953125
19233,3851.30126953125
19234,6417.8173828125
19235,7565.9619140625
19236,8537.5947265625
19237,8660.5478515625
19238,6432.080078125
19239,6796.849609375
19240,3858.43212890625
19241,8336.6474609375
19242,8181.6884765625
19243,5384.037109375
19244,6587.09375
19245,6063.572265625
19246,4644.2001953125
19247,3851.30126953125
19248,9071.560546875
19249,4658.19775390625
19250,5392.0322265625
19251,4505.1611328125
19252,3851.30126953125
19253,8323.484375
19254,4208.26025390625
19255,3851.30126953125
19256,3851.30126953125
19257,4468.3046875
19258,4987.43994140625
19259,5833.6708984375
19260,5433.70361328125
19261,3941.74365234375
19262,3851.30126953125
19263,3851.30126953125
19264,3851.30126953125
19265,5293.84375
19266,15382.919921875
19267,4027.307373046875
19268,4216.982421875
19269,5230.6943359375
19270,3851.30126953125
19271,3851.30126953125
19272,4055.671142578125
19273,3851.30126953125
19274,5384.7978515625
19275,5302.4765625
19276,3851.30126953125
19277,6939.2431640625
19278,4086.17822265625
19279,3988.436279296875
19280,8008.109375
19281,6569.9365234375
19282,8037.92578125
19283,4587.75390625
19284,5407.7900390625
19285,3851.30126953125
19286,4163.88623046875
19287,11680.7109375
19288,7535.1298828125
19289,4587.462890625
19290,3851.30126953125
19291,3851.30126953125
19292,4816.357421875
19293,3851.30126953125
19294,8022.287109375
19295,3986.55712890625
19296,4635.4482421875
19297,5735.2158203125
19298,3851.30126953125
19299,4806.326171875
19300,5444.07177734375
19301,5802.23779296875
19302,5667.48193359375
19303,3851.30126953125
19304,4456.4775390625
19305,4939.15234375
19306,7192.01416015625
19307,6674.97607421875
19308,5375.36376953125
19309,3851.30126953125
19310,6168.896484375
19311,4589.99560546875
19312,3851.30126953125
19313,5482.361328125
19314,5651.71923828125
19315,4853.4951171875
19316,4903.4306640625
19317,5016.228515625
19318,5166.53173828125
19319,3944.986328125
19320,5850.361328125
19321,5368.05078125
19322,5119.90771484375
19323,7098.39990234375
19324,4660.59765625
19325,3851.30126953125
19326,8343.1982421875
19327,4490.5361328125
19328,3851.30126953125
19329,5912.62158203125
19330,6986.3046875
19331,8905.8701171875
19332,3851.30126953125
19333,5158.9873046875
19334,4738.95458984375
19335,6234.279296875
19336,4573.4443359375
19337,6181.3662109375
19338,3851.30126953125
19339,4231.9619140625
19340,4153.41015625
19341,4122.40771484375
19342,3851.30126953125
19343,5383.02490234375
19344,5684.19140625
19345,4763.0751953125
19346,5905.6953125
19347,6102.3896484375
19348,6713.0625
19349,3851.30126953125
19350,5119.94482421875
19351,5077.947265625
19352,5996.546875
19353,6588.50439453125
19354,3851.30126953125
19355,7540.17431640625
19356,5482.94140625
19357,5783.8837890625
19358,3889.825439453125
19359,3851.30126953125
19360,6585.08544921875
19361,5010.7431640625
19362,6383.4052734375
19363,5358.1015625
19364,4225.5654296875
19365,5944.12939453125
19366,4928.1494140625
19367,4423.544921875
19368,6482.0185546875
19369,4567.05078125
19370,7010.67529296875
19371,7486.9423828125
19372,6175.09375
19373,3851.30126953125
19374,4256.06005859375
19375,3851.30126953125
19376,3851.30126953125
19377,6171.7060546875
19378,4235.994140625
19379,6659.32958984375
19380,3851.30126953125
19381,5091.72607421875
19382,5215.2080078125
19383,7475.92041015625
19384,3851.30126953125
19385,4565.9970703125
19386,4047.8505859375
19387,6177.041015625
19388,4344.78173828125
19389,5796.67529296875
19390,6242.4560546875
19391,7110.65283203125
19392,5554.9921875
19393,5131.4130859375
19394,4418.9833984375
19395,3851.30126953125
19396,4075.824462890625
19397,8240.466796875
19398,7241.056640625
19399,7117.25634765625
19400,13078.208984375
19401,4564.5595703125
19402,3851.30126953125
19403,4618.845703125
19404,6265.267578125
19405,7258.0869140625
19406,5099.634765625
19407,6267.59375
19408,6189.66357421875
19409,5823.705078125
19410,4401.2685546875
19411,4028.318359375
19412,4089.01806640625
19413,3851.30126953125
19414,3851.30126953125
19415,4519.49365234375
19416,6055.943359375
19417,13525.41796875
19418,5591.90380859375
19419,4425.7470703125
19420,5466.66845703125
19421,3851.30126953125
19422,5100.03662109375
19423,3851.30126953125
19424,7215.63623046875
19425,4691.7958984375
19426,5152.8671875
19427,9981.361328125
19428,10239.3349609375
19429,4684.92529296875
19430,5229.263671875
19431,3851.30126953125
19432,4349.0185546875
19433,4564.341796875
19434,6145.9169921875
19435,3851.30126953125
19436,3851.30126953125
19437,4613.234375
19438,4182.90380859375
19439,5762.89453125
19440,5371.1875
19441,3851.30126953125
19442,6258.099609375
19443,6673.4853515625
19444,5213.29150390625
19445,3851.30126953125
19446,3851.30126953125
19447,5802.5224609375
19448,3851.30126953125
19449,8028.1328125
19450,3851.30126953125
19451,4047.4150390625
19452,5373.13818359375
19453,4084.46044921875
19454,3875.0283203125
19455,4236.822265625
19456,4908.77490234375
19457,7360.01904296875
19458,7009.896484375
19459,4380.4892578125
19460,3851.30126953125
19461,4480.587890625
19462,5550.81640625
19463,4177.90869140625
19464,4020.829345703125
19465,4890.24951171875
19466,9417.083984375
19467,5945.39453125
19468,5054.0810546875
19469,5511.546875
19470,3884.16259765625
19471,7486.025390625
19472,4482.51953125
19473,10100.849609375
19474,4530.859375
19475,3851.30126953125
19476,4139.0625
19477,3851.30126953125
19478,5680.36572265625
19479,15281.330078125
19480,3851.30126953125
19481,3851.30126953125
19482,7378.716796875
19483,5287.41650390625
19484,5774.44873046875
19485,6631.39990234375
19486,4543.37939453125
19487,4118.78662109375
19488,3851.30126953125
19489,7918.06494140625
19490,4837.6513671875
19491,5380.59326171875
19492,5668.4140625
19493,3851.30126953125
19494,5868.35302734375
19495,5084.0615234375
19496,3851.30126953125
19497,6824.8837890625
19498,7407.82763671875
19499,3950.195068359375
19500,5922.359375
19501,5228.4970703125
19502,3984.936279296875
19503,7149.95751953125
19504,4839.6748046875
19505,6813.564453125
19506,3851.30126953125
19507,3851.30126953125
19508,5757.818359375
19509,3851.30126953125
19510,6770.5771484375
19511,3851.30126953125
19512,5079.6201171875
19513,4351.3779296875
19514,4146.7958984375
19515,4507.8837890625
19516,5739.291015625
19517,4622.677734375
19518,6155.92431640625
19519,4619.2646484375
19520,5896.77392578125
19521,5268.25390625
19522,6401.5595703125
19523,7899.337890625
19524,5695.3544921875
19525,3851.30126953125
19526,4627.4345703125
19527,6060.51171875
19528,3898.903076171875
19529,8825.759765625
19530,4455.39208984375
19531,5894.9287109375
19532,8309.57421875
19533,5260.28662109375
19534,3851.30126953125
19535,8655.966796875
19536,7879.21435546875
19537,4783.2646484375
19538,7204.599609375
19539,7550.6640625
19540,4876.79150390625
19541,4374.0966796875
19542,5187.095703125
19543,4579.58349609375
19544,4631.69921875
19545,5493.07421875
19546,3947.797607421875
19547,5284.37939453125
19548,5430.115234375
19549,5492.9912109375
19550,5855.60888671875
19551,5056.25
19552,5678.25390625
19553,3851.30126953125
19554,5790.150390625
19555,5428.48583984375
19556,4855.099609375
19557,5523.3193359375
19558,5234.3271484375
19559,7436.521484375
19560,3946.74267578125
19561,4157.2890625
19562,4744.87451171875
19563,5267.11865234375
19564,5991.439453125
19565,3866.94775390625
19566,3851.30126953125
19567,6832.12109375
19568,6587.71728515625
19569,4442.11328125
19570,5825.81103515625
19571,5293.53466796875
19572,5387.84228515625
19573,3851.30126953125
19574,3851.30126953125
19575,5166.626953125
19576,4707.431640625
19577,4918.74365234375
19578,7394.7265625
19579,6632.3564453125
19580,4226.73291015625
19581,6588.0322265625
19582,3851.30126953125
19583,3851.30126953125
19584,4392.2607421875
19585,8857.2255859375
19586,6177.5380859375
19587,5324.064453125
19588,3851.30126953125
19589,5430.755859375
19590,7279.21337890625
19591,4533.6943359375
19592,6500.06591796875
19593,4516.333984375
19594,4002.41943359375
19595,4510.1796875
19596,4534.6630859375
19597,4366.48828125
19598,4034.35107421875
19599,3851.30126953125
19600,3851.30126953125
19601,6121.72412109375
19602,5661.5087890625
19603,3876.83251953125
19604,5009.14501953125
19605,5045.9375
19606,4676.115234375
19607,3851.30126953125
19608,7208.822265625
19609,6058.39599609375
19610,4684.4140625
19611,3851.30126953125
19612,8950.302734375
19613,4825.7490234375
19614,3851.30126953125
19615,6768.34716796875
19616,6824.8623046875
19617,5711.55029296875
19618,4809.0224609375
19619,6147.10107421875
19620,6344.93310546875
19621,11101.423828125
19622,3851.30126953125
19623,3851.30126953125
19624,3851.30126953125
19625,4961.36865234375
19626,3988.1484375
19627,6174.787109375
19628,6715.267578125
19629,4443.849609375
19630,3851.30126953125
19631,4518.4892578125
19632,7908.5986328125
19633,4296.9560546875
19634,5098.15283203125
19635,3851.30126953125
19636,5476.29736328125
19637,5879.0693359375
19638,5928.96044921875
19639,6681.861328125
19640,4975.9892578125
19641,3851.30126953125
19642,4957.64599609375
19643,5332.935546875
19644,6113.71435546875
19645,5841.8447265625
19646,6146.9296875
19647,4551.05078125
19648,3851.30126953125
19649,7732.046875
19650,3851.30126953125
19651,7919.77099609375
19652,4259.16162109375
19653,3851.30126953125
19654,5349.17236328125
19655,4588.521484375
19656,5795.51611328125
19657,6205.130859375
19658,3851.30126953125
19659,3851.30126953125
19660,4898.7841796875
19661,6599.2265625
19662,7968.69091796875
19663,4149.6630859375
19664,4879.7470703125
19665,5518.76025390625
19666,4730.9375
19667,4177.40673828125
19668,7455.2705078125
19669,6728.08251953125
19670,9947.638671875
19671,3851.30126953125
19672,4822.81689453125
19673,8399.5751953125
19674,7550.1748046875
19675,4222.638671875
19676,8006.17333984375
19677,5440.923828125
19678,4260.82421875
19679,3851.30126953125
19680,3851.30126953125
19681,4182.888671875
19682,5150.8203125
19683,3851.30126953125
19684,4081.662841796875
19685,6734.1005859375
19686,5543.41748046875
19687,18054.837890625
19688,4760.904296875
19689,3851.30126953125
19690,5616.345703125
19691,7754.412109375
19692,5059.5048828125
19693,6061.1767578125
19694,4788.56494140625
19695,5952.13916015625
19696,5872.35986328125
19697,3851.30126953125
19698,4322.755859375
19699,5417.080078125
19700,6426.38232421875
19701,5828.9296875
19702,6281.62548828125
19703,4724.134765625
19704,3851.30126953125
19705,4067.298095703125
19706,7530.92138671875
19707,8745.0478515625
19708,6955.77392578125
19709,5453.1884765625
19710,4330.404296875
19711,4299.15087890625
19712,3851.30126953125
19713,6600.12939453125
19714,7373.94287109375
19715,7726.89794921875
19716,4367.2236328125
19717,3930.482666015625
19718,3851.30126953125
19719,4121.0126953125
19720,7924.447265625
19721,4547.6240234375
19722,3915.79931640625
19723,4073.148681640625
19724,5490.8095703125
19725,3851.30126953125
19726,5716.91162109375
19727,3851.30126953125
19728,5655.697265625
19729,5323.6845703125
19730,4596.5634765625
19731,5663.2919921875
19732,5261.95947265625
19733,3851.30126953125
19734,5422.61474609375
19735,5383.46044921875
19736,7871.79052734375
19737,4594.6708984375
19738,6518.48046875
19739,6669.54443359375
19740,6995.19384765625
19741,5257.568359375
19742,7030.099609375
19743,3851.30126953125
19744,3851.30126953125
19745,5294.4150390625
19746,5085.42578125
19747,6989.4775390625
19748,5780.744140625
19749,4528.5185546875
19750,6025.72412109375
19751,5868.8408203125
19752,7016.552734375
19753,3851.30126953125
19754,10204.365234375
19755,3851.30126953125
19756,4844.158203125
19757,6922.765625
19758,3851.30126953125
19759,4457.646484375
19760,4676.15673828125
19761,5628.1875
19762,4066.9970703125
19763,3920.59765625
19764,6449.67041015625
19765,6129.169921875
19766,5415.80615234375
19767,3851.30126953125
19768,5936.6943359375
19769,8537.677734375
19770,5085.1103515625
19771,4084.53369140625
19772,5287.1005859375
19773,4532.7294921875
19774,5384.73193359375
19775,5944.1689453125
19776,3851.30126953125
19777,6637.0322265625
19778,4726.7431640625
19779,5224.49755859375
19780,8029.9248046875
19781,3888.583984375
19782,4352.46142578125
19783,4310.2001953125
19784,5990.33349609375
19785,6874.650390625
19786,3851.30126953125
19787,3851.30126953125
19788,5238.5439453125
19789,4821.96484375
19790,4672.2255859375
19791,6417.4072265625
19792,4736.646484375
19793,5799.63525390625
19794,4519.2724609375
19795,3939.5400390625
19796,4847.2021484375
19797,6320.958984375
19798,6266.50244140625
19799,5926.10888671875
19800,6472.9384765625
19801,3851.30126953125
19802,6939.8994140625
19803,4494.2490234375
19804,5054.546875
19805,7384.38720703125
19806,4876.8779296875
19807,7966.10302734375
19808,6361.2265625
19809,5895.07080078125
19810,4553.9677734375
19811,5990.81494140625
19812,6038.39453125
19813,4358.2158203125
19814,3851.30126953125
19815,4366.8271484375
19816,6443.5595703125
19817,4694.056640625
19818,3851.30126953125
19819,7039.8388671875
19820,5377.494140625
19821,4793.9599609375
19822,4506.666015625
19823,4634.53564453125
19824,5837.09033203125
19825,5707.00830078125
19826,5145.384765625
19827,4088.212646484375
19828,3996.754150390625
19829,5258.4384765625
19830,3851.30126953125
19831,5330.81884765625
19832,3851.30126953125
19833,6529.5546875
19834,6034.9453125
19835,5331.5576171875
19836,7385.20654296875
19837,3984.1181640625
19838,4027.606201171875
19839,8490.7138671875
19840,5134.46484375
19841,6643.78857421875
19842,6335.5869140625
19843,4004.99169921875
19844,4963.8134765625
19845,4122.2421875
19846,5782.203125
19847,8780.869140625
19848,5474.23388671875
19849,3851.30126953125
19850,3901.902099609375
19851,6456.3291015625
19852,6398.43359375
19853,4314.9755859375
19854,5282.54931640625
19855,4028.890625
19856,3851.30126953125
19857,3851.30126953125
19858,4286.51953125
19859,4807.4462890625
19860,5216.6357421875
19861,5931.98388671875
19862,5195.66845703125
19863,6091.71435546875
19864,6604.4091796875
19865,5697.1318359375
19866,3851.30126953125
19867,7727.44189453125
19868,7628.3955078125
19869,4705.3837890625
19870,5753.06884765625
19871,3862.321044921875
19872,5201.20361328125
19873,3851.30126953125
19874,5304.5361328125
19875,3851.30126953125
19876,7577.22705078125
19877,5244.97998046875
19878,6092.4208984375
19879,6573.5634765625
19880,4309.7158203125
19881,6392.90673828125
19882,16113.572265625
19883,7960.88818359375
19884,4984.5439453125
19885,3851.30126953125
19886,4871.6337890625
19887,6798.72216796875
19888,4828.2060546875
19889,9792.9052734375
19890,16918.861328125
19891,3851.30126953125
19892,4154.32080078125
19893,7526.28466796875
19894,3933.03564453125
19895,7783.33447265625
19896,4546.09716796875
19897,5757.64453125
19898,3881.419677734375
19899,5196.18115234375
19900,4788.88330078125
19901,6033.20751953125
19902,7168.03662109375
19903,4844.03564453125
19904,4624.04052734375
19905,5315.78662109375
19906,3851.30126953125
19907,4138.1640625
19908,6218.18701171875
19909,4100.9208984375
19910,4579.0966796875
19911,5813.9404296875
19912,4857.8994140625
19913,4122.9140625
19914,5697.9169921875
19915,6015.291015625
19916,6230.3310546875
19917,6893.21923828125
19918,6049.87890625
19919,4416.412109375
19920,3851.30126953125
19921,4851.3564453125
19922,5766.13916015625
19923,4219.0302734375
19924,3851.30126953125
19925,6271.54931640625
19926,5255.5390625
19927,7417.1337890625
19928,5453.80078125
19929,4160.50390625
19930,4239.9052734375
19931,4043.889404296875
19932,7160.80517578125
19933,3920.537841796875
19934,6078.12060546875
19935,12197.8564453125
19936,5930.2138671875
19937,5383.15966796875
19938,3905.38818359375
19939,4023.83984375
19940,5543.29052734375
19941,3851.30126953125
19942,4563.470703125
19943,8487.595703125
19944,4402.8759765625
19945,11988.93359375
19946,10459.673828125
19947,3910.656005859375
19948,5738.8154296875
19949,4080.746337890625
19950,5551.04296875
19951,4404.29443359375
19952,8883.990234375
19953,5157.40234375
19954,6570.794921875
19955,3851.30126953125
19956,5864.61572265625
19957,3851.30126953125
19958,6759.9609375
19959,4891.2724609375
19960,4626.5244140625
19961,5017.7001953125
19962,5383.98388671875
19963,6475.177734375
19964,7517.892578125
19965,4565.2119140625
19966,8052.7958984375
19967,5645.70751953125
19968,8008.572265625
19969,4167.6220703125
19970,3987.5341796875
19971,3949.3984375
19972,7677.3359375
19973,5213.7666015625
19974,5226.45166015625
19975,5226.21728515625
19976,6608.044921875
19977,3851.30126953125
19978,6867.1572265625
19979,5710.07373046875
19980,3851.30126953125
19981,10622.0078125
19982,13721.154296875
19983,5275.4033203125
19984,5961.84814453125
19985,6894.1357421875
19986,7812.353515625
19987,8925.5419921875
19988,4910.86328125
19989,5931.587890625
19990,5089.7939453125
19991,6524.9013671875
19992,3851.30126953125
19993,4469.85498046875
19994,4425.7470703125
19995,4658.63720703125
19996,6542.568359375
19997,4013.880126953125
19998,3851.30126953125
19999,5290.0546875
20000,3851.30126953125
20001,3851.30126953125
20002,4125.40234375
20003,4752.7578125
20004,6802.8056640625
20005,6659.09619140625
20006,5489.5
20007,5017.806640625
20008,4754.9970703125
20009,8852.33203125
20010,5769.1689453125
20011,4260.830078125
20012,3851.30126953125
20013,8015.548828125
20014,3851.30126953125
20015,5359.70849609375
20016,3851.30126953125
20017,4035.201904296875
20018,5991.77587890625
20019,4428.61279296875
20020,3972.619140625
20021,6636.9462890625
20022,7589.36767578125
20023,8563.974609375
20024,5687.16796875
20025,7465.0234375
20026,3851.30126953125
20027,3953.488525390625
20028,5235.82177734375
20029,3851.30126953125
20030,7725.30224609375
20031,4343.7666015625
20032,4104.43408203125
20033,6742.2529296875
20034,8893.275390625
20035,6816.20361328125
20036,4449.357421875
20037,4152.9228515625
20038,8981.2265625
20039,6570.5888671875
20040,4760.36865234375
20041,3945.529296875
20042,6209.1015625
20043,6741.603515625
20044,3851.30126953125
20045,4720.5751953125
20046,6333.94091796875
20047,6290.18408203125
20048,10656.0341796875
20049,5427.0712890625
20050,10024.71875
20051,5037.0703125
20052,4270.28564453125
20053,3851.30126953125
20054,5407.5283203125
20055,4751.232421875
20056,3851.30126953125
20057,6574.35498046875
20058,3851.30126953125
20059,3909.3486328125
20060,5782.5166015625
20061,3851.30126953125
20062,6306.18798828125
20063,5274.197265625
20064,6095.99951171875
20065,6164.40625
20066,3921.185302734375
20067,7725.98095703125
20068,5368.3173828125
20069,4047.876953125
20070,4235.2841796875
20071,4386.8154296875
20072,7683.78125
20073,5400.57080078125
20074,3978.4599609375
20075,5658.99365234375
20076,6585.4013671875
20077,5346.052734375
20078,4649.7607421875
20079,6603.080078125
20080,4716.8447265625
20081,5111.69140625
20082,4495.044921875
20083,6741.3798828125
20084,4392.681640625
20085,5319.2900390625
20086,4129.06640625
20087,4347.6015625
20088,3851.30126953125
20089,3851.30126953125
20090,6335.1259765625
20091,7351.00732421875
20092,8860.15234375
20093,8804.65625
20094,6547.34228515625
20095,6694.42578125
20096,3851.30126953125
20097,8457.412109375
20098,8351.2001953125
20099,5231.77685546875
20100,6848.5625
20101,6087.4658203125
20102,4626.59521484375
20103,3851.30126953125
20104,9212.595703125
20105,4531.95703125
20106,5686.1943359375
20107,4483.2998046875
20108,3851.30126953125
20109,8457.9931640625
20110,4187.7587890625
20111,3851.30126953125
20112,3851.30126953125
20113,4426.6630859375
20114,5084.9560546875
20115,5711.26953125
20116,5293.91259765625
20117,3851.30126953125
20118,3851.30126953125
20119,3851.30126953125
20120,3851.30126953125
20121,5458.90625
20122,15451.2265625
20123,4036.345947265625
20124,4346.9833984375
20125,5450.68408203125
20126,3851.30126953125
20127,3851.30126953125
20128,4081.091796875
20129,3851.30126953125
20130,5255.8193359375
20131,5067.2548828125
20132,3851.30126953125
20133,6921.32080078125
20134,4049.691162109375
20135,4039.17578125
20136,7594.27294921875
20137,6578.201171875
20138,8262.53515625
20139,4772.48779296875
20140,5393.02001953125
20141,3851.30126953125
20142,4197.93359375
20143,11988.0703125
20144,7484.66796875
20145,4575.7353515625
20146,3851.30126953125
20147,3851.30126953125
20148,4706.8603515625
20149,3999.153564453125
20150,8140.34765625
20151,3931.256591796875
20152,4789.439453125
20153,5709.08447265625
20154,3851.30126953125
20155,4835.6875
20156,5578.57666015625
20157,5741.28662109375
20158,5517.3388671875
20159,3917.10400390625
20160,4453.21875
20161,4985.47998046875
20162,7270.4296875
20163,6640.021484375
20164,5263.4453125
20165,3851.30126953125
20166,6000.0625
20167,4957.6416015625
20168,3851.30126953125
20169,5520.74072265625
20170,5802.89794921875
20171,4895.361328125
20172,5004.0107421875
20173,4975.03857421875
20174,5206.5849609375
20175,3984.42333984375
20176,6037.896484375
20177,5268.1806640625
20178,4957.46435546875
20179,7083.6640625
20180,4743.0107421875
20181,3940.03955078125
20182,8747.8447265625
20183,4399.99951171875
20184,3851.30126953125
20185,5911.9521484375
20186,6925.0380859375
20187,8908.400390625
20188,4017.92626953125
20189,5143.37109375
20190,4891.58154296875
20191,6460.21875
20192,4569.654296875
20193,5974.03662109375
20194,3851.30126953125
20195,4470.96142578125
20196,4054.575439453125
20197,4134.88671875
20198,3851.30126953125
20199,5484.0341796875
20200,5661.478515625
20201,4717.74267578125
20202,5893.044921875
20203,6073.22802734375
20204,6777.181640625
20205,3851.30126953125
20206,5242.34912109375
20207,4989.048828125
20208,5766.1376953125
20209,6759.083984375
20210,3851.30126953125
20211,7334.814453125
20212,5547.7353515625
20213,5951.1728515625
20214,3873.870361328125
20215,3851.30126953125
20216,6455.34814453125
20217,5126.98193359375
20218,6469.61865234375
20219,5448.84375
20220,4544.720703125
20221,5740.84033203125
20222,4989.5166015625
20223,4348.65087890625
20224,6518.5703125
20225,4346.32958984375
20226,7010.06494140625
20227,7445.59326171875
20228,6012.0322265625
20229,3851.30126953125
20230,4249.68017578125
20231,3851.30126953125
20232,3851.30126953125
20233,6161.90283203125
20234,4343.25390625
20235,7041.7119140625
20236,3851.30126953125
20237,5071.14697265625
20238,5295.2451171875
20239,7832.52587890625
20240,3851.30126953125
20241,4452.94873046875
20242,4159.9033203125
20243,6301.25830078125
20244,4222.3271484375
20245,5754.27001953125
20246,6127.65478515625
20247,7133.87744140625
20248,5344.26611328125
20249,5152.26953125
20250,4394.685546875
20251,3851.30126953125
20252,4188.2109375
20253,8294.5517578125
20254,7237.75634765625
20255,6878.71337890625
20256,13127.01953125
20257,4518.85546875
20258,3851.30126953125
20259,4840.80126953125
20260,6602.59619140625
20261,7186.2216796875
20262,5392.0107421875
20263,6270.30859375
20264,6114.12939453125
20265,5803.359375
20266,4418.333984375
20267,3998.6494140625
20268,4050.59033203125
20269,3851.30126953125
20270,3851.30126953125
20271,4630.43359375
20272,6136.119140625
20273,14484.3076171875
20274,5587.603515625
20275,4389.2470703125
20276,5590.60009765625
20277,3851.30126953125
20278,5025.6962890625
20279,3851.30126953125
20280,7169.4599609375
20281,4713.92138671875
20282,5044.77392578125
20283,10110.453125
20284,10062.4365234375
20285,4921.6650390625
20286,5087.2275390625
20287,3851.30126953125
20288,4570.0419921875
20289,4543.17236328125
20290,6307.66552734375
20291,3851.30126953125
20292,3851.30126953125
20293,4575.3671875
20294,4339.4375
20295,5787.0107421875
20296,5574.1005859375
20297,3851.30126953125
20298,6150.41455078125
20299,6726.9990234375
20300,5030.96875
20301,3851.30126953125
20302,3851.30126953125
20303,6012.27978515625
20304,3851.30126953125
20305,8148.09765625
20306,3851.30126953125
20307,4209.8740234375
20308,5459.4697265625
20309,4326.44921875
20310,3932.152587890625
20311,4256.33984375
20312,4862.0380859375
20313,7572.671875
20314,6997.41748046875
20315,4370.3779296875
20316,3851.30126953125
20317,4436.33203125
20318,5790.5869140625
20319,4348.3310546875
20320,4189.3828125
20321,4972.822265625
20322,9579.5078125
20323,5964.341796875
20324,5152.3427734375
20325,5726.44091796875
20326,4047.528076171875
20327,7618.314453125
20328,4437.220703125
20329,10402.009765625
20330,4601.201171875
20331,3907.013916015625
20332,4275.1484375
20333,3851.30126953125
20334,5791.22412109375
20335,15522.07421875
20336,3851.30126953125
20337,3983.11669921875
20338,7498.43115234375
20339,5426.20751953125
20340,5672.142578125
20341,6758.54736328125
20342,4588.2880859375
20343,4082.56640625
20344,3851.30126953125
20345,8038.962890625
20346,4762.8427734375
20347,5341.7197265625
20348,5606.30859375
20349,3851.30126953125
20350,6038.1044921875
20351,4990.642578125
20352,3851.30126953125
20353,6637.27783203125
20354,7330.8701171875
20355,3975.596923828125
20356,6030.75
20357,5170.58642578125
20358,3930.896240234375
20359,7334.380859375
20360,4876.453125
20361,6879.001953125
20362,3851.30126953125
20363,3851.30126953125
20364,5937.57373046875
20365,3851.30126953125
20366,6911.45166015625
20367,3851.30126953125
20368,5420.736328125
20369,4277.2314453125
20370,4164.09130859375
20371,4659.64599609375
20372,5893.98095703125
20373,4637.76806640625
20374,6274.7509765625
20375,4739.4091796875
20376,5873.044921875
20377,5213.509765625
20378,6695.76513671875
20379,8240.390625
20380,5705.7626953125
20381,3851.30126953125
20382,4710.208984375
20383,6096.02294921875
20384,4017.7626953125
20385,8772.05078125
20386,4486.826171875
20387,6177.99365234375
20388,8435.2197265625
20389,5569.7470703125
20390,3851.30126953125
20391,9243.56640625
20392,7918.09716796875
20393,4698.67578125
20394,7256.888671875
20395,7513.443359375
20396,5056.2421875
20397,4573.08642578125
20398,5182.3056640625
20399,4567.2685546875
20400,4820.1162109375
20401,5617.8662109375
20402,3851.30126953125
20403,5240.7255859375
20404,5310.41064453125
20405,5635.82177734375
20406,5789.3369140625
20407,5081.8505859375
20408,5757.90234375
20409,3851.30126953125
20410,5695.2861328125
20411,5324.837890625
20412,4940.6083984375
20413,5794.3994140625
20414,5142.359375
20415,7433.009765625
20416,4235.61328125
20417,4046.19287109375
20418,4864.1171875
20419,5344.22998046875
20420,6111.888671875
20421,3851.30126953125
20422,3851.30126953125
20423,6891.5078125
20424,6593.6279296875
20425,4589.5576171875
20426,5642.55712890625
20427,5376.919921875
20428,5392.78564453125
20429,3851.30126953125
20430,3851.30126953125
20431,5234.66748046875
20432,4887.5546875
20433,5178.099609375
20434,7426.28369140625
20435,6663.3408203125
20436,4529.68896484375
20437,6595.736328125
20438,3851.30126953125
20439,3851.30126953125
20440,4506.1630859375
20441,8620.126953125
20442,5923.361328125
20443,5359.36328125
20444,3851.30126953125
20445,5571.78857421875
20446,7503.509765625
20447,4885.955078125
20448,6260.7314453125
20449,4520.61279296875
20450,4039.107666015625
20451,4473.0546875
20452,4739.11328125
20453,4508.921875
20454,4078.700439453125
20455,3896.81005859375
20456,3851.30126953125
20457,6258.541015625
20458,6002.720703125
20459,3875.083251953125
20460,5148.04931640625
20461,5351.5361328125
20462,4522.08203125
20463,3892.109375
20464,7062.1884765625
20465,6271.7529296875
20466,4570.783203125
20467,3851.30126953125
20468,9768.07421875
20469,4691.7138671875
20470,3956.744384765625
20471,6886.1728515625
20472,6727.9150390625
20473,5963.89013671875
20474,4885.16748046875
20475,6390.955078125
20476,6582.38232421875
20477,10900.408203125
20478,3851.30126953125
20479,3851.30126953125
20480,3899.3544921875
20481,5197.88037109375
20482,4028.81884765625
20483,6198.7197265625
20484,6789.40673828125
20485,4556.74462890625
20486,3851.30126953125
20487,4517.0283203125
20488,7794.42041015625
20489,4298.41455078125
20490,5068.767578125
20491,3851.30126953125
20492,5556.1220703125
20493,5558.20556640625
20494,5973.10498046875
20495,6727.16357421875
20496,4985.9287109375
20497,3851.30126953125
20498,4980.7421875
20499,5544.3720703125
20500,6285.33056640625
20501,5945.453125
20502,6375.271484375
20503,4545.28515625
20504,3851.30126953125
20505,7817.72607421875
20506,3851.30126953125
20507,8227.255859375
20508,4486.94140625
20509,3851.30126953125
20510,5568.173828125
20511,4631.8837890625
20512,5719.55419921875
20513,6118.755859375
20514,3851.30126953125
20515,3851.30126953125
20516,4806.9296875
20517,6561.1123046875
20518,7900.1142578125
20519,4209.671875
20520,5009.998046875
20521,5665.765625
20522,4947.8369140625
20523,4490.48291015625
20524,7627.90625
20525,6608.439453125
20526,10005.4462890625
20527,3851.30126953125
20528,4777.5439453125
20529,8526.048828125
20530,7187.75390625
20531,4276.4365234375
20532,7878.22998046875
20533,5407.884765625
20534,4087.816650390625
20535,3851.30126953125
20536,3851.30126953125
20537,4058.621826171875
20538,5157.435546875
20539,3851.30126953125
20540,4321.521484375
20541,6929.4287109375
20542,5516.92236328125
20543,18351.36328125
20544,4750.0302734375
20545,3927.454833984375
20546,6204.13525390625
20547,8653.1904296875
20548,5101.498046875
20549,6740.75439453125
20550,5266.8115234375
20551,6272.537109375
20552,6122.77099609375
20553,3963.240234375
20554,4953.6484375
20555,5787.9833984375
20556,6869.798828125
20557,6387.0810546875
20558,6464.69287109375
20559,4713.5908203125
20560,3851.30126953125
20561,4193.12060546875
20562,8058.48095703125
20563,9481.7822265625
20564,7897.00537109375
20565,6248.3154296875
20566,4514.52734375
20567,4731.0126953125
20568,3851.30126953125
20569,7579.34521484375
20570,7772.580078125
20571,8310.1650390625
20572,4977.05419921875
20573,4547.8603515625
20574,4248.9423828125
20575,4258.771484375
20576,8478.8203125
20577,5228.1171875
20578,4257.7197265625
20579,4584.29296875
20580,5832.9287109375
20581,3851.30126953125
20582,6310.66552734375
20583,3851.30126953125
20584,5925.712890625
20585,5953.68212890625
20586,4941.06103515625
20587,5980.37109375
20588,5660.638671875
20589,3851.30126953125
20590,5727.87841796875
20591,5565.41015625
20592,8064.85595703125
20593,4939.9384765625
20594,6964.0283203125
20595,7222.98876953125
20596,7441.35986328125
20597,5567.4609375
20598,7624.69482421875
20599,4122.0263671875
20600,3900.978515625
20601,5633.33984375
20602,5531.5
20603,7216.08056640625
20604,6239.33056640625
20605,4809.66796875
20606,6362.8193359375
20607,6227.560546875
20608,7636.9365234375
20609,3851.30126953125
20610,11160.6796875
20611,4097.6552734375
20612,5043.8583984375
20613,7447.54638671875
20614,4080.087890625
20615,4811.35400390625
20616,5315.171875
20617,6317.35009765625
20618,4715.5654296875
20619,4181.24609375
20620,7044.60498046875
20621,6485.02001953125
20622,6278.32763671875
20623,4241.359375
20624,6352.7890625
20625,9487.0244140625
20626,5526.28125
20627,4422.681640625
20628,5378.958984375
20629,5081.072265625
20630,5767.9140625
20631,6127.44921875
20632,3851.30126953125
20633,7239.96435546875
20634,5018.72265625
20635,5486.15966796875
20636,7804.85302734375
20637,4208.60302734375
20638,5061.9443359375
20639,4409.93359375
20640,6089.119140625
20641,7273.09033203125
20642,3851.30126953125
20643,4299.88671875
20644,5403.798828125
20645,4708.44775390625
20646,5000.64306640625
20647,6730.62890625
20648,4987.62939453125
20649,5867.44921875
20650,4446.37548828125
20651,4429.509765625
20652,5087.3525390625
20653,6937.7744140625
20654,6823.021484375
20655,6736.53125
20656,6810.17919921875
20657,4183.4423828125
20658,7353.0380859375
20659,4846.845703125
20660,5825.39453125
20661,7723.72607421875
20662,5024.7763671875
20663,8877.0224609375
20664,6614.923828125
20665,6053.9990234375
20666,4775.427734375
20667,6689.41455078125
20668,6510.79345703125
20669,4683.08935546875
20670,3851.30126953125
20671,5197.1171875
20672,6813.75244140625
20673,5562.84375
20674,4261.29638671875
20675,7920.021484375
20676,5824.22314453125
20677,5015.99609375
20678,5032.59765625
20679,5122.142578125
20680,6532.6328125
20681,6163.54541015625
20682,5493.5234375
20683,4470.40283203125
20684,4123.9052734375
20685,5920.5927734375
20686,3851.30126953125
20687,5649.7001953125
20688,4289.0068359375
20689,7047.4384765625
20690,6216.4443359375
20691,5475.43603515625
20692,8327.5908203125
20693,4235.3076171875
20694,4192.44189453125
20695,9457.912109375
20696,5552.8837890625
20697,7247.63916015625
20698,7234.13671875
20699,4478.0341796875
20700,5090.4970703125
20701,4513.037109375
20702,6498.5380859375
20703,9590.3681640625
20704,5365.33740234375
20705,3851.30126953125
20706,4074.876220703125
20707,7058.60009765625
20708,7090.44677734375
20709,4815.80712890625
20710,5895.669921875
20711,4052.572265625
20712,3851.30126953125
20713,3851.30126953125
20714,4627.8740234375
20715,5142.232421875
20716,5413.5517578125
20717,6340.76953125
20718,5872.6953125
20719,6478.828125
20720,6824.279296875
20721,6008.99365234375
20722,4098.6025390625
20723,8285.5927734375
20724,8401.7880859375
20725,4952.158203125
20726,6472.857421875
20727,4346.15283203125
20728,5863.1806640625
20729,3851.30126953125
20730,5508.017578125
20731,4156.7265625
20732,8008.2607421875
20733,5729.64208984375
20734,6941.03271484375
20735,6950.962890625
20736,4489.65234375
20737,6793.9443359375
20738,17462.291015625
20739,8642.2958984375
20740,5679.681640625
20741,3851.30126953125
20742,5371.30859375
20743,7868.6884765625
20744,5162.59716796875
20745,10342.4169921875
20746,17477.431640625
20747,3851.30126953125
20748,4427.8271484375
20749,8291.931640625
20750,4097.00732421875
20751,8641.8056640625
20752,4903.34375
20753,6266.07177734375
20754,4133.935546875
20755,5392.798828125
20756,5254.162109375
20757,6407.69677734375
20758,7824.0224609375
20759,5179.47265625
20760,4963.916015625
20761,5787.4912109375
20762,3851.30126953125
20763,4666.4521484375
20764,6698.2353515625
20765,4603.787109375
20766,5173.30322265625
20767,6531.11376953125
20768,4862.6181640625
20769,4494.59765625
20770,5670.22412109375
20771,6317.21435546875
20772,6950.14208984375
20773,6778.251953125
20774,6141.3115234375
20775,4687.10546875
20776,3851.30126953125
20777,5432.33984375
20778,6030.0537109375
20779,4445.87548828125
20780,3851.30126953125
20781,7275.77734375
20782,5783.04541015625
20783,7201.68701171875
20784,5722.21337890625
20785,4398.125
20786,4621.5126953125
20787,4404.7373046875
20788,8023.294921875
20789,4021.034423828125
20790,6590.98583984375
20791,13522.388671875
20792,6316.763671875
20793,5966.5087890625
20794,4189.3642578125
20795,4055.119140625
20796,5976.73876953125
20797,3851.30126953125
20798,4895.0068359375
20799,8758.0263671875
20800,4740.787109375
20801,11719.986328125
20802,11488.3515625
20803,4223.7734375
20804,6120.623046875
20805,4485.5263671875
20806,6149.19384765625
20807,5070.21875
20808,9132.7021484375
20809,6066.236328125
20810,6936.9677734375
20811,3974.599365234375
20812,6174.22216796875
20813,3851.30126953125
20814,7098.626953125
20815,5364.72265625
20816,5388.4404296875
20817,5152.216796875
20818,5878.341796875
20819,7399.80419921875
20820,7873.5302734375
20821,4741.03076171875
20822,8830.22265625
20823,6031.90771484375
20824,8557.1572265625
20825,4130.21044921875
20826,4295.7939453125
20827,4057.547119140625
20828,8256.177734375
20829,5617.02978515625
20830,5915.36279296875
20831,5806.89697265625
20832,6989.1298828125
20833,3851.30126953125
20834,7299.82373046875
20835,6143.0068359375
20836,3851.30126953125
20837,11710.7470703125
20838,14947.6328125
20839,5637.8798828125
20840,6517.39453125
20841,7481.05615234375
20842,8413.5341796875
20843,8990.3271484375
20844,5223.65576171875
20845,6393.267578125
20846,5641.8662109375
20847,6711.421875
20848,3945.029296875
20849,4875.361328125
20850,4577.181640625
20851,4616.099609375
20852,7300.9365234375
20853,4272.880859375
20854,4157.025390625
20855,5725.181640625
20856,3851.30126953125
20857,3851.30126953125
20858,4285.1748046875
20859,5256.7900390625
20860,7275.1005859375
20861,7036.58056640625
20862,5780.6943359375
20863,5177.52197265625
20864,5041.890625
20865,9417.306640625
20866,6395.01318359375
20867,4982.4501953125
20868,3851.30126953125
20869,8737.80859375
20870,3912.602783203125
20871,5439.53466796875
20872,3851.30126953125
20873,4672.93701171875
20874,6638.87353515625
20875,4656.11328125
20876,4153.8515625
20877,7118.4892578125
20878,8485.599609375
20879,9400.607421875
20880,5492.9013671875
20881,7906.7734375
20882,3851.30126953125
20883,4042.706787109375
20884,5436.61328125
20885,3851.30126953125
20886,8046.923828125
20887,4777.265625
20888,4452.71728515625
20889,7617.31591796875
20890,9621.712890625
20891,7420.580078125
20892,4469.2421875
20893,4660.2490234375
20894,8646.4375
20895,6933.9140625
20896,5365.5439453125
20897,3936.947998046875
20898,6669.22509765625
20899,7404.50244140625
20900,3972.926025390625
20901,5409.052734375
20902,6722.12548828125
20903,6825.873046875
20904,10980.5068359375
20905,5983.2451171875
20906,11241.154296875
20907,5607.05126953125
20908,4339.3466796875
20909,3851.30126953125
20910,5960.322265625
20911,5081.12841796875
20912,3872.601318359375
20913,7151.24658203125
20914,3851.30126953125
20915,4325.59716796875
20916,6121.35400390625
20917,3851.30126953125
20918,6666.681640625
20919,5642.6103515625
20920,6314.8505859375
20921,6607.37939453125
20922,4114.94921875
20923,7894.11376953125
20924,5949.27734375
20925,4031.9130859375
20926,4402.75634765625
20927,4346.6240234375
20928,8405.640625
20929,5497.38623046875
20930,4377.794921875
20931,6426.5908203125
20932,6928.21240234375
20933,5903.4873046875
20934,4992.693359375
20935,7328.8017578125
20936,5448.10400390625
20937,5550.9013671875
20938,4640.31787109375
20939,7321.5400390625
20940,5039.775390625
20941,5631.67822265625
20942,4353.5322265625
20943,4405.2861328125
20944,3851.30126953125
20945,3863.77197265625
20946,6466.3818359375
20947,6999.44677734375
20948,9681.791015625
20949,9230.4892578125
20950,6778.1513671875
20951,6547.23095703125
20952,4129.09033203125
20953,9604.4140625
20954,9082.8349609375
20955,5863.26171875
20956,7426.43994140625
20957,6945.7099609375
20958,4865.6318359375
20959,3851.30126953125
20960,10047.232421875
20961,5001.35107421875
20962,6516.16015625
20963,4868.2412109375
20964,3851.30126953125
20965,8926.8583984375
20966,4488.4541015625
20967,3966.281005859375
20968,3970.6650390625
20969,4712.0
20970,5272.22021484375
20971,6266.787109375
20972,5580.3505859375
20973,3851.30126953125
20974,3899.352783203125
20975,3855.535400390625
20976,3851.30126953125
20977,6201.3671875
20978,15765.943359375
20979,4370.7802734375
20980,4837.9599609375
20981,6185.908203125
20982,3964.324462890625
20983,4290.0927734375
20984,4055.16357421875
20985,3851.30126953125
20986,5823.7158203125
20987,5508.548828125
20988,3851.30126953125
20989,7592.2060546875
20990,4692.421875
20991,4443.6474609375
20992,7437.8876953125
20993,7010.3671875
20994,9326.8779296875
20995,5110.8544921875
20996,5725.62841796875
20997,3893.112548828125
20998,4134.021484375
20999,12993.69921875
21000,8465.841796875
21001,4751.40771484375
21002,3919.259033203125
21003,4255.90234375
21004,5027.18359375
21005,4514.974609375
21006,8531.912109375
21007,4281.5439453125
21008,4957.59130859375
21009,5907.9345703125
21010,3851.30126953125
21011,5015.23095703125
21012,5963.4248046875
21013,6103.86572265625
21014,5562.48974609375
21015,4218.0732421875
21016,4826.9248046875
21017,5134.04345703125
21018,7762.1005859375
21019,7371.2666015625
21020,5971.720703125
21021,3867.85107421875
21022,6272.4501953125
21023,5471.638671875
21024,3860.348388671875
21025,6228.779296875
21026,6109.4091796875
21027,5532.060546875
21028,5354.8271484375
21029,5244.84814453125
21030,5716.69921875
21031,4372.3056640625
21032,6505.3203125
21033,5488.25390625
21034,5309.509765625
21035,7326.44189453125
21036,5030.82763671875
21037,4454.37939453125
21038,9561.2021484375
21039,5024.4619140625
21040,3851.30126953125
21041,6479.84130859375
21042,7518.62646484375
21043,9994.5673828125
21044,4611.7265625
21045,5296.1904296875
21046,5280.62255859375
21047,6957.095703125
21048,5129.76611328125
21049,6871.9677734375
21050,3851.30126953125
21051,4926.9453125
21052,4605.0146484375
21053,4144.5029296875
21054,3927.609130859375
21055,5840.912109375
21056,6056.94140625
21057,4786.11083984375
21058,6544.04296875
21059,6218.189453125
21060,7340.9404296875
21061,3851.30126953125
21062,5695.18017578125
21063,5161.61279296875
21064,6093.43310546875
21065,7337.6396484375
21066,3851.30126953125
21067,7557.6328125
21068,5865.2470703125
21069,6103.59130859375
21070,4193.57763671875
21071,3851.30126953125
21072,6804.99072265625
21073,6098.279296875
21074,7185.5615234375
21075,5681.69677734375
21076,5268.9912109375
21077,6340.33642578125
21078,5776.765625
21079,5183.421875
21080,6926.9228515625
21081,5073.28125
21082,7168.68798828125
21083,8151.8994140625
21084,6559.63623046875
21085,3851.30126953125
21086,4535.52587890625
21087,3903.55322265625
21088,3851.30126953125
21089,6713.02392578125
21090,4784.8623046875
21091,7549.8310546875
21092,3851.30126953125
21093,5080.38671875
21094,5361.1103515625
21095,8606.462890625
21096,3851.30126953125
21097,4579.341796875
21098,4691.67578125
21099,6996.34228515625
21100,4403.310546875
21101,6197.421875
21102,6635.39599609375
21103,7911.3525390625
21104,5694.275390625
21105,5699.81494140625
21106,4886.873046875
21107,4287.861328125
21108,4316.857421875
21109,8833.18359375
21110,7894.6318359375
21111,6657.3798828125
21112,13573.359375
21113,5217.3671875
21114,3963.52294921875
21115,5153.33935546875
21116,7268.27490234375
21117,7561.00634765625
21118,6007.3955078125
21119,6499.84765625
21120,6869.8505859375
21121,6192.61962890625
21122,4937.23779296875
21123,4567.580078125
21124,4224.9208984375
21125,4111.30029296875
21126,4071.52392578125
21127,5156.33203125
21128,6829.2197265625
21129,14963.486328125
21130,5739.71630859375
21131,4372.7421875
21132,6147.12890625
21133,3851.30126953125
21134,5227.0673828125
21135,3851.30126953125
21136,7702.599609375
21137,5181.951171875
21138,5255.42529296875
21139,11087.181640625
21140,10298.2490234375
21141,5440.74755859375
21142,5587.53173828125
21143,3851.30126953125
21144,5387.0654296875
21145,4439.1064453125
21146,6687.67333984375
21147,4023.555908203125
21148,3851.30126953125
21149,4823.1884765625
21150,4398.37109375
21151,6397.96337890625
21152,6113.82421875
21153,3851.30126953125
21154,6317.34814453125
21155,7212.3349609375
21156,6048.14453125
21157,4201.24267578125
21158,3851.30126953125
21159,6797.890625
21160,3851.30126953125
21161,8894.0244140625
21162,4151.8583984375
21163,4494.025390625
21164,5840.751953125
21165,4580.50634765625
21166,3963.466064453125
21167,4778.3291015625
21168,5131.48974609375
21169,8474.6650390625
21170,8016.7734375
21171,4547.04150390625
21172,3851.30126953125
21173,4961.05419921875
21174,6455.16455078125
21175,4613.369140625
21176,4555.5322265625
21177,5059.18701171875
21178,10210.2265625
21179,6409.08740234375
21180,5292.7470703125
21181,6045.916015625
21182,4180.53125
21183,7977.2158203125
21184,4793.2978515625
21185,11203.9580078125
21186,4952.9873046875
21187,4166.4169921875
21188,4772.7841796875
21189,3851.30126953125
21190,6028.5048828125
21191,16992.044921875
21192,4155.05224609375
21193,4489.48046875
21194,7686.12841796875
21195,6264.19970703125
21196,6041.81005859375
21197,7292.689453125
21198,5276.79443359375
21199,4353.908203125
21200,3851.30126953125
21201,8532.4462890625
21202,4982.98291015625
21203,5967.28466796875
21204,6129.564453125
21205,3973.0869140625
21206,6613.12646484375
21207,5169.2392578125
21208,3851.30126953125
21209,7144.7373046875
21210,7065.3818359375
21211,4059.072021484375
21212,6685.388671875
21213,5557.0654296875
21214,4090.27001953125
21215,7993.46826171875
21216,5435.8642578125
21217,7369.36474609375
21218,4034.745361328125
21219,3851.30126953125
21220,6171.4248046875
21221,3851.30126953125
21222,7164.96728515625
21223,4024.106689453125
21224,6129.951171875
21225,4825.9150390625
21226,4650.07666015625
21227,5206.91650390625
21228,6205.07373046875
21229,5027.3759765625
21230,6762.16552734375
21231,4948.60400390625
21232,6716.3994140625
21233,5653.14453125
21234,7339.28125
21235,9074.6513671875
21236,6272.38427734375
21237,3851.30126953125
21238,4854.23388671875
21239,6248.9677734375
21240,4127.4970703125
21241,9556.873046875
21242,4574.9716796875
21243,6932.048828125
21244,9256.48046875
21245,5939.11572265625
21246,3851.30126953125
21247,10258.181640625
21248,8471.123046875
21249,5015.6064453125
21250,7885.88720703125
21251,7797.1826171875
21252,5248.42822265625
21253,4989.4951171875
21254,5998.26953125
21255,4709.263671875
21256,5307.4365234375
21257,6088.11083984375
21258,4311.05712890625
21259,5585.82421875
21260,5849.84130859375
21261,6096.10595703125
21262,6490.97412109375
21263,5521.41650390625
21264,6515.52294921875
21265,3851.30126953125
21266,5871.7705078125
21267,5670.859375
21268,5313.4130859375
21269,6217.9560546875
21270,5406.783203125
21271,8222.0634765625
21272,4824.0986328125
21273,4140.2861328125
21274,5060.70751953125
21275,5839.935546875
21276,6734.96240234375
21277,3923.345703125
21278,3851.30126953125
21279,7318.11474609375
21280,7017.99560546875
21281,5148.943359375
21282,6235.37451171875
21283,5510.9794921875
21284,6071.46533203125
21285,4207.3310546875
21286,3851.30126953125
21287,5462.650390625
21288,5414.2802734375
21289,5702.82763671875
21290,7873.21533203125
21291,7473.904296875
21292,4897.91015625
21293,7143.888671875
21294,3851.30126953125
21295,3851.30126953125
21296,5040.1298828125
21297,9827.126953125
21298,6725.20654296875
21299,6312.0439453125
21300,3851.30126953125
21301,6386.8203125
21302,8357.7060546875
21303,5417.7763671875
21304,6989.49951171875
21305,5038.64599609375
21306,4122.56591796875
21307,4663.75390625
21308,5205.23876953125
21309,5006.568359375
21310,4689.7431640625
21311,4119.072265625
21312,3851.30126953125
21313,6430.92724609375
21314,7063.5322265625
21315,4211.62890625
21316,5690.54638671875
21317,5891.29443359375
21318,4537.67578125
21319,4009.4619140625
21320,7429.5
21321,7116.943359375
21322,4640.78662109375
21323,3879.505126953125
21324,10054.546875
21325,5008.9208984375
21326,4375.8193359375
21327,7523.34326171875
21328,7602.57861328125
21329,6680.03173828125
21330,5281.30859375
21331,6956.39013671875
21332,7307.00830078125
21333,11845.630859375
21334,4345.8193359375
21335,4244.38427734375
21336,4522.5595703125
21337,5897.77490234375
21338,4464.4033203125
21339,7248.912109375
21340,7702.45849609375
21341,4784.560546875
21342,3957.2705078125
21343,4948.7119140625
21344,7436.99853515625
21345,4735.568359375
21346,5453.3486328125
21347,3851.30126953125
21348,5699.29052734375
21349,5975.0146484375
21350,6553.353515625
21351,7218.5419921875
21352,5438.068359375
21353,3851.30126953125
21354,5340.5751953125
21355,6279.22216796875
21356,7166.0126953125
21357,6345.44189453125
21358,6786.39306640625
21359,5074.25634765625
21360,3888.7109375
21361,8451.0947265625
21362,3877.876953125
21363,9195.828125
21364,4838.76953125
21365,3851.30126953125
21366,6067.6220703125
21367,4952.9619140625
21368,6243.46728515625
21369,6686.8310546875
21370,3851.30126953125
21371,4057.700439453125
21372,5704.9453125
21373,7295.4169921875
21374,8117.46142578125
21375,4423.72216796875
21376,5261.30810546875
21377,6133.9921875
21378,5286.40185546875
21379,4964.904296875
21380,8469.8974609375
21381,7102.33544921875
21382,10362.708984375
21383,3851.30126953125
21384,5356.42236328125
21385,8990.4326171875
21386,7010.80029296875
21387,4812.31103515625
21388,8513.109375
21389,5640.443359375
21390,4321.4794921875
21391,3855.790771484375
21392,3914.776123046875
21393,4215.828125
21394,5365.47412109375
21395,3851.30126953125
21396,4807.3662109375
21397,8025.32470703125
21398,6130.70849609375
21399,19471.57421875
21400,5213.6416015625
21401,0.0
21402,0.0
21403,0.0
21404,0.0
21405,0.0
21406,0.0
21407,0.0
21408,0.0
21409,0.0
21410,0.0
21411,0.0
21412,0.0
21413,0.0
21414,0.0
21415,0.0
21416,0.0
21417,0.0
21418,0.0
21419,0.0
21420,0.0
21421,0.0
21422,0.0
21423,0.0
21424,0.0
21425,0.0
21426,0.0
21427,0.0
21428,0.0
21429,0.0
21430,0.0
21431,0.0
21432,0.0
21433,0.0
21434,0.0
21435,0.0
21436,0.0
21437,0.0
21438,0.0
21439,0.0
21440,0.0
21441,0.0
21442,0.0
21443,0.0
21444,0.0
21445,0.0
21446,0.0
21447,0.0
21448,0.0
21449,0.0
21450,0.0
21451,0.0
21452,0.0
21453,0.0
21454,0.0
21455,0.0
21456,0.0
21457,0.0
21458,0.0
21459,0.0
21460,0.0
21461,0.0
21462,0.0
21463,0.0
21464,0.0
21465,0.0
21466,0.0
21467,0.0
21468,0.0
21469,0.0
21470,0.0
21471,0.0
21472,0.0
21473,0.0
21474,0.0
21475,0.0
21476,0.0
21477,0.0
21478,0.0
21479,0.0
21480,0.0
21481,0.0
21482,0.0
21483,0.0
21484,0.0
21485,0.0
21486,0.0
21487,0.0
21488,0.0
21489,0.0
21490,0.0
21491,0.0
21492,5039.2236328125
21493,0.0
21494,0.0
21495,0.0
21496,0.0
21497,0.0
21498,0.0
21499,0.0
21500,0.0
21501,0.0
21502,0.0
21503,0.0
21504,0.0
21505,0.0
21506,0.0
21507,0.0
21508,0.0
21509,0.0
21510,0.0
21511,0.0
21512,0.0
21513,0.0
21514,0.0
21515,0.0
21516,0.0
21517,0.0
21518,0.0
21519,0.0
21520,0.0
21521,0.0
21522,0.0
21523,0.0
21524,0.0
21525,0.0
21526,0.0
21527,0.0
21528,0.0
21529,0.0
21530,0.0
21531,0.0
21532,0.0
21533,0.0
21534,0.0
21535,0.0
21536,0.0
21537,0.0
21538,0.0
21539,0.0
21540,0.0
21541,0.0
21542,0.0
21543,0.0
21544,0.0
21545,0.0
21546,0.0
21547,0.0
21548,0.0
21549,0.0
21550,0.0
21551,0.0
21552,0.0
21553,0.0
21554,0.0
21555,0.0
21556,0.0
21557,0.0
21558,0.0
21559,0.0
21560,3851.30126953125
21561,0.0
21562,0.0
21563,0.0
21564,0.0
21565,0.0
21566,0.0
21567,0.0
21568,0.0
21569,0.0
21570,0.0
21571,0.0
21572,0.0
21573,0.0
21574,0.0
21575,0.0
21576,0.0
21577,0.0
21578,0.0
21579,0.0
21580,0.0
21581,0.0
21582,0.0
21583,0.0
21584,0.0
21585,0.0
21586,0.0
21587,0.0
21588,0.0
21589,0.0
21590,0.0
21591,0.0
21592,0.0
21593,0.0
21594,0.0
21595,0.0
21596,0.0
21597,0.0
21598,0.0
21599,0.0
21600,0.0
21601,14114.080078125
21602,25674.85546875
21603,0.0
21604,0.0
21605,0.0
21606,0.0
21607,0.0
21608,0.0
21609,0.0
21610,6086.35791015625
21611,0.0
21612,0.0
21613,0.0
21614,0.0
21615,0.0
21616,0.0
21617,0.0
21618,0.0
21619,0.0
21620,0.0
21621,0.0
21622,0.0
21623,0.0
21624,0.0
21625,0.0
21626,0.0
21627,0.0
21628,0.0
21629,5099.17724609375
21630,0.0
21631,0.0
21632,0.0
21633,0.0
21634,0.0
21635,0.0
21636,0.0
21637,0.0
21638,0.0
21639,3851.30126953125
21640,0.0
21641,0.0
21642,0.0
21643,0.0
21644,0.0
21645,0.0
21646,0.0
21647,0.0
21648,0.0
21649,0.0
21650,0.0
21651,0.0
21652,0.0
21653,0.0
21654,0.0
21655,0.0
21656,0.0
21657,8043.1455078125
21658,0.0
21659,0.0
21660,0.0
21661,0.0
21662,0.0
21663,0.0
21664,0.0
21665,0.0
21666,0.0
21667,0.0
21668,0.0
21669,0.0
21670,0.0
21671,0.0
21672,0.0
21673,0.0
21674,8777.7353515625
21675,0.0
21676,0.0
21677,0.0
21678,0.0
21679,0.0
21680,0.0
21681,0.0
21682,0.0
21683,0.0
21684,0.0
21685,0.0
21686,0.0
21687,0.0
21688,0.0
21689,0.0
21690,0.0
21691,0.0
21692,0.0
21693,0.0
21694,0.0
21695,0.0
21696,0.0
21697,0.0
21698,0.0
21699,0.0
21700,0.0
21701,0.0
21702,0.0
21703,0.0
21704,0.0
21705,0.0
21706,0.0
21707,0.0
21708,0.0
21709,0.0
21710,0.0
21711,0.0
21712,0.0
21713,0.0
21714,0.0
21715,0.0
21716,0.0
21717,0.0
21718,0.0
21719,0.0
21720,0.0
21721,0.0
21722,0.0
21723,0.0
21724,0.0
21725,0.0
21726,0.0
21727,0.0
21728,0.0
21729,0.0
21730,0.0
21731,0.0
21732,0.0
21733,0.0
21734,0.0
21735,0.0
21736,3851.30126953125
21737,0.0
21738,0.0
21739,0.0
21740,0.0
21741,0.0
21742,0.0
21743,0.0
21744,0.0
21745,0.0
21746,0.0
21747,0.0
21748,0.0
21749,0.0
21750,6425.24755859375
21751,0.0
21752,0.0
21753,0.0
21754,0.0
21755,0.0
21756,0.0
21757,0.0
21758,0.0
21759,0.0
21760,0.0
21761,0.0
21762,0.0
21763,0.0
21764,0.0
21765,0.0
21766,0.0
21767,0.0
21768,0.0
21769,0.0
21770,0.0
21771,0.0
21772,0.0
21773,0.0
21774,0.0
21775,0.0
21776,0.0
21777,0.0
21778,0.0
21779,0.0
21780,0.0
21781,0.0
21782,0.0
21783,0.0
21784,0.0
21785,0.0
21786,0.0
21787,0.0
21788,0.0
21789,0.0
21790,0.0
21791,0.0
21792,0.0
21793,8334.16796875
21794,0.0
21795,0.0
21796,0.0
21797,0.0
21798,0.0
21799,0.0
21800,0.0
21801,0.0
21802,0.0
21803,3851.30126953125
21804,0.0
21805,0.0
21806,0.0
21807,6036.68994140625
21808,0.0
21809,0.0
21810,0.0
21811,0.0
21812,0.0
21813,0.0
21814,0.0
21815,0.0
21816,0.0
21817,0.0
21818,0.0
21819,0.0
21820,0.0
21821,0.0
21822,0.0
21823,0.0
21824,0.0
21825,0.0
21826,0.0
21827,0.0
21828,0.0
21829,0.0
21830,0.0
21831,0.0
21832,0.0
21833,0.0
21834,18017.857421875
21835,0.0
21836,0.0
21837,0.0
21838,0.0
21839,0.0
21840,0.0
21841,0.0
21842,0.0
21843,0.0
21844,0.0
21845,0.0
21846,0.0
21847,0.0
21848,6232.85205078125
21849,0.0
21850,0.0
21851,0.0
21852,0.0
21853,0.0
21854,0.0
21855,0.0
21856,0.0
21857,0.0
21858,0.0
21859,0.0
21860,0.0
21861,0.0
21862,0.0
21863,0.0
21864,0.0
21865,0.0
21866,0.0
21867,0.0
21868,0.0
21869,0.0
21870,0.0
21871,0.0
21872,0.0
21873,0.0
21874,0.0
21875,0.0
21876,0.0
21877,0.0
21878,0.0
21879,0.0
21880,0.0
21881,0.0
21882,0.0
21883,0.0
21884,0.0
21885,0.0
21886,0.0
21887,0.0
21888,0.0
21889,0.0
21890,0.0
21891,0.0
21892,0.0
21893,0.0
21894,0.0
21895,0.0
21896,0.0
21897,0.0
21898,0.0
21899,0.0
21900,0.0
21901,0.0
21902,0.0
21903,0.0
21904,0.0
21905,0.0
21906,0.0
21907,0.0
21908,0.0
21909,0.0
21910,0.0
21911,0.0
21912,0.0
21913,0.0
21914,0.0
21915,0.0
21916,0.0
21917,0.0
21918,0.0
21919,0.0
21920,0.0
21921,0.0
21922,0.0
21923,10795.138671875
21924,0.0
21925,0.0
21926,0.0
21927,0.0
21928,0.0
21929,0.0
21930,0.0
21931,0.0
21932,0.0
21933,0.0
21934,0.0
21935,0.0
21936,0.0
21937,0.0
21938,0.0
21939,0.0
21940,0.0
21941,0.0
21942,0.0
21943,0.0
21944,0.0
21945,0.0
21946,0.0
21947,0.0
21948,0.0
21949,0.0
21950,0.0
21951,0.0
21952,0.0
21953,0.0
21954,0.0
21955,0.0
21956,0.0
21957,0.0
21958,0.0
21959,0.0
21960,0.0
21961,0.0
21962,0.0
21963,0.0
21964,0.0
21965,0.0
21966,0.0
21967,4378.87451171875
21968,15054.7119140625
21969,0.0
21970,0.0
21971,0.0
21972,0.0
21973,0.0
21974,0.0
21975,0.0
21976,0.0
21977,0.0
21978,0.0
21979,0.0
21980,0.0
21981,0.0
21982,0.0
21983,0.0
21984,0.0
21985,0.0
21986,0.0
21987,0.0
21988,0.0
21989,0.0
21990,0.0
21991,0.0
21992,0.0
21993,0.0
21994,0.0
21995,0.0
21996,12080.4443359375
21997,0.0
21998,0.0
21999,0.0
22000,0.0
22001,0.0
22002,0.0
22003,0.0
22004,0.0
22005,0.0
22006,0.0
22007,0.0
22008,0.0
22009,0.0
22010,0.0
22011,0.0
22012,0.0
22013,0.0
22014,0.0
22015,0.0
22016,0.0
22017,0.0
22018,0.0
22019,0.0
22020,0.0
22021,0.0
22022,0.0
22023,0.0
22024,0.0
22025,0.0
22026,0.0
22027,0.0
22028,0.0
22029,0.0
22030,0.0
22031,0.0
22032,0.0
22033,0.0
22034,0.0
22035,0.0
22036,0.0
22037,0.0
22038,0.0
22039,0.0
22040,0.0
22041,0.0
22042,0.0
22043,0.0
22044,0.0
22045,0.0
22046,0.0
22047,0.0
22048,0.0
22049,0.0
22050,0.0
22051,0.0
22052,0.0
22053,0.0
22054,0.0
22055,0.0
22056,0.0
22057,0.0
22058,0.0
22059,0.0
22060,0.0
22061,0.0
22062,0.0
22063,0.0
22064,0.0
22065,0.0
22066,3851.30126953125
22067,0.0
22068,0.0
22069,0.0
22070,3851.30126953125
22071,0.0
22072,0.0
22073,0.0
22074,0.0
22075,0.0
22076,0.0
22077,0.0
22078,0.0
22079,0.0
22080,0.0
22081,0.0
22082,0.0
22083,0.0
22084,0.0
22085,0.0
22086,0.0
22087,0.0
22088,0.0
22089,0.0
22090,0.0
22091,0.0
22092,0.0
22093,0.0
22094,0.0
22095,0.0
22096,0.0
22097,0.0
22098,0.0
22099,0.0
22100,0.0
22101,0.0
22102,0.0
22103,0.0
22104,0.0
22105,0.0
22106,0.0
22107,0.0
22108,0.0
22109,0.0
22110,0.0
22111,0.0
22112,0.0
22113,0.0
22114,0.0
22115,0.0
22116,0.0
22117,0.0
22118,0.0
22119,0.0
22120,0.0
22121,3851.30126953125
22122,0.0
22123,0.0
22124,0.0
22125,0.0
22126,0.0
22127,0.0
22128,0.0
22129,0.0
22130,0.0
22131,0.0
22132,0.0
22133,0.0
22134,0.0
22135,0.0
22136,10670.1572265625
22137,0.0
22138,0.0
22139,0.0
22140,0.0
22141,0.0
22142,0.0
22143,0.0
22144,0.0
22145,0.0
22146,0.0
22147,0.0
22148,0.0
22149,0.0
22150,0.0
22151,0.0
22152,0.0
22153,0.0
22154,0.0
22155,0.0
22156,0.0
22157,0.0
22158,0.0
22159,0.0
22160,0.0
22161,0.0
22162,0.0
22163,0.0
22164,0.0
22165,0.0
22166,0.0
22167,0.0
22168,0.0
22169,0.0
22170,0.0
22171,0.0
22172,0.0
22173,0.0
22174,0.0
22175,0.0
22176,0.0
22177,0.0
22178,0.0
22179,0.0
22180,0.0
22181,0.0
22182,0.0
22183,0.0
22184,0.0
22185,0.0
22186,0.0
22187,0.0
22188,0.0
22189,0.0
22190,0.0
22191,0.0
22192,0.0
22193,0.0
22194,0.0
22195,0.0
22196,0.0
22197,0.0
22198,0.0
22199,0.0
22200,4868.4775390625
22201,0.0
22202,0.0
22203,0.0
22204,0.0
22205,0.0
22206,0.0
22207,0.0
22208,0.0
22209,0.0
22210,0.0
22211,0.0
22212,0.0
22213,0.0
22214,0.0
22215,0.0
22216,0.0
22217,0.0
22218,0.0
22219,0.0
22220,0.0
22221,0.0
22222,0.0
22223,0.0
22224,0.0
22225,0.0
22226,0.0
22227,0.0
22228,0.0
22229,0.0
22230,0.0
22231,0.0
22232,0.0
22233,0.0
22234,0.0
22235,0.0
22236,0.0
22237,0.0
22238,0.0
22239,0.0
22240,0.0
22241,12400.423828125
22242,5280.85205078125
22243,0.0
22244,0.0
22245,0.0
22246,0.0
22247,0.0
22248,0.0
22249,0.0
22250,0.0
22251,0.0
22252,0.0
22253,0.0
22254,0.0
22255,0.0
22256,0.0
22257,3851.30126953125
22258,4266.1318359375
22259,6458.0205078125
22260,3851.30126953125
22261,5786.8662109375
22262,4709.69140625
22263,4899.20654296875
22264,6442.87890625
22265,3851.30126953125
22266,3851.30126953125
22267,6071.29296875
22268,5668.703125
22269,4252.5537109375
22270,5338.9072265625
22271,5709.7744140625
22272,3851.30126953125
22273,4229.7119140625
22274,6899.23974609375
22275,7970.69970703125
22276,6286.27783203125
22277,6357.99365234375
22278,3851.30126953125
22279,4948.2021484375
22280,3851.30126953125
22281,7129.826171875
22282,7999.7060546875
22283,8879.748046875
22284,5441.07177734375
22285,3851.30126953125
22286,3861.16015625
22287,4823.67431640625
22288,6802.95703125
22289,4465.984375
22290,5342.423828125
22291,4255.83349609375
22292,5494.01611328125
22293,3851.30126953125
22294,7128.25830078125
22295,3851.30126953125
22296,6325.8388671875
22297,5523.04345703125
22298,3851.30126953125
22299,7215.74267578125
22300,6281.02587890625
22301,4370.4912109375
22302,3851.30126953125
22303,7365.7138671875
22304,9460.2314453125
22305,6029.90625
22306,5596.05712890625
22307,7416.041015625
22308,6737.21142578125
22309,5284.96533203125
22310,5559.353515625
22311,3851.30126953125
22312,3851.30126953125
22313,4452.611328125
22314,5919.30029296875
22315,7695.97900390625
22316,6940.96630859375
22317,3851.30126953125
22318,7753.4404296875
22319,6738.26904296875
22320,5456.92041015625
22321,3851.30126953125
22322,9339.6259765625
22323,3851.30126953125
22324,4027.876953125
22325,6286.65869140625
22326,3961.373291015625
22327,5075.1015625
22328,3851.30126953125
22329,5346.8154296875
22330,4877.0849609375
22331,4597.15283203125
22332,6849.1474609375
22333,7082.53369140625
22334,4733.30419921875
22335,3851.30126953125
22336,6780.82373046875
22337,9803.6435546875
22338,4620.857421875
22339,3851.30126953125
22340,6071.48291015625
22341,4917.7041015625
22342,5506.7587890625
22343,7622.947265625
22344,3851.30126953125
22345,6617.19140625
22346,4901.28076171875
22347,5927.9873046875
22348,8027.4814453125
22349,3851.30126953125
22350,4357.33203125
22351,5069.9990234375
22352,6538.6572265625
22353,6316.51953125
22354,3964.85595703125
22355,4475.3935546875
22356,6208.66259765625
22357,5080.833984375
22358,3958.16748046875
22359,5557.58154296875
22360,3851.30126953125
22361,5545.18115234375
22362,4478.22509765625
22363,3851.30126953125
22364,4791.3154296875
22365,4585.17431640625
22366,4561.2119140625
22367,6815.1416015625
22368,7382.169921875
22369,3851.30126953125
22370,6968.68017578125
22371,3851.30126953125
22372,3851.30126953125
22373,7086.974609375
22374,7154.701171875
22375,6445.4189453125
22376,8509.8369140625
22377,6484.67236328125
22378,4517.37060546875
22379,6283.5185546875
22380,6640.287109375
22381,4246.88818359375
22382,3851.30126953125
22383,4384.3515625
22384,4504.08984375
22385,4706.3125
22386,3851.30126953125
22387,5420.4814453125
22388,5895.3984375
22389,4913.13818359375
22390,5333.6005859375
22391,3851.30126953125
22392,5516.06494140625
22393,6439.3310546875
22394,3851.30126953125
22395,5024.048828125
22396,3851.30126953125
22397,5029.6298828125
22398,3851.30126953125
22399,3851.30126953125
22400,4613.35498046875
22401,6859.45068359375
22402,6015.8759765625
22403,5999.49853515625
22404,10475.958984375
22405,3990.076416015625
22406,4988.9775390625
22407,9300.271484375
22408,5557.0517578125
22409,7269.8369140625
22410,5605.4609375
22411,5430.53662109375
22412,5887.15966796875
22413,3851.30126953125
22414,4562.57861328125
22415,7410.20263671875
22416,5336.85693359375
22417,3851.30126953125
22418,3851.30126953125
22419,7260.34423828125
22420,9028.9375
22421,4572.96484375
22422,5621.685546875
22423,3851.30126953125
22424,3851.30126953125
22425,3851.30126953125
22426,3851.30126953125
22427,5459.18359375
22428,7128.6201171875
22429,4809.642578125
22430,3991.75634765625
22431,6851.953125
22432,7805.365234375
22433,6084.01904296875
22434,4133.84375
22435,7523.57470703125
22436,8059.2431640625
22437,3851.30126953125
22438,4928.52734375
22439,5189.53564453125
22440,5811.5400390625
22441,3851.30126953125
22442,4886.12451171875
22443,3874.122802734375
22444,7894.24853515625
22445,5801.34375
22446,5910.2578125
22447,6730.56884765625
22448,4801.9912109375
22449,6997.1748046875
22450,15939.19140625
22451,7954.95068359375
22452,3851.30126953125
22453,3851.30126953125
22454,6006.58203125
22455,6495.18798828125
22456,3851.30126953125
22457,8044.4501953125
22458,15885.8515625
22459,4228.208984375
22460,3851.30126953125
22461,9878.126953125
22462,3851.30126953125
22463,6091.87548828125
22464,3851.30126953125
22465,5253.427734375
22466,3851.30126953125
22467,5966.2763671875
22468,4444.6611328125
22469,4476.716796875
22470,9291.77734375
22471,5714.09765625
22472,5414.2412109375
22473,6057.81396484375
22474,4649.1142578125
22475,5160.728515625
22476,8001.7041015625
22477,4418.3681640625
22478,5195.63671875
22479,4051.409423828125
22480,3851.30126953125
22481,5463.51171875
22482,3851.30126953125
22483,4650.2197265625
22484,7136.62890625
22485,8898.9892578125
22486,6324.5869140625
22487,4041.5595703125
22488,3851.30126953125
22489,3851.30126953125
22490,4565.5517578125
22491,5251.7919921875
22492,3851.30126953125
22493,6309.23095703125
22494,5114.11572265625
22495,7542.10986328125
22496,5045.0517578125
22497,3851.30126953125
22498,3851.30126953125
22499,3851.30126953125
22500,8393.0205078125
22501,4737.927734375
22502,5589.1328125
22503,11080.5205078125
22504,7722.05517578125
22505,3851.30126953125
22506,4800.119140625
22507,3851.30126953125
22508,3988.78515625
22509,3946.156494140625
22510,3851.30126953125
22511,8064.7548828125
22512,5080.6962890625
22513,8227.556640625
22514,9053.0859375
22515,4579.9521484375
22516,4991.6083984375
22517,4006.0537109375
22518,4653.35693359375
22519,4351.7236328125
22520,9034.240234375
22521,5656.4375
22522,7247.55322265625
22523,3851.30126953125
22524,5679.7490234375
22525,5619.67236328125
22526,7068.85400390625
22527,6048.84130859375
22528,4863.60107421875
22529,6251.77197265625
22530,4779.2568359375
22531,7689.9541015625
22532,6351.46337890625
22533,6625.51611328125
22534,8219.5849609375
22535,6702.82373046875
22536,7230.6826171875
22537,3851.30126953125
22538,3851.30126953125
22539,4521.26953125
22540,8745.7763671875
22541,6363.22412109375
22542,7081.64208984375
22543,5503.64013671875
22544,7048.0986328125
22545,4346.4501953125
22546,6138.6220703125
22547,5170.361328125
22548,3851.30126953125
22549,10778.9677734375
22550,13873.658203125
22551,6172.11083984375
22552,6007.84814453125
22553,6264.87646484375
22554,7258.7294921875
22555,7257.49267578125
22556,3851.30126953125
22557,3851.30126953125
22558,5334.9501953125
22559,7507.041015625
22560,3851.30126953125
22561,3851.30126953125
22562,5028.955078125
22563,4436.0380859375
22564,4966.56005859375
22565,3851.30126953125
22566,3851.30126953125
22567,6930.0
22568,3851.30126953125
22569,4341.3447265625
22570,5008.56298828125
22571,4536.2919921875
22572,8278.1279296875
22573,9368.1943359375
22574,4471.55859375
22575,6532.26220703125
22576,5998.28759765625
22577,9165.70703125
22578,4291.92578125
22579,3851.30126953125
22580,4366.376953125
22581,10493.2197265625
22582,3851.30126953125
22583,6545.6103515625
22584,3851.30126953125
22585,3851.30126953125
22586,6684.7177734375
22587,5330.28125
22588,3949.787841796875
22589,7327.97900390625
22590,8260.7294921875
22591,7332.88525390625
22592,4487.1123046875
22593,8909.4169921875
22594,3851.30126953125
22595,3851.30126953125
22596,5856.02392578125
22597,4398.5712890625
22598,9106.5478515625
22599,3851.30126953125
22600,4411.498046875
22601,5250.35498046875
22602,7872.9541015625
22603,9293.33984375
22604,4137.3544921875
22605,3851.30126953125
22606,9008.8203125
22607,8212.439453125
22608,4168.0263671875
22609,4177.30126953125
22610,7850.10546875
22611,5101.82763671875
22612,4721.01708984375
22613,3851.30126953125
22614,7201.7548828125
22615,4065.511474609375
22616,10199.0
22617,6868.943359375
22618,10062.619140625
22619,5594.3740234375
22620,4139.736328125
22621,3851.30126953125
22622,5571.86572265625
22623,4993.96630859375
22624,4756.365234375
22625,8322.4765625
22626,4888.90576171875
22627,3851.30126953125
22628,6820.369140625
22629,3851.30126953125
22630,6993.20654296875
22631,6956.36328125
22632,6575.7490234375
22633,7584.7880859375
22634,4734.6591796875
22635,6713.07470703125
22636,6430.79443359375
22637,4854.80126953125
22638,5497.27294921875
22639,3851.30126953125
22640,7613.822265625
22641,5645.76806640625
22642,3851.30126953125
22643,4489.966796875
22644,7109.52978515625
22645,5408.26220703125
22646,3851.30126953125
22647,5249.232421875
22648,4678.9541015625
22649,5357.9794921875
22650,3859.601806640625
22651,8532.982421875
22652,3851.30126953125
22653,3851.30126953125
22654,5887.4892578125
22655,5471.89306640625
22656,3851.30126953125
22657,4688.9033203125
22658,8796.7548828125
22659,6187.7001953125
22660,9358.298828125
22661,7870.115234375
22662,7151.78564453125
22663,6836.97314453125
22664,3851.30126953125
22665,9341.47265625
22666,7668.07666015625
22667,6846.84130859375
22668,4902.9345703125
22669,4599.4326171875
22670,4414.3203125
22671,3851.30126953125
22672,10370.8408203125
22673,5392.2470703125
22674,4906.6650390625
22675,3910.386474609375
22676,3851.30126953125
22677,7544.06396484375
22678,4356.681640625
22679,3980.77099609375
22680,3851.30126953125
22681,5072.88427734375
22682,4759.3447265625
22683,3851.30126953125
22684,9260.1171875
22685,4545.3896484375
22686,3851.30126953125
22687,3851.30126953125
22688,3851.30126953125
22689,4778.05322265625
22690,11861.154296875
22691,3851.30126953125
22692,5315.3017578125
22693,4894.65234375
22694,3851.30126953125
22695,3851.30126953125
22696,5163.306640625
22697,3851.30126953125
22698,7862.22705078125
22699,5506.380859375
22700,3851.30126953125
22701,7918.13232421875
22702,3851.30126953125
22703,4079.794921875
22704,9057.68359375
22705,6787.333984375
22706,8410.236328125
22707,3851.30126953125
22708,5221.07080078125
22709,4669.3427734375
22710,4144.7548828125
22711,12873.318359375
22712,9493.24609375
22713,4663.80078125
22714,3851.30126953125
22715,5544.54296875
22716,3875.131103515625
22717,3851.30126953125
22718,6107.4833984375
22719,4502.134765625
22720,4703.75146484375
22721,6609.6591796875
22722,4386.8837890625
22723,4213.5498046875
22724,5812.560546875
22725,5117.4404296875
22726,6639.283203125
22727,3851.30126953125
22728,4899.3388671875
22729,6323.06640625
22730,7139.9951171875
22731,5181.1953125
22732,6551.1376953125
22733,3851.30126953125
22734,7546.6962890625
22735,4824.048828125
22736,3851.30126953125
22737,4279.19921875
22738,3851.30126953125
22739,4554.13916015625
22740,6232.083984375
22741,3851.30126953125
22742,5255.1904296875
22743,4120.6044921875
22744,7409.822265625
22745,6734.19873046875
22746,5341.947265625
22747,6188.4326171875
22748,5201.53662109375
22749,3851.30126953125
22750,9811.2158203125
22751,3851.30126953125
22752,3851.30126953125
22753,5756.3759765625
22754,8379.6005859375
22755,9215.7607421875
22756,3851.30126953125
22757,4544.0458984375
22758,5470.4404296875
22759,6624.0498046875
22760,4016.46044921875
22761,7114.0986328125
22762,3851.30126953125
22763,4422.44189453125
22764,3851.30126953125
22765,3851.30126953125
22766,3851.30126953125
22767,6590.4365234375
22768,6170.77978515625
22769,6531.07275390625
22770,4958.6708984375
22771,8006.974609375
22772,6897.76806640625
22773,3921.38037109375
22774,3851.30126953125
22775,4609.8271484375
22776,6926.4521484375
22777,4835.40576171875
22778,3851.30126953125
22779,5950.61572265625
22780,5730.9248046875
22781,5479.03125
22782,4964.5732421875
22783,3851.30126953125
22784,8089.87158203125
22785,3851.30126953125
22786,8280.107421875
22787,5209.78076171875
22788,4193.1845703125
22789,7393.255859375
22790,3851.30126953125
22791,4819.3671875
22792,7551.98486328125
22793,3851.30126953125
22794,6676.3837890625
22795,8910.314453125
22796,6715.9580078125
22797,3851.30126953125
22798,4461.9287109375
22799,3851.30126953125
22800,3851.30126953125
22801,4105.642578125
22802,4969.201171875
22803,4581.47265625
22804,4113.908203125
22805,4957.8046875
22806,3851.30126953125
22807,7531.4814453125
22808,5084.087890625
22809,5379.9287109375
22810,4307.53515625
22811,5196.43115234375
22812,4875.23193359375
22813,5909.19775390625
22814,7255.26416015625
22815,7255.02783203125
22816,7331.4384765625
22817,4992.19091796875
22818,4680.40771484375
22819,3851.30126953125
22820,5676.55224609375
22821,7612.1708984375
22822,5766.900390625
22823,6689.36865234375
22824,12352.8369140625
22825,3851.30126953125
22826,3851.30126953125
22827,3851.30126953125
22828,7625.80810546875
22829,8161.873046875
22830,6994.943359375
22831,6302.3779296875
22832,6980.4951171875
22833,6478.68115234375
22834,5173.025390625
22835,5318.3876953125
22836,3851.30126953125
22837,3851.30126953125
22838,3851.30126953125
22839,3851.30126953125
22840,6086.51806640625
22841,15056.216796875
22842,5758.5078125
22843,3851.30126953125
22844,3930.7275390625
22845,4337.1337890625
22846,5224.59423828125
22847,3851.30126953125
22848,5708.0
22849,5299.59765625
22850,3851.30126953125
22851,10133.6025390625
22852,10745.494140625
22853,3851.30126953125
22854,4286.677734375
22855,3851.30126953125
22856,3851.30126953125
22857,3958.970947265625
22858,6357.64453125
22859,3851.30126953125
22860,4793.2431640625
22861,3851.30126953125
22862,4166.0478515625
22863,4462.19140625
22864,6363.90673828125
22865,3851.30126953125
22866,7355.33056640625
22867,5957.6123046875
22868,4349.369140625
22869,3851.30126953125
22870,3851.30126953125
22871,3886.29296875
22872,4128.26513671875
22873,8810.3232421875
22874,3996.011962890625
22875,4109.9736328125
22876,6206.93798828125
22877,4121.3134765625
22878,4372.5830078125
22879,3851.30126953125
22880,4951.37744140625
22881,8482.095703125
22882,6072.19775390625
22883,5272.0302734375
22884,3851.30126953125
22885,4524.06591796875
22886,5579.10986328125
22887,3975.985595703125
22888,4152.9189453125
22889,4816.72265625
22890,9443.599609375
22891,6556.49609375
22892,3976.269775390625
22893,4339.8623046875
22894,4110.72705078125
22895,6197.4541015625
22896,4971.662109375
22897,8302.669921875
22898,5715.14013671875
22899,4619.7578125
22900,3851.30126953125
22901,3851.30126953125
22902,4061.28857421875
22903,16632.2265625
22904,3851.30126953125
22905,4759.005859375
22906,5521.27880859375
22907,5904.8955078125
22908,5184.75439453125
22909,7053.345703125
22910,5073.09521484375
22911,4958.89013671875
22912,3851.30126953125
22913,7599.39697265625
22914,3851.30126953125
22915,5826.00634765625
22916,7662.01123046875
22917,3851.30126953125
22918,6323.888671875
22919,6035.265625
22920,3851.30126953125
22921,5475.4072265625
22922,6291.32421875
22923,3851.30126953125
22924,8130.15478515625
22925,5693.9931640625
22926,4335.662109375
22927,8809.9775390625
22928,6887.76318359375
22929,5752.3857421875
22930,3886.64990234375
22931,3851.30126953125
22932,4976.267578125
22933,3851.30126953125
22934,5972.9990234375
22935,3851.30126953125
22936,5235.29736328125
22937,3851.30126953125
22938,4204.58984375
22939,4893.98779296875
22940,4103.8505859375
22941,4884.837890625
22942,8141.9091796875
22943,4613.32763671875
22944,5980.9716796875
22945,4581.07470703125
22946,5120.47900390625
22947,9177.486328125
22948,6705.5791015625
22949,3851.30126953125
22950,4849.96533203125
22951,4874.9453125
22952,4100.0751953125
22953,10644.2998046875
22954,4817.2685546875
22955,4913.0078125
22956,7903.5830078125
22957,5976.94677734375
22958,3851.30126953125
22959,7445.01025390625
22960,7092.12939453125
22961,5786.966796875
22962,7749.4306640625
22963,6371.1396484375
22964,7104.4599609375
22965,4633.2314453125
22966,3851.30126953125
22967,3851.30126953125
22968,5008.3525390625
22969,6960.81298828125
22970,3851.30126953125
22971,7471.072265625
22972,6354.125
22973,4255.12744140625
22974,5950.798828125
22975,4026.387939453125
22976,6115.1337890625
22977,3851.30126953125
22978,5400.3515625
22979,4390.6982421875
22980,3851.30126953125
22981,5872.40966796875
22982,6895.65576171875
22983,6737.3076171875
22984,5238.1923828125
22985,3851.30126953125
22986,5521.14013671875
22987,6370.4951171875
22988,6367.70068359375
22989,3851.30126953125
22990,3851.30126953125
22991,8101.9970703125
22992,6098.72265625
22993,3851.30126953125
22994,7300.54736328125
22995,5962.93994140625
22996,5261.423828125
22997,4085.7109375
22998,3851.30126953125
22999,5309.15625
23000,4875.28271484375
23001,4966.6923828125
23002,8505.9404296875
23003,5816.1708984375
23004,3851.30126953125
23005,4232.7626953125
23006,3851.30126953125
23007,3851.30126953125
23008,4774.150390625
23009,8413.1220703125
23010,5417.728515625
23011,3851.30126953125
23012,3851.30126953125
23013,4284.6962890625
23014,6376.07470703125
23015,5995.744140625
23016,8634.34765625
23017,3851.30126953125
23018,4847.1123046875
23019,3851.30126953125
23020,5520.85791015625
23021,3851.30126953125
23022,3851.30126953125
23023,3851.30126953125
23024,3851.30126953125
23025,6376.04541015625
23026,3908.681396484375
23027,3949.962890625
23028,4811.4873046875
23029,6374.31103515625
23030,4938.8837890625
23031,3851.30126953125
23032,9678.2802734375
23033,5800.8876953125
23034,5301.3505859375
23035,3851.30126953125
23036,5533.0576171875
23037,5094.7158203125
23038,3882.746826171875
23039,7655.15771484375
23040,7894.5458984375
23041,5515.3310546875
23042,5885.333984375
23043,6129.96240234375
23044,6595.09521484375
23045,10043.0830078125
23046,3851.30126953125
23047,3851.30126953125
23048,4650.57421875
23049,5319.908203125
23050,4823.177734375
23051,7590.06494140625
23052,5393.845703125
23053,4681.833984375
23054,3851.30126953125
23055,5850.9130859375
23056,7718.85302734375
23057,3851.30126953125
23058,6200.73974609375
23059,3851.30126953125
23060,5960.5029296875
23061,5104.30615234375
23062,4158.7978515625
23063,5314.77734375
23064,3990.388671875
23065,4786.6630859375
23066,6065.13232421875
23067,4545.130859375
23068,7261.86181640625
23069,5086.6884765625
23070,8214.625
23071,5037.927734375
23072,3851.30126953125
23073,7465.92919921875
23074,3851.30126953125
23075,8459.513671875
23076,4213.458984375
23077,4819.8359375
23078,5790.90966796875
23079,4061.44873046875
23080,4084.994384765625
23081,5966.1171875
23082,3851.30126953125
23083,3851.30126953125
23084,5644.47216796875
23085,5615.30712890625
23086,9223.53125
23087,5032.720703125
23088,5043.267578125
23089,3851.30126953125
23090,5585.36474609375
23091,3851.30126953125
23092,8786.2919921875
23093,6439.111328125
23094,11636.830078125
23095,4624.3291015625
23096,4459.1494140625
23097,7433.0888671875
23098,7277.3876953125
23099,3851.30126953125
23100,7983.69873046875
23101,5418.333984375
23102,4918.45556640625
23103,4724.19140625
23104,4391.13427734375
23105,3851.30126953125
23106,4874.001953125
23107,3851.30126953125
23108,3851.30126953125
23109,6893.46875
23110,5181.85546875
23111,20353.3984375
23112,5869.3193359375
23113,4701.94775390625
23114,7482.49951171875
23115,9135.619140625
23116,6045.244140625
23117,6484.1357421875
23118,5886.1298828125
23119,7840.90380859375
23120,7589.310546875
23121,5281.68310546875
23122,6014.96826171875
23123,7426.7587890625
23124,7762.23486328125
23125,6469.0576171875
23126,8191.5
23127,6068.2431640625
23128,4611.6435546875
23129,5750.4228515625
23130,9559.8203125
23131,10631.109375
23132,8820.8232421875
23133,7281.21435546875
23134,4707.93505859375
23135,5639.48388671875
23136,4249.0009765625
23137,7691.7744140625
23138,10129.572265625
23139,9429.6279296875
23140,5775.60009765625
23141,4753.2265625
23142,4636.53125
23143,5600.8662109375
23144,9585.470703125
23145,6889.36572265625
23146,5633.498046875
23147,5323.251953125
23148,7248.8505859375
23149,4280.3232421875
23150,7384.01416015625
23151,4210.3046875
23152,7196.978515625
23153,7195.51025390625
23154,5497.37890625
23155,7638.064453125
23156,7242.3837890625
23157,4686.6611328125
23158,6255.18896484375
23159,7640.89404296875
23160,10460.4169921875
23161,6383.884765625
23162,7830.4443359375
23163,8001.3232421875
23164,9063.6796875
23165,7170.35693359375
23166,9178.537109375
23167,4432.27294921875
23168,4715.482421875
23169,6038.3662109375
23170,6525.2353515625
23171,9230.861328125
23172,8166.7333984375
23173,5419.6796875
23174,7889.17431640625
23175,6922.97314453125
23176,9525.98046875
23177,3866.16259765625
23178,12131.630859375
23179,4857.85302734375
23180,6013.3232421875
23181,8263.876953125
23182,4900.38671875
23183,5530.091796875
23184,6306.576171875
23185,7056.17822265625
23186,5284.60009765625
23187,5329.7919921875
23188,7812.89892578125
23189,8221.4150390625
23190,6907.90380859375
23191,4467.18017578125
23192,7511.32421875
23193,10530.4912109375
23194,6675.06396484375
23195,4728.7568359375
23196,6971.755859375
23197,5965.6630859375
23198,6989.439453125
23199,7793.6748046875
23200,4030.334228515625
23201,8295.4619140625
23202,5794.04345703125
23203,7421.07275390625
23204,9158.791015625
23205,4595.40625
23206,6570.99853515625
23207,5492.01220703125
23208,7375.90185546875
23209,8495.0048828125
23210,5132.38671875
23211,4874.3828125
23212,6896.0126953125
23213,6530.26171875
23214,5650.45703125
23215,8363.05859375
23216,6501.84130859375
23217,7585.38623046875
23218,5714.3603515625
23219,4436.556640625
23220,6416.1064453125
23221,7292.87353515625
23222,7504.314453125
23223,7964.326171875
23224,8149.54833984375
23225,5344.51953125
23226,8944.14453125
23227,5034.7333984375
23228,7102.36767578125
23229,8990.9453125
23230,7200.07177734375
23231,8871.6767578125
23232,8470.658203125
23233,7694.56884765625
23234,6126.18994140625
23235,7187.21337890625
23236,8245.3017578125
23237,5892.91796875
23238,3851.30126953125
23239,5042.63427734375
23240,7541.92431640625
23241,6552.5791015625
23242,4786.1630859375
23243,8267.103515625
23244,6442.50732421875
23245,6408.67578125
23246,5887.5361328125
23247,5128.9833984375
23248,6901.17919921875
23249,7198.84326171875
23250,6615.15185546875
23251,5678.60107421875
23252,6062.14697265625
23253,6436.07177734375
23254,3948.61572265625
23255,6162.5615234375
23256,5252.298828125
23257,8522.8193359375
23258,7117.2099609375
23259,6573.73388671875
23260,10133.9990234375
23261,4813.4208984375
23262,5467.3837890625
23263,10063.8203125
23264,6851.2890625
23265,8191.015625
23266,7125.37841796875
23267,5769.80810546875
23268,6496.75390625
23269,5379.69189453125
23270,7354.9619140625
23271,10539.2333984375
23272,6859.6650390625
23273,3851.30126953125
23274,5198.72412109375
23275,8518.8935546875
23276,9557.287109375
23277,6070.51123046875
23278,7036.962890625
23279,4821.3955078125
23280,4902.89892578125
23281,3851.30126953125
23282,4369.84521484375
23283,6416.91162109375
23284,7209.05615234375
23285,7008.40478515625
23286,5660.857421875
23287,8277.2080078125
23288,9006.47265625
23289,7264.876953125
23290,4884.18359375
23291,9041.470703125
23292,9974.4951171875
23293,6009.171875
23294,7726.005859375
23295,4881.412109375
23296,6379.568359375
23297,4237.04638671875
23298,6768.4130859375
23299,5114.68408203125
23300,9081.974609375
23301,7051.8681640625
23302,8018.31982421875
23303,7978.25146484375
23304,5761.91650390625
23305,8684.3662109375
23306,17399.806640625
23307,10401.35546875
23308,5326.458984375
23309,3851.30126953125
23310,6480.1845703125
23311,8818.9521484375
23312,5898.1513671875
23313,11290.353515625
23314,17878.96875
23315,4392.970703125
23316,5269.38330078125
23317,8956.94140625
23318,4773.1103515625
23319,8490.5185546875
23320,5936.51953125
23321,7353.2236328125
23322,5016.3994140625
23323,7017.62646484375
23324,6554.00390625
23325,7247.970703125
23326,9684.5146484375
23327,6815.46630859375
23328,6224.37646484375
23329,6746.17138671875
23330,5406.076171875
23331,5269.1142578125
23332,7839.046875
23333,5617.7783203125
23334,6176.18603515625
23335,6943.73828125
23336,5870.1005859375
23337,5343.90185546875
23338,7099.341796875
23339,7094.03759765625
23340,8248.2861328125
23341,8408.0712890625
23342,7521.33935546875
23343,5461.5673828125
23344,4216.40576171875
23345,6599.21240234375
23346,6897.01025390625
23347,5523.2509765625
23348,4454.6455078125
23349,8836.3154296875
23350,7261.14599609375
23351,9052.875
23352,6328.94091796875
23353,5577.06201171875
23354,5150.4892578125
23355,5098.5068359375
23356,9861.4677734375
23357,5417.970703125
23358,7999.52294921875
23359,13556.439453125
23360,8272.50390625
23361,6334.7177734375
23362,5253.384765625
23363,4209.64208984375
23364,7277.00048828125
23365,4144.892578125
23366,5772.0244140625
23367,9363.2646484375
23368,6135.453125
23369,13147.09375
23370,12403.2880859375
23371,5210.9716796875
23372,7370.7705078125
23373,5486.62109375
23374,6422.1279296875
23375,5032.548828125
23376,10413.6953125
23377,7471.61328125
23378,8715.7685546875
23379,4464.48828125
23380,7389.255859375
23381,5150.37548828125
23382,8693.7158203125
23383,7463.79443359375
23384,6379.5380859375
23385,7073.57861328125
23386,6589.6689453125
23387,8426.1201171875
23388,9020.0634765625
23389,6350.12158203125
23390,9863.3876953125
23391,7197.4521484375
23392,9357.1025390625
23393,5602.3662109375
23394,5535.0595703125
23395,5346.8076171875
23396,9913.6416015625
23397,6923.61181640625
23398,7604.1962890625
23399,6765.3974609375
23400,8556.62890625
23401,4952.0205078125
23402,8388.8935546875
23403,5885.19091796875
23404,4293.986328125
23405,12795.9248046875
23406,15391.212890625
23407,6953.0986328125
23408,8224.21875
23409,8884.6337890625
23410,9513.595703125
23411,10393.67578125
23412,6033.8701171875
23413,7283.23291015625
23414,5892.02197265625
23415,8641.662109375
23416,4044.100341796875
23417,5303.078125
23418,5868.5830078125
23419,6394.5078125
23420,7201.583984375
23421,5254.912109375
23422,4586.189453125
23423,7088.853515625
23424,4195.046875
23425,4839.173828125
23426,5981.9541015625
23427,6560.40185546875
23428,9290.470703125
23429,9052.26953125
23430,6389.7451171875
23431,6807.732421875
23432,6384.18603515625
23433,10476.904296875
23434,7130.7490234375
23435,5536.12646484375
23436,4524.171875
23437,9893.5078125
23438,4516.8896484375
23439,7383.46875
23440,3851.30126953125
23441,4934.16943359375
23442,7556.51611328125
23443,6293.39892578125
23444,5541.44580078125
23445,8398.2705078125
23446,9838.4912109375
23447,10412.189453125
23448,6570.3857421875
23449,9405.984375
23450,3851.30126953125
23451,5710.3564453125
23452,6316.56884765625
23453,4406.60693359375
23454,8426.91796875
23455,5131.15966796875
23456,4858.6640625
23457,8001.03125
23458,10523.302734375
23459,8824.0537109375
23460,5555.75146484375
23461,5490.1953125
23462,10566.841796875
23463,7959.3818359375
23464,5539.5751953125
23465,5367.8251953125
23466,7646.3525390625
23467,8867.26171875
23468,5055.64794921875
23469,6182.18017578125
23470,8095.603515625
23471,7541.1298828125
23472,12177.775390625
23473,6743.55712890625
23474,11734.498046875
23475,6924.8916015625
23476,5505.9130859375
23477,3851.30126953125
23478,5825.83544921875
23479,6237.5654296875
23480,5657.421875
23481,8132.337890625
23482,5130.2958984375
23483,4605.01220703125
23484,7891.58251953125
23485,3867.998779296875
23486,7843.9921875
23487,7289.34765625
23488,7365.53271484375
23489,8288.0751953125
23490,5542.1640625
23491,9350.0634765625
23492,6628.21533203125
23493,5385.09912109375
23494,5496.37109375
23495,5090.30517578125
23496,9646.859375
23497,6828.3828125
23498,4992.99609375
23499,7810.69970703125
23500,8332.9482421875
23501,6777.0400390625
23502,6254.20166015625
23503,8244.84765625
23504,6050.4169921875
23505,6469.2998046875
23506,5490.4951171875
23507,8914.2158203125
23508,5401.794921875
23509,6232.1025390625
23510,5987.91748046875
23511,5929.79931640625
23512,4655.212890625
23513,5610.01220703125
23514,8477.2548828125
23515,8636.8857421875
23516,10563.462890625
23517,10598.4013671875
23518,8319.8466796875
23519,7292.1904296875
23520,4789.77685546875
23521,9948.12890625
23522,9592.578125
23523,7848.24658203125
23524,7928.423828125
23525,8269.2734375
23526,5676.5927734375
23527,3967.58251953125
23528,10463.970703125
23529,6098.5166015625
23530,6053.31689453125
23531,5957.041015625
23532,3851.30126953125
23533,10600.3134765625
23534,5760.94140625
23535,5161.2099609375
23536,4629.2763671875
23537,5984.82568359375
23538,6267.732421875
23539,7435.09521484375
23540,7179.4462890625
23541,4851.166015625
23542,5025.37451171875
23543,4132.7099609375
23544,3851.30126953125
23545,6930.08740234375
23546,17007.138671875
23547,5244.80615234375
23548,5708.3291015625
23549,6573.40771484375
23550,4983.23876953125
23551,5231.71484375
23552,5417.22802734375
23553,4670.1357421875
23554,7763.3642578125
23555,7189.88427734375
23556,4195.89453125
23557,8965.2939453125
23558,5366.07275390625
23559,5148.2666015625
23560,9376.8544921875
23561,8435.0078125
23562,9609.6328125
23563,5680.80859375
23564,6646.89013671875
23565,5102.7255859375
23566,5166.28662109375
23567,13818.412109375
23568,9806.59765625
23569,6639.50439453125
23570,4758.99267578125
23571,5131.16455078125
23572,5814.064453125
23573,4516.298828125
23574,9649.2744140625
23575,5101.10546875
23576,5869.7568359375
23577,7600.080078125
23578,5208.314453125
23579,6277.06103515625
23580,6999.74462890625
23581,7667.3603515625
23582,7872.09326171875
23583,4549.646484375
23584,6066.2744140625
23585,6898.36376953125
23586,9005.5703125
23587,8419.0595703125
23588,7199.3681640625
23589,4819.40478515625
23590,7954.8896484375
23591,5211.9267578125
23592,4459.12939453125
23593,7203.076171875
23594,6795.5869140625
23595,6565.103515625
23596,6465.77392578125
23597,6078.40380859375
23598,7247.4541015625
23599,5465.83837890625
23600,7007.94482421875
23601,7361.498046875
23602,6281.89208984375
23603,8646.9794921875
23604,6669.82568359375
23605,4227.7529296875
23606,10910.064453125
23607,5624.62060546875
23608,4036.43896484375
23609,7588.982421875
23610,9012.9267578125
23611,10270.234375
23612,4994.7607421875
23613,6534.88916015625
23614,6227.47314453125
23615,7458.22265625
23616,6183.76220703125
23617,8351.10546875
23618,3851.30126953125
23619,5780.009765625
23620,6056.7265625
23621,5441.205078125
23622,5136.54052734375
23623,7182.15625
23624,7721.30078125
23625,5811.373046875
23626,7938.025390625
23627,7455.12109375
23628,8696.294921875
23629,4871.3828125
23630,6466.76611328125
23631,6740.7763671875
23632,8295.5986328125
23633,8670.462890625
23634,4239.8310546875
23635,7973.953125
23636,7851.984375
23637,7611.5244140625
23638,5093.09326171875
23639,3874.45654296875
23640,7883.3271484375
23641,6210.0302734375
23642,8366.2705078125
23643,7414.3154296875
23644,5295.59912109375
23645,8209.2138671875
23646,5681.87158203125
23647,6546.521484375
23648,7668.400390625
23649,5560.91015625
23650,8277.25390625
23651,10363.431640625
23652,7768.41748046875
23653,4886.45947265625
23654,5509.6435546875
23655,4970.21435546875
23656,3851.30126953125
23657,8068.31640625
23658,5640.6943359375
23659,8396.3193359375
23660,4754.53076171875
23661,7307.7392578125
23662,6384.24072265625
23663,9643.373046875
23664,5040.0107421875
23665,6030.80078125
23666,5874.78271484375
23667,7497.66455078125
23668,5812.40576171875
23669,7283.7646484375
23670,7957.1904296875
23671,8591.3037109375
23672,8146.1533203125
23673,6530.04150390625
23674,6021.4287109375
23675,4612.07421875
23676,5514.5927734375
23677,10331.4541015625
23678,9067.501953125
23679,7904.7255859375
23680,14415.74609375
23681,6100.6279296875
23682,4933.4228515625
23683,6061.177734375
23684,8237.609375
23685,9465.9111328125
23686,7096.98486328125
23687,8085.271484375
23688,8242.3056640625
23689,7211.89208984375
23690,6321.0458984375
23691,6138.4609375
23692,5333.0576171875
23693,5309.0478515625
23694,3851.30126953125
23695,5478.05078125
23696,8142.9638671875
23697,15542.98828125
23698,7107.9169921875
23699,5105.81201171875
23700,7039.9423828125
23701,4436.1875
23702,6689.84033203125
23703,4343.50048828125
23704,8455.84375
23705,6187.39794921875
23706,6502.4521484375
23707,12000.99609375
23708,11660.318359375
23709,5851.09130859375
23710,6813.72021484375
23711,3954.760009765625
23712,5454.1005859375
23713,5410.013671875
23714,8579.029296875
23715,4709.79443359375
23716,4323.728515625
23717,5806.39501953125
23718,5452.47021484375
23719,7492.9970703125
23720,6662.97265625
23721,3851.30126953125
23722,8163.45361328125
23723,7992.091796875
23724,7636.49560546875
23725,4285.318359375
23726,4606.859375
23727,7025.4013671875
23728,4425.9970703125
23729,9936.498046875
23730,5020.18115234375
23731,5794.1689453125
23732,6855.3408203125
23733,5850.40771484375
23734,4583.3720703125
23735,5781.61181640625
23736,6732.1572265625
23737,9051.4794921875
23738,9193.38671875
23739,6251.06396484375
23740,4119.0341796875
23741,5268.7158203125
23742,7044.60009765625
23743,4933.44921875
23744,5729.83935546875
23745,6010.84130859375
23746,11045.2529296875
23747,7525.3759765625
23748,6209.96240234375
23749,6781.66162109375
23750,4557.740234375
23751,8726.5546875
23752,5388.61279296875
23753,11629.138671875
23754,6725.27197265625
23755,5716.5009765625
23756,5417.5927734375
23757,4189.791015625
23758,7028.08984375
23759,17462.7734375
23760,4914.6123046875
23761,5612.876953125
23762,9312.4296875
23763,6844.208984375
23764,7066.44921875
23765,8244.9677734375
23766,6832.65478515625
23767,5371.9072265625
23768,4761.154296875
23769,9340.158203125
23770,5895.97412109375
23771,6738.48095703125
23772,7561.5595703125
23773,4724.1123046875
23774,7350.79833984375
23775,6555.7529296875
23776,3870.84521484375
23777,8260.4345703125
23778,8789.0380859375
23779,4790.3154296875
23780,7671.40087890625
23781,7310.5908203125
23782,5360.447265625
23783,9862.3876953125
23784,6864.53515625
23785,8354.15625
23786,4805.15283203125
23787,5112.50634765625
23788,6605.69189453125
23789,4233.8115234375
23790,7924.48583984375
23791,4130.76611328125
23792,6185.583984375
23793,4979.4501953125
23794,5356.630859375
23795,5496.07373046875
23796,6529.9267578125
23797,7244.43310546875
23798,8427.59375
23799,5897.6064453125
23800,7664.375
23801,6330.35107421875
23802,8050.017578125
23803,9096.404296875
23804,7045.53271484375
23805,3851.30126953125
23806,6077.9462890625
23807,7120.3359375
23808,4828.15087890625
23809,10816.2919921875
23810,5857.43212890625
23811,7500.9521484375
23812,10057.0703125
23813,6329.36083984375
23814,4567.6630859375
23815,10945.3115234375
23816,9701.3857421875
23817,6246.708984375
23818,8680.40625
23819,9486.83984375
23820,6410.64990234375
23821,5678.4013671875
23822,6632.1259765625
23823,5594.33154296875
23824,5758.39599609375
23825,7184.5751953125
23826,4838.2646484375
23827,6846.48974609375
23828,7512.8701171875
23829,6569.8740234375
23830,8101.423828125
23831,5937.7158203125
23832,6705.302734375
23833,4513.40234375
23834,7546.4287109375
23835,6923.26904296875
23836,6292.0849609375
23837,6781.97900390625
23838,7666.6103515625
23839,8979.3291015625
23840,5649.4677734375
23841,5340.8203125
23842,6561.18603515625
23843,7113.70703125
23844,7470.798828125
23845,4874.509765625
23846,4417.12109375
23847,7948.7353515625
23848,7598.5654296875
23849,5604.85546875
23850,8173.02734375
23851,6707.8173828125
23852,7018.986328125
23853,5052.6416015625
23854,4098.345703125
23855,7026.63916015625
23856,6085.7431640625
23857,5819.396484375
23858,9031.29296875
23859,7664.77392578125
23860,4692.2734375
23861,8104.80224609375
23862,3866.305419921875
23863,3851.30126953125
23864,6199.93994140625
23865,10701.4658203125
23866,8006.88671875
23867,6396.767578125
23868,4688.2626953125
23869,6795.76171875
23870,8854.0390625
23871,5830.2685546875
23872,8333.201171875
23873,5949.59375
23874,5014.142578125
23875,5369.43994140625
23876,5268.021484375
23877,5164.02294921875
23878,4937.35546875
23879,4996.6298828125
23880,4572.3623046875
23881,6872.99169921875
23882,6760.96728515625
23883,5128.078125
23884,6122.8857421875
23885,6978.146484375
23886,5594.03076171875
23887,4892.04931640625
23888,9365.052734375
23889,7327.44677734375
23890,6142.3671875
23891,3962.285400390625
23892,10914.361328125
23893,6470.10498046875
23894,5146.263671875
23895,9254.41015625
23896,8160.81298828125
23897,6882.5673828125
23898,6114.1767578125
23899,7693.69482421875
23900,9090.3623046875
23901,12437.275390625
23902,4718.25
23903,4551.5966796875
23904,5131.4267578125
23905,6650.7529296875
23906,5587.73193359375
23907,7947.4697265625
23908,8754.201171875
23909,5818.7236328125
23910,4415.2998046875
23911,6099.181640625
23912,9083.2265625
23913,5171.697265625
23914,7170.10791015625
23915,4001.530029296875
23916,7895.38232421875
23917,7415.607421875
23918,7000.10546875
23919,8199.53125
23920,6757.24609375
23921,4557.87060546875
23922,6560.6669921875
23923,6781.98095703125
23924,7642.8896484375
23925,7499.14208984375
23926,7996.9189453125
23927,6659.724609375
23928,4428.4853515625
23929,9454.6767578125
23930,4609.38671875
23931,10018.5478515625
23932,5854.3544921875
23933,4825.46435546875
23934,6880.63525390625
23935,6182.85693359375
23936,7485.6044921875
23937,7884.365234375
23938,3964.642333984375
23939,4639.82373046875
23940,6991.6201171875
23941,8509.744140625
23942,9565.818359375
23943,5794.0146484375
23944,6347.529296875
23945,7059.1279296875
23946,6481.896484375
23947,5406.1865234375
23948,9746.0029296875
23949,8411.111328125
23950,11383.822265625
23951,4670.95703125
23952,5706.4384765625
23953,9442.6572265625
23954,9100.591796875
23955,5271.60498046875
23956,9996.451171875
23957,6833.16845703125
23958,5563.408203125
23959,5307.236328125
23960,4764.22314453125
23961,5123.9921875
23962,6328.10595703125
23963,4970.724609375
23964,4967.6806640625
23965,9053.841796875
23966,6600.9111328125
23967,20042.0546875
23968,7068.48828125
23969,4559.669921875
23970,7222.94189453125
23971,9256.728515625
23972,6305.19091796875
23973,6671.61376953125
23974,5769.89697265625
23975,8064.91162109375
23976,7601.34765625
23977,5082.71435546875
23978,5906.677734375
23979,7111.75341796875
23980,7833.0830078125
23981,6386.91748046875
23982,8241.927734375
23983,5861.21728515625
23984,4270.431640625
23985,5482.939453125
23986,9664.7265625
23987,10496.2421875
23988,8926.6474609375
23989,6970.93505859375
23990,4947.8173828125
23991,5559.6796875
23992,4368.498046875
23993,7509.59716796875
23994,9839.376953125
23995,9713.978515625
23996,5685.7421875
23997,4740.17626953125
23998,4631.466796875
23999,5522.2275390625
24000,9861.869140625
24001,6401.15771484375
24002,5343.0126953125
24003,5100.84521484375
24004,7333.0703125
24005,3986.737060546875
24006,7273.0673828125
24007,4065.933349609375
24008,7323.53955078125
24009,6879.3603515625
24010,5381.744140625
24011,7602.9853515625
24012,7365.31005859375
24013,4550.6962890625
24014,6151.33935546875
24015,7734.3505859375
24016,10086.884765625
24017,6408.1962890625
24018,7984.2109375
24019,8191.115234375
24020,9045.78515625
24021,7177.408203125
24022,9137.5595703125
24023,4624.2314453125
24024,4614.8681640625
24025,5929.091796875
24026,6458.767578125
24027,9208.408203125
24028,8131.63720703125
24029,5490.947265625
24030,7587.72216796875
24031,6815.61767578125
24032,9849.9599609375
24033,3851.30126953125
24034,12164.859375
24035,4776.2841796875
24036,5872.0439453125
24037,8378.650390625
24038,4735.2783203125
24039,5494.787109375
24040,5984.7109375
24041,6717.50927734375
24042,4922.6015625
24043,5310.31494140625
24044,7714.93994140625
24045,8179.5009765625
24046,7007.57861328125
24047,4597.900390625
24048,7587.94677734375
24049,10154.0400390625
24050,6590.5927734375
24051,4855.205078125
24052,6715.041015625
24053,6103.94677734375
24054,6618.23388671875
24055,7730.8291015625
24056,3939.611328125
24057,8421.630859375
24058,5679.3603515625
24059,7165.0615234375
24060,9856.7412109375
24061,4444.85986328125
24062,5988.556640625
24063,5393.39013671875
24064,7456.1455078125
24065,8399.93359375
24066,4973.2236328125
24067,4716.7841796875
24068,6675.46337890625
24069,6245.72998046875
24070,5525.82568359375
24071,8356.595703125
24072,6529.943359375
24073,7809.955078125
24074,5472.02392578125
24075,4343.54296875
24076,6178.001953125
24077,7443.470703125
24078,7446.2880859375
24079,7439.39306640625
24080,7822.1123046875
24081,5062.1171875
24082,8990.0009765625
24083,5158.37939453125
24084,7014.09765625
24085,9165.96484375
24086,6769.5703125
24087,9001.935546875
24088,8290.3037109375
24089,7532.20166015625
24090,6020.28076171875
24091,6983.50048828125
24092,8096.70068359375
24093,6231.7294921875
24094,3860.228271484375
24095,5074.49853515625
24096,7751.46484375
24097,6338.03955078125
24098,4745.26220703125
24099,8330.1923828125
24100,6367.8876953125
24101,6281.22314453125
24102,5765.97021484375
24103,5073.06005859375
24104,6956.66455078125
24105,7099.6953125
24106,6710.337890625
24107,5539.65283203125
24108,4730.88671875
24109,6239.64013671875
24110,3963.85302734375
24111,6446.47607421875
24112,5194.0478515625
24113,8313.26171875
24114,6915.5244140625
24115,6328.3359375
24116,9554.68359375
24117,5049.8896484375
24118,5145.0537109375
24119,10184.0810546875
24120,6611.49951171875
24121,8237.798828125
24122,7137.94287109375
24123,5232.818359375
24124,6352.41015625
24125,5230.279296875
24126,7450.95458984375
24127,10852.822265625
24128,7202.31396484375
24129,3851.30126953125
24130,5187.27783203125
24131,8022.4580078125
24132,9200.62890625
24133,6017.79296875
24134,6855.58740234375
24135,4756.3662109375
24136,4726.99267578125
24137,3851.30126953125
24138,4447.0625
24139,6105.474609375
24140,7178.83154296875
24141,6912.052734375
24142,5506.6689453125
24143,7762.7880859375
24144,8905.638671875
24145,7079.49365234375
24146,4574.732421875
24147,8955.0458984375
24148,9995.18359375
24149,5919.66552734375
24150,7782.58056640625
24151,4575.927734375
24152,6134.8427734375
24153,4291.9912109375
24154,7161.71240234375
24155,5092.9560546875
24156,9145.83203125
24157,6762.28076171875
24158,8048.44482421875
24159,8038.7861328125
24160,5442.83544921875
24161,8682.064453125
24162,17304.564453125
24163,10254.41796875
24164,5469.3037109375
24165,3851.30126953125
24166,6214.716796875
24167,8661.1142578125
24168,5916.7119140625
24169,11195.60546875
24170,17707.5234375
24171,4092.380615234375
24172,5368.7392578125
24173,8646.65625
24174,4795.025390625
24175,8637.2333984375
24176,6172.30712890625
24177,7230.32666015625
24178,4895.7763671875
24179,6659.24658203125
24180,6310.98779296875
24181,7397.3798828125
24182,9542.79296875
24183,6785.50537109375
24184,6180.486328125
24185,7181.71728515625
24186,5139.7841796875
24187,5019.2216796875
24188,7718.93505859375
24189,5366.046875
24190,6083.677734375
24191,6850.36669921875
24192,6042.87353515625
24193,5608.13427734375
24194,7450.3125
24195,7119.87646484375
24196,8006.912109375
24197,8379.6708984375
24198,7400.685546875
24199,5236.4892578125
24200,3956.91162109375
24201,6346.044921875
24202,6903.9599609375
24203,5480.9384765625
24204,4426.14208984375
24205,8909.244140625
24206,7056.96435546875
24207,9405.5087890625
24208,6242.7548828125
24209,5353.4111328125
24210,5111.904296875
24211,4935.06982421875
24212,9713.2470703125
24213,5034.9970703125
24214,7787.0546875
24215,13955.263671875
24216,8135.98486328125
24217,6287.19580078125
24218,4881.484375
24219,4341.8076171875
24220,7001.107421875
24221,3851.30126953125
24222,5930.8203125
24223,9694.1240234375
24224,5481.27587890625
24225,13601.60546875
24226,12826.1796875
24227,5126.30517578125
24228,7500.205078125
24229,5507.34033203125
24230,6769.01123046875
24231,4963.42578125
24232,10405.37890625
24233,7135.50830078125
24234,9142.8330078125
24235,4435.59619140625
24236,7275.7216796875
24237,4900.44921875
24238,8963.982421875
24239,7189.28369140625
24240,6164.40380859375
24241,6759.86572265625
24242,6387.26513671875
24243,8055.70751953125
24244,9189.568359375
24245,6078.97509765625
24246,9676.5205078125
24247,7103.92431640625
24248,9542.484375
24249,5591.9921875
24250,5097.46533203125
24251,5110.5859375
24252,10124.677734375
24253,6602.4462890625
24254,7418.15576171875
24255,6672.3974609375
24256,8260.1748046875
24257,4835.009765625
24258,8670.6240234375
24259,6001.24365234375
24260,4343.45166015625
24261,12813.8916015625
24262,15718.443359375
24263,6804.61181640625
24264,7766.2880859375
24265,9031.3193359375
24266,9589.96484375
24267,10721.1357421875
24268,5765.14892578125
24269,7530.3603515625
24270,5513.3876953125
24271,8399.658203125
24272,4105.755859375
24273,5178.4853515625
24274,5804.95556640625
24275,6332.92333984375
24276,7059.68896484375
24277,5347.439453125
24278,4569.9541015625
24279,7092.19677734375
24280,3983.585693359375
24281,4677.50634765625
24282,5803.7353515625
24283,6508.494140625
24284,9216.994140625
24285,8637.2958984375
24286,6526.94091796875
24287,6656.943359375
24288,6448.25830078125
24289,10682.4580078125
24290,7133.8916015625
24291,5156.23828125
24292,4506.50537109375
24293,9837.21484375
24294,4433.86962890625
24295,6917.5302734375
24296,3851.30126953125
24297,4793.4296875
24298,7753.87353515625
24299,6302.546875
24300,5452.53662109375
24301,8235.7724609375
24302,9601.2177734375
24303,10870.8828125
24304,6635.26953125
24305,9315.404296875
24306,3851.30126953125
24307,5308.12255859375
24308,6108.138671875
24309,4308.1982421875
24310,8204.1240234375
24311,5129.89306640625
24312,4803.62646484375
24313,7949.595703125
24314,10847.119140625
24315,8958.296875
24316,5509.50634765625
24317,5385.3408203125
24318,11589.458984375
24319,7828.2958984375
24320,5583.2802734375
24321,5155.78173828125
24322,7201.2138671875
24323,9083.6357421875
24324,5095.11572265625
24325,6051.787109375
24326,8025.6220703125
24327,7542.6640625
24328,12244.662109375
24329,6831.3984375
24330,11917.869140625
24331,6670.798828125
24332,5417.2138671875
24333,3851.30126953125
24334,6073.025390625
24335,6024.21435546875
24336,5604.015625
24337,8017.7421875
24338,4971.90185546875
24339,4539.0634765625
24340,7713.10009765625
24341,3851.30126953125
24342,7868.21630859375
24343,7013.93359375
24344,7517.51171875
24345,8028.29931640625
24346,5405.93212890625
24347,9388.2939453125
24348,6629.9521484375
24349,5173.56591796875
24350,5343.85546875
24351,5069.43017578125
24352,10019.263671875
24353,6721.1669921875
24354,4852.453125
24355,7635.2109375
24356,8327.7685546875
24357,6617.24755859375
24358,6371.67822265625
24359,8309.888671875
24360,5819.7490234375
24361,6334.9638671875
24362,5459.3125
24363,8420.677734375
24364,5546.177734375
24365,6085.6923828125
24366,5602.52099609375
24367,5741.3994140625
24368,4462.5859375
24369,5388.033203125
24370,8558.4833984375
24371,9140.640625
24372,10045.79296875
24373,10559.630859375
24374,8284.67578125
24375,7829.2265625
24376,4706.61279296875
24377,9893.408203125
24378,9650.765625
24379,7469.61181640625
24380,7890.8310546875
24381,8048.56640625
24382,5873.9150390625
24383,3963.28564453125
24384,10486.904296875
24385,6140.3095703125
24386,6267.86572265625
24387,6204.44482421875
24388,3851.30126953125
24389,10760.2421875
24390,5665.9951171875
24391,5080.48193359375
24392,4532.64404296875
24393,5709.9873046875
24394,6272.6875
24395,7824.94384765625
24396,6946.09375
24397,4745.73779296875
24398,4835.40234375
24399,4094.500732421875
24400,3851.30126953125
24401,6661.3486328125
24402,16771.263671875
24403,5046.236328125
24404,5487.5009765625
24405,6562.84814453125
24406,4832.3056640625
24407,5169.169921875
24408,5148.7548828125
24409,4566.7177734375
24410,7501.81396484375
24411,6872.474609375
24412,4101.0556640625
24413,8749.1025390625
24414,5532.0341796875
24415,4953.83740234375
24416,9261.2919921875
24417,8298.6611328125
24418,9571.5703125
24419,5911.0185546875
24420,6682.8173828125
24421,4622.5224609375
24422,5194.11181640625
24423,13810.9541015625
24424,9683.4140625
24425,6567.75927734375
24426,5131.5361328125
24427,4972.03125
24428,5698.63525390625
24429,4617.35498046875
24430,10053.8037109375
24431,5087.767578125
24432,5634.1376953125
24433,7385.72314453125
24434,4773.0380859375
24435,6307.6669921875
24436,6848.35888671875
24437,7478.62841796875
24438,7671.05078125
24439,4409.28076171875
24440,5987.8369140625
24441,6773.3935546875
24442,9064.7265625
24443,8332.900390625
24444,7268.7099609375
24445,4631.87109375
24446,7817.02880859375
24447,5356.11572265625
24448,4285.71826171875
24449,6941.1591796875
24450,6698.400390625
24451,6559.4765625
24452,6301.681640625
24453,6070.0234375
24454,6966.0048828125
24455,5330.037109375
24456,6627.8544921875
24457,7136.6875
24458,6227.080078125
24459,8598.8076171875
24460,6517.68310546875
24461,4243.1064453125
24462,10712.92578125
24463,5369.16162109375
24464,3851.30126953125
24465,7583.849609375
24466,8831.12109375
24467,10567.552734375
24468,4892.20947265625
24469,6427.2685546875
24470,6068.96240234375
24471,7360.1298828125
24472,6034.35791015625
24473,7917.64453125
24474,3851.30126953125
24475,5659.62744140625
24476,5780.99853515625
24477,5435.39111328125
24478,5052.03515625
24479,7006.515625
24480,7588.71484375
24481,6040.43798828125
24482,8084.537109375
24483,7507.2216796875
24484,8526.1787109375
24485,4703.51904296875
24486,6178.6396484375
24487,6400.15673828125
24488,8235.876953125
24489,8578.1865234375
24490,4076.45068359375
24491,7866.6689453125
24492,7556.5908203125
24493,7435.3759765625
24494,4876.2705078125
24495,3851.30126953125
24496,7885.57080078125
24497,6405.5947265625
24498,7936.63916015625
24499,7112.08251953125
24500,5310.6396484375
24501,7808.822265625
24502,5916.17333984375
24503,6472.25537109375
24504,7671.94580078125
24505,5647.78369140625
24506,8431.986328125
24507,10172.2412109375
24508,7891.0576171875
24509,4685.837890625
24510,5178.0634765625
24511,4652.0166015625
24512,3851.30126953125
24513,8102.30859375
24514,5363.927734375
24515,8182.7490234375
24516,4430.431640625
24517,7188.69970703125
24518,6402.9326171875
24519,9625.537109375
24520,4834.1484375
24521,5674.96728515625
24522,5246.3466796875
24523,7426.283203125
24524,5730.57275390625
24525,7289.240234375
24526,7903.3515625
24527,8544.185546875
24528,8105.890625
24529,6440.662109375
24530,5830.02490234375
24531,4570.7021484375
24532,5230.60546875
24533,10088.462890625
24534,9102.7099609375
24535,8818.29296875
24536,14110.56640625
24537,6050.599609375
24538,4823.8359375
24539,6071.4638671875
24540,7985.97998046875
24541,9341.556640625
24542,6513.388671875
24543,8174.66357421875
24544,7865.1044921875
24545,7187.8125
24546,6299.0498046875
24547,5698.46337890625
24548,5256.35302734375
24549,4946.92626953125
24550,4009.185791015625
24551,5336.5751953125
24552,7890.17724609375
24553,15311.2265625
24554,7128.10888671875
24555,5329.2216796875
24556,7376.61083984375
24557,4227.5458984375
24558,6695.11962890625
24559,4147.3564453125
24560,9108.5927734375
24561,5731.1669921875
24562,6423.3193359375
24563,12117.9736328125
24564,11076.587890625
24565,5862.0751953125
24566,6856.62451171875
24567,3851.30126953125
24568,5281.17529296875
24569,5376.607421875
24570,8294.259765625
24571,4575.8837890625
24572,4114.81494140625
24573,5609.51953125
24574,5464.1787109375
24575,7335.6171875
24576,6602.25341796875
24577,3936.94140625
24578,7863.64501953125
24579,8132.052734375
24580,7298.2099609375
24581,4211.9033203125
24582,4492.30908203125
24583,7345.943359375
24584,4249.677734375
24585,9690.2255859375
24586,4743.7978515625
24587,5596.0927734375
24588,7025.12744140625
24589,5649.16748046875
24590,4565.5322265625
24591,5620.3173828125
24592,6513.7421875
24593,9152.056640625
24594,9347.5625
24595,6057.99609375
24596,4187.37451171875
24597,5397.71240234375
24598,6917.46630859375
24599,4552.529296875
24600,5656.82861328125
24601,5872.1220703125
24602,11242.892578125
24603,7761.1591796875
24604,5980.06298828125
24605,6771.333984375
24606,4474.953125
24607,8536.76953125
24608,5344.7373046875
24609,12153.884765625
24610,6609.90673828125
24611,5329.1865234375
24612,5267.4755859375
24613,4042.621826171875
24614,6956.4072265625
24615,17025.80078125
24616,4856.5322265625
24617,5123.2548828125
24618,9142.5576171875
24619,6537.7568359375
24620,7215.75390625
24621,8041.9404296875
24622,6469.5087890625
24623,5147.90625
24624,4634.5283203125
24625,9519.0048828125
24626,6014.3056640625
24627,6681.3583984375
24628,7650.4169921875
24629,4809.21435546875
24630,7086.8828125
24631,6456.7822265625
24632,3851.30126953125
24633,8567.0625
24634,8811.7470703125
24635,4821.49853515625
24636,7167.36767578125
24637,6914.8994140625
24638,5219.10546875
24639,9509.30859375
24640,6519.8818359375
24641,8250.5595703125
24642,4564.63427734375
24643,5074.55322265625
24644,6731.6494140625
24645,4002.372802734375
24646,7938.49951171875
24647,4198.619140625
24648,6218.7353515625
24649,5100.3388671875
24650,5123.18603515625
24651,5648.5595703125
24652,6491.80712890625
24653,6996.98193359375
24654,8132.18359375
24655,5920.49169921875
24656,7636.7646484375
24657,6327.87939453125
24658,8285.4130859375
24659,9225.6875
24660,6881.50927734375
24661,3851.30126953125
24662,5826.9208984375
24663,7332.74609375
24664,4725.873046875
24665,10577.83984375
24666,5873.85546875
24667,7660.7265625
24668,10209.5556640625
24669,6186.669921875
24670,4579.85205078125
24671,11605.8828125
24672,9811.6689453125
24673,6085.31591796875
24674,8733.8134765625
24675,9634.5751953125
24676,6138.98291015625
24677,5377.37158203125
24678,6713.115234375
24679,5583.8271484375
24680,5432.6728515625
24681,6841.21484375
24682,4641.52490234375
24683,6770.5986328125
24684,7128.85009765625
24685,6516.595703125
24686,7933.5322265625
24687,6076.88134765625
24688,6848.12841796875
24689,4517.3486328125
24690,7536.0712890625
24691,6909.42822265625
24692,6134.02587890625
24693,6583.626953125
24694,7204.61083984375
24695,9227.8828125
24696,5440.724609375
24697,5318.33154296875
24698,6438.81103515625
24699,6605.19384765625
24700,7256.59765625
24701,4783.2998046875
24702,4271.775390625
24703,7961.69580078125
24704,7646.5556640625
24705,5603.701171875
24706,7631.32470703125
24707,6481.81201171875
24708,6920.34619140625
24709,4637.04345703125
24710,4011.262939453125
24711,7020.97705078125
24712,5873.791015625
24713,5857.11376953125
24714,8945.4052734375
24715,7951.45703125
24716,4821.6171875
24717,8082.318359375
24718,4053.482666015625
24719,3851.30126953125
24720,6048.8125
24721,11034.2822265625
24722,7758.93505859375
24723,6460.24267578125
24724,4552.0595703125
24725,6758.14013671875
24726,8921.0029296875
24727,5606.9794921875
24728,8560.953125
24729,5845.5556640625
24730,4791.0517578125
24731,5518.1474609375
24732,5170.515625
24733,5212.93701171875
24734,4938.69677734375
24735,4900.36962890625
24736,4511.5
24737,7093.64501953125
24738,6765.44287109375
24739,5046.97412109375
24740,6086.0751953125
24741,6867.14794921875
24742,5566.658203125
24743,4789.205078125
24744,9088.0625
24745,7383.94482421875
24746,5908.8232421875
24747,3969.850341796875
24748,10928.94921875
24749,6452.298828125
24750,5001.21728515625
24751,9270.6025390625
24752,8323.7802734375
24753,6759.708984375
24754,6055.1796875
24755,7528.02685546875
24756,9023.66796875
24757,12990.43359375
24758,4535.7080078125
24759,4285.72607421875
24760,4720.580078125
24761,6464.8974609375
24762,5303.81494140625
24763,7898.39794921875
24764,8633.921875
24765,5649.64306640625
24766,4257.9296875
24767,6205.41552734375
24768,9913.3212890625
24769,5093.84375
24770,7088.7734375
24771,3913.96044921875
24772,7594.294921875
24773,7602.25390625
24774,6950.92041015625
24775,8423.458984375
24776,6610.3173828125
24777,4354.9345703125
24778,6331.74560546875
24779,6782.23779296875
24780,7624.83203125
24781,7392.1796875
24782,8016.1728515625
24783,6417.3310546875
24784,4337.6474609375
24785,9459.080078125
24786,4512.173828125
24787,9920.1572265625
24788,5666.7138671875
24789,4454.1513671875
24790,6819.2958984375
24791,6082.27001953125
24792,7380.8125
24793,7904.2392578125
24794,3851.30126953125
24795,4566.5263671875
24796,7089.71337890625
24797,8595.7138671875
24798,9431.7939453125
24799,5665.20654296875
24800,6262.181640625
24801,7345.70703125
24802,6317.8876953125
24803,5379.80322265625
24804,9478.6123046875
24805,8585.1806640625
24806,11432.58984375
24807,4486.4697265625
24808,5689.6015625
24809,9336.5107421875
24810,9024.4091796875
24811,5223.93798828125
24812,9994.5869140625
24813,6819.00830078125
24814,5480.1279296875
24815,5042.1103515625
24816,4517.6201171875
24817,5125.15380859375
24818,6370.5390625
24819,4828.333984375
24820,4911.25927734375
24821,8849.5791015625
24822,6873.01708984375
24823,20250.744140625
24824,7087.35888671875
24825,4473.8896484375
24826,7121.20458984375
24827,9459.74609375
24828,6277.33447265625
24829,6944.85400390625
24830,5693.2177734375
24831,8048.630859375
24832,7629.03271484375
24833,4913.38916015625
24834,5964.83935546875
24835,6895.423828125
24836,7902.95068359375
24837,6564.8515625
24838,8070.224609375
24839,5820.314453125
24840,4324.81591796875
24841,5292.615234375
24842,9902.8974609375
24843,10881.6767578125
24844,9399.603515625
24845,6916.138671875
24846,5494.70849609375
24847,5406.501953125
24848,4325.326171875
24849,7679.486328125
24850,9709.365234375
24851,9951.712890625
24852,5769.57373046875
24853,4893.7431640625
24854,5015.666015625
24855,5372.90185546875
24856,10271.02734375
24857,6259.5400390625
24858,5028.3251953125
24859,5061.6240234375
24860,7383.44140625
24861,3858.091064453125
24862,7249.15234375
24863,4024.7392578125
24864,7132.6513671875
24865,6698.28662109375
24866,5356.7470703125
24867,7523.90478515625
24868,7259.54052734375
24869,4938.50390625
24870,6274.13232421875
24871,7301.24609375
24872,10000.9208984375
24873,6290.02880859375
24874,8215.0478515625
24875,8235.9072265625
24876,9080.962890625
24877,7055.22021484375
24878,9256.4423828125
24879,4713.89208984375
24880,4600.61279296875
24881,6129.947265625
24882,6395.6650390625
24883,9112.0068359375
24884,7889.783203125
24885,5651.95458984375
24886,7480.52734375
24887,6937.46826171875
24888,9936.7216796875
24889,3851.30126953125
24890,12439.79296875
24891,4840.466796875
24892,5900.76953125
24893,8605.171875
24894,4953.62548828125
24895,5751.505859375
24896,5980.01904296875
24897,6610.02880859375
24898,4708.3740234375
24899,5309.81396484375
24900,7708.9150390625
24901,8109.0849609375
24902,7342.01123046875
24903,4520.263671875
24904,7554.7900390625
24905,10108.615234375
24906,6547.6220703125
24907,4668.6982421875
24908,6512.87890625
24909,6082.1201171875
24910,6362.701171875
24911,7642.68115234375
24912,3851.30126953125
24913,8272.994140625
24914,5749.7626953125
24915,7154.0126953125
24916,10067.6875
24917,4581.17626953125
24918,5678.267578125
24919,5358.69873046875
24920,7453.76953125
24921,8387.6015625
24922,4908.81591796875
24923,4648.81640625
24924,6590.3740234375
24925,6032.78466796875
24926,5478.623046875
24927,8319.861328125
24928,6611.6083984375
24929,7743.0439453125
24930,5271.44140625
24931,4536.568359375
24932,6057.2685546875
24933,7586.19970703125
24934,7425.99365234375
24935,7399.50830078125
24936,7795.46484375
24937,4895.8291015625
24938,8782.1416015625
24939,5481.73583984375
24940,6925.2080078125
24941,9176.27734375
24942,6641.5625
24943,9303.5703125
24944,7988.552734375
24945,7499.6669921875
24946,5708.2041015625
24947,7001.30712890625
24948,7916.623046875
24949,6196.4248046875
24950,3943.35302734375
24951,5367.2392578125
24952,7990.724609375
24953,6340.22265625
24954,4868.046875
24955,8572.7001953125
24956,6646.13818359375
24957,6173.32958984375
24958,5507.8115234375
24959,5244.32421875
24960,7130.5947265625
24961,7053.8564453125
24962,6749.484375
24963,5398.04443359375
24964,4913.12451171875
24965,6180.5009765625
24966,4054.638671875
24967,6584.103515625
24968,5075.4814453125
24969,8306.91015625
24970,7094.9072265625
24971,6356.6337890625
24972,9456.9296875
24973,5364.61083984375
24974,4918.38525390625
24975,10436.25390625
24976,6547.48876953125
24977,8264.375
24978,7341.939453125
24979,5070.345703125
24980,6152.30029296875
24981,5256.59521484375
24982,7450.22705078125
24983,11059.146484375
24984,7097.73828125
24985,3851.30126953125
24986,5056.6015625
24987,7967.27783203125
24988,9091.8046875
24989,6080.109375
24990,6842.53466796875
24991,4675.06884765625
24992,4689.17626953125
24993,3851.30126953125
24994,4796.623046875
24995,5882.9423828125
24996,7101.0048828125
24997,6864.57568359375
24998,5632.1572265625
24999,7727.00732421875
25000,8639.3798828125
25001,6919.52490234375
25002,4361.3193359375
25003,9106.306640625
25004,10103.8369140625
25005,5771.9248046875
25006,7864.19384765625
25007,4667.1748046875
25008,6165.4677734375
25009,4408.6181640625
25010,7233.92138671875
25011,5061.2109375
25012,9157.287109375
25013,6747.1669921875
25014,7955.689453125
25015,8066.0146484375
25016,5025.89208984375
25017,8617.7734375
25018,17722.05859375
25019,10163.013671875
25020,5658.9462890625
25021,3851.30126953125
25022,6018.8291015625
25023,8838.8212890625
25024,6003.3603515625
25025,10958.150390625
25026,17780.244140625
25027,3880.159423828125
25028,5286.94677734375
25029,8417.2890625
25030,4910.802734375
25031,8884.2890625
25032,6359.6259765625
25033,7218.6982421875
25034,4707.736328125
25035,6471.40087890625
25036,6160.93603515625
25037,7260.74560546875
25038,9398.501953125
25039,6352.244140625
25040,5943.87890625
25041,7072.8857421875
25042,5049.767578125
25043,4902.8095703125
25044,7889.17578125
25045,5351.88623046875
25046,5983.0185546875
25047,6982.63916015625
25048,6166.4765625
25049,5677.802734375
25050,7554.27099609375
25051,7304.38427734375
25052,7801.7353515625
25053,8554.4765625
25054,7409.7822265625
25055,5209.1669921875
25056,3851.30126953125
25057,6379.52587890625
25058,7017.52392578125
25059,5405.9501953125
25060,4425.205078125
25061,9055.3056640625
25062,6931.9873046875
25063,9550.63671875
25064,6459.6416015625
25065,5187.0009765625
25066,5301.67724609375
25067,4462.8232421875
25068,9610.9140625
25069,4984.81982421875
25070,7710.1484375
25071,14159.71875
25072,7752.9140625
25073,6338.91015625
25074,4493.578125
25075,4437.71875
25076,6912.515625
25077,3901.03125
25078,5992.0654296875
25079,9847.458984375
25080,5390.09423828125
25081,14230.296875
25082,13350.6015625
25083,4871.7314453125
25084,7339.85595703125
25085,5447.36767578125
25086,6860.61181640625
25087,5122.9658203125
25088,10557.5634765625
25089,7012.66455078125
25090,9334.052734375
25091,4565.8603515625
25092,7359.2275390625
25093,4742.5703125
25094,9089.7783203125
25095,6869.3818359375
25096,6303.6376953125
25097,6534.50390625
25098,6147.92236328125
25099,8017.93994140625
25100,9341.876953125
25101,5778.4453125
25102,9873.12890625
25103,6893.34228515625
25104,9589.787109375
25105,5309.03955078125
25106,4995.8955078125
25107,4994.46826171875
25108,10119.6748046875
25109,6297.07177734375
25110,7276.71484375
25111,6664.23974609375
25112,8348.5556640625
25113,4565.275390625
25114,8793.9609375
25115,6154.6767578125
25116,4212.876953125
25117,13329.587890625
25118,15877.142578125
25119,6757.1328125
25120,7647.107421875
25121,9458.43359375
25122,9781.373046875
25123,10929.3310546875
25124,5903.93359375
25125,7754.59228515625
25126,5401.27392578125
25127,8234.14453125
25128,4256.802734375
25129,5441.0087890625
25130,5502.9208984375
25131,6024.6572265625
25132,7349.63427734375
25133,5327.34716796875
25134,4767.81640625
25135,6957.466796875
25136,3851.30126953125
25137,4733.33740234375
25138,5794.7197265625
25139,6825.21728515625
25140,9185.509765625
25141,8395.552734375
25142,6647.25927734375
25143,6430.873046875
25144,6295.18505859375
25145,10810.501953125
25146,7257.2734375
25147,5329.4208984375
25148,4527.9287109375
25149,9741.78515625
25150,4246.2119140625
25151,6679.744140625
25152,3851.30126953125
25153,4980.17724609375
25154,7734.42138671875
25155,6200.72412109375
25156,5250.53076171875
25157,8208.9111328125
25158,9432.296875
25159,11253.529296875
25160,6464.86474609375
25161,9453.0224609375
25162,3851.30126953125
25163,5120.580078125
25164,5878.677734375
25165,4442.080078125
25166,8409.4609375
25167,5345.5263671875
25168,4770.83837890625
25169,8118.078125
25170,11218.314453125
25171,8734.26171875
25172,5497.02197265625
25173,5277.1708984375
25174,11848.8408203125
25175,7607.3642578125
25176,5819.40576171875
25177,5043.1025390625
25178,7021.9580078125
25179,9196.236328125
25180,4951.1455078125
25181,5995.6357421875
25182,7916.900390625
25183,7618.560546875
25184,12534.0400390625
25185,6765.71875
25186,12174.2763671875
25187,6587.61328125
25188,5227.4375
25189,3901.1123046875
25190,6291.21337890625
25191,5909.0849609375
25192,5340.2734375
25193,7778.83642578125
25194,4826.74169921875
25195,4612.017578125
25196,7509.748046875
25197,3906.974609375
25198,7998.91650390625
25199,6847.740234375
25200,7640.052734375
25201,8092.4462890625
25202,5252.97412109375
25203,9233.6513671875
25204,6809.3642578125
25205,5192.05322265625
25206,5202.1142578125
25207,5276.21875
25208,10448.732421875
25209,6696.53955078125
25210,4938.322265625
25211,7666.63330078125
25212,8426.361328125
25213,6855.3173828125
25214,6449.78857421875
25215,8241.6005859375
25216,5719.86376953125
25217,6264.265625
25218,5315.81640625
25219,8179.70703125
25220,5971.47314453125
25221,6007.0478515625
25222,5394.0830078125
25223,5621.07373046875
25224,4386.7880859375
25225,5093.0107421875
25226,8436.47265625
25227,9121.72265625
25228,9929.931640625
25229,10761.0673828125
25230,8048.50927734375
25231,8025.4521484375
25232,4674.5302734375
25233,10040.0966796875
25234,9761.3359375
25235,7346.9921875
25236,8133.982421875
25237,8011.26220703125
25238,5842.5537109375
25239,3960.86669921875
25240,10694.8818359375
25241,6208.92138671875
25242,6421.31787109375
25243,6214.0634765625
25244,3851.30126953125
25245,10992.35546875
25246,5585.900390625
25247,4936.58056640625
25248,4544.7333984375
25249,5536.3056640625
25250,6435.8984375
25251,7952.568359375
25252,6849.63037109375
25253,4720.5986328125
25254,4730.5673828125
25255,4498.279296875
25256,3851.30126953125
25257,6621.3466796875
25258,16833.330078125
25259,5186.1279296875
25260,5348.626953125
25261,6693.28564453125
25262,4744.2802734375
25263,5382.94091796875
25264,4883.9189453125
25265,4612.2216796875
25266,7526.1357421875
25267,6676.98095703125
25268,4134.248046875
25269,8685.990234375
25270,5625.357421875
25271,4919.43310546875
25272,9522.21484375
25273,8307.546875
25274,9653.9560546875
25275,5918.57373046875
25276,6693.67724609375
25277,4510.8447265625
25278,5054.1982421875
25279,14304.041015625
25280,9583.7138671875
25281,6299.8212890625
25282,5414.869140625
25283,4771.427734375
25284,5694.24365234375
25285,4566.7021484375
25286,10159.7978515625
25287,5156.45556640625
25288,5491.798828125
25289,7187.86669921875
25290,4544.4365234375
25291,6279.654296875
25292,7022.85546875
25293,7413.11279296875
25294,7415.27294921875
25295,4489.42919921875
25296,5789.3994140625
25297,6452.2470703125
25298,9110.4658203125
25299,8434.2509765625
25300,7149.9345703125
25301,4514.5234375
25302,7766.2548828125
25303,5629.89892578125
25304,4257.119140625
25305,6914.74951171875
25306,6811.0361328125
25307,6598.29296875
25308,6285.82373046875
25309,6056.48486328125
25310,7031.69140625
25311,5184.94970703125
25312,6591.7607421875
25313,7099.689453125
25314,6272.0908203125
25315,8560.6259765625
25316,6225.138671875
25317,4532.900390625
25318,10659.849609375
25319,5614.3955078125
25320,3851.30126953125
25321,7591.970703125
25322,8904.841796875
25323,10953.3486328125
25324,5023.5654296875
25325,6321.484375
25326,6162.87548828125
25327,7425.333984375
25328,5835.15234375
25329,7882.31005859375
25330,3851.30126953125
25331,5786.57763671875
25332,5874.99658203125
25333,5469.1220703125
25334,4941.15478515625
25335,6745.90966796875
25336,7673.369140625
25337,6128.54541015625
25338,8223.779296875
25339,7369.46533203125
25340,8311.5771484375
25341,4640.68896484375
25342,6136.16552734375
25343,6233.2265625
25344,8097.4326171875
25345,8651.5087890625
25346,4044.8935546875
25347,7969.55859375
25348,7392.6416015625
25349,7521.9658203125
25350,4960.4306640625
25351,3981.42529296875
25352,7992.7353515625
25353,6597.80859375
25354,7874.044921875
25355,6965.400390625
25356,5675.85302734375
25357,7598.14990234375
25358,6481.80078125
25359,6532.41259765625
25360,7799.90283203125
25361,5703.39599609375
25362,8589.2578125
25363,10059.6923828125
25364,7849.294921875
25365,4486.4716796875
25366,5041.90283203125
25367,4366.32763671875
25368,3851.30126953125
25369,8277.95703125
25370,5174.80029296875
25371,8605.5556640625
25372,4372.5009765625
25373,6874.919921875
25374,6285.57470703125
25375,9880.8310546875
25376,4608.08154296875
25377,5533.2724609375
25378,5059.8974609375
25379,7475.7412109375
25380,5537.33984375
25381,7163.1005859375
25382,7732.72900390625
25383,8520.3486328125
25384,7937.8623046875
25385,6425.638671875
25386,5516.0751953125
25387,4589.6337890625
25388,5165.1513671875
25389,10141.3935546875
25390,9144.494140625
25391,8954.37890625
25392,14091.0126953125
25393,6198.1689453125
25394,4728.32177734375
25395,6216.93505859375
25396,7952.9775390625
25397,9260.220703125
25398,6329.52734375
25399,8007.634765625
25400,7695.21533203125
25401,7424.96533203125
25402,6067.830078125
25403,5468.39990234375
25404,5147.359375
25405,4670.1904296875
25406,4178.40087890625
25407,5605.20556640625
25408,8065.1005859375
25409,15696.953125
25410,7126.302734375
25411,5307.765625
25412,7765.154296875
25413,4210.71142578125
25414,6392.357421875
25415,4023.80126953125
25416,9403.505859375
25417,5591.8271484375
25418,6307.92822265625
25419,12362.384765625
25420,11249.5966796875
25421,6070.44287109375
25422,6843.23876953125
25423,3851.30126953125
25424,5270.640625
25425,5351.10400390625
25426,8100.02587890625
25427,4672.8203125
25428,4039.510986328125
25429,5671.0205078125
25430,5316.8818359375
25431,7512.6748046875
25432,6675.025390625
25433,4005.0068359375
25434,7569.3369140625
25435,8324.1689453125
25436,7268.97265625
25437,4300.06689453125
25438,4468.5634765625
25439,7490.62890625
25440,4101.1494140625
25441,9698.279296875
25442,4617.5888671875
25443,5357.0859375
25444,7070.37939453125
25445,5687.68701171875
25446,4587.8310546875
25447,5535.634765625
25448,6570.1923828125
25449,9284.185546875
25450,9512.5986328125
25451,5817.9892578125
25452,4322.974609375
25453,5415.052734375
25454,6828.54150390625
25455,4644.7587890625
25456,5688.0048828125
25457,5851.740234375
25458,11529.353515625
25459,7918.451171875
25460,5863.13427734375
25461,6781.998046875
25462,4636.962890625
25463,8645.4716796875
25464,5548.54150390625
25465,12637.603515625
25466,6386.7548828125
25467,5094.484375
25468,5305.85498046875
25469,3922.316162109375
25470,7039.27734375
25471,17129.759765625
25472,4873.8642578125
25473,4978.6787109375
25474,9218.6044921875
25475,6556.17626953125
25476,7439.06103515625
25477,7990.0732421875
25478,6254.8740234375
25479,5038.11083984375
25480,4546.4873046875
25481,9815.22265625
25482,6159.98486328125
25483,6698.32421875
25484,7691.234375
25485,4758.5400390625
25486,6991.09130859375
25487,6305.609375
25488,3851.30126953125
25489,8710.638671875
25490,8852.884765625
25491,4731.1396484375
25492,6946.32958984375
25493,6739.65966796875
25494,4953.2275390625
25495,9173.1318359375
25496,6245.19189453125
25497,8361.5029296875
25498,4352.7119140625
25499,5123.453125
25500,6846.1728515625
25501,3851.30126953125
25502,8029.90869140625
25503,4407.97705078125
25504,6482.07470703125
25505,5094.05078125
25506,4931.3037109375
25507,5805.03369140625
25508,6701.24365234375
25509,6714.26708984375
25510,7986.86328125
25511,6056.86865234375
25512,7884.34326171875
25513,6503.03955078125
25514,8836.1025390625
25515,9402.970703125
25516,6894.34375
25517,3851.30126953125
25518,5777.59228515625
25519,7328.2060546875
25520,4880.4873046875
25521,10496.400390625
25522,5746.0888671875
25523,7802.572265625
25524,10467.0517578125
25525,6425.966796875
25526,4681.181640625
25527,12663.3828125
25528,9727.185546875
25529,5841.740234375
25530,8957.1591796875
25531,9631.392578125
25532,6055.9794921875
25533,5555.9697265625
25534,6860.5166015625
25535,5667.6806640625
25536,5455.2490234375
25537,6723.02880859375
25538,4701.1884765625
25539,6769.37255859375
25540,7036.68115234375
25541,6738.2509765625
25542,7749.67333984375
25543,5928.865234375
25544,7070.80517578125
25545,4337.5224609375
25546,7500.79638671875
25547,6946.62646484375
25548,5873.79638671875
25549,6666.2451171875
25550,6937.6474609375
25551,9571.724609375
25552,5520.1826171875
25553,5236.908203125
25554,6144.43310546875
25555,6563.01708984375
25556,7200.4130859375
25557,4683.3603515625
25558,4318.7802734375
25559,8259.4970703125
25560,7662.95263671875
25561,5683.67236328125
25562,7561.27978515625
25563,6421.8857421875
25564,7088.0595703125
25565,4647.908203125
25566,3962.839111328125
25567,7081.6015625
25568,5624.34521484375
25569,6083.3017578125
25570,8871.9638671875
25571,8299.869140625
25572,5070.11767578125
25573,7995.40966796875
25574,3990.349365234375
25575,3851.30126953125
25576,6129.4052734375
25577,11385.798828125
25578,7539.1865234375
25579,6601.0390625
25580,4588.412109375
25581,6865.501953125
25582,9363.4365234375
25583,5648.12060546875
25584,8649.4091796875
25585,5903.3583984375
25586,4903.32177734375
25587,5630.583984375
25588,5297.783203125
25589,5547.04052734375
25590,4950.9951171875
25591,4946.8779296875
25592,4545.77001953125
25593,7153.76416015625
25594,7060.248046875
25595,4934.01513671875
25596,6123.13134765625
25597,6849.72314453125
25598,5441.8583984375
25599,4895.7412109375
25600,8836.1748046875
25601,7579.8271484375
25602,5733.3759765625
25603,4145.150390625
25604,11241.181640625
25605,6250.97607421875
25606,5225.8076171875
25607,8941.4140625
25608,8624.8056640625
25609,6863.365234375
25610,5755.9404296875
25611,7535.64404296875
25612,9159.2587890625
25613,13393.388671875
25614,4823.021484375
25615,4475.99462890625
25616,4499.8046875
25617,6395.0849609375
25618,5110.1328125
25619,8087.03369140625
25620,8698.5048828125
25621,5602.39111328125
25622,4493.310546875
25623,6337.64208984375
25624,9969.7939453125
25625,5106.8642578125
25626,6935.71142578125
25627,4034.853271484375
25628,7408.79638671875
25629,7664.13818359375
25630,7203.92333984375
25631,8677.2392578125
25632,6515.86474609375
25633,4255.169921875
25634,5978.05517578125
25635,7028.51123046875
25636,7649.73046875
25637,7348.90576171875
25638,7971.66650390625
25639,6495.6015625
25640,4181.083984375
25641,9752.990234375
25642,4425.70654296875
25643,10014.404296875
25644,5519.63134765625
25645,4357.130859375
25646,6925.6474609375
25647,5985.34228515625
25648,7376.89453125
25649,8420.2744140625
25650,3851.30126953125
25651,4658.845703125
25652,7112.79443359375
25653,8669.509765625
25654,9501.2275390625
25655,5279.41845703125
25656,6317.54296875
25657,7608.50830078125
25658,6107.11962890625
25659,5448.994140625
25660,9425.5087890625
25661,8677.9267578125
25662,11567.4208984375
25663,4352.041015625
25664,5781.115234375
25665,9258.5244140625
25666,9134.4365234375
25667,5260.60986328125
25668,9849.9326171875
25669,6791.3515625
25670,5364.1962890625
25671,4819.3125
25672,4580.66552734375
25673,5066.06201171875
25674,6410.37060546875
25675,4696.4814453125
25676,5074.625
25677,8931.9248046875
25678,6762.33203125
25679,20831.869140625
25680,6754.748046875
25681,4911.3583984375
25682,7706.70751953125
25683,10496.904296875
25684,6930.271484375
25685,7627.6826171875
25686,6129.10546875
25687,8531.080078125
25688,8032.72509765625
25689,5294.0341796875
25690,6529.6728515625
25691,7318.9638671875
25692,8618.8359375
25693,7341.5009765625
25694,8670.705078125
25695,6134.46826171875
25696,4731.94140625
25697,5875.083984375
25698,10948.37890625
25699,11952.9345703125
25700,10392.78125
25701,7598.10498046875
25702,6061.42333984375
25703,5793.31787109375
25704,4686.8759765625
25705,8579.6875
25706,10559.939453125
25707,10585.419921875
25708,6438.18994140625
25709,5613.68798828125
25710,5685.7470703125
25711,5551.9140625
25712,11114.771484375
25713,6995.2626953125
25714,5522.005859375
25715,5624.853515625
25716,7714.0146484375
25717,4182.626953125
25718,7937.94677734375
25719,4555.4248046875
25720,7474.17333984375
25721,7192.1083984375
25722,6005.28857421875
25723,8073.244140625
25724,7755.6591796875
25725,5392.84033203125
25726,6816.53076171875
25727,7606.5205078125
25728,10887.1689453125
25729,6644.89599609375
25730,8923.1796875
25731,8923.806640625
25732,9719.232421875
25733,7464.60595703125
25734,10147.380859375
25735,5208.93115234375
25736,4936.95556640625
25737,6768.44482421875
25738,6897.71142578125
25739,9842.447265625
25740,8313.2119140625
25741,6300.48876953125
25742,8158.44140625
25743,7477.38427734375
25744,10580.25390625
25745,4289.5263671875
25746,13487.94921875
25747,5467.5654296875
25748,6194.49609375
25749,9597.6689453125
25750,5706.2119140625
25751,6535.42578125
25752,6517.55712890625
25753,7346.25341796875
25754,5006.6943359375
25755,5607.09423828125
25756,8453.8935546875
25757,8665.0302734375
25758,8113.8955078125
25759,4887.1708984375
25760,8168.7607421875
25761,11134.72265625
25762,7060.27099609375
25763,4968.1591796875
25764,6894.611328125
25765,6554.59912109375
25766,6720.40966796875
25767,8118.38037109375
25768,4219.8154296875
25769,8930.142578125
25770,6259.95703125
25771,7787.93994140625
25772,10749.4345703125
25773,5033.623046875
25774,6447.4677734375
25775,5808.7724609375
25776,8017.0703125
25777,8981.7470703125
25778,5280.88525390625
25779,5312.68408203125
25780,7165.37255859375
25781,6472.32080078125
25782,5921.376953125
25783,8908.2529296875
25784,7011.169921875
25785,8367.1748046875
25786,5618.3056640625
25787,5034.93701171875
25788,6654.72314453125
25789,8353.9326171875
25790,8047.388671875
25791,8153.55517578125
25792,8715.794921875
25793,5523.65234375
25794,9340.734375
25795,6121.12451171875
25796,7581.5517578125
25797,9800.02734375
25798,7157.521484375
25799,10447.1201171875
25800,8424.216796875
25801,8356.3515625
25802,6048.2001953125
25803,7623.21484375
25804,8490.93359375
25805,6872.8837890625
25806,4363.802734375
25807,5961.23828125
25808,8831.580078125
25809,7023.89013671875
25810,5498.603515625
25811,9431.2734375
25812,7349.5634765625
25813,6624.75
25814,5980.50537109375
25815,6040.466796875
25816,7931.73974609375
25817,7699.68505859375
25818,7286.7314453125
25819,5612.662109375
25820,5415.18505859375
25821,6852.36572265625
25822,4530.5048828125
25823,7180.392578125
25824,5535.28662109375
25825,9117.41796875
25826,7708.111328125
25827,6756.56396484375
25828,10357.7646484375
25829,5880.60791015625
25830,5177.0673828125
25831,11403.080078125
25832,7048.4521484375
25833,8809.453125
25834,8109.384765625
25835,5492.970703125
25836,6643.2001953125
25837,5926.8828125
25838,8141.68310546875
25839,12087.48828125
25840,7588.869140625
25841,3881.88525390625
25842,5160.2265625
25843,8744.255859375
25844,10054.2314453125
25845,6816.478515625
25846,7592.373046875
25847,5160.8740234375
25848,5062.7626953125
25849,3910.40771484375
25850,5401.220703125
25851,6107.86767578125
25852,7429.1806640625
25853,7550.42041015625
25854,6321.3837890625
25855,8416.6357421875
25856,9041.630859375
25857,7253.349609375
25858,4718.177734375
25859,9904.9521484375
25860,11128.080078125
25861,6257.83203125
25862,8599.1484375
25863,5257.021484375
25864,6995.48486328125
25865,4746.1171875
25866,7815.43896484375
25867,5608.23291015625
25868,9616.943359375
25869,7653.0068359375
25870,8600.802734375
25871,8748.82421875
25872,5244.03662109375
25873,9293.8056640625
25874,19207.873046875
25875,11079.015625
25876,6502.9130859375
25877,3851.30126953125
25878,6493.1826171875
25879,9922.091796875
25880,6574.98486328125
25881,11308.6337890625
25882,17658.533203125
25883,4103.5732421875
25884,5662.0888671875
25885,9016.796875
25886,5331.9306640625
25887,9775.576171875
25888,7211.57421875
25889,8118.04248046875
25890,4604.275390625
25891,7037.201171875
25892,6733.14599609375
25893,7778.7265625
25894,10021.4765625
25895,6357.2783203125
25896,6130.880859375
25897,7672.6357421875
25898,5767.8408203125
25899,5381.8525390625
25900,8377.5927734375
25901,6014.61181640625
25902,6384.39453125
25903,7821.46630859375
25904,6704.34423828125
25905,6038.75048828125
25906,8106.41796875
25907,8055.0205078125
25908,8548.720703125
25909,8827.1005859375
25910,8042.2197265625
25911,5625.29443359375
25912,4056.09814453125
25913,7130.25390625
25914,7639.234375
25915,5628.95361328125
25916,4757.20361328125
25917,10094.197265625
25918,7539.5869140625
25919,9909.833984375
25920,7271.34716796875
25921,5824.44677734375
25922,5918.125
25923,4769.57421875
25924,10190.537109375
25925,5574.400390625
25926,8095.87353515625
25927,15616.267578125
25928,8109.30419921875
25929,6921.55517578125
25930,4774.36181640625
25931,4927.626953125
25932,7487.55810546875
25933,4385.9873046875
25934,6400.2890625
25935,10539.099609375
25936,5686.244140625
25937,15027.5205078125
25938,14450.0498046875
25939,5044.4345703125
25940,7723.99462890625
25941,5918.1162109375
25942,7262.52392578125
25943,5813.2001953125
25944,11360.39453125
25945,7767.7099609375
25946,9972.1875
25947,5181.1396484375
25948,7866.47021484375
25949,4997.60986328125
25950,9544.2939453125
25951,7473.2119140625
25952,6945.34521484375
25953,6867.68017578125
25954,6265.79150390625
25955,8869.716796875
25956,9909.66015625
25957,6344.49951171875
25958,10908.8623046875
25959,7349.01318359375
25960,10367.6328125
25961,5434.3681640625
25962,5642.9736328125
25963,5490.4443359375
25964,10752.390625
25965,6685.75390625
25966,7885.75244140625
25967,7253.5009765625
25968,9350.88671875
25969,4712.0390625
25970,9460.8212890625
25971,6886.71142578125
25972,4548.4638671875
25973,14640.22265625
25974,16905.1484375
25975,7458.1826171875
25976,8335.5869140625
25977,10514.716796875
25978,10659.73046875
25979,11508.830078125
25980,6437.12255859375
25981,8483.009765625
25982,6107.53173828125
25983,8863.12890625
25984,4720.82421875
25985,6056.64013671875
25986,5721.20361328125
25987,6358.82861328125
25988,8179.27685546875
25989,5477.3642578125
25990,5350.666015625
25991,7399.33056640625
25992,4164.60009765625
25993,5300.5302734375
25994,6182.72265625
25995,7550.4580078125
25996,10106.3857421875
25997,9146.677734375
25998,7208.5634765625
25999,6799.37646484375
26000,6603.978515625
26001,11866.216796875
26002,7926.25390625
26003,6073.41162109375
26004,4785.3037109375
26005,10476.140625
26006,4457.8720703125
26007,7195.06982421875
26008,3905.25732421875
26009,5656.71728515625
26010,8382.6796875
26011,6687.38037109375
26012,5540.8203125
26013,8911.6328125
26014,10291.0625
26015,12194.095703125
26016,6799.06689453125
26017,10039.8720703125
26018,3948.868896484375
26019,5670.27294921875
26020,6356.7119140625
26021,4913.9658203125
26022,9197.806640625
26023,5825.15185546875
26024,5138.44873046875
26025,8900.9580078125
26026,11861.7109375
26027,9294.970703125
26028,5853.58984375
26029,5715.283203125
26030,12330.2607421875
26031,7989.283203125
26032,6413.32958984375
26033,5388.8544921875
26034,7710.193359375
26035,10015.8388671875
26036,5085.50830078125
26037,6504.0029296875
26038,8526.5517578125
26039,8344.3486328125
26040,13677.8525390625
26041,7386.2958984375
26042,13276.150390625
26043,7352.23974609375
26044,5601.580078125
26045,4380.6337890625
26046,6886.64794921875
26047,6511.6865234375
26048,5725.1787109375
26049,8209.546875
26050,5223.51708984375
26051,5103.546875
26052,7936.73974609375
26053,4176.72314453125
26054,8579.1943359375
26055,7393.373046875
26056,8394.7041015625
26057,8956.654296875
26058,5670.05419921875
26059,9629.7421875
26060,7215.22412109375
26061,5533.04052734375
26062,5569.23046875
26063,5770.486328125
26064,11376.6103515625
26065,7174.64404296875
26066,5414.39892578125
26067,8383.0517578125
26068,9327.990234375
26069,7450.13671875
26070,7112.009765625
26071,8828.3125
26072,6314.5068359375
26073,6233.486328125
26074,5823.615234375
26075,8912.2607421875
26076,6765.4111328125
26077,6549.06103515625
26078,5832.34765625
26079,5873.80126953125
26080,4758.380859375
26081,5394.8076171875
26082,9031.416015625
26083,9311.4697265625
26084,10635.8779296875
26085,11743.97265625
26086,8478.017578125
26087,8237.75
26088,5041.5673828125
26089,11098.1123046875
26090,10709.0654296875
26091,7924.95458984375
26092,8941.03125
26093,8928.509765625
26094,6293.8134765625
26095,4355.169921875
26096,11501.17578125
26097,6749.3125
26098,7010.12353515625
26099,6817.251953125
26100,3851.30126953125
26101,12240.7294921875
26102,6056.98046875
26103,5288.1181640625
26104,4798.3173828125
26105,5742.73046875
26106,7146.392578125
26107,8572.13671875
26108,7399.22998046875
26109,5054.83984375
26110,5359.75
26111,5151.40234375
26112,3958.305908203125
26113,7392.1298828125
26114,17284.248046875
26115,5832.1484375
26116,5688.572265625
26117,7307.5576171875
26118,5203.1708984375
26119,5995.1171875
26120,4909.6298828125
26121,4873.85205078125
26122,8329.78125
26123,7069.732421875
26124,4665.83447265625
26125,9259.03515625
26126,6141.884765625
26127,5261.591796875
26128,10111.16015625
26129,8972.15625
26130,10510.7265625
26131,6455.904296875
26132,7240.92431640625
26133,4908.73828125
26134,5299.7939453125
26135,15476.822265625
26136,10357.578125
26137,6701.7275390625
26138,5814.44482421875
26139,5032.68115234375
26140,6155.6142578125
26141,5041.68310546875
26142,10964.1552734375
26143,5553.73876953125
26144,5855.43212890625
26145,7607.23095703125
26146,5126.1328125
26147,6710.8974609375
26148,7801.328125
26149,8156.44287109375
26150,7895.99853515625
26151,5088.0810546875
26152,6230.533203125
26153,6940.68408203125
26154,9798.107421875
26155,8988.978515625
26156,7646.1474609375
26157,4763.7890625
26158,8346.859375
26159,6105.20947265625
26160,4551.22265625
26161,7777.52490234375
26162,7601.5302734375
26163,7157.4775390625
26164,6811.26953125
26165,6690.8662109375
26166,7658.68017578125
26167,5641.185546875
26168,7222.607421875
26169,7610.03662109375
26170,6743.83837890625
26171,9125.0869140625
26172,6693.837890625
26173,5204.90625
26174,11698.78515625
26175,6213.4814453125
26176,4094.770751953125
26177,8058.3583984375
26178,9456.580078125
26179,11853.33203125
26180,5646.1884765625
26181,6776.28515625
26182,6724.84814453125
26183,8098.28076171875
26184,6235.0087890625
26185,8774.919921875
26186,3938.368408203125
26187,6476.701171875
26188,6415.87158203125
26189,5998.65283203125
26190,5497.861328125
26191,7227.20751953125
26192,8133.90673828125
26193,6474.875
26194,8753.5390625
26195,7694.06787109375
26196,8830.646484375
26197,5121.916015625
26198,6883.70751953125
26199,6709.1513671875
26200,8493.7998046875
26201,9313.58203125
26202,4664.16259765625
26203,8136.86181640625
26204,7970.2705078125
26205,8374.4892578125
26206,5394.91650390625
26207,4377.6337890625
26208,8830.23828125
26209,7353.33203125
26210,8614.7822265625
26211,7569.607421875
26212,6452.439453125
26213,8341.529296875
26214,7444.24169921875
26215,7189.4482421875
26216,8430.8505859375
26217,6284.10546875
26218,9100.796875
26219,10925.9658203125
26220,8334.9306640625
26221,4812.953125
26222,5560.6142578125
26223,4705.787109375
26224,4026.31640625
26225,9265.3056640625
26226,5490.7578125
26227,9694.9326171875
26228,4853.146484375
26229,7180.2998046875
26230,6764.44970703125
26231,10689.8427734375
26232,4569.5634765625
26233,5840.029296875
26234,5657.8203125
26235,8344.927734375
26236,5692.1240234375
26237,7522.37060546875
26238,7997.123046875
26239,9052.205078125
26240,8289.3203125
26241,6982.8154296875
26242,5829.5224609375
26243,5153.7080078125
26244,5461.517578125
26245,11126.20703125
26246,9858.8310546875
26247,9412.9365234375
26248,14397.1796875
26249,6957.19970703125
26250,5149.8701171875
26251,6922.91943359375
26252,8613.771484375
26253,10026.310546875
26254,7028.279296875
26255,8577.5078125
26256,8494.8662109375
26257,8233.703125
26258,6306.67333984375
26259,5957.31884765625
26260,5600.93408203125
26261,5102.1572265625
26262,4629.794921875
26263,6265.6240234375
26264,8984.0166015625
26265,17237.775390625
26266,7650.53271484375
26267,5499.9697265625
26268,8570.2958984375
26269,4429.6748046875
26270,6787.03857421875
26271,4267.4775390625
26272,10015.849609375
26273,6067.45458984375
26274,6993.951171875
26275,13681.6279296875
26276,11088.201171875
26277,6734.91064453125
26278,7526.796875
26279,3946.227783203125
26280,5772.88232421875
26281,5631.25244140625
26282,8641.67578125
26283,5306.65625
26284,4230.087890625
26285,6486.39208984375
26286,5591.2421875
26287,8559.724609375
26288,7516.16455078125
26289,4314.595703125
26290,8060.95751953125
26291,9238.5927734375
26292,8109.19384765625
26293,4975.08837890625
26294,4975.1748046875
26295,8180.7470703125
26296,4499.4375
26297,10434.5947265625
26298,5310.5361328125
26299,5858.583984375
26300,7561.822265625
26301,6377.2373046875
26302,5051.21435546875
26303,6162.85595703125
26304,7101.66748046875
26305,10057.845703125
26306,10486.1044921875
26307,6014.18701171875
26308,4813.21728515625
26309,6000.109375
26310,7387.17041015625
26311,5149.54052734375
26312,6314.18408203125
26313,6311.9521484375
26314,12371.6640625
26315,8728.9521484375
26316,6245.6474609375
26317,7543.82177734375
26318,5234.40185546875
26319,9480.37109375
26320,6395.64404296875
26321,13604.29296875
26322,6937.83447265625
26323,5504.83203125
26324,5891.8427734375
26325,4426.36767578125
26326,7724.81591796875
26327,18533.0703125
26328,5091.8076171875
26329,5384.81298828125
26330,10179.4150390625
26331,7277.34423828125
26332,8215.392578125
26333,8598.5712890625
26334,6844.857421875
26335,5411.9775390625
26336,5168.66064453125
26337,10566.681640625
26338,6695.80029296875
26339,7388.0751953125
26340,8550.2373046875
26341,5267.193359375
26342,7723.0625
26343,6774.1484375
26344,4086.567626953125
26345,9255.111328125
26346,9347.345703125
26347,5031.7939453125
26348,7682.7646484375
26349,7249.25537109375
26350,5010.9453125
26351,9865.423828125
26352,6791.4609375
26353,9117.720703125
26354,4820.4833984375
26355,5704.87060546875
26356,7384.89892578125
26357,4120.173828125
26358,8825.7177734375
26359,4953.93017578125
26360,7209.92041015625
26361,5482.16796875
26362,5347.5185546875
26363,6228.5341796875
26364,7437.80322265625
26365,7165.748046875
26366,8604.40234375
26367,6657.91357421875
26368,8857.0009765625
26369,6960.22607421875
26370,9968.7470703125
26371,10323.66796875
26372,7381.74560546875
26373,3851.30126953125
26374,6149.58642578125
26375,7882.9384765625
26376,5379.73583984375
26377,11356.46484375
26378,6083.98779296875
26379,8333.9453125
26380,11434.125
26381,7089.65185546875
26382,5131.8515625
26383,13708.2734375
26384,10514.615234375
26385,6065.78759765625
26386,9863.0751953125
26387,10092.0302734375
26388,6420.55029296875
26389,6215.41455078125
26390,7472.0908203125
26391,6282.67724609375
26392,6051.95068359375
26393,7501.75146484375
26394,5169.94921875
26395,7381.912109375
26396,7815.40087890625
26397,7584.51220703125
26398,8537.158203125
26399,6349.51318359375
26400,7856.22607421875
26401,4590.1357421875
26402,8103.43603515625
26403,7642.9677734375
26404,6288.2216796875
26405,7367.05126953125
26406,7592.7333984375
26407,10329.892578125
26408,6262.91015625
26409,5669.3310546875
26410,6523.83544921875
26411,6985.521484375
26412,7953.1552734375
26413,4931.66552734375
26414,4738.9462890625
26415,8647.6904296875
26416,7993.8408203125
26417,6415.00634765625
26418,8326.189453125
26419,6842.09619140625
26420,7777.9462890625
26421,5151.9560546875
26422,4389.375
26423,7630.05078125
26424,6069.017578125
26425,6819.39794921875
26426,9416.6796875
26427,9028.2841796875
26428,5475.439453125
26429,8585.8671875
26430,4063.5859375
26431,4027.377197265625
26432,6887.90771484375
26433,12249.31640625
26434,7982.572265625
26435,7271.982421875
26436,5112.70654296875
26437,7558.2861328125
26438,10561.7314453125
26439,6389.107421875
26440,9199.8125
26441,6461.3935546875
26442,5271.1513671875
26443,6239.0205078125
26444,5836.14306640625
26445,6235.0400390625
26446,5532.9716796875
26447,5312.09619140625
26448,5007.43505859375
26449,7659.96142578125
26450,7957.5693359375
26451,5363.431640625
26452,6720.2783203125
26453,7480.3017578125
26454,5651.2841796875
26455,5360.4736328125
26456,9330.1015625
26457,8271.5712890625
26458,5930.83203125
26459,4748.48486328125
26460,12635.484375
26461,6505.51806640625
26462,5930.5703125
26463,9400.4541015625
26464,9259.234375
26465,7727.630859375
26466,6146.30078125
26467,8211.935546875
26468,10183.267578125
26469,14634.67578125
26470,5556.19970703125
26471,5246.57861328125
26472,4932.17919921875
26473,7036.015625
26474,5695.349609375
26475,8872.0087890625
26476,9634.103515625
26477,6093.60107421875
26478,5040.13623046875
26479,7052.62890625
26480,10663.6611328125
26481,5669.00244140625
26482,7314.70361328125
26483,4578.2880859375
26484,7691.3330078125
26485,8309.71484375
26486,8052.083984375
26487,9199.29296875
26488,7006.7314453125
26489,4517.283203125
26490,6348.8095703125
26491,7701.75
26492,8332.02734375
26493,7936.888671875
26494,8518.4638671875
26495,7063.90625
26496,4467.1806640625
26497,10405.7529296875
26498,4760.7548828125
26499,10910.5390625
26500,5873.203125
26501,4575.564453125
26502,7608.41162109375
26503,6498.9326171875
26504,7829.5654296875
26505,9134.67578125
26506,4166.98681640625
26507,5105.2314453125
26508,7706.1533203125
26509,9536.390625
26510,10086.3896484375
26511,5418.16796875
26512,6889.6298828125
26513,8330.296875
26514,6550.560546875
26515,5931.1005859375
26516,10342.833984375
26517,9596.625
26518,12336.98828125
26519,4733.8671875
26520,6326.7353515625
26521,9600.587890625
26522,9340.45703125
26523,5866.8525390625
26524,10535.1611328125
26525,7369.1611328125
26526,5684.734375
26527,5195.3076171875
26528,5045.6083984375
26529,5378.248046875
26530,6892.93701171875
26531,5282.0205078125
26532,5638.40283203125
26533,9805.4912109375
26534,7124.41357421875
26535,22341.458984375
26536,7011.22509765625
26537,6202.18701171875
26538,9300.11328125
26539,12712.74609375
26540,8610.6494140625
26541,9133.734375
26542,7418.8583984375
26543,10205.966796875
26544,9739.5068359375
26545,6395.8447265625
26546,7657.61669921875
26547,8770.62890625
26548,10393.45703125
26549,8803.091796875
26550,10476.103515625
26551,7275.6484375
26552,5797.2314453125
26553,7473.22412109375
26554,13477.62109375
26555,14496.59765625
26556,12022.2275390625
26557,9468.3232421875
26558,6824.8330078125
26559,7129.8486328125
26560,5718.31982421875
26561,10124.732421875
26562,13434.869140625
26563,12628.802734375
26564,8356.71875
26565,7102.611328125
26566,6694.37548828125
26567,6750.26611328125
26568,13432.251953125
26569,8999.4130859375
26570,7087.93701171875
26571,7175.43115234375
26572,9031.7216796875
26573,5065.0078125
26574,9769.3828125
26575,5940.701171875
26576,9199.228515625
26577,9040.125
26578,7284.67822265625
26579,9813.984375
26580,9496.734375
26581,6665.36083984375
26582,8040.4833984375
26583,9237.865234375
26584,13560.0595703125
26585,7960.42138671875
26586,10741.70703125
26587,10900.623046875
26588,11540.7568359375
26589,9099.1416015625
26590,12086.1162109375
26591,6379.9111328125
26592,6014.109375
26593,7608.2392578125
26594,8672.9658203125
26595,12538.998046875
26596,10082.486328125
26597,7785.267578125
26598,10340.720703125
26599,9335.9912109375
26600,12176.984375
26601,5261.82666015625
26602,16189.529296875
26603,6585.5537109375
26604,7002.5166015625
26605,11582.208984375
26606,7024.11328125
26607,8020.81298828125
26608,8402.58203125
26609,9255.9638671875
26610,6512.96240234375
26611,6932.458984375
26612,10500.337890625
26613,10217.25390625
26614,9973.1943359375
26615,6116.2763671875
26616,9978.66015625
26617,14086.85546875
26618,8320.2666015625
26619,6350.85595703125
26620,8574.814453125
26621,7783.82958984375
26622,8347.4638671875
26623,10311.33203125
26624,5234.208984375
26625,11244.61328125
26626,7333.1552734375
26627,9892.25390625
26628,11814.861328125
26629,5907.859375
26630,8039.61083984375
26631,7410.29736328125
26632,9985.55078125
26633,10619.99609375
26634,6041.98974609375
26635,6450.63623046875
26636,8590.69921875
26637,7750.5849609375
26638,7203.62451171875
26639,10291.42578125
26640,8433.421875
26641,10070.951171875
26642,6678.9658203125
26643,6278.7841796875
26644,8161.0615234375
26645,10274.302734375
26646,9725.6904296875
26647,10080.3046875
26648,10935.2978515625
26649,7208.169921875
26650,11557.671875
26651,7350.353515625
26652,9332.12109375
26653,11803.466796875
26654,8814.0498046875
26655,12659.619140625
26656,10264.8759765625
26657,10218.431640625
26658,7389.27294921875
26659,9202.95703125
26660,10418.0576171875
26661,8422.0458984375
26662,5231.92724609375
26663,7292.12109375
26664,11035.501953125
26665,8387.69140625
26666,6545.51806640625
26667,11591.828125
26668,8521.0068359375
26669,7961.044921875
26670,7577.72998046875
26671,7344.873046875
26672,9493.259765625
26673,9476.6796875
26674,8714.9560546875
26675,6960.619140625
26676,6894.1591796875
26677,8558.3916015625
26678,5509.08154296875
26679,8512.529296875
26680,7344.314453125
26681,11151.3984375
26682,9108.24609375
26683,7684.396484375
26684,13451.375
26685,7194.11474609375
26686,6102.8681640625
26687,13812.8046875
26688,8502.130859375
26689,10844.20703125
26690,9514.71875
26691,6893.671875
26692,8618.921875
26693,7372.14794921875
26694,9744.77734375
26695,15235.076171875
26696,8666.1181640625
26697,4523.1044921875
26698,6220.32763671875
26699,10870.2001953125
26700,12584.5302734375
26701,8644.943359375
26702,9018.421875
26703,6208.53515625
26704,6049.1904296875
26705,4888.9404296875
26706,6703.5712890625
26707,7918.25146484375
26708,9291.3984375
26709,9159.7705078125
26710,7684.10546875
26711,10151.8740234375
26712,11079.0234375
26713,8765.73828125
26714,6125.328125
26715,11935.921875
26716,13204.9736328125
26717,7685.67138671875
26718,10226.8408203125
26719,6591.42578125
26720,8809.39453125
26721,5930.96142578125
26722,9383.5478515625
26723,7340.01318359375
26724,11520.59375
26725,9449.984375
26726,10919.83984375
26727,10257.494140625
26728,6220.12744140625
26729,11994.75
26730,22572.654296875
26731,14051.4140625
26732,8245.431640625
26733,4310.734375
26734,8132.9912109375
26735,12018.3876953125
26736,7899.814453125
26737,11921.755859375
26738,19181.830078125
26739,4942.1845703125
26740,7076.5634765625
26741,11680.50390625
26742,6570.63037109375
26743,11707.421875
26744,8908.2314453125
26745,10008.21484375
26746,5219.173828125
26747,8904.32421875
26748,8283.1591796875
26749,9621.251953125
26750,12853.478515625
26751,8307.6455078125
26752,7540.71484375
26753,9502.09375
26754,7276.49951171875
26755,6785.3525390625
26756,10275.5810546875
26757,7382.26220703125
26758,7849.4765625
26759,9393.8720703125
26760,8037.181640625
26761,7386.9892578125
26762,9670.09765625
26763,9966.37109375
26764,10969.2861328125
26765,9989.3291015625
26766,9261.701171875
26767,6737.3623046875
26768,4657.34130859375
26769,8621.7529296875
26770,9078.65234375
26771,6954.03857421875
26772,5362.2568359375
26773,12313.435546875
26774,9272.310546875
26775,11056.748046875
26776,8760.15234375
26777,7708.96630859375
26778,7399.423828125
26779,5973.2958984375
26780,12300.728515625
26781,6916.5576171875
26782,9562.76171875
26783,18831.515625
26784,10066.3134765625
26785,8464.5478515625
26786,6259.42138671875
26787,5916.09912109375
26788,9147.146484375
26789,5298.26806640625
26790,7403.15283203125
26791,12556.21875
26792,6578.24560546875
26793,16485.314453125
26794,16787.453125
26795,6213.5087890625
26796,9451.3076171875
26797,7250.630859375
26798,8864.95703125
26799,7131.7626953125
26800,14242.28125
26801,9648.955078125
26802,11747.15625
26803,6572.958984375
26804,9297.58984375
26805,6162.67431640625
26806,11238.283203125
26807,9345.9130859375
26808,8557.6826171875
26809,8332.2001953125
26810,6990.3037109375
26811,10869.380859375
26812,11893.09765625
26813,8042.46923828125
26814,13075.552734375
26815,8864.705078125
26816,12904.99609375
26817,6580.31201171875
26818,6965.71044921875
26819,6789.30859375
26820,13450.791015625
26821,8299.5400390625
26822,9917.1455078125
26823,9098.5673828125
26824,11928.916015625
26825,5696.51220703125
26826,10737.2578125
26827,8129.587890625
26828,5830.505859375
26829,17221.119140625
26830,19550.029296875
26831,9310.46484375
26832,10395.65625
26833,12865.068359375
26834,12417.22265625
26835,13183.7607421875
26836,7608.66845703125
26837,10230.7578125
26838,7679.24365234375
26839,10842.2529296875
26840,5831.4814453125
26841,7227.82763671875
26842,7056.93505859375
26843,7655.78125
26844,9845.59375
26845,6366.529296875
26846,6373.57421875
26847,9165.875
26848,5194.994140625
26849,6597.4443359375
26850,7547.373046875
26851,9297.9296875
26852,12656.099609375
26853,11699.560546875
26854,8313.3408203125
26855,8565.453125
26856,8103.57177734375
26857,14478.53515625
26858,9458.228515625
26859,7421.9111328125
26860,5860.2197265625
26861,13134.95703125
26862,5498.3564453125
26863,8894.8310546875
26864,4623.94140625
26865,6900.5517578125
26866,10493.4638671875
26867,8364.4296875
26868,6565.2734375
26869,11209.443359375
26870,12866.376953125
26871,14602.2763671875
26872,7169.689453125
26873,11583.931640625
26874,4827.4462890625
26875,7300.31640625
26876,7762.4716796875
26877,6094.4638671875
26878,10540.6904296875
26879,6966.28173828125
26880,6419.75341796875
26881,10690.5146484375
26882,13586.8310546875
26883,11453.6484375
26884,6796.44580078125
26885,6911.3173828125
26886,13513.748046875
26887,9537.4296875
26888,7797.99755859375
26889,6483.87109375
26890,9599.830078125
26891,12124.931640625
26892,6006.84033203125
26893,7764.275390625
26894,10524.376953125
26895,10564.564453125
26896,16177.173828125
26897,9315.1328125
26898,16162.482421875
26899,9270.00390625
26900,6876.83984375
26901,5383.67822265625
26902,8289.171875
26903,8120.9384765625
26904,6985.15087890625
26905,9527.9306640625
26906,6285.3544921875
26907,6199.396484375
26908,9686.0341796875
26909,5044.5986328125
26910,10444.275390625
26911,9229.064453125
26912,10246.5361328125
26913,11265.0341796875
26914,7341.17529296875
26915,11110.125
26916,8213.6953125
26917,6650.50830078125
26918,6997.947265625
26919,6993.67578125
26920,13461.435546875
26921,8708.388671875
26922,6527.70556640625
26923,10451.044921875
26924,11358.33984375
26925,9303.2626953125
26926,8754.0029296875
26927,10863.341796875
26928,7688.85009765625
26929,6876.9697265625
26930,7223.9580078125
26931,11079.369140625
26932,7955.740234375
26933,8099.123046875
26934,7358.13427734375
26935,7136.4345703125
26936,5610.830078125
26937,6943.11181640625
26938,11214.220703125
26939,10262.3037109375
26940,12702.78125
26941,14209.9521484375
26942,10058.5390625
26943,8461.3115234375
26944,6097.98876953125
26945,13537.494140625
26946,13523.80859375
26947,10448.12890625
26948,10819.6806640625
26949,10970.4423828125
26950,7784.54052734375
26951,5287.3671875
26952,13665.22265625
26953,8523.447265625
26954,8649.7666015625
26955,8487.0029296875
26956,4703.236328125
26957,15620.28515625
26958,7845.44970703125
26959,6287.27294921875
26960,5715.8740234375
26961,7074.8388671875
26962,8321.7099609375
26963,10499.2353515625
26964,9389.2998046875
26965,6204.53857421875
26966,6844.17724609375
26967,6398.5654296875
26968,4697.74560546875
26969,9196.572265625
26970,18118.7734375
26971,7235.80517578125
26972,6883.4453125
26973,8663.86328125
26974,6383.375
26975,7349.51611328125
26976,6001.2080078125
26977,5371.25
26978,10771.2734375
26979,8893.1884765625
26980,5824.83154296875
26981,11395.119140625
26982,7657.017578125
26983,6358.03076171875
26984,11467.939453125
26985,11153.9140625
26986,12624.0556640625
26987,7756.7216796875
26988,8629.2900390625
26989,6005.31689453125
26990,6202.2216796875
26991,18428.134765625
26992,12796.46875
26993,8266.080078125
26994,6538.953125
26995,6260.3798828125
26996,7754.8720703125
26997,6019.57177734375
26998,13504.37890625
26999,6693.87646484375
27000,6957.173828125
27001,9514.1591796875
27002,6528.11083984375
27003,7998.46044921875
27004,9173.19140625
27005,10273.7197265625
27006,9958.9921875
27007,6067.17578125
27008,7671.23486328125
27009,8912.71875
27010,11819.58984375
27011,10782.603515625
27012,9443.7734375
27013,5339.3740234375
27014,10497.9013671875
27015,7082.1708984375
27016,5744.509765625
27017,9654.36328125
27018,9421.59375
27019,8605.1552734375
27020,8397.763671875
27021,8400.9189453125
27022,9279.0595703125
27023,6884.84814453125
27024,8751.767578125
27025,9115.0859375
27026,8696.099609375
27027,10652.5234375
27028,8301.423828125
27029,6395.875
27030,14745.0390625
27031,7497.08203125
27032,4597.40771484375
27033,9570.5458984375
27034,10894.3916015625
27035,14359.98046875
27036,6579.33740234375
27037,8081.1650390625
27038,8235.65234375
27039,9352.6806640625
27040,7555.9599609375
27041,11114.3984375
27042,4798.6572265625
27043,7877.39453125
27044,7950.63232421875
27045,7454.68603515625
27046,7281.67138671875
27047,9054.671875
27048,10555.0
27049,7795.60888671875
27050,10238.990234375
27051,9566.54296875
27052,11276.966796875
27053,6490.0439453125
27054,8217.5234375
27055,8331.708984375
27056,10937.123046875
27057,11202.06640625
27058,6043.734375
27059,8559.498046875
27060,9505.244140625
27061,10586.421875
27062,6696.9521484375
27063,5202.478515625
27064,11074.4296875
27065,9134.1357421875
27066,10401.09375
27067,9465.234375
27068,7677.27490234375
27069,10465.744140625
27070,8838.0498046875
27071,9145.791015625
27072,10250.826171875
27073,7607.20458984375
27074,10540.318359375
27075,13365.498046875
27076,9846.5673828125
27077,5898.21875
27078,7237.70654296875
27079,5668.021484375
27080,4880.0546875
27081,11573.234375
27082,6988.0888671875
27083,11853.013671875
27084,5891.4599609375
27085,8220.8232421875
27086,7916.66650390625
27087,12597.5703125
27088,5467.80078125
27089,6977.88720703125
27090,6912.15771484375
27091,10062.8642578125
27092,6830.1171875
27093,9261.1513671875
27094,9291.5693359375
27095,10751.921875
27096,10189.857421875
27097,8583.2041015625
27098,7282.0595703125
27099,6707.93896484375
27100,6403.58984375
27101,14180.2890625
27102,11659.5205078125
27103,10433.744140625
27104,14799.833984375
27105,8369.9443359375
27106,6097.5869140625
27107,8632.1708984375
27108,10328.646484375
27109,12462.716796875
27110,9529.2568359375
27111,10465.64453125
27112,10608.7578125
27113,10043.2783203125
27114,7871.986328125
27115,7432.0751953125
27116,6787.65673828125
27117,6540.6328125
27118,5422.75146484375
27119,7926.51416015625
27120,11160.896484375
27121,20727.1953125
27122,9081.3515625
27123,6585.1640625
27124,10165.455078125
27125,5143.0732421875
27126,8401.5380859375
27127,5258.7177734375
27128,12215.0625
27129,7912.11181640625
27130,8874.36328125
27131,17391.015625
27132,11348.052734375
27133,7774.0556640625
27134,9411.7578125
27135,4878.904296875
27136,6713.07275390625
27137,6562.58984375
27138,10749.455078125
27139,6562.18359375
27140,5069.052734375
27141,7873.005859375
27142,6754.50341796875
27143,10327.0791015625
27144,9642.333984375
27145,5053.0576171875
27146,9858.24609375
27147,11653.625
27148,9984.5732421875
27149,6248.94775390625
27150,6254.5390625
27151,10200.525390625
27152,5740.93798828125
27153,12639.66015625
27154,6859.8896484375
27155,7329.12548828125
27156,9200.6416015625
27157,7655.77099609375
27158,6266.18359375
27159,7983.509765625
27160,9148.916015625
27161,12297.3330078125
27162,12531.236328125
27163,7592.41650390625
27164,5512.998046875
27165,7246.18603515625
27166,8659.775390625
27167,5975.53466796875
27168,7760.529296875
27169,7652.1728515625
27170,14759.455078125
27171,10935.837890625
27172,7542.35595703125
27173,9427.44921875
27174,5972.23046875
27175,11364.3154296875
27176,7958.9580078125
27177,15606.408203125
27178,8957.150390625
27179,6946.921875
27180,7036.3134765625
27181,5335.55419921875
27182,9199.5498046875
27183,22386.345703125
27184,6021.578125
27185,6529.1923828125
27186,12428.6083984375
27187,8842.6318359375
27188,9567.533203125
27189,10418.267578125
27190,8454.755859375
27191,6502.57958984375
27192,6405.40234375
27193,12429.537109375
27194,7824.9599609375
27195,8899.6328125
27196,10683.4052734375
27197,6658.50341796875
27198,9916.8544921875
27199,8242.2880859375
27200,4727.59130859375
27201,10557.36328125
27202,10279.9873046875
27203,6059.64892578125
27204,9420.2353515625
27205,9426.478515625
27206,5521.60107421875
27207,12218.251953125
27208,8624.5146484375
27209,11072.1826171875
27210,5950.7626953125
27211,7202.310546875
27212,8798.8037109375
27213,5125.47021484375
27214,10537.029296875
27215,5823.56787109375
27216,8591.98828125
27217,6704.8798828125
27218,6824.20166015625
27219,7399.4931640625
27220,8821.044921875
27221,9000.982421875
27222,10905.078125
27223,8218.376953125
27224,11069.3876953125
27225,7998.1611328125
27226,11452.9267578125
27227,12591.96875
27228,8946.5703125
27229,4458.8193359375
27230,7272.46337890625
27231,9534.9970703125
27232,5892.408203125
27233,14336.3037109375
27234,7481.689453125
27235,9817.5966796875
27236,13563.990234375
27237,8018.02197265625
27238,6214.70947265625
27239,14653.7763671875
27240,12943.2578125
27241,7465.0205078125
27242,11316.7724609375
27243,11355.2822265625
27244,7589.26806640625
27245,7277.51611328125
27246,8960.4365234375
27247,7601.19482421875
27248,7365.603515625
27249,9298.900390625
27250,6495.4736328125
27251,8693.8505859375
27252,10162.1962890625
27253,8918.0810546875
27254,11133.884765625
27255,7617.9912109375
27256,9435.34375
27257,5141.869140625
27258,10022.6962890625
27259,9487.78515625
27260,8040.4716796875
27261,8605.1396484375
27262,9647.4794921875
27263,12265.3681640625
27264,7919.396484375
27265,7052.9833984375
27266,8307.2353515625
27267,8498.025390625
27268,9758.681640625
27269,5826.32666015625
27270,5606.72705078125
27271,9726.8369140625
27272,8694.26171875
27273,8124.2578125
27274,10551.52734375
27275,7894.505859375
27276,9377.744140625
27277,6554.0322265625
27278,5492.634765625
27279,8998.376953125
27280,7821.27587890625
27281,8098.228515625
27282,11088.60546875
27283,11001.2568359375
27284,6302.29052734375
27285,10396.634765625
27286,4627.6142578125
27287,5027.431640625
27288,8773.94921875
27289,14307.0830078125
27290,10016.875
27291,8809.25
27292,6125.90869140625
27293,9451.7724609375
27294,12662.41796875
27295,7739.82958984375
27296,11130.705078125
27297,8012.705078125
27298,5868.7607421875
27299,7621.42578125
27300,7017.8056640625
27301,7790.88671875
27302,6769.046875
27303,6573.498046875
27304,5965.9931640625
27305,8813.76171875
27306,9408.6328125
27307,6730.90283203125
27308,8181.0029296875
27309,9490.2939453125
27310,6416.0263671875
27311,6326.6875
27312,12112.7421875
27313,10361.306640625
27314,6834.31103515625
27315,5732.76806640625
27316,15529.236328125
27317,8456.9609375
27318,7108.9638671875
27319,11839.3251953125
27320,10775.404296875
27321,9648.20703125
27322,7879.7578125
27323,9796.19921875
27324,12546.98828125
27325,17943.1484375
27326,6914.3525390625
27327,6588.935546875
27328,6092.72900390625
27329,8286.3388671875
27330,7506.001953125
27331,10694.1328125
27332,11734.826171875
27333,7336.220703125
27334,5855.462890625
27335,8462.4365234375
27336,11083.396484375
27337,6802.6201171875
27338,8993.388671875
27339,5316.2607421875
27340,9540.71875
27341,10029.9404296875
27342,9904.958984375
27343,10766.6884765625
27344,8769.625
27345,5404.734375
27346,7957.931640625
27347,9634.646484375
27348,10362.3154296875
27349,9662.9638671875
27350,10585.8408203125
27351,8612.7861328125
27352,5720.55078125
27353,12231.77734375
27354,5439.91357421875
27355,12582.048828125
27356,7277.9267578125
27357,5620.41015625
27358,9316.310546875
27359,7796.515625
27360,9562.4892578125
27361,10724.4140625
27362,5006.88671875
27363,6435.767578125
27364,9456.4248046875
27365,11442.228515625
27366,12328.134765625
27367,6823.787109375
27368,8191.4560546875
27369,10239.8681640625
27370,8280.0341796875
27371,7198.20654296875
27372,13028.091796875
27373,11718.35546875
27374,14502.0
27375,6004.5302734375
27376,7835.94140625
27377,10549.390625
27378,9947.63671875
27379,7103.12939453125
27380,13466.060546875
27381,8910.291015625
27382,6999.91162109375
27383,6471.62060546875
27384,6632.12060546875
27385,6598.05029296875
27386,8357.9619140625
27387,6511.5263671875
27388,6697.93017578125
27389,12340.7578125
27390,8740.7880859375
27391,25685.669921875
27392,8990.404296875
27393,0.0
27394,0.0
27395,0.0
27396,0.0
27397,0.0
27398,0.0
27399,0.0
27400,0.0
27401,0.0
27402,0.0
27403,0.0
27404,0.0
27405,0.0
27406,0.0
27407,0.0
27408,0.0
27409,0.0
27410,0.0
27411,0.0
27412,0.0
27413,0.0
27414,0.0
27415,0.0
27416,0.0
27417,0.0
27418,0.0
27419,0.0
27420,0.0
27421,0.0
27422,0.0
27423,0.0
27424,0.0
27425,0.0
27426,0.0
27427,0.0
27428,0.0
27429,0.0
27430,0.0
27431,0.0
27432,0.0
27433,0.0
27434,0.0
27435,0.0
27436,0.0
27437,0.0
27438,0.0
27439,0.0
27440,0.0
27441,0.0
27442,0.0
27443,0.0
27444,0.0
27445,0.0
27446,0.0
27447,0.0
27448,0.0
27449,0.0
27450,0.0
27451,0.0
27452,0.0
27453,0.0
27454,0.0
27455,0.0
27456,0.0
27457,0.0
27458,0.0
27459,0.0
27460,0.0
27461,0.0
27462,0.0
27463,0.0
27464,0.0
27465,0.0
27466,0.0
27467,0.0
27468,0.0
27469,0.0
27470,0.0
27471,0.0
27472,0.0
27473,0.0
27474,0.0
27475,0.0
27476,0.0
27477,0.0
27478,0.0
27479,0.0
27480,0.0
27481,0.0
27482,0.0
27483,0.0
27484,4722.1474609375
27485,0.0
27486,0.0
27487,0.0
27488,0.0
27489,0.0
27490,0.0
27491,0.0
27492,0.0
27493,0.0
27494,0.0
27495,0.0
27496,0.0
27497,0.0
27498,0.0
27499,0.0
27500,0.0
27501,0.0
27502,0.0
27503,0.0
27504,0.0
27505,0.0
27506,0.0
27507,0.0
27508,0.0
27509,0.0
27510,0.0
27511,0.0
27512,0.0
27513,0.0
27514,0.0
27515,0.0
27516,0.0
27517,0.0
27518,0.0
27519,0.0
27520,0.0
27521,0.0
27522,0.0
27523,0.0
27524,0.0
27525,0.0
27526,0.0
27527,0.0
27528,0.0
27529,0.0
27530,0.0
27531,0.0
27532,0.0
27533,0.0
27534,0.0
27535,0.0
27536,0.0
27537,0.0
27538,0.0
27539,0.0
27540,0.0
27541,0.0
27542,0.0
27543,0.0
27544,0.0
27545,0.0
27546,0.0
27547,0.0
27548,0.0
27549,0.0
27550,0.0
27551,0.0
27552,3851.30126953125
27553,0.0
27554,0.0
27555,0.0
27556,0.0
27557,0.0
27558,0.0
27559,0.0
27560,0.0
27561,0.0
27562,0.0
27563,0.0
27564,0.0
27565,0.0
27566,0.0
27567,0.0
27568,0.0
27569,0.0
27570,0.0
27571,0.0
27572,0.0
27573,0.0
27574,0.0
27575,0.0
27576,0.0
27577,0.0
27578,0.0
27579,0.0
27580,0.0
27581,0.0
27582,0.0
27583,0.0
27584,0.0
27585,0.0
27586,0.0
27587,0.0
27588,0.0
27589,0.0
27590,0.0
27591,0.0
27592,0.0
27593,14380.736328125
27594,25989.470703125
27595,0.0
27596,0.0
27597,0.0
27598,0.0
27599,0.0
27600,0.0
27601,0.0
27602,6200.9306640625
27603,0.0
27604,0.0
27605,0.0
27606,0.0
27607,0.0
27608,0.0
27609,0.0
27610,0.0
27611,0.0
27612,0.0
27613,0.0
27614,0.0
27615,0.0
27616,0.0
27617,0.0
27618,0.0
27619,0.0
27620,0.0
27621,5729.4326171875
27622,0.0
27623,0.0
27624,0.0
27625,0.0
27626,0.0
27627,0.0
27628,0.0
27629,0.0
27630,0.0
27631,3851.30126953125
27632,0.0
27633,0.0
27634,0.0
27635,0.0
27636,0.0
27637,0.0
27638,0.0
27639,0.0
27640,0.0
27641,0.0
27642,0.0
27643,0.0
27644,0.0
27645,0.0
27646,0.0
27647,0.0
27648,0.0
27649,7617.1103515625
27650,0.0
27651,0.0
27652,0.0
27653,0.0
27654,0.0
27655,0.0
27656,0.0
27657,0.0
27658,0.0
27659,0.0
27660,0.0
27661,0.0
27662,0.0
27663,0.0
27664,0.0
27665,0.0
27666,8580.75390625
27667,0.0
27668,0.0
27669,0.0
27670,0.0
27671,0.0
27672,0.0
27673,0.0
27674,0.0
27675,0.0
27676,0.0
27677,0.0
27678,0.0
27679,0.0
27680,0.0
27681,0.0
27682,0.0
27683,0.0
27684,0.0
27685,0.0
27686,0.0
27687,0.0
27688,0.0
27689,0.0
27690,0.0
27691,0.0
27692,0.0
27693,0.0
27694,0.0
27695,0.0
27696,0.0
27697,0.0
27698,0.0
27699,0.0
27700,0.0
27701,0.0
27702,0.0
27703,0.0
27704,0.0
27705,0.0
27706,0.0
27707,0.0
27708,0.0
27709,0.0
27710,0.0
27711,0.0
27712,0.0
27713,0.0
27714,0.0
27715,0.0
27716,0.0
27717,0.0
27718,0.0
27719,0.0
27720,0.0
27721,0.0
27722,0.0
27723,0.0
27724,0.0
27725,0.0
27726,0.0
27727,0.0
27728,3851.30126953125
27729,0.0
27730,0.0
27731,0.0
27732,0.0
27733,0.0
27734,0.0
27735,0.0
27736,0.0
27737,0.0
27738,0.0
27739,0.0
27740,0.0
27741,0.0
27742,6240.421875
27743,0.0
27744,0.0
27745,0.0
27746,0.0
27747,0.0
27748,0.0
27749,0.0
27750,0.0
27751,0.0
27752,0.0
27753,0.0
27754,0.0
27755,0.0
27756,0.0
27757,0.0
27758,0.0
27759,0.0
27760,0.0
27761,0.0
27762,0.0
27763,0.0
27764,0.0
27765,0.0
27766,0.0
27767,0.0
27768,0.0
27769,0.0
27770,0.0
27771,0.0
27772,0.0
27773,0.0
27774,0.0
27775,0.0
27776,0.0
27777,0.0
27778,0.0
27779,0.0
27780,0.0
27781,0.0
27782,0.0
27783,0.0
27784,0.0
27785,8735.94921875
27786,0.0
27787,0.0
27788,0.0
27789,0.0
27790,0.0
27791,0.0
27792,0.0
27793,0.0
27794,0.0
27795,3851.30126953125
27796,0.0
27797,0.0
27798,0.0
27799,6159.498046875
27800,0.0
27801,0.0
27802,0.0
27803,0.0
27804,0.0
27805,0.0
27806,0.0
27807,0.0
27808,0.0
27809,0.0
27810,0.0
27811,0.0
27812,0.0
27813,0.0
27814,0.0
27815,0.0
27816,0.0
27817,0.0
27818,0.0
27819,0.0
27820,0.0
27821,0.0
27822,0.0
27823,0.0
27824,0.0
27825,0.0
27826,18218.05078125
27827,0.0
27828,0.0
27829,0.0
27830,0.0
27831,0.0
27832,0.0
27833,0.0
27834,0.0
27835,0.0
27836,0.0
27837,0.0
27838,0.0
27839,0.0
27840,6482.3203125
27841,0.0
27842,0.0
27843,0.0
27844,0.0
27845,0.0
27846,0.0
27847,0.0
27848,0.0
27849,0.0
27850,0.0
27851,0.0
27852,0.0
27853,0.0
27854,0.0
27855,0.0
27856,0.0
27857,0.0
27858,0.0
27859,0.0
27860,0.0
27861,0.0
27862,0.0
27863,0.0
27864,0.0
27865,0.0
27866,0.0
27867,0.0
27868,0.0
27869,0.0
27870,0.0
27871,0.0
27872,0.0
27873,0.0
27874,0.0
27875,0.0
27876,0.0
27877,0.0
27878,0.0
27879,0.0
27880,0.0
27881,0.0
27882,0.0
27883,0.0
27884,0.0
27885,0.0
27886,0.0
27887,0.0
27888,0.0
27889,0.0
27890,0.0
27891,0.0
27892,0.0
27893,0.0
27894,0.0
27895,0.0
27896,0.0
27897,0.0
27898,0.0
27899,0.0
27900,0.0
27901,0.0
27902,0.0
27903,0.0
27904,0.0
27905,0.0
27906,0.0
27907,0.0
27908,0.0
27909,0.0
27910,0.0
27911,0.0
27912,0.0
27913,0.0
27914,0.0
27915,10960.1875
27916,0.0
27917,0.0
27918,0.0
27919,0.0
27920,0.0
27921,0.0
27922,0.0
27923,0.0
27924,0.0
27925,0.0
27926,0.0
27927,0.0
27928,0.0
27929,0.0
27930,0.0
27931,0.0
27932,0.0
27933,0.0
27934,0.0
27935,0.0
27936,0.0
27937,0.0
27938,0.0
27939,0.0
27940,0.0
27941,0.0
27942,0.0
27943,0.0
27944,0.0
27945,0.0
27946,0.0
27947,0.0
27948,0.0
27949,0.0
27950,0.0
27951,0.0
27952,0.0
27953,0.0
27954,0.0
27955,0.0
27956,0.0
27957,0.0
27958,0.0
27959,4653.6650390625
27960,15021.4072265625
27961,0.0
27962,0.0
27963,0.0
27964,0.0
27965,0.0
27966,0.0
27967,0.0
27968,0.0
27969,0.0
27970,0.0
27971,0.0
27972,0.0
27973,0.0
27974,0.0
27975,0.0
27976,0.0
27977,0.0
27978,0.0
27979,0.0
27980,0.0
27981,0.0
27982,0.0
27983,0.0
27984,0.0
27985,0.0
27986,0.0
27987,0.0
27988,12053.544921875
27989,0.0
27990,0.0
27991,0.0
27992,0.0
27993,0.0
27994,0.0
27995,0.0
27996,0.0
27997,0.0
27998,0.0
27999,0.0
28000,0.0
28001,0.0
28002,0.0
28003,0.0
28004,0.0
28005,0.0
28006,0.0
28007,0.0
28008,0.0
28009,0.0
28010,0.0
28011,0.0
28012,0.0
28013,0.0
28014,0.0
28015,0.0
28016,0.0
28017,0.0
28018,0.0
28019,0.0
28020,0.0
28021,0.0
28022,0.0
28023,0.0
28024,0.0
28025,0.0
28026,0.0
28027,0.0
28028,0.0
28029,0.0
28030,0.0
28031,0.0
28032,0.0
28033,0.0
28034,0.0
28035,0.0
28036,0.0
28037,0.0
28038,0.0
28039,0.0
28040,0.0
28041,0.0
28042,0.0
28043,0.0
28044,0.0
28045,0.0
28046,0.0
28047,0.0
28048,0.0
28049,0.0
28050,0.0
28051,0.0
28052,0.0
28053,0.0
28054,0.0
28055,0.0
28056,0.0
28057,0.0
28058,3851.30126953125
28059,0.0
28060,0.0
28061,0.0
28062,3851.30126953125
28063,0.0
28064,0.0
28065,0.0
28066,0.0
28067,0.0
28068,0.0
28069,0.0
28070,0.0
28071,0.0
28072,0.0
28073,0.0
28074,0.0
28075,0.0
28076,0.0
28077,0.0
28078,0.0
28079,0.0
28080,0.0
28081,0.0
28082,0.0
28083,0.0
28084,0.0
28085,0.0
28086,0.0
28087,0.0
28088,0.0
28089,0.0
28090,0.0
28091,0.0
28092,0.0
28093,0.0
28094,0.0
28095,0.0
28096,0.0
28097,0.0
28098,0.0
28099,0.0
28100,0.0
28101,0.0
28102,0.0
28103,0.0
28104,0.0
28105,0.0
28106,0.0
28107,0.0
28108,0.0
28109,0.0
28110,0.0
28111,0.0
28112,0.0
28113,3851.30126953125
28114,0.0
28115,0.0
28116,0.0
28117,0.0
28118,0.0
28119,0.0
28120,0.0
28121,0.0
28122,0.0
28123,0.0
28124,0.0
28125,0.0
28126,0.0
28127,0.0
28128,10538.740234375
28129,0.0
28130,0.0
28131,0.0
28132,0.0
28133,0.0
28134,0.0
28135,0.0
28136,0.0
28137,0.0
28138,0.0
28139,0.0
28140,0.0
28141,0.0
28142,0.0
28143,0.0
28144,0.0
28145,0.0
28146,0.0
28147,0.0
28148,0.0
28149,0.0
28150,0.0
28151,0.0
28152,0.0
28153,0.0
28154,0.0
28155,0.0
28156,0.0
28157,0.0
28158,0.0
28159,0.0
28160,0.0
28161,0.0
28162,0.0
28163,0.0
28164,0.0
28165,0.0
28166,0.0
28167,0.0
28168,0.0
28169,0.0
28170,0.0
28171,0.0
28172,0.0
28173,0.0
28174,0.0
28175,0.0
28176,0.0
28177,0.0
28178,0.0
28179,0.0
28180,0.0
28181,0.0
28182,0.0
28183,0.0
28184,0.0
28185,0.0
28186,0.0
28187,0.0
28188,0.0
28189,0.0
28190,0.0
28191,0.0
28192,4685.86083984375
28193,0.0
28194,0.0
28195,0.0
28196,0.0
28197,0.0
28198,0.0
28199,0.0
28200,0.0
28201,0.0
28202,0.0
28203,0.0
28204,0.0
28205,0.0
28206,0.0
28207,0.0
28208,0.0
28209,0.0
28210,0.0
28211,0.0
28212,0.0
28213,0.0
28214,0.0
28215,0.0
28216,0.0
28217,0.0
28218,0.0
28219,0.0
28220,0.0
28221,0.0
28222,0.0
28223,0.0
28224,0.0
28225,0.0
28226,0.0
28227,0.0
28228,0.0
28229,0.0
28230,0.0
28231,0.0
28232,0.0
28233,12399.2333984375
28234,5179.3056640625
28235,0.0
28236,0.0
28237,0.0
28238,0.0
28239,0.0
28240,0.0
28241,0.0
28242,0.0
28243,0.0
28244,0.0
28245,0.0
28246,0.0
28247,0.0
28248,0.0
28249,3851.30126953125
28250,4179.158203125
28251,6581.5810546875
28252,3851.30126953125
28253,5828.2333984375
28254,4838.951171875
28255,5152.498046875
28256,6636.14111328125
28257,0.0
28258,3851.30126953125
28259,5871.3525390625
28260,5535.39111328125
28261,4549.15087890625
28262,0.0
28263,5937.85546875
28264,0.0
28265,4227.76171875
28266,7378.11474609375
28267,8112.82373046875
28268,6954.4072265625
28269,6640.50927734375
28270,3851.30126953125
28271,4800.771484375
28272,0.0
28273,7303.6591796875
28274,8407.5810546875
28275,0.0
28276,5748.76220703125
28277,3851.30126953125
28278,4082.20263671875
28279,0.0
28280,7188.51318359375
28281,4446.6630859375
28282,5216.2822265625
28283,0.0
28284,5461.98974609375
28285,3851.30126953125
28286,6981.65283203125
28287,3851.30126953125
28288,0.0
28289,0.0
28290,3851.30126953125
28291,6983.74755859375
28292,5844.19921875
28293,4398.08740234375
28294,3851.30126953125
28295,7315.27490234375
28296,9523.4541015625
28297,6157.3798828125
28298,5844.888671875
28299,8007.9052734375
28300,6659.4013671875
28301,5362.70849609375
28302,6036.193359375
28303,3855.099365234375
28304,3851.30126953125
28305,4634.884765625
28306,5899.162109375
28307,7218.78759765625
28308,6604.3544921875
28309,3851.30126953125
28310,7507.51953125
28311,0.0
28312,5562.958984375
28313,3851.30126953125
28314,9826.986328125
28315,3851.30126953125
28316,0.0
28317,6955.86376953125
28318,3851.30126953125
28319,5280.64404296875
28320,3851.30126953125
28321,5386.3984375
28322,4893.83642578125
28323,0.0
28324,0.0
28325,7234.07470703125
28326,5492.123046875
28327,3851.30126953125
28328,7030.77001953125
28329,0.0
28330,4929.41796875
28331,3851.30126953125
28332,6016.99072265625
28333,5000.892578125
28334,0.0
28335,0.0
28336,3851.30126953125
28337,6977.33203125
28338,4703.82177734375
28339,5850.890625
28340,7920.34765625
28341,3851.30126953125
28342,4300.98388671875
28343,5223.3115234375
28344,6162.74853515625
28345,0.0
28346,3851.30126953125
28347,4531.4912109375
28348,0.0
28349,4973.2197265625
28350,0.0
28351,0.0
28352,0.0
28353,5504.607421875
28354,4624.548828125
28355,3851.30126953125
28356,4942.8388671875
28357,0.0
28358,0.0
28359,7061.29248046875
28360,7571.58642578125
28361,0.0
28362,6736.1552734375
28363,3851.30126953125
28364,3851.30126953125
28365,6861.9814453125
28366,5936.04638671875
28367,6660.51416015625
28368,8778.3125
28369,6696.1318359375
28370,4320.419921875
28371,6229.6123046875
28372,6315.64013671875
28373,4162.8564453125
28374,0.0
28375,4510.40673828125
28376,4574.0888671875
28377,4948.0615234375
28378,3851.30126953125
28379,5558.35888671875
28380,0.0
28381,0.0
28382,5366.78369140625
28383,3851.30126953125
28384,6009.9033203125
28385,6583.33740234375
28386,5009.5078125
28387,4706.1279296875
28388,0.0
28389,5222.00537109375
28390,0.0
28391,4028.319091796875
28392,4637.60400390625
28393,6828.22314453125
28394,0.0
28395,0.0
28396,0.0
28397,3973.3701171875
28398,4926.8427734375
28399,9397.447265625
28400,5683.58837890625
28401,7406.79248046875
28402,5888.1494140625
28403,5396.13134765625
28404,5827.02734375
28405,0.0
28406,4716.3544921875
28407,7761.47216796875
28408,5397.65869140625
28409,3851.30126953125
28410,3851.30126953125
28411,7706.63427734375
28412,8942.55859375
28413,0.0
28414,6116.43408203125
28415,4021.731201171875
28416,0.0
28417,3851.30126953125
28418,3851.30126953125
28419,5447.43408203125
28420,6982.12548828125
28421,4922.66064453125
28422,4060.25244140625
28423,7042.94775390625
28424,7719.47900390625
28425,6472.0791015625
28426,0.0
28427,7165.7138671875
28428,8537.5205078125
28429,3851.30126953125
28430,5429.97998046875
28431,5054.81103515625
28432,5987.025390625
28433,3851.30126953125
28434,6016.67822265625
28435,4145.25732421875
28436,7732.51318359375
28437,5784.0439453125
28438,6262.73095703125
28439,6811.73046875
28440,4612.69580078125
28441,6900.6875
28442,15520.611328125
28443,7755.50390625
28444,3851.30126953125
28445,3851.30126953125
28446,5934.34130859375
28447,6597.85400390625
28448,0.0
28449,8344.9345703125
28450,16333.81640625
28451,0.0
28452,3851.30126953125
28453,9244.9326171875
28454,3851.30126953125
28455,6451.27734375
28456,3851.30126953125
28457,5293.2412109375
28458,3851.30126953125
28459,0.0
28460,0.0
28461,4898.0498046875
28462,8360.236328125
28463,5637.4755859375
28464,5515.34521484375
28465,0.0
28466,0.0
28467,5121.29931640625
28468,0.0
28469,0.0
28470,4945.56640625
28471,4424.9462890625
28472,3851.30126953125
28473,5257.3798828125
28474,3851.30126953125
28475,4630.00732421875
28476,0.0
28477,8316.650390625
28478,6502.892578125
28479,4215.10205078125
28480,3851.30126953125
28481,4131.7431640625
28482,4835.34326171875
28483,5203.6171875
28484,0.0
28485,6655.84130859375
28486,5032.1005859375
28487,7421.35498046875
28488,4849.5888671875
28489,3851.30126953125
28490,3851.30126953125
28491,3851.30126953125
28492,8550.08984375
28493,0.0
28494,5777.841796875
28495,11207.52734375
28496,7326.33154296875
28497,3851.30126953125
28498,4926.93212890625
28499,3851.30126953125
28500,4188.259765625
28501,3985.4921875
28502,3851.30126953125
28503,8270.63671875
28504,4975.67041015625
28505,8628.013671875
28506,9407.38671875
28507,4512.298828125
28508,5218.0546875
28509,4060.310791015625
28510,4943.79541015625
28511,4522.0546875
28512,0.0
28513,5816.81103515625
28514,7347.54345703125
28515,0.0
28516,5385.98681640625
28517,5299.1845703125
28518,0.0
28519,5751.2646484375
28520,5098.37841796875
28521,6121.42919921875
28522,4683.7607421875
28523,8075.91552734375
28524,6382.736328125
28525,6495.3984375
28526,8607.6455078125
28527,6536.45263671875
28528,7196.4052734375
28529,3851.30126953125
28530,0.0
28531,4634.9404296875
28532,8676.6025390625
28533,6403.85888671875
28534,7024.69970703125
28535,5368.0966796875
28536,7323.8896484375
28537,4413.46484375
28538,6763.30322265625
28539,5650.9697265625
28540,3851.30126953125
28541,11109.71484375
28542,14279.796875
28543,0.0
28544,5998.765625
28545,6856.095703125
28546,7837.1865234375
28547,7395.1533203125
28548,3851.30126953125
28549,3851.30126953125
28550,5122.41748046875
28551,7263.96435546875
28552,3851.30126953125
28553,3874.442138671875
28554,4861.5234375
28555,0.0
28556,4988.607421875
28557,3851.30126953125
28558,3851.30126953125
28559,6841.82861328125
28560,0.0
28561,4443.23828125
28562,4873.86474609375
28563,5138.716796875
28564,7690.1865234375
28565,0.0
28566,0.0
28567,6220.9794921875
28568,5523.68994140625
28569,9429.6015625
28570,4742.029296875
28571,3851.30126953125
28572,0.0
28573,10224.7265625
28574,3851.30126953125
28575,6678.99462890625
28576,3851.30126953125
28577,3851.30126953125
28578,7554.41845703125
28579,0.0
28580,0.0
28581,0.0
28582,8210.6845703125
28583,7695.77978515625
28584,4573.7236328125
28585,0.0
28586,3851.30126953125
28587,3851.30126953125
28588,6122.85595703125
28589,4451.876953125
28590,9605.140625
28591,3851.30126953125
28592,4376.9248046875
28593,4971.916015625
28594,7859.5966796875
28595,9408.8251953125
28596,4016.947998046875
28597,3851.30126953125
28598,8443.4150390625
28599,8509.6025390625
28600,4243.671875
28601,0.0
28602,7562.1708984375
28603,5469.048828125
28604,4694.2763671875
28605,3851.30126953125
28606,6871.9365234375
28607,4312.8125
28608,10914.822265625
28609,6771.40625
28610,10243.716796875
28611,0.0
28612,4177.43359375
28613,3851.30126953125
28614,5629.041015625
28615,0.0
28616,4610.4462890625
28617,8323.5419921875
28618,0.0
28619,3851.30126953125
28620,6671.76953125
28621,3851.30126953125
28622,0.0
28623,6741.21923828125
28624,7358.458984375
28625,7702.2578125
28626,4911.16015625
28627,6655.931640625
28628,0.0
28629,4834.939453125
28630,0.0
28631,0.0
28632,7969.177734375
28633,5603.25390625
28634,3851.30126953125
28635,4782.52734375
28636,7021.72998046875
28637,5672.7744140625
28638,3851.30126953125
28639,5155.140625
28640,4659.5361328125
28641,7134.9267578125
28642,0.0
28643,8758.8681640625
28644,4010.8076171875
28645,3851.30126953125
28646,5388.20703125
28647,5470.1279296875
28648,3851.30126953125
28649,4789.6240234375
28650,7872.28759765625
28651,6332.26611328125
28652,9493.5185546875
28653,8029.91162109375
28654,7054.8125
28655,6687.9638671875
28656,3905.267578125
28657,9304.73046875
28658,7956.74267578125
28659,6885.240234375
28660,4950.26513671875
28661,5126.9443359375
28662,4406.03857421875
28663,3851.30126953125
28664,0.0
28665,0.0
28666,4886.1845703125
28667,0.0
28668,3851.30126953125
28669,7960.8251953125
28670,0.0
28671,3851.30126953125
28672,3851.30126953125
28673,4872.2265625
28674,5099.36328125
28675,3851.30126953125
28676,8770.935546875
28677,4701.9580078125
28678,0.0
28679,3851.30126953125
28680,3851.30126953125
28681,4709.5
28682,11848.7138671875
28683,3903.5146484375
28684,5548.56005859375
28685,4891.109375
28686,3851.30126953125
28687,3851.30126953125
28688,4993.14453125
28689,3851.30126953125
28690,0.0
28691,5526.46728515625
28692,0.0
28693,7775.021484375
28694,4041.244873046875
28695,4016.616455078125
28696,9448.005859375
28697,7035.09423828125
28698,7925.2919921875
28699,3851.30126953125
28700,4994.025390625
28701,4603.083984375
28702,4225.7392578125
28703,13586.3642578125
28704,0.0
28705,4761.05615234375
28706,3851.30126953125
28707,5403.54931640625
28708,3975.891845703125
28709,3851.30126953125
28710,6516.626953125
28711,4685.8251953125
28712,0.0
28713,6753.68310546875
28714,4259.6982421875
28715,4317.4609375
28716,5603.953125
28717,0.0
28718,6860.70947265625
28719,3851.30126953125
28720,0.0
28721,5593.5244140625
28722,7232.9462890625
28723,5594.82470703125
28724,6191.36083984375
28725,0.0
28726,0.0
28727,4914.2861328125
28728,3851.30126953125
28729,4362.0625
28730,3851.30126953125
28731,4736.6572265625
28732,6077.34228515625
28733,3851.30126953125
28734,0.0
28735,4250.31640625
28736,7285.06982421875
28737,0.0
28738,6636.66015625
28739,0.0
28740,0.0
28741,3851.30126953125
28742,9882.9658203125
28743,3851.30126953125
28744,3851.30126953125
28745,6180.7109375
28746,0.0
28747,9510.71875
28748,0.0
28749,4879.67578125
28750,0.0
28751,6641.6142578125
28752,3999.329345703125
28753,7470.77392578125
28754,3851.30126953125
28755,4692.3134765625
28756,3874.02685546875
28757,3851.30126953125
28758,0.0
28759,6597.138671875
28760,6241.58984375
28761,5445.0048828125
28762,5100.97998046875
28763,7541.12548828125
28764,7224.94189453125
28765,0.0
28766,0.0
28767,0.0
28768,6807.09375
28769,5142.01513671875
28770,3851.30126953125
28771,6163.72119140625
28772,0.0
28773,5709.44140625
28774,5235.98046875
28775,3851.30126953125
28776,0.0
28777,3851.30126953125
28778,8160.9482421875
28779,5057.12353515625
28780,4226.8642578125
28781,7400.5390625
28782,3851.30126953125
28783,4780.671875
28784,0.0
28785,3851.30126953125
28786,7186.16650390625
28787,9042.8984375
28788,6636.80712890625
28789,3851.30126953125
28790,0.0
28791,0.0
28792,3851.30126953125
28793,4471.00732421875
28794,0.0
28795,5310.24560546875
28796,0.0
28797,4901.0341796875
28798,0.0
28799,8052.41650390625
28800,5060.6318359375
28801,0.0
28802,4319.658203125
28803,5219.6064453125
28804,0.0
28805,5963.490234375
28806,7355.57080078125
28807,7108.21826171875
28808,6963.443359375
28809,5283.3671875
28810,4816.96826171875
28811,3851.30126953125
28812,5816.51416015625
28813,8310.2080078125
28814,6270.3349609375
28815,6836.1259765625
28816,12665.9814453125
28817,3851.30126953125
28818,0.0
28819,4245.216796875
28820,7449.32666015625
28821,0.0
28822,6863.484375
28823,6363.0517578125
28824,7070.56005859375
28825,0.0
28826,5175.7412109375
28827,5233.2080078125
28828,3851.30126953125
28829,0.0
28830,3851.30126953125
28831,3851.30126953125
28832,5994.14892578125
28833,16079.953125
28834,5558.3154296875
28835,3851.30126953125
28836,4674.26953125
28837,4370.01611328125
28838,5182.0732421875
28839,3851.30126953125
28840,6064.57861328125
28841,0.0
28842,3851.30126953125
28843,10842.1708984375
28844,10786.8212890625
28845,3851.30126953125
28846,0.0
28847,3851.30126953125
28848,3915.759765625
28849,4008.455322265625
28850,0.0
28851,3851.30126953125
28852,4513.6181640625
28853,0.0
28854,4713.30078125
28855,4838.67578125
28856,6479.60107421875
28857,3851.30126953125
28858,7236.576171875
28859,6513.53564453125
28860,4419.97412109375
28861,3851.30126953125
28862,3851.30126953125
28863,4012.063720703125
28864,0.0
28865,8589.658203125
28866,4023.269287109375
28867,3996.4208984375
28868,6076.14453125
28869,4197.029296875
28870,0.0
28871,0.0
28872,0.0
28873,8459.759765625
28874,6278.1279296875
28875,5350.10009765625
28876,3851.30126953125
28877,4454.1953125
28878,0.0
28879,3883.995361328125
28880,4290.3134765625
28881,4816.1611328125
28882,0.0
28883,6160.41650390625
28884,4117.70166015625
28885,4622.55859375
28886,0.0
28887,6408.0849609375
28888,4827.61474609375
28889,8845.6904296875
28890,5303.48681640625
28891,4446.509765625
28892,3851.30126953125
28893,3851.30126953125
28894,4068.01171875
28895,0.0
28896,3851.30126953125
28897,4695.6748046875
28898,5852.5009765625
28899,6071.71240234375
28900,5193.6064453125
28901,7182.92919921875
28902,5423.45166015625
28903,0.0
28904,3851.30126953125
28905,7593.02587890625
28906,3851.30126953125
28907,6150.677734375
28908,7341.4140625
28909,0.0
28910,0.0
28911,5833.62646484375
28912,3851.30126953125
28913,5711.53125
28914,6606.2158203125
28915,3851.30126953125
28916,7811.7919921875
28917,5674.30908203125
28918,4379.169921875
28919,8589.734375
28920,6617.85400390625
28921,6038.9755859375
28922,3955.315185546875
28923,3851.30126953125
28924,5107.2333984375
28925,0.0
28926,5898.3798828125
28927,3851.30126953125
28928,5474.92578125
28929,3851.30126953125
28930,0.0
28931,4873.8427734375
28932,4140.259765625
28933,4960.01806640625
28934,8392.3857421875
28935,0.0
28936,6348.255859375
28937,0.0
28938,5577.60595703125
28939,8987.369140625
28940,6657.3525390625
28941,3851.30126953125
28942,0.0
28943,4977.37841796875
28944,0.0
28945,0.0
28946,0.0
28947,5109.158203125
28948,8183.294921875
28949,6209.109375
28950,3851.30126953125
28951,0.0
28952,7404.77978515625
28953,5730.78857421875
28954,7363.4970703125
28955,6470.3134765625
28956,0.0
28957,4690.8056640625
28958,4013.344482421875
28959,0.0
28960,0.0
28961,7011.9873046875
28962,3851.30126953125
28963,7101.0341796875
28964,6521.42578125
28965,4660.66943359375
28966,6227.716796875
28967,4273.5224609375
28968,5894.98095703125
28969,3889.013427734375
28970,6661.396484375
28971,4635.294921875
28972,3851.30126953125
28973,6041.96875
28974,6709.93603515625
28975,7098.12939453125
28976,5147.94140625
28977,0.0
28978,5280.8720703125
28979,6357.19189453125
28980,6285.33984375
28981,3851.30126953125
28982,3851.30126953125
28983,7807.2119140625
28984,6140.53076171875
28985,3851.30126953125
28986,7473.31005859375
28987,0.0
28988,5586.20751953125
28989,4237.15283203125
28990,3851.30126953125
28991,5258.78564453125
28992,5204.837890625
28993,4943.3984375
28994,8121.9990234375
28995,5900.8564453125
28996,3851.30126953125
28997,4453.22021484375
28998,3851.30126953125
28999,3851.30126953125
29000,5085.03515625
29001,0.0
29002,5665.71484375
29003,3851.30126953125
29004,4362.5390625
29005,4318.7314453125
29006,7284.154296875
29007,5638.14990234375
29008,8237.544921875
29009,3851.30126953125
29010,4396.2490234375
29011,0.0
29012,5331.00390625
29013,3851.30126953125
29014,3851.30126953125
29015,3851.30126953125
29016,3851.30126953125
29017,0.0
29018,4111.337890625
29019,0.0
29020,4931.4619140625
29021,6745.11376953125
29022,4931.89306640625
29023,0.0
29024,9559.5107421875
29025,5820.08642578125
29026,0.0
29027,3851.30126953125
29028,6097.796875
29029,5171.2578125
29030,3959.82421875
29031,7709.1328125
29032,7640.67724609375
29033,5773.451171875
29034,5650.6103515625
29035,6262.72021484375
29036,6837.1494140625
29037,10976.4365234375
29038,3851.30126953125
29039,3851.30126953125
29040,4658.13525390625
29041,5605.24462890625
29042,0.0
29043,7505.6689453125
29044,5845.8359375
29045,0.0
29046,3851.30126953125
29047,5662.431640625
29048,7557.826171875
29049,3851.30126953125
29050,5837.421875
29051,0.0
29052,5855.4384765625
29053,5022.08349609375
29054,4479.048828125
29055,5490.78369140625
29056,4147.134765625
29057,3997.583251953125
29058,5994.87353515625
29059,4610.47607421875
29060,7331.03759765625
29061,5627.23681640625
29062,8435.26953125
29063,5252.509765625
29064,3851.30126953125
29065,7853.2529296875
29066,0.0
29067,8438.830078125
29068,0.0
29069,4555.587890625
29070,5952.32373046875
29071,4287.697265625
29072,4294.97607421875
29073,6611.16748046875
29074,3851.30126953125
29075,3851.30126953125
29076,6047.8896484375
29077,5401.9775390625
29078,0.0
29079,4981.1953125
29080,5024.677734375
29081,3851.30126953125
29082,5457.02783203125
29083,3851.30126953125
29084,9108.3505859375
29085,6741.42919921875
29086,0.0
29087,0.0
29088,4897.533203125
29089,7616.91796875
29090,7655.89208984375
29091,3851.30126953125
29092,8305.849609375
29093,0.0
29094,4651.20068359375
29095,0.0
29096,4428.72265625
29097,3851.30126953125
29098,5226.3037109375
29099,0.0
29100,3851.30126953125
29101,6935.20166015625
29102,5139.6376953125
29103,20277.19140625
29104,5631.2412109375
29105,4136.8525390625
29106,6626.0322265625
29107,8656.6259765625
29108,5523.62158203125
29109,6409.3759765625
29110,5227.7109375
29111,6753.86962890625
29112,6222.11083984375
29113,4365.3955078125
29114,4852.876953125
29115,6066.3466796875
29116,6839.873046875
29117,6051.41650390625
29118,6985.50537109375
29119,5237.42431640625
29120,4081.799560546875
29121,4792.51171875
29122,8481.84375
29123,9225.3955078125
29124,7961.7109375
29125,6190.6318359375
29126,4083.448974609375
29127,4912.7314453125
29128,3911.505615234375
29129,6882.24658203125
29130,9054.13671875
29131,8716.06640625
29132,4761.8037109375
29133,4670.6396484375
29134,4216.1123046875
29135,4976.9462890625
29136,8117.5634765625
29137,5435.7177734375
29138,4561.1923828125
29139,4770.6845703125
29140,6095.27978515625
29141,3891.390625
29142,6619.9609375
29143,3851.30126953125
29144,6650.853515625
29145,6027.95849609375
29146,5115.240234375
29147,6476.08984375
29148,6305.19384765625
29149,4110.259765625
29150,6056.9970703125
29151,6381.13232421875
29152,9396.5390625
29153,5319.521484375
29154,6796.87451171875
29155,7310.81298828125
29156,8026.15966796875
29157,5891.95751953125
29158,7960.49267578125
29159,4008.9326171875
29160,4192.3662109375
29161,5353.4990234375
29162,5919.18505859375
29163,7800.2646484375
29164,6736.3740234375
29165,4926.67431640625
29166,6919.08935546875
29167,6358.11376953125
29168,8168.45703125
29169,3851.30126953125
29170,10987.6015625
29171,4096.6435546875
29172,5418.0009765625
29173,7569.89697265625
29174,4047.438720703125
29175,5100.75439453125
29176,5565.2666015625
29177,6403.61181640625
29178,5005.29443359375
29179,4584.91357421875
29180,7242.400390625
29181,6434.9658203125
29182,6247.71875
29183,4094.0048828125
29184,6546.60107421875
29185,9598.0244140625
29186,5461.02880859375
29187,4362.875
29188,6296.49169921875
29189,5286.3603515625
29190,6152.974609375
29191,7283.490234375
29192,3851.30126953125
29193,6964.94970703125
29194,5080.43994140625
29195,6190.1298828125
29196,8179.46728515625
29197,4236.1220703125
29198,5502.11181640625
29199,4898.2587890625
29200,6791.97900390625
29201,7305.84228515625
29202,3950.986328125
29203,4532.5
29204,6098.09521484375
29205,5426.0498046875
29206,5270.45166015625
29207,7228.1962890625
29208,5651.400390625
29209,6507.3173828125
29210,5031.392578125
29211,4332.232421875
29212,5721.78125
29213,6902.3720703125
29214,6868.8642578125
29215,7167.5732421875
29216,7475.318359375
29217,4600.88134765625
29218,7501.462890625
29219,4830.294921875
29220,5823.9912109375
29221,7566.49951171875
29222,6075.55419921875
29223,8485.7490234375
29224,7593.1044921875
29225,6588.5009765625
29226,5190.615234375
29227,6751.52783203125
29228,6936.1220703125
29229,5194.263671875
29230,3851.30126953125
29231,4447.8173828125
29232,6637.49169921875
29233,5659.703125
29234,4323.26953125
29235,7392.78271484375
29236,5620.578125
29237,5417.478515625
29238,5076.3427734375
29239,4765.8466796875
29240,6305.09765625
29241,6010.0888671875
29242,5546.638671875
29243,4843.61865234375
29244,4283.51953125
29245,5629.61328125
29246,3851.30126953125
29247,5451.06591796875
29248,4677.935546875
29249,7280.93603515625
29250,6591.5341796875
29251,6113.041015625
29252,9674.876953125
29253,4275.73388671875
29254,4845.4677734375
29255,8907.087890625
29256,5883.6455078125
29257,7098.73681640625
29258,6514.2919921875
29259,4998.11328125
29260,5634.41796875
29261,4991.5302734375
29262,6600.12158203125
29263,9174.08203125
29264,6252.98291015625
29265,3851.30126953125
29266,4417.94921875
29267,8008.1044921875
29268,8094.97265625
29269,4990.0673828125
29270,6303.345703125
29271,4179.1005859375
29272,4273.462890625
29273,3851.30126953125
29274,4842.0986328125
29275,5797.0087890625
29276,6217.1474609375
29277,5941.06640625
29278,5155.46484375
29279,7470.3408203125
29280,7693.72802734375
29281,6549.42529296875
29282,4601.126953125
29283,8003.4912109375
29284,8656.265625
29285,5008.9248046875
29286,6712.37109375
29287,4650.640625
29288,6054.8681640625
29289,3851.30126953125
29290,5953.7275390625
29291,4269.8427734375
29292,7944.92333984375
29293,6122.97119140625
29294,6674.7861328125
29295,6987.70654296875
29296,5141.56640625
29297,7344.23583984375
29298,15602.81640625
29299,9007.271484375
29300,4667.47216796875
29301,3851.30126953125
29302,5529.8486328125
29303,7408.21142578125
29304,5303.568359375
29305,10542.0234375
29306,18188.66015625
29307,4209.52734375
29308,4684.3740234375
29309,8100.478515625
29310,4384.7900390625
29311,7592.525390625
29312,5352.91455078125
29313,6522.12646484375
29314,4711.3427734375
29315,6084.068359375
29316,5710.748046875
29317,6887.3896484375
29318,8497.70703125
29319,5868.3193359375
29320,5449.5419921875
29321,6214.3935546875
29322,4445.95556640625
29323,4767.69384765625
29324,6981.85693359375
29325,4734.7158203125
29326,5416.302734375
29327,6545.07861328125
29328,5186.9814453125
29329,4685.1875
29330,6195.849609375
29331,6307.1650390625
29332,7095.20751953125
29333,8051.4482421875
29334,6468.33154296875
29335,5070.47607421875
29336,3851.30126953125
29337,5700.5634765625
29338,6266.35009765625
29339,4930.4404296875
29340,3924.70458984375
29341,7381.54736328125
29342,6142.0087890625
29343,8225.640625
29344,5608.21240234375
29345,4711.873046875
29346,4774.0576171875
29347,4764.77587890625
29348,8759.986328125
29349,4654.119140625
29350,7030.3486328125
29351,11986.56640625
29352,7050.52587890625
29353,5463.1474609375
29354,4662.98291015625
29355,4080.79736328125
29356,6257.18408203125
29357,4082.327392578125
29358,5224.81494140625
29359,8770.396484375
29360,5253.66357421875
29361,12582.546875
29362,10621.1396484375
29363,4600.3642578125
29364,6113.17578125
29365,4815.0947265625
29366,6033.6533203125
29367,4721.7353515625
29368,9714.5166015625
29369,6576.29736328125
29370,7199.35302734375
29371,3955.263671875
29372,6567.5341796875
29373,4601.3193359375
29374,7287.36474609375
29375,6116.77734375
29376,5698.939453125
29377,5993.83935546875
29378,6217.51171875
29379,7337.421875
29380,8071.3193359375
29381,5622.7392578125
29382,8954.49609375
29383,6435.09375
29384,8141.66552734375
29385,4928.7568359375
29386,4628.404296875
29387,4554.1806640625
29388,8066.67529296875
29389,6103.26708984375
29390,6605.3046875
29391,5706.0673828125
29392,7818.4501953125
29393,4140.1318359375
29394,7535.7021484375
29395,5797.451171875
29396,3851.30126953125
29397,11550.673828125
29398,14235.888671875
29399,6206.59326171875
29400,6768.95751953125
29401,7824.2177734375
29402,8626.9072265625
29403,9321.6708984375
29404,5590.72998046875
29405,5991.8994140625
29406,5193.3427734375
29407,7040.439453125
29408,3871.02099609375
29409,5002.880859375
29410,4943.041015625
29411,5437.30859375
29412,6784.71875
29413,4633.47802734375
29414,3993.786865234375
29415,6246.59765625
29416,4017.02490234375
29417,4325.9873046875
29418,4960.37890625
29419,5423.20458984375
29420,7591.15771484375
29421,8289.490234375
29422,5955.70703125
29423,5870.318359375
29424,5532.841796875
29425,9316.8173828125
29426,6112.01708984375
29427,5008.73486328125
29428,4035.271484375
29429,9036.39453125
29430,4279.34228515625
29431,6520.89892578125
29432,3851.30126953125
29433,4336.15087890625
29434,6207.59521484375
29435,5201.21875
29436,4837.0654296875
29437,7613.31396484375
29438,8321.40625
29439,8711.380859375
29440,6026.2958984375
29441,8198.01953125
29442,3851.30126953125
29443,4543.5234375
29444,6013.44482421875
29445,4033.2021484375
29446,8081.6630859375
29447,4602.4677734375
29448,4515.58740234375
29449,7333.6767578125
29450,9378.76171875
29451,7844.26611328125
29452,4842.5048828125
29453,4718.0654296875
29454,9181.826171875
29455,7195.7236328125
29456,4830.6337890625
29457,4851.162109375
29458,6834.57421875
29459,7683.81640625
29460,4341.15283203125
29461,5308.0322265625
29462,7245.81884765625
29463,7033.4296875
29464,11126.986328125
29465,6007.021484375
29466,10338.3193359375
29467,6115.85400390625
29468,4742.955078125
29469,3851.30126953125
29470,5359.5673828125
29471,5347.73486328125
29472,4845.1025390625
29473,7037.990234375
29474,4530.2392578125
29475,4225.68115234375
29476,6484.97802734375
29477,3851.30126953125
29478,7098.74072265625
29479,6326.7392578125
29480,6503.423828125
29481,7518.60009765625
29482,4634.97412109375
29483,8184.06396484375
29484,6090.52197265625
29485,4598.5966796875
29486,5293.49951171875
29487,4674.7724609375
29488,8759.0263671875
29489,5938.69140625
29490,4258.9765625
29491,7011.58984375
29492,7603.9365234375
29493,6679.30224609375
29494,5168.2109375
29495,7365.78076171875
29496,5292.2119140625
29497,5951.693359375
29498,5080.25830078125
29499,8317.35546875
29500,4414.783203125
29501,5606.88671875
29502,4923.54443359375
29503,5024.138671875
29504,4315.1416015625
29505,4808.0986328125
29506,7516.3427734375
29507,7543.77294921875
29508,9635.2607421875
29509,9712.548828125
29510,7083.67919921875
29511,6867.23779296875
29512,4383.060546875
29513,9070.173828125
29514,8533.2314453125
29515,6716.26318359375
29516,6899.861328125
29517,7434.30126953125
29518,5115.2392578125
29519,3851.30126953125
29520,10098.658203125
29521,5696.9833984375
29522,5681.576171875
29523,5037.13818359375
29524,3851.30126953125
29525,9218.400390625
29526,5125.1435546875
29527,4081.06591796875
29528,4265.32080078125
29529,4990.67041015625
29530,5580.76318359375
29531,6508.71728515625
29532,6553.9208984375
29533,4240.453125
29534,4355.6318359375
29535,3851.30126953125
29536,3851.30126953125
29537,6549.26806640625
29538,15590.603515625
29539,4519.7939453125
29540,5121.896484375
29541,5534.75341796875
29542,4233.42138671875
29543,4543.9482421875
29544,4907.3544921875
29545,4286.89453125
29546,6691.9130859375
29547,6028.17236328125
29548,3915.553955078125
29549,7935.3955078125
29550,4333.04150390625
29551,4685.3876953125
29552,8908.41015625
29553,7276.666015625
29554,8309.666015625
29555,4792.71630859375
29556,5723.072265625
29557,4167.6083984375
29558,4498.2578125
29559,12231.01171875
29560,8582.6533203125
29561,5499.525390625
29562,3851.30126953125
29563,4377.08447265625
29564,5368.60498046875
29565,4155.12890625
29566,8233.1494140625
29567,4455.51123046875
29568,4966.02685546875
29569,6628.63623046875
29570,4105.66162109375
29571,5475.0556640625
29572,5915.59619140625
29573,6707.73291015625
29574,6641.66064453125
29575,4059.035400390625
29576,5319.69677734375
29577,5975.244140625
29578,7864.3154296875
29579,7753.07080078125
29580,6299.9541015625
29581,4431.087890625
29582,7262.44873046875
29583,4742.6357421875
29584,4085.095458984375
29585,6163.36083984375
29586,6274.31005859375
29587,5254.71240234375
29588,5962.42529296875
29589,5401.4765625
29590,5983.06201171875
29591,4611.29296875
29592,6537.7900390625
29593,6197.6943359375
29594,5805.677734375
29595,7823.09130859375
29596,5651.6513671875
29597,4222.3271484375
29598,9832.8359375
29599,4764.2275390625
29600,3851.30126953125
29601,6633.28173828125
29602,7933.9638671875
29603,9289.951171875
29604,4410.837890625
29605,5523.08837890625
29606,5623.67578125
29607,6670.02197265625
29608,5113.328125
29609,7249.56982421875
29610,3851.30126953125
29611,5224.96044921875
29612,4941.3154296875
29613,4313.830078125
29614,4363.087890625
29615,6025.9072265625
29616,6376.517578125
29617,5176.04248046875
29618,6543.86767578125
29619,6525.2294921875
29620,7567.02392578125
29621,4105.0859375
29622,5546.8583984375
29623,6126.06201171875
29624,6805.85986328125
29625,7508.53369140625
29626,3851.30126953125
29627,7858.99560546875
29628,6824.97119140625
29629,6708.22119140625
29630,4323.6513671875
29631,3851.30126953125
29632,7705.80859375
29633,5460.47509765625
29634,7522.3291015625
29635,6293.8779296875
29636,4715.63818359375
29637,7245.87890625
29638,5235.08154296875
29639,5100.333984375
29640,7360.36767578125
29641,4798.05615234375
29642,7369.13427734375
29643,9165.7041015625
29644,6941.2333984375
29645,4181.6826171875
29646,4908.96337890625
29647,4397.4736328125
29648,3851.30126953125
29649,7343.916015625
29650,5158.4990234375
29651,7973.68212890625
29652,4014.533447265625
29653,5613.09765625
29654,5611.0068359375
29655,8443.3408203125
29656,4440.923828125
29657,5251.1650390625
29658,4619.90625
29659,6540.85595703125
29660,5161.9169921875
29661,6776.345703125
29662,7144.75048828125
29663,7494.67919921875
29664,6268.6162109375
29665,6156.6455078125
29666,5363.9033203125
29667,4156.470703125
29668,4738.1943359375
29669,9583.40234375
29670,8042.7822265625
29671,7384.01416015625
29672,13769.8408203125
29673,5005.11279296875
29674,4463.48583984375
29675,5434.0263671875
29676,7102.8759765625
29677,8451.44140625
29678,6351.935546875
29679,7056.228515625
29680,7133.994140625
29681,6413.9541015625
29682,5420.029296875
29683,4844.49853515625
29684,4655.3330078125
29685,4674.96875
29686,3851.30126953125
29687,5079.66796875
29688,6856.29736328125
29689,14692.39453125
29690,6502.36669921875
29691,4642.20068359375
29692,6319.8447265625
29693,4107.73046875
29694,5708.765625
29695,3892.226806640625
29696,7491.18115234375
29697,5742.4326171875
29698,5835.357421875
29699,10776.0029296875
29700,11649.98828125
29701,4750.779296875
29702,5887.4775390625
29703,3851.30126953125
29704,4778.1455078125
29705,4790.9443359375
29706,7514.82373046875
29707,4182.3369140625
29708,3851.30126953125
29709,4973.35888671875
29710,5091.4072265625
29711,6363.62548828125
29712,6132.71142578125
29713,3851.30126953125
29714,6879.26513671875
29715,7456.1728515625
29716,6321.68896484375
29717,3973.333251953125
29718,3858.983154296875
29719,6290.2412109375
29720,4217.79296875
29721,8657.013671875
29722,4121.05029296875
29723,4917.1826171875
29724,6188.09033203125
29725,4575.98876953125
29726,4369.5126953125
29727,4952.1708984375
29728,5582.2685546875
29729,7952.66845703125
29730,8273.5234375
29731,5220.8349609375
29732,3851.30126953125
29733,5026.078125
29734,6427.3623046875
29735,4543.39453125
29736,4761.861328125
29737,5286.84423828125
29738,10199.8857421875
29739,6455.63623046875
29740,5569.5439453125
29741,6009.9775390625
29742,4232.275390625
29743,8430.48046875
29744,4888.11376953125
29745,10198.009765625
29746,5653.39453125
29747,4425.947265625
29748,4860.0390625
29749,3851.30126953125
29750,6259.9140625
29751,16892.294921875
29752,3926.026123046875
29753,4702.85546875
29754,8449.8359375
29755,6129.58447265625
29756,6055.466796875
29757,7467.01611328125
29758,5176.1005859375
29759,4772.44677734375
29760,3996.4296875
29761,8545.876953125
29762,5750.96044921875
29763,6142.642578125
29764,6849.39404296875
29765,3964.91015625
29766,6564.5390625
29767,5686.423828125
29768,3851.30126953125
29769,7727.85009765625
29770,7960.28759765625
29771,4189.9228515625
29772,6925.1201171875
29773,6158.736328125
29774,4911.75048828125
29775,8576.3544921875
29776,5983.00927734375
29777,7151.185546875
29778,4343.5068359375
29779,4242.607421875
29780,6141.1259765625
29781,3851.30126953125
29782,7296.36328125
29783,3851.30126953125
29784,5592.3984375
29785,4643.3681640625
29786,4730.78369140625
29787,5018.86767578125
29788,6008.4873046875
29789,5957.9208984375
29790,7695.9228515625
29791,5627.02587890625
29792,6660.83251953125
29793,5606.40234375
29794,7546.50927734375
29795,8093.00146484375
29796,6249.75146484375
29797,3851.30126953125
29798,5437.7607421875
29799,6595.9462890625
29800,4249.900390625
29801,9886.365234375
29802,5409.5634765625
29803,6386.9619140625
29804,8799.64453125
29805,5890.9189453125
29806,3956.18994140625
29807,9560.8740234375
29808,8461.9169921875
29809,5741.158203125
29810,7598.79541015625
29811,8193.095703125
29812,5795.64501953125
29813,4493.275390625
29814,5716.638671875
29815,4773.916015625
29816,5300.1044921875
29817,6457.18603515625
29818,4124.5341796875
29819,6074.41650390625
29820,6161.5849609375
29821,6198.44140625
29822,6819.7783203125
29823,5528.0888671875
29824,6175.1220703125
29825,4358.1337890625
29826,6661.6669921875
29827,5956.1533203125
29828,5868.5205078125
29829,6189.09619140625
29830,6245.43701171875
29831,8076.95263671875
29832,4542.326171875
29833,4674.033203125
29834,5662.54541015625
29835,6712.3818359375
29836,6924.90185546875
29837,4261.6533203125
29838,3922.970458984375
29839,7146.3896484375
29840,7186.56201171875
29841,4843.0654296875
29842,6920.138671875
29843,6109.4462890625
29844,5770.29736328125
29845,4307.583984375
29846,3851.30126953125
29847,5691.0478515625
29848,5905.796875
29849,5458.7431640625
29850,8060.0322265625
29851,6892.37060546875
29852,4656.98486328125
29853,7160.13525390625
29854,3851.30126953125
29855,3851.30126953125
29856,5385.0458984375
29857,9632.2041015625
29858,7125.61962890625
29859,6076.81396484375
29860,4031.462890625
29861,5982.8115234375
29862,7998.154296875
29863,5093.66015625
29864,7213.11328125
29865,4805.08984375
29866,4433.708984375
29867,4679.9921875
29868,4920.3935546875
29869,4836.6650390625
29870,4636.9599609375
29871,4032.82568359375
29872,4062.4326171875
29873,6358.8017578125
29874,6167.58203125
29875,4564.5078125
29876,5731.75927734375
29877,6202.7421875
29878,4917.365234375
29879,4344.755859375
29880,8401.0888671875
29881,6683.03076171875
29882,5243.1083984375
29883,3851.30126953125
29884,10054.2353515625
29885,5731.24072265625
29886,4664.154296875
29887,7655.125
29888,7028.005859375
29889,6393.0361328125
29890,5529.1748046875
29891,7108.6357421875
29892,7789.29541015625
29893,10779.7802734375
29894,4338.9697265625
29895,3898.635986328125
29896,4526.10791015625
29897,5946.6591796875
29898,4795.0693359375
29899,6711.12451171875
29900,7408.0009765625
29901,5179.37353515625
29902,3902.315673828125
29903,5134.76318359375
29904,8220.345703125
29905,4959.8759765625
29906,6112.771484375
29907,3851.30126953125
29908,6594.79150390625
29909,6136.9228515625
29910,6355.8369140625
29911,6851.5703125
29912,6017.97705078125
29913,3970.359375
29914,5668.7109375
29915,5915.63427734375
29916,6788.5107421875
29917,6714.5751953125
29918,7060.501953125
29919,5218.95703125
29920,4022.421630859375
29921,8300.9404296875
29922,4155.7783203125
29923,8403.0751953125
29924,5406.68212890625
29925,4108.78173828125
29926,5897.23828125
29927,5206.9658203125
29928,6587.55078125
29929,7534.1376953125
29930,3851.30126953125
29931,4194.1279296875
29932,5556.74609375
29933,7686.36669921875
29934,9065.68359375
29935,4972.85986328125
29936,5607.10693359375
29937,5796.9404296875
29938,5648.1923828125
29939,4640.53662109375
29940,8854.814453125
29941,7437.0595703125
29942,11161.880859375
29943,3967.878173828125
29944,5270.53369140625
29945,8890.7666015625
29946,8324.71484375
29947,4642.06005859375
29948,8504.326171875
29949,6038.0693359375
29950,4982.74609375
29951,4458.49609375
29952,4097.693359375
29953,4582.36669921875
29954,5680.9990234375
29955,4116.5849609375
29956,4248.353515625
29957,7995.38525390625
29958,5883.60400390625
29959,18532.720703125
29960,5523.8515625
29961,3851.30126953125
29962,5835.70751953125
29963,8129.7705078125
29964,5404.0859375
29965,5920.46484375
29966,4714.15478515625
29967,6495.009765625
29968,5930.03564453125
29969,3851.30126953125
29970,4315.3525390625
29971,5512.38671875
29972,6723.607421875
29973,5652.134765625
29974,6735.17822265625
29975,4717.171875
29976,3851.30126953125
29977,4238.6884765625
29978,7793.47265625
29979,8494.4716796875
29980,7081.88916015625
29981,5580.4716796875
29982,3894.24560546875
29983,4525.52099609375
29984,3851.30126953125
29985,6313.275390625
29986,8187.3076171875
29987,8570.1484375
29988,4056.08642578125
29989,4068.232421875
29990,3851.30126953125
29991,4713.82421875
29992,7760.10595703125
29993,4473.12890625
29994,4149.0029296875
29995,4357.36572265625
29996,5781.28125
29997,3851.30126953125
29998,5910.13623046875
29999,3851.30126953125
30000,6417.09521484375
30001,5475.97509765625
30002,4741.3818359375
30003,5769.87109375
30004,5963.3359375
30005,3851.30126953125
30006,5529.36572265625
30007,6057.59423828125
30008,8299.3251953125
30009,4892.037109375
30010,6694.720703125
30011,7079.72802734375
30012,7591.01123046875
30013,5536.41650390625
30014,7069.00732421875
30015,3891.485595703125
30016,4049.27734375
30017,5051.89990234375
30018,5433.0439453125
30019,7506.81591796875
30020,6368.45751953125
30021,4607.48828125
30022,6262.14013671875
30023,6169.5078125
30024,7404.6533203125
30025,3851.30126953125
30026,10361.6376953125
30027,3851.30126953125
30028,5039.81298828125
30029,6842.75390625
30030,3851.30126953125
30031,4331.9091796875
30032,5033.91748046875
30033,5639.765625
30034,4511.400390625
30035,4109.10888671875
30036,6786.55615234375
30037,6369.34716796875
30038,5552.365234375
30039,3961.30078125
30040,6439.73486328125
30041,8874.986328125
30042,5096.802734375
30043,4348.92333984375
30044,5700.1396484375
30045,4821.734375
30046,5662.30029296875
30047,6635.251953125
30048,3851.30126953125
30049,6862.91064453125
30050,4776.2265625
30051,5578.892578125
30052,8295.302734375
30053,3851.30126953125
30054,4625.90869140625
30055,4388.96630859375
30056,6416.7177734375
30057,6831.1923828125
30058,3851.30126953125
30059,3886.490966796875
30060,5802.46728515625
30061,4947.25
30062,4881.5380859375
30063,6622.9423828125
30064,5236.89794921875
30065,6244.408203125
30066,4541.04638671875
30067,3851.30126953125
30068,5224.77880859375
30069,6456.8212890625
30070,6461.14599609375
30071,6203.099609375
30072,6694.6875
30073,3860.485107421875
30074,7163.50244140625
30075,4365.7802734375
30076,5090.89990234375
30077,7539.35693359375
30078,5456.12353515625
30079,8250.3076171875
30080,6917.9951171875
30081,5894.22509765625
30082,4879.37451171875
30083,5986.11962890625
30084,6333.462890625
30085,5000.2490234375
30086,3851.30126953125
30087,4228.22265625
30088,6520.0478515625
30089,4684.8369140625
30090,3851.30126953125
30091,6830.36962890625
30092,5431.939453125
30093,5120.2607421875
30094,4828.302734375
30095,4384.6484375
30096,5902.5625
30097,5718.4462890625
30098,5178.92236328125
30099,4291.84228515625
30100,4182.1455078125
30101,5089.5107421875
30102,3851.30126953125
30103,5417.71875
30104,3919.9345703125
30105,6754.154296875
30106,6147.19140625
30107,5621.1552734375
30108,8637.9365234375
30109,4272.86572265625
30110,4170.3388671875
30111,8129.85498046875
30112,5505.44482421875
30113,6895.82861328125
30114,6174.04345703125
30115,4039.333740234375
30116,5283.19775390625
30117,4398.0849609375
30118,6072.87890625
30119,8973.64453125
30120,6098.47119140625
30121,3851.30126953125
30122,4234.56689453125
30123,7056.82861328125
30124,6866.6298828125
30125,4458.06005859375
30126,5238.62744140625
30127,4018.148193359375
30128,4115.56982421875
30129,3851.30126953125
30130,3851.30126953125
30131,5102.09765625
30132,5543.97900390625
30133,5659.294921875
30134,4631.533203125
30135,6749.34130859375
30136,7190.8818359375
30137,6060.490234375
30138,4004.047119140625
30139,7534.544921875
30140,7556.158203125
30141,4649.7431640625
30142,5881.1826171875
30143,3945.057861328125
30144,5292.61376953125
30145,3851.30126953125
30146,5640.7529296875
30147,3851.30126953125
30148,7982.07958984375
30149,5316.4267578125
30150,6279.74267578125
30151,6529.8251953125
30152,4770.7021484375
30153,7027.75634765625
30154,15051.1904296875
30155,8076.6123046875
30156,4409.935546875
30157,3851.30126953125
30158,4894.2587890625
30159,6620.30859375
30160,4988.8984375
30161,10207.7802734375
30162,17721.802734375
30163,3851.30126953125
30164,4523.16357421875
30165,7386.35888671875
30166,4078.6142578125
30167,7194.1630859375
30168,4922.8125
30169,5954.88525390625
30170,4348.056640625
30171,5580.3779296875
30172,5076.49267578125
30173,6689.2109375
30174,7756.7119140625
30175,5322.91259765625
30176,5032.1396484375
30177,6175.6279296875
30178,3922.073486328125
30179,4342.95654296875
30180,6702.47509765625
30181,4125.22021484375
30182,4833.142578125
30183,5696.734375
30184,5278.3359375
30185,4633.5732421875
30186,5876.51025390625
30187,5991.10107421875
30188,6388.8525390625
30189,7628.19482421875
30190,6280.56591796875
30191,4700.1025390625
30192,3851.30126953125
30193,4903.7412109375
30194,5781.224609375
30195,4608.36328125
30196,3898.036865234375
30197,6645.4033203125
30198,5521.3916015625
30199,8115.02392578125
30200,5349.8779296875
30201,4123.4609375
30202,4337.0888671875
30203,4452.62890625
30204,7651.0849609375
30205,4092.142578125
30206,6381.3857421875
30207,12001.0
30208,6561.80419921875
30209,5351.3291015625
30210,3960.4677734375
30211,3912.54248046875
30212,5434.9775390625
30213,3851.30126953125
30214,5065.21728515625
30215,8731.31640625
30216,4549.611328125
30217,12210.5458984375
30218,10312.09375
30219,4362.5615234375
30220,5884.728515625
30221,4385.45068359375
30222,5953.2421875
30223,4118.263671875
30224,9284.2802734375
30225,5572.49853515625
30226,7227.05712890625
30227,3851.30126953125
30228,5971.7548828125
30229,4035.429931640625
30230,7402.68994140625
30231,5243.67919921875
30232,4641.154296875
30233,5444.173828125
30234,5751.82958984375
30235,6686.06689453125
30236,8086.9130859375
30237,4927.16357421875
30238,8118.13818359375
30239,5888.6845703125
30240,7912.48779296875
30241,4614.5390625
30242,3979.713134765625
30243,4227.80126953125
30244,7548.166015625
30245,5345.236328125
30246,5679.8857421875
30247,5169.79736328125
30248,6901.87890625
30249,3937.5654296875
30250,7500.68896484375
30251,5544.12451171875
30252,3851.30126953125
30253,10563.6171875
30254,13793.8984375
30255,5596.7763671875
30256,6019.21337890625
30257,7300.90234375
30258,7917.25439453125
30259,9304.48828125
30260,5016.109375
30261,5749.98193359375
30262,4714.3984375
30263,6548.89111328125
30264,3851.30126953125
30265,4603.8564453125
30266,4388.2197265625
30267,5202.37548828125
30268,6128.8642578125
30269,4579.2060546875
30270,3851.30126953125
30271,5810.583984375
30272,3851.30126953125
30273,3851.30126953125
30274,4652.8369140625
30275,4692.61669921875
30276,7044.05078125
30277,7598.3173828125
30278,5766.86376953125
30279,5359.1025390625
30280,5020.68994140625
30281,9089.353515625
30282,5655.4921875
30283,4170.36767578125
30284,3851.30126953125
30285,8317.3955078125
30286,4147.09716796875
30287,5580.7939453125
30288,3851.30126953125
30289,4012.4169921875
30290,6003.302734375
30291,4884.69384765625
30292,4347.7470703125
30293,7134.80517578125
30294,7487.748046875
30295,8651.9462890625
30296,5762.63623046875
30297,7720.1220703125
30298,3851.30126953125
30299,4078.9384765625
30300,5141.7939453125
30301,3851.30126953125
30302,7499.88525390625
30303,4153.373046875
30304,4354.38037109375
30305,6915.0478515625
30306,9231.1630859375
30307,7105.61279296875
30308,4631.455078125
30309,4494.6435546875
30310,9601.263671875
30311,6898.123046875
30312,4653.001953125
30313,4421.6767578125
30314,6129.6650390625
30315,7082.2080078125
30316,3962.8515625
30317,4778.6748046875
30318,6657.7666015625
30319,6584.16064453125
30320,10722.220703125
30321,5722.1455078125
30322,9779.6689453125
30323,5549.412109375
30324,4484.046875
30325,3851.30126953125
30326,5060.3671875
30327,4902.90478515625
30328,4472.8994140625
30329,6833.99658203125
30330,4023.515869140625
30331,3855.1123046875
30332,5834.6318359375
30333,3851.30126953125
30334,6773.1533203125
30335,5587.404296875
30336,6239.35107421875
30337,6504.1181640625
30338,4036.232666015625
30339,8022.548828125
30340,5740.83984375
30341,4264.7255859375
30342,4653.7177734375
30343,4329.7685546875
30344,8439.3642578125
30345,5622.5439453125
30346,3878.62890625
30347,5854.10302734375
30348,6906.927734375
30349,5837.40185546875
30350,4863.2412109375
30351,6747.71484375
30352,4850.9267578125
30353,5632.44287109375
30354,4611.427734375
30355,7197.75341796875
30356,4052.744384765625
30357,5117.8291015625
30358,4368.9970703125
30359,4471.42578125
30360,3883.16455078125
30361,4165.6630859375
30362,6878.572265625
30363,7806.36474609375
30364,8804.65625
30365,8953.2255859375
30366,6842.87841796875
30367,6923.0263671875
30368,4152.37744140625
30369,8831.751953125
30370,8168.9306640625
30371,5941.14306640625
30372,6549.0634765625
30373,6448.72509765625
30374,4938.36669921875
30375,3851.30126953125
30376,9694.390625
30377,5373.724609375
30378,5239.4033203125
30379,4872.1025390625
30380,3851.30126953125
30381,8724.064453125
30382,4695.919921875
30383,3851.30126953125
30384,4001.111328125
30385,4682.0458984375
30386,5488.87353515625
30387,6372.90771484375
30388,6015.50830078125
30389,4065.256591796875
30390,3851.30126953125
30391,3851.30126953125
30392,3851.30126953125
30393,5613.77490234375
30394,15323.73828125
30395,4083.2744140625
30396,4386.07763671875
30397,5051.9326171875
30398,3974.4287109375
30399,3886.23779296875
30400,4353.849609375
30401,3851.30126953125
30402,6162.16943359375
30403,5332.7880859375
30404,3851.30126953125
30405,7418.083984375
30406,4211.83154296875
30407,4225.65380859375
30408,8507.65234375
30409,6617.4033203125
30410,8109.603515625
30411,4689.4130859375
30412,5441.81787109375
30413,3851.30126953125
30414,4242.37939453125
30415,11548.326171875
30416,8119.9677734375
30417,5077.4443359375
30418,3851.30126953125
30419,3979.963623046875
30420,5154.2568359375
30421,3851.30126953125
30422,8206.5380859375
30423,4164.0673828125
30424,4648.98046875
30425,6160.2509765625
30426,3851.30126953125
30427,4965.69384765625
30428,5477.1279296875
30429,6083.7802734375
30430,6139.05859375
30431,3851.30126953125
30432,4936.82470703125
30433,5264.44775390625
30434,7390.35546875
30435,6969.10205078125
30436,6000.93017578125
30437,3937.350830078125
30438,6848.85986328125
30439,4447.9248046875
30440,3851.30126953125
30441,5400.76318359375
30442,5704.0322265625
30443,4699.68994140625
30444,5343.45947265625
30445,5106.18359375
30446,5469.5146484375
30447,4225.44140625
30448,6079.54150390625
30449,5878.8505859375
30450,5251.41943359375
30451,7639.7255859375
30452,5303.60595703125
30453,3851.30126953125
30454,8795.4404296875
30455,4568.7294921875
30456,3851.30126953125
30457,6206.05078125
30458,7515.52783203125
30459,8998.5361328125
30460,4095.81103515625
30461,5357.0390625
30462,5208.5439453125
30463,6208.224609375
30464,4735.5078125
30465,6527.2353515625
30466,3851.30126953125
30467,4400.59716796875
30468,4299.3515625
30469,4030.0791015625
30470,4036.108154296875
30471,5756.38818359375
30472,5918.64208984375
30473,4985.2587890625
30474,6119.76953125
30475,6084.01513671875
30476,6962.94482421875
30477,3851.30126953125
30478,5059.359375
30479,5811.6142578125
30480,6371.5439453125
30481,6584.83251953125
30482,3851.30126953125
30483,7773.90869140625
30484,6005.50927734375
30485,5811.0703125
30486,4007.445068359375
30487,3851.30126953125
30488,7325.90087890625
30489,4919.8759765625
30490,6701.86962890625
30491,5666.1728515625
30492,4150.6025390625
30493,6386.509765625
30494,4883.13232421875
30495,4618.359375
30496,7102.38427734375
30497,4468.724609375
30498,7483.9375
30499,8162.12158203125
30500,6630.39892578125
30501,3929.655517578125
30502,4285.9765625
30503,3963.951416015625
30504,3851.30126953125
30505,6451.8056640625
30506,4672.5224609375
30507,6901.3935546875
30508,3851.30126953125
30509,5254.15478515625
30510,5237.4794921875
30511,7710.87353515625
30512,3863.9248046875
30513,4680.3291015625
30514,3990.54736328125
30515,6252.205078125
30516,4724.20654296875
30517,6199.97802734375
30518,6743.03466796875
30519,7289.78076171875
30520,5882.82080078125
30521,5502.1923828125
30522,4840.7744140625
30523,3851.30126953125
30524,4199.89794921875
30525,8571.208984375
30526,7377.7412109375
30527,7744.4677734375
30528,13215.818359375
30529,4404.7275390625
30530,4055.986572265625
30531,4739.92578125
30532,6544.931640625
30533,7996.720703125
30534,5481.693359375
30535,6740.7490234375
30536,6313.8349609375
30537,6122.77099609375
30538,4874.93603515625
30539,4178.04345703125
30540,4295.8232421875
30541,3985.6572265625
30542,3851.30126953125
30543,4666.0859375
30544,6070.64697265625
30545,13556.1064453125
30546,6096.5595703125
30547,4583.734375
30548,5536.1494140625
30549,3851.30126953125
30550,5493.67138671875
30551,3851.30126953125
30552,7427.2236328125
30553,5274.455078125
30554,5478.00927734375
30555,10175.1767578125
30556,10691.560546875
30557,4562.2578125
30558,5705.224609375
30559,3851.30126953125
30560,4396.2021484375
30561,4722.7734375
30562,6880.16650390625
30563,3851.30126953125
30564,3851.30126953125
30565,4652.2373046875
30566,4473.9482421875
30567,5582.64306640625
30568,5444.015625
30569,3851.30126953125
30570,6437.75830078125
30571,6850.6591796875
30572,5566.4921875
30573,3851.30126953125
30574,3851.30126953125
30575,5847.3330078125
30576,3851.30126953125
30577,8136.18359375
30578,3851.30126953125
30579,4446.2822265625
30580,5764.9814453125
30581,4157.982421875
30582,4018.858154296875
30583,4435.7333984375
30584,5233.81689453125
30585,7705.4912109375
30586,7686.880859375
30587,4750.380859375
30588,3851.30126953125
30589,4865.77587890625
30590,5939.0888671875
30591,4137.7080078125
30592,4183.0615234375
30593,4980.06103515625
30594,9884.29296875
30595,6234.5283203125
30596,5194.2255859375
30597,5848.03173828125
30598,4007.2060546875
30599,7679.7021484375
30600,4621.533203125
30601,10006.0927734375
30602,4864.095703125
30603,3987.544921875
30604,4094.969970703125
30605,3851.30126953125
30606,5782.0810546875
30607,16086.4375
30608,3851.30126953125
30609,3856.0341796875
30610,7528.57275390625
30611,5511.78271484375
30612,5874.6630859375
30613,7006.37158203125
30614,4674.8837890625
30615,4419.8935546875
30616,3851.30126953125
30617,8287.96875
30618,5277.06396484375
30619,5814.1806640625
30620,6520.4736328125
30621,3975.26611328125
30622,6263.736328125
30623,5518.7958984375
30624,3851.30126953125
30625,7759.869140625
30626,7819.90869140625
30627,3855.413330078125
30628,6048.61572265625
30629,5470.8759765625
30630,4512.18408203125
30631,7946.3173828125
30632,5283.02197265625
30633,6651.02880859375
30634,3993.329345703125
30635,3892.14306640625
30636,5814.57666015625
30637,3851.30126953125
30638,7114.4345703125
30639,3851.30126953125
30640,5081.30224609375
30641,4385.12548828125
30642,4615.19140625
30643,4448.89453125
30644,5546.40576171875
30645,5197.20068359375
30646,6911.916015625
30647,5143.1240234375
30648,5824.24609375
30649,5466.0263671875
30650,6607.1845703125
30651,7792.7177734375
30652,5948.0849609375
30653,3851.30126953125
30654,5098.5234375
30655,6422.3251953125
30656,3851.30126953125
30657,9042.0654296875
30658,5061.24658203125
30659,5844.69091796875
30660,8428.271484375
30661,5416.037109375
30662,3851.30126953125
30663,9411.619140625
30664,8174.56201171875
30665,5316.32080078125
30666,7213.86865234375
30667,7979.66162109375
30668,5460.54541015625
30669,4269.001953125
30670,5372.4677734375
30671,4657.900390625
30672,5002.2880859375
30673,5506.34716796875
30674,3940.3125
30675,5660.76611328125
30676,5291.05419921875
30677,5494.51220703125
30678,5921.998046875
30679,5299.12060546875
30680,5691.42626953125
30681,4164.58203125
30682,6331.25390625
30683,5463.59375
30684,5293.68896484375
30685,5636.3603515625
30686,5655.6787109375
30687,7878.17822265625
30688,3919.72900390625
30689,4384.7841796875
30690,5121.94970703125
30691,5761.97998046875
30692,6291.6533203125
30693,4066.917724609375
30694,3851.30126953125
30695,7049.0537109375
30696,7054.4482421875
30697,4545.142578125
30698,5994.8388671875
30699,5458.23046875
30700,5326.8193359375
30701,3851.30126953125
30702,3851.30126953125
30703,5486.98291015625
30704,5132.2138671875
30705,4928.947265625
30706,7823.32421875
30707,6802.8330078125
30708,4270.2236328125
30709,6825.3525390625
30710,3851.30126953125
30711,3851.30126953125
30712,4631.4287109375
30713,9486.689453125
30714,6525.16455078125
30715,5386.8447265625
30716,3851.30126953125
30717,5388.03515625
30718,7254.33544921875
30719,4342.72021484375
30720,6803.13134765625
30721,4347.6611328125
30722,4057.252685546875
30723,4578.970703125
30724,4585.55615234375
30725,4384.9951171875
30726,4303.0244140625
30727,3851.30126953125
30728,3851.30126953125
30729,6134.98095703125
30730,5633.57275390625
30731,4271.255859375
30732,5169.2509765625
30733,5501.123046875
30734,4820.68017578125
30735,3857.8251953125
30736,7632.8515625
30737,6009.7998046875
30738,4928.5546875
30739,3851.30126953125
30740,8904.9541015625
30741,5161.39453125
30742,3967.806640625
30743,7320.23095703125
30744,6799.73095703125
30745,5865.849609375
30746,5035.6123046875
30747,6573.142578125
30748,6796.82666015625
30749,10368.6435546875
30750,3851.30126953125
30751,3851.30126953125
30752,3946.94580078125
30753,5364.615234375
30754,4292.4580078125
30755,6313.8154296875
30756,6818.0830078125
30757,4802.64697265625
30758,3851.30126953125
30759,4739.02099609375
30760,8658.92578125
30761,4296.7158203125
30762,5555.1171875
30763,3851.30126953125
30764,5959.57275390625
30765,6119.22412109375
30766,6033.755859375
30767,6749.298828125
30768,5444.3955078125
30769,3851.30126953125
30770,5236.201171875
30771,5300.056640625
30772,6631.56494140625
30773,5874.7978515625
30774,6478.3515625
30775,4716.52734375
30776,3912.696533203125
30777,7720.662109375
30778,3851.30126953125
30779,7896.8046875
30780,4840.70751953125
30781,3851.30126953125
30782,5544.1435546875
30783,4835.154296875
30784,5969.94140625
30785,6922.10302734375
30786,3851.30126953125
30787,3851.30126953125
30788,5133.17822265625
30789,7035.81494140625
30790,8690.712890625
30791,4427.7255859375
30792,5125.4453125
30793,5549.0107421875
30794,4990.8798828125
30795,4096.0
30796,7924.21826171875
30797,7163.52587890625
30798,10594.078125
30799,3851.30126953125
30800,4709.27978515625
30801,8773.845703125
30802,8182.84912109375
30803,4125.708984375
30804,8155.54443359375
30805,5865.96484375
30806,4717.5146484375
30807,3984.441162109375
30808,3851.30126953125
30809,4266.8193359375
30810,5483.5703125
30811,3851.30126953125
30812,3909.809326171875
30813,7087.486328125
30814,5807.6953125
30815,18156.4375
30816,5188.7802734375
30817,3851.30126953125
30818,5713.3779296875
30819,7948.818359375
30820,5226.70263671875
30821,5749.7314453125
30822,4624.646484375
30823,6148.7822265625
30824,5760.27197265625
30825,3851.30126953125
30826,4265.1044921875
30827,5257.0146484375
30828,6608.2529296875
30829,5653.53271484375
30830,6563.1953125
30831,4639.6416015625
30832,3851.30126953125
30833,3993.047119140625
30834,7804.74658203125
30835,8480.8369140625
30836,6816.892578125
30837,5661.58203125
30838,4003.07958984375
30839,4270.9833984375
30840,3851.30126953125
30841,6427.4560546875
30842,7694.99072265625
30843,8280.109375
30844,4270.32080078125
30845,3910.9931640625
30846,3851.30126953125
30847,4475.29150390625
30848,7459.900390625
30849,4536.42822265625
30850,3877.814697265625
30851,4193.9111328125
30852,5493.15380859375
30853,3851.30126953125
30854,5756.18701171875
30855,3851.30126953125
30856,6101.43798828125
30857,5262.078125
30858,4734.298828125
30859,5606.57958984375
30860,5569.89208984375
30861,3851.30126953125
30862,5550.029296875
30863,5640.0791015625
30864,8045.78173828125
30865,4624.6962890625
30866,6643.859375
30867,6874.7802734375
30868,7171.322265625
30869,5290.9951171875
30870,7042.19677734375
30871,3851.30126953125
30872,3851.30126953125
30873,5058.4111328125
30874,5175.95703125
30875,7243.2021484375
30876,6106.33984375
30877,4411.5478515625
30878,6061.95703125
30879,5968.56640625
30880,7158.61328125
30881,3851.30126953125
30882,10236.10546875
30883,3851.30126953125
30884,5078.62744140625
30885,6734.884765625
30886,3851.30126953125
30887,4365.5908203125
30888,4905.0
30889,5604.197265625
30890,4311.26171875
30891,3938.33984375
30892,6677.8623046875
30893,6264.81201171875
30894,5529.384765625
30895,3851.30126953125
30896,6152.16015625
30897,8699.7890625
30898,4940.2216796875
30899,4177.24560546875
30900,5397.919921875
30901,4788.0908203125
30902,5370.46240234375
30903,6138.40869140625
30904,3851.30126953125
30905,6610.45703125
30906,4738.12939453125
30907,5301.587890625
30908,8232.60546875
30909,3851.30126953125
30910,4331.49267578125
30911,4283.009765625
30912,6178.484375
30913,6908.15673828125
30914,3851.30126953125
30915,3851.30126953125
30916,5692.54345703125
30917,4738.212890625
30918,4692.69189453125
30919,6278.2890625
30920,4996.0546875
30921,5995.83984375
30922,4444.98828125
30923,3851.30126953125
30924,5004.0595703125
30925,6254.65234375
30926,6240.04638671875
30927,6197.595703125
30928,6527.2255859375
30929,3851.30126953125
30930,6875.0263671875
30931,4486.03173828125
30932,4906.4013671875
30933,7449.39013671875
30934,5118.59765625
30935,8032.10009765625
30936,6386.23046875
30937,5657.1025390625
30938,4510.60888671875
30939,6027.47265625
30940,6060.34619140625
30941,4580.47314453125
30942,3851.30126953125
30943,4276.7373046875
30944,6469.24462890625
30945,4488.078125
30946,3851.30126953125
30947,6671.310546875
30948,5519.14990234375
30949,5021.35888671875
30950,4513.2939453125
30951,4457.779296875
30952,5853.37939453125
30953,5716.7578125
30954,5042.029296875
30955,4103.00634765625
30956,3892.090087890625
30957,5213.7041015625
30958,3851.30126953125
30959,5342.376953125
30960,3851.30126953125
30961,6528.74169921875
30962,6119.068359375
30963,5556.671875
30964,8319.482421875
30965,4108.0810546875
30966,4018.8671875
30967,8048.21142578125
30968,5349.931640625
30969,6710.02490234375
30970,6245.63671875
30971,4010.441650390625
30972,4990.224609375
30973,4281.7021484375
30974,5809.67724609375
30975,8645.9912109375
30976,5898.77099609375
30977,3851.30126953125
30978,3987.931396484375
30979,6735.45068359375
30980,6632.8203125
30981,4330.4921875
30982,5050.4921875
30983,3987.373046875
30984,3921.58056640625
30985,3851.30126953125
30986,3851.30126953125
30987,4747.6953125
30988,5348.259765625
30989,5669.14599609375
30990,4760.9111328125
30991,6370.7607421875
30992,6820.79052734375
30993,5898.06005859375
30994,3851.30126953125
30995,7592.20458984375
30996,7517.064453125
30997,4509.40380859375
30998,5718.76318359375
30999,3851.30126953125
31000,5173.0625
31001,3851.30126953125
31002,5348.36962890625
31003,3851.30126953125
31004,7749.294921875
31005,5241.6337890625
31006,6099.94921875
31007,6554.89794921875
31008,4470.109375
31009,6458.24267578125
31010,15001.5224609375
31011,7810.27197265625
31012,4550.896484375
31013,3851.30126953125
31014,4831.7158203125
31015,6672.8896484375
31016,4763.5537109375
31017,9988.708984375
31018,17608.41015625
31019,3851.30126953125
31020,4301.8564453125
31021,7407.79150390625
31022,3887.125244140625
31023,7345.96142578125
31024,4695.87890625
31025,5847.75732421875
31026,4151.509765625
31027,5317.48876953125
31028,4719.166015625
31029,6176.296875
31030,7350.2490234375
31031,4827.1201171875
31032,4799.716796875
31033,5715.1806640625
31034,3851.30126953125
31035,4391.8056640625
31036,6506.89208984375
31037,4141.1884765625
31038,4555.359375
31039,5629.068359375
31040,5072.5166015625
31041,4425.9755859375
31042,5624.7607421875
31043,5966.59375
31044,6321.8837890625
31045,7384.08935546875
31046,6281.9755859375
31047,4456.3115234375
31048,3851.30126953125
31049,4932.89892578125
31050,5703.88330078125
31051,4477.2587890625
31052,3851.30126953125
31053,6494.79833984375
31054,5457.26318359375
31055,7946.9169921875
31056,5462.236328125
31057,4087.0517578125
31058,4298.3232421875
31059,4048.38525390625
31060,7283.90576171875
31061,3918.627197265625
31062,6121.19873046875
31063,12011.4736328125
31064,6066.52978515625
31065,5203.9150390625
31066,3937.833984375
31067,4083.308837890625
31068,5380.29150390625
31069,3851.30126953125
31070,4811.6533203125
31071,8678.626953125
31072,4338.0869140625
31073,12073.8916015625
31074,10270.81640625
31075,4134.6552734375
31076,5692.736328125
31077,4116.78515625
31078,5762.89404296875
31079,4189.56591796875
31080,9126.001953125
31081,5380.13818359375
31082,7031.85400390625
31083,3851.30126953125
31084,6040.41650390625
31085,3851.30126953125
31086,7179.60986328125
31087,4943.85498046875
31088,4627.345703125
31089,5083.95458984375
31090,5447.2265625
31091,6476.0068359375
31092,7863.20556640625
31093,4689.06689453125
31094,7937.70556640625
31095,5639.7060546875
31096,7970.41796875
31097,4351.888671875
31098,3898.42431640625
31099,4076.192626953125
31100,7190.0322265625
31101,5156.908203125
31102,5467.40478515625
31103,4878.56640625
31104,6581.31689453125
31105,3851.30126953125
31106,7318.14013671875
31107,5661.32177734375
31108,3851.30126953125
31109,10461.8671875
31110,13763.8134765625
31111,5387.421875
31112,5812.9482421875
31113,7105.91943359375
31114,7755.2392578125
31115,9095.125
31116,4747.0029296875
31117,5813.84423828125
31118,4724.75537109375
31119,6421.8994140625
31120,3851.30126953125
31121,4580.48486328125
31122,4255.21337890625
31123,5013.43359375
31124,6274.57421875
31125,4450.6796875
31126,3851.30126953125
31127,5688.4375
31128,3851.30126953125
31129,3851.30126953125
31130,4348.88818359375
31131,4713.6328125
31132,6927.87939453125
31133,7072.5634765625
31134,5651.123046875
31135,5006.17822265625
31136,4897.28466796875
31137,8853.5478515625
31138,5627.4423828125
31139,4190.96875
31140,3851.30126953125
31141,7906.15283203125
31142,3851.30126953125
31143,5355.7509765625
31144,3851.30126953125
31145,4046.14794921875
31146,5812.40234375
31147,4679.57763671875
31148,4087.142822265625
31149,6987.52392578125
31150,7386.158203125
31151,8701.4794921875
31152,5841.06494140625
31153,7615.3623046875
31154,3851.30126953125
31155,3960.7158203125
31156,5082.70556640625
31157,3851.30126953125
31158,7367.2548828125
31159,4160.26416015625
31160,4216.6552734375
31161,6661.56787109375
31162,9185.0419921875
31163,7014.48779296875
31164,4513.63623046875
31165,4227.33642578125
31166,9791.4169921875
31167,6808.02978515625
31168,4709.03125
31169,4143.10546875
31170,6037.10888671875
31171,6919.3798828125
31172,3851.30126953125
31173,4753.8544921875
31174,6399.2314453125
31175,6611.47705078125
31176,10664.9140625
31177,5378.169921875
31178,9676.0380859375
31179,5347.2216796875
31180,4373.13134765625
31181,3851.30126953125
31182,5077.40185546875
31183,4716.578125
31184,4118.8984375
31185,6495.89892578125
31186,3851.30126953125
31187,3854.028564453125
31188,5534.37353515625
31189,3851.30126953125
31190,6605.82470703125
31191,5275.259765625
31192,6218.43994140625
31193,6239.98095703125
31194,3889.5927734375
31195,7784.1123046875
31196,5609.0087890625
31197,4202.8916015625
31198,4447.451171875
31199,4291.0693359375
31200,8024.318359375
31201,5427.30419921875
31202,3851.30126953125
31203,5687.591796875
31204,6700.1953125
31205,5639.4345703125
31206,4719.0380859375
31207,6709.75146484375
31208,4683.306640625
31209,5417.71630859375
31210,4457.712890625
31211,6889.68603515625
31212,4257.55859375
31213,5090.8779296875
31214,4156.736328125
31215,4227.4384765625
31216,3851.30126953125
31217,3851.30126953125
31218,6364.341796875
31219,7752.29296875
31220,8615.626953125
31221,8821.0732421875
31222,6599.681640625
31223,6932.25244140625
31224,3969.426025390625
31225,8653.349609375
31226,8166.28955078125
31227,5603.0263671875
31228,6671.076171875
31229,6308.7021484375
31230,4709.58203125
31231,3851.30126953125
31232,9468.4189453125
31233,5325.73779296875
31234,5312.29345703125
31235,4625.9365234375
31236,3851.30126953125
31237,8594.76171875
31238,4389.48291015625
31239,3851.30126953125
31240,3927.802734375
31241,4413.2470703125
31242,5440.6796875
31243,6106.58544921875
31244,5707.13916015625
31245,3986.615966796875
31246,3851.30126953125
31247,3851.30126953125
31248,3851.30126953125
31249,5554.16455078125
31250,15646.279296875
31251,4015.592041015625
31252,4215.3583984375
31253,5213.5673828125
31254,3851.30126953125
31255,3851.30126953125
31256,4093.119140625
31257,3851.30126953125
31258,5820.130859375
31259,5148.09765625
31260,3851.30126953125
31261,7123.53466796875
31262,4148.83984375
31263,4061.078369140625
31264,8208.3642578125
31265,6472.87060546875
31266,8131.23828125
31267,4610.39501953125
31268,5422.55078125
31269,3851.30126953125
31270,4174.1103515625
31271,11374.859375
31272,7747.83251953125
31273,4627.580078125
31274,3851.30126953125
31275,3851.30126953125
31276,4946.76171875
31277,3851.30126953125
31278,8240.73046875
31279,4062.134765625
31280,4742.759765625
31281,5783.96728515625
31282,3851.30126953125
31283,4877.169921875
31284,5373.89013671875
31285,5792.2822265625
31286,5722.912109375
31287,3851.30126953125
31288,4668.05419921875
31289,5060.208984375
31290,7209.861328125
31291,6750.630859375
31292,5698.7900390625
31293,3851.30126953125
31294,6647.9228515625
31295,4659.0439453125
31296,3851.30126953125
31297,5455.40771484375
31298,5738.21240234375
31299,4706.259765625
31300,5182.685546875
31301,4891.9130859375
31302,5191.4619140625
31303,3951.470703125
31304,6031.6181640625
31305,5539.79345703125
31306,5054.4013671875
31307,7486.1396484375
31308,4943.11181640625
31309,3851.30126953125
31310,8699.6435546875
31311,4411.5380859375
31312,3851.30126953125
31313,6208.37060546875
31314,7273.54833984375
31315,8703.8876953125
31316,3877.000244140625
31317,5175.84765625
31318,4939.970703125
31319,6233.376953125
31320,4596.7275390625
31321,6245.5693359375
31322,3851.30126953125
31323,4467.2578125
31324,4268.2802734375
31325,4045.82421875
31326,3905.48291015625
31327,5587.49609375
31328,5750.93896484375
31329,4934.9716796875
31330,6097.61181640625
31331,5890.8837890625
31332,6598.55908203125
31333,3851.30126953125
31334,4943.2080078125
31335,5555.48046875
31336,5894.7314453125
31337,6475.740234375
31338,3851.30126953125
31339,7846.41650390625
31340,5672.87939453125
31341,5660.8359375
31342,3979.73193359375
31343,3851.30126953125
31344,7026.451171875
31345,4909.005859375
31346,6618.07373046875
31347,5432.79052734375
31348,4224.0546875
31349,6085.04443359375
31350,4971.486328125
31351,4409.90478515625
31352,6738.4951171875
31353,4509.646484375
31354,7442.48876953125
31355,7643.7177734375
31356,6375.248046875
31357,3851.30126953125
31358,4208.0244140625
31359,3851.30126953125
31360,3851.30126953125
31361,6312.861328125
31362,4583.3662109375
31363,6809.50048828125
31364,3851.30126953125
31365,4859.8837890625
31366,5174.5712890625
31367,7538.23681640625
31368,3851.30126953125
31369,4573.474609375
31370,4017.1025390625
31371,6170.77734375
31372,4412.19921875
31373,5973.923828125
31374,6365.17626953125
31375,7216.08056640625
31376,5706.328125
31377,5353.349609375
31378,4558.19189453125
31379,3851.30126953125
31380,4147.35546875
31381,8189.0400390625
31382,7066.7578125
31383,7709.244140625
31384,13094.453125
31385,4375.4921875
31386,3900.6298828125
31387,4734.36669921875
31388,6327.80224609375
31389,7666.01904296875
31390,5391.423828125
31391,6556.64990234375
31392,6179.75244140625
31393,6036.19140625
31394,4539.4765625
31395,4067.986572265625
31396,4104.0087890625
31397,3851.30126953125
31398,3851.30126953125
31399,4606.806640625
31400,6071.1826171875
31401,13459.4375
31402,5884.15185546875
31403,4443.39208984375
31404,5533.1533203125
31405,3851.30126953125
31406,5043.189453125
31407,3851.30126953125
31408,7174.2158203125
31409,5117.56298828125
31410,5220.6416015625
31411,10152.712890625
31412,10548.8017578125
31413,4650.0126953125
31414,5599.779296875
31415,3851.30126953125
31416,4405.5166015625
31417,4574.888671875
31418,6588.951171875
31419,3851.30126953125
31420,3851.30126953125
31421,4681.2392578125
31422,4170.08642578125
31423,5613.05224609375
31424,5333.5791015625
31425,3851.30126953125
31426,6291.1259765625
31427,6753.14208984375
31428,5337.1220703125
31429,3851.30126953125
31430,3851.30126953125
31431,5832.96484375
31432,3851.30126953125
31433,8113.978515625
31434,3851.30126953125
31435,4182.7900390625
31436,5484.29833984375
31437,4168.806640625
31438,3930.387939453125
31439,4343.7197265625
31440,5012.91357421875
31441,7623.056640625
31442,7129.64013671875
31443,4431.64892578125
31444,3851.30126953125
31445,4613.078125
31446,5541.431640625
31447,4028.3056640625
31448,4057.833984375
31449,4904.13671875
31450,9628.8671875
31451,5925.0966796875
31452,5082.56689453125
31453,5827.728515625
31454,4010.2841796875
31455,7556.82177734375
31456,4588.5546875
31457,9941.796875
31458,4560.04931640625
31459,3856.171142578125
31460,4149.484375
31461,3851.30126953125
31462,5739.3291015625
31463,16231.49609375
31464,3851.30126953125
31465,3851.30126953125
31466,7371.30322265625
31467,5377.671875
31468,5679.27880859375
31469,6746.05517578125
31470,4580.99072265625
31471,4255.6572265625
31472,3851.30126953125
31473,8186.0888671875
31474,4999.287109375
31475,5616.65478515625
31476,6117.1982421875
31477,3913.796875
31478,6225.82861328125
31479,5246.7353515625
31480,3851.30126953125
31481,7190.978515625
31482,7784.2666015625
31483,3851.30126953125
31484,5973.2587890625
31485,5378.64794921875
31486,4143.4580078125
31487,7405.1318359375
31488,4981.35205078125
31489,6625.21923828125
31490,3851.30126953125
31491,3851.30126953125
31492,5862.11083984375
31493,3851.30126953125
31494,6918.740234375
31495,3851.30126953125
31496,4976.64208984375
31497,4225.970703125
31498,4463.662109375
31499,4548.734375
31500,5717.66552734375
31501,4737.16162109375
31502,6500.87353515625
31503,4869.244140625
31504,5813.361328125
31505,5515.8896484375
31506,6608.818359375
31507,7848.8232421875
31508,5910.283203125
31509,3851.30126953125
31510,5007.11669921875
31511,6013.5517578125
31512,3851.30126953125
31513,8836.9375
31514,4801.40087890625
31515,5758.185546875
31516,8433.962890625
31517,5376.25927734375
31518,3851.30126953125
31519,9197.73046875
31520,7986.375
31521,4844.78759765625
31522,7187.19873046875
31523,7680.39111328125
31524,5066.10205078125
31525,4601.5703125
31526,5234.8603515625
31527,4525.99267578125
31528,4915.7001953125
31529,5577.0830078125
31530,3881.045654296875
31531,5551.9892578125
31532,5367.78125
31533,5469.63671875
31534,5812.900390625
31535,5153.1708984375
31536,5741.23486328125
31537,3903.961669921875
31538,6131.6650390625
31539,5395.3310546875
31540,5004.27392578125
31541,5526.75244140625
31542,5416.85986328125
31543,7878.556640625
31544,4106.7314453125
31545,4269.6796875
31546,4856.36083984375
31547,5573.9951171875
31548,6116.00390625
31549,3851.30126953125
31550,3851.30126953125
31551,6879.99462890625
31552,6807.30126953125
31553,4448.40234375
31554,5720.7548828125
31555,5361.7802734375
31556,5382.90625
31557,3851.30126953125
31558,3851.30126953125
31559,5392.140625
31560,4904.423828125
31561,5000.181640625
31562,7428.44189453125
31563,6662.64306640625
31564,4155.1103515625
31565,6673.6689453125
31566,3851.30126953125
31567,3851.30126953125
31568,4590.935546875
31569,9121.6162109375
31570,6150.8720703125
31571,5619.619140625
31572,3851.30126953125
31573,5318.669921875
31574,7266.91650390625
31575,4365.078125
31576,6367.7900390625
31577,4417.79296875
31578,3971.12890625
31579,4449.333984375
31580,4588.6416015625
31581,4387.30615234375
31582,4140.63330078125
31583,3851.30126953125
31584,3851.30126953125
31585,6118.02197265625
31586,5713.03271484375
31587,4048.531494140625
31588,5024.3076171875
31589,5277.603515625
31590,4854.330078125
31591,3851.30126953125
31592,7237.93896484375
31593,6025.796875
31594,4686.63623046875
31595,3851.30126953125
31596,8881.849609375
31597,4893.5673828125
31598,4039.144775390625
31599,6869.96728515625
31600,6983.46826171875
31601,5758.6123046875
31602,4788.986328125
31603,6280.103515625
31604,6532.6259765625
31605,9970.591796875
31606,3851.30126953125
31607,3851.30126953125
31608,3851.30126953125
31609,5043.7333984375
31610,4115.6806640625
31611,6389.81103515625
31612,6730.65185546875
31613,4712.6796875
31614,3851.30126953125
31615,4495.76220703125
31616,8500.4873046875
31617,4222.4775390625
31618,5295.7353515625
31619,3851.30126953125
31620,5559.86767578125
31621,5999.6376953125
31622,5972.3232421875
31623,6741.990234375
31624,5117.26220703125
31625,3851.30126953125
31626,4942.125
31627,5475.7490234375
31628,6427.279296875
31629,5926.7880859375
31630,6263.35498046875
31631,4441.0751953125
31632,3851.30126953125
31633,7819.18017578125
31634,3851.30126953125
31635,7875.66064453125
31636,4595.67578125
31637,3851.30126953125
31638,5356.12939453125
31639,4690.318359375
31640,5847.04345703125
31641,6846.62451171875
31642,3851.30126953125
31643,3851.30126953125
31644,4874.7119140625
31645,6871.6865234375
31646,8385.50390625
31647,4264.751953125
31648,5108.5556640625
31649,5438.716796875
31650,4773.26513671875
31651,4132.9287109375
31652,7795.38916015625
31653,6883.7255859375
31654,10214.3955078125
31655,3851.30126953125
31656,4745.3935546875
31657,8771.9462890625
31658,7826.6533203125
31659,4164.775390625
31660,7896.3349609375
31661,5681.29833984375
31662,4474.0712890625
31663,4016.1845703125
31664,3851.30126953125
31665,4102.75537109375
31666,5372.388671875
31667,3851.30126953125
31668,4037.8203125
31669,6787.37939453125
31670,5611.30810546875
31671,18279.0703125
31672,4872.173828125
31673,3851.30126953125
31674,5784.4794921875
31675,8178.126953125
31676,5234.8046875
31677,5710.4453125
31678,4788.40234375
31679,6148.54638671875
31680,5662.5107421875
31681,3851.30126953125
31682,4185.64453125
31683,5315.404296875
31684,6654.30126953125
31685,5539.98583984375
31686,6704.533203125
31687,4623.7900390625
31688,3851.30126953125
31689,4122.5478515625
31690,7804.32373046875
31691,8405.6865234375
31692,6898.24169921875
31693,5536.83154296875
31694,3851.30126953125
31695,4358.27587890625
31696,3851.30126953125
31697,6535.74072265625
31698,7620.9365234375
31699,8143.29248046875
31700,4460.31640625
31701,3851.30126953125
31702,3851.30126953125
31703,4306.3515625
31704,7472.86962890625
31705,4406.677734375
31706,4044.71337890625
31707,4050.38818359375
31708,5296.994140625
31709,3851.30126953125
31710,6072.87451171875
31711,3851.30126953125
31712,5963.0517578125
31713,5410.97509765625
31714,4753.1796875
31715,5925.1572265625
31716,5490.02783203125
31717,3851.30126953125
31718,5593.376953125
31719,5574.15673828125
31720,8037.19287109375
31721,4720.68115234375
31722,6719.63037109375
31723,6912.2919921875
31724,7017.65283203125
31725,5342.76220703125
31726,7165.955078125
31727,3851.30126953125
31728,3851.30126953125
31729,4945.27734375
31730,5212.72314453125
31731,6994.60595703125
31732,5972.11083984375
31733,4633.40625
31734,6127.20361328125
31735,6197.95263671875
31736,7193.5478515625
31737,3851.30126953125
31738,10287.4560546875
31739,3851.30126953125
31740,5067.716796875
31741,6515.7978515625
31742,3851.30126953125
31743,4240.5009765625
31744,4659.60986328125
31745,5568.32421875
31746,4144.6826171875
31747,4059.12646484375
31748,6768.318359375
31749,6220.9658203125
31750,5157.0625
31751,3851.30126953125
31752,6220.458984375
31753,8760.060546875
31754,5233.099609375
31755,4145.44921875
31756,5406.17138671875
31757,4794.12841796875
31758,5427.36767578125
31759,6152.0390625
31760,3851.30126953125
31761,6595.59375
31762,4780.259765625
31763,5281.84912109375
31764,8336.2255859375
31765,3851.30126953125
31766,4242.20751953125
31767,4227.71875
31768,6317.8466796875
31769,6769.77783203125
31770,3851.30126953125
31771,3851.30126953125
31772,5853.7861328125
31773,4698.556640625
31774,4756.3115234375
31775,6536.1611328125
31776,4942.1142578125
31777,5954.45703125
31778,4473.91943359375
31779,3851.30126953125
31780,5042.04638671875
31781,6334.85205078125
31782,6170.787109375
31783,6410.771484375
31784,6408.32470703125
31785,3962.755126953125
31786,6877.43994140625
31787,4433.8759765625
31788,4945.5205078125
31789,7533.001953125
31790,5024.5615234375
31791,8176.1552734375
31792,6478.5576171875
31793,5808.2197265625
31794,4541.2333984375
31795,6048.373046875
31796,6013.021484375
31797,4723.8984375
31798,3851.30126953125
31799,4296.17333984375
31800,6586.4013671875
31801,4695.65234375
31802,3851.30126953125
31803,6927.36083984375
31804,5696.736328125
31805,5071.03759765625
31806,4612.0263671875
31807,4335.330078125
31808,5828.83349609375
31809,5814.7119140625
31810,5140.10986328125
31811,4089.912109375
31812,4108.06298828125
31813,5227.478515625
31814,3851.30126953125
31815,5379.79345703125
31816,3868.814697265625
31817,6568.15478515625
31818,6177.912109375
31819,5651.5791015625
31820,8381.5244140625
31821,4000.190673828125
31822,4059.562744140625
31823,8355.4013671875
31824,5418.50439453125
31825,6672.36181640625
31826,6136.22705078125
31827,3969.734619140625
31828,4953.62841796875
31829,4352.6796875
31830,5609.193359375
31831,8828.349609375
31832,5804.2861328125
31833,3851.30126953125
31834,3851.30126953125
31835,6522.8349609375
31836,6504.8896484375
31837,4292.06640625
31838,5213.14599609375
31839,4044.42138671875
31840,3851.30126953125
31841,3851.30126953125
31842,3851.30126953125
31843,4875.10205078125
31844,5383.8623046875
31845,5947.345703125
31846,4962.83740234375
31847,6156.4921875
31848,6587.068359375
31849,5946.88916015625
31850,3851.30126953125
31851,7704.158203125
31852,7358.041015625
31853,4650.4482421875
31854,5601.7294921875
31855,3851.30126953125
31856,5207.1171875
31857,3851.30126953125
31858,5183.6435546875
31859,3851.30126953125
31860,7718.76220703125
31861,5401.4296875
31862,6017.7939453125
31863,6551.77685546875
31864,4415.80322265625
31865,6296.43017578125
31866,15450.869140625
31867,7778.52294921875
31868,4755.93359375
31869,3851.30126953125
31870,4638.1630859375
31871,7019.3427734375
31872,4920.48486328125
31873,9801.732421875
31874,17410.189453125
31875,3851.30126953125
31876,4179.501953125
31877,7514.4921875
31878,3851.30126953125
31879,7207.087890625
31880,4757.49658203125
31881,6005.4580078125
31882,4047.93212890625
31883,5232.3564453125
31884,4739.666015625
31885,6171.912109375
31886,7197.197265625
31887,4693.419921875
31888,4703.85302734375
31889,5709.8798828125
31890,3851.30126953125
31891,4310.861328125
31892,6435.435546875
31893,4068.995361328125
31894,4649.3291015625
31895,5651.3017578125
31896,4940.8837890625
31897,4288.88720703125
31898,5684.9091796875
31899,5945.8330078125
31900,6489.3642578125
31901,7321.6162109375
31902,6296.529296875
31903,4439.62548828125
31904,3851.30126953125
31905,4807.650390625
31906,5842.10986328125
31907,4494.71875
31908,3851.30126953125
31909,6464.17431640625
31910,5151.697265625
31911,7738.15380859375
31912,5762.2060546875
31913,4255.7080078125
31914,3940.14892578125
31915,4014.7724609375
31916,7447.11083984375
31917,3958.097900390625
31918,6104.08251953125
31919,12271.5927734375
31920,5897.32861328125
31921,4910.47314453125
31922,3938.210693359375
31923,3851.30126953125
31924,5142.1064453125
31925,3851.30126953125
31926,4567.75927734375
31927,8663.8935546875
31928,4218.11328125
31929,12154.240234375
31930,10456.0556640625
31931,4055.877197265625
31932,5647.7470703125
31933,4082.15673828125
31934,5739.7509765625
31935,4413.8232421875
31936,9169.3955078125
31937,5537.689453125
31938,6850.99755859375
31939,3851.30126953125
31940,6124.1728515625
31941,3851.30126953125
31942,6994.994140625
31943,5025.49951171875
31944,4405.90771484375
31945,5016.93701171875
31946,5363.79150390625
31947,6452.75830078125
31948,7630.95263671875
31949,4921.103515625
31950,7944.865234375
31951,5610.81005859375
31952,8018.2158203125
31953,4281.86376953125
31954,4058.936279296875
31955,3961.62890625
31956,7459.81689453125
31957,5157.7490234375
31958,5586.953125
31959,5031.177734375
31960,6649.5087890625
31961,3851.30126953125
31962,7227.59033203125
31963,5823.9697265625
31964,3851.30126953125
31965,10603.546875
31966,14099.958984375
31967,5463.73583984375
31968,5538.400390625
31969,6929.2861328125
31970,7591.966796875
31971,9056.021484375
31972,4375.8525390625
31973,5649.39990234375
31974,4585.783203125
31975,6418.5927734375
31976,3851.30126953125
31977,4521.685546875
31978,4402.6240234375
31979,4861.9951171875
31980,6523.17529296875
31981,4169.2734375
31982,3851.30126953125
31983,5660.9130859375
31984,3851.30126953125
31985,3851.30126953125
31986,4221.60107421875
31987,4461.3525390625
31988,6877.35205078125
31989,6861.64697265625
31990,5766.294921875
31991,4890.5205078125
31992,4899.1513671875
31993,8821.5009765625
31994,5415.619140625
31995,4138.1171875
31996,3851.30126953125
31997,7934.291015625
31998,3851.30126953125
31999,5247.38671875
32000,3851.30126953125
32001,3864.3056640625
32002,5954.00927734375
32003,4574.14306640625
32004,4049.10693359375
32005,6901.64697265625
32006,7331.302734375
32007,8757.076171875
32008,5880.39306640625
32009,7699.68359375
32010,3851.30126953125
32011,3944.731689453125
32012,5036.2451171875
32013,3851.30126953125
32014,7399.921875
32015,4006.03662109375
32016,4190.583984375
32017,6749.20947265625
32018,9009.328125
32019,6890.01953125
32020,4417.57275390625
32021,4186.302734375
32022,9785.271484375
32023,7094.10498046875
32024,4477.23291015625
32025,4175.166015625
32026,6218.97265625
32027,6884.91064453125
32028,3851.30126953125
32029,4676.31640625
32030,6449.5107421875
32031,6544.89599609375
32032,10689.640625
32033,5452.283203125
32034,9932.880859375
32035,5322.2529296875
32036,4360.66796875
32037,3851.30126953125
32038,5035.10693359375
32039,4856.7802734375
32040,3936.573486328125
32041,6556.298828125
32042,3851.30126953125
32043,3851.30126953125
32044,5552.24560546875
32045,3851.30126953125
32046,6472.8974609375
32047,5322.15625
32048,6220.47265625
32049,6089.16357421875
32050,3986.7724609375
32051,7703.2451171875
32052,5688.7705078125
32053,4138.048828125
32054,4403.21875
32055,4356.3369140625
32056,7939.322265625
32057,5470.1259765625
32058,3860.9228515625
32059,5485.73779296875
32060,6620.3564453125
32061,5303.55908203125
32062,4894.60498046875
32063,6688.45654296875
32064,4766.48583984375
32065,5207.447265625
32066,4503.4482421875
32067,6799.03125
32068,4403.03515625
32069,5454.4697265625
32070,4354.509765625
32071,4326.45166015625
32072,3851.30126953125
32073,3851.30126953125
32074,6309.0810546875
32075,7469.2255859375
32076,8780.1640625
32077,8874.802734375
32078,6787.43115234375
32079,6968.34716796875
32080,4014.989013671875
32081,8948.501953125
32082,8265.6845703125
32083,5490.759765625
32084,6971.71142578125
32085,6267.26708984375
32086,4729.9189453125
32087,3851.30126953125
32088,9523.26171875
32089,5240.78857421875
32090,5496.365234375
32091,4645.47216796875
32092,3851.30126953125
32093,8630.3671875
32094,4356.98046875
32095,3851.30126953125
32096,3851.30126953125
32097,4367.1787109375
32098,5557.78564453125
32099,5959.53271484375
32100,5428.5244140625
32101,3937.427978515625
32102,3851.30126953125
32103,3851.30126953125
32104,3851.30126953125
32105,5540.45751953125
32106,15685.9609375
32107,3851.30126953125
32108,4162.37060546875
32109,5520.6015625
32110,3851.30126953125
32111,3873.31494140625
32112,3979.386962890625
32113,3851.30126953125
32114,5761.841796875
32115,4809.25390625
32116,3851.30126953125
32117,6979.4912109375
32118,3957.32373046875
32119,4090.07568359375
32120,8302.8154296875
32121,6231.42431640625
32122,8361.4130859375
32123,4743.796875
32124,5388.13427734375
32125,3851.30126953125
32126,4152.4443359375
32127,11649.130859375
32128,7737.61083984375
32129,4626.2412109375
32130,3851.30126953125
32131,3851.30126953125
32132,4917.28857421875
32133,3851.30126953125
32134,8404.4755859375
32135,4065.2255859375
32136,4942.421875
32137,5860.5087890625
32138,3851.30126953125
32139,4776.35546875
32140,5503.84375
32141,5697.03515625
32142,5695.4013671875
32143,3851.30126953125
32144,4655.6474609375
32145,5040.02734375
32146,7268.8681640625
32147,6781.93359375
32148,5493.6416015625
32149,3950.0498046875
32150,6593.2333984375
32151,4688.107421875
32152,3851.30126953125
32153,5194.595703125
32154,5858.56396484375
32155,4557.3134765625
32156,5217.17431640625
32157,5038.58984375
32158,5173.12158203125
32159,4035.28369140625
32160,6250.38427734375
32161,5448.1669921875
32162,4933.427734375
32163,7355.955078125
32164,4964.3369140625
32165,3851.30126953125
32166,8987.3857421875
32167,4228.9375
32168,3851.30126953125
32169,6069.44140625
32170,7271.55224609375
32171,8743.7626953125
32172,4123.2373046875
32173,5225.81103515625
32174,5034.3212890625
32175,6381.0634765625
32176,4144.1025390625
32177,6132.7880859375
32178,3851.30126953125
32179,4764.4296875
32180,4247.248046875
32181,4022.928466796875
32182,3851.30126953125
32183,5679.38037109375
32184,5651.3271484375
32185,4977.017578125
32186,6051.1533203125
32187,6006.84814453125
32188,6687.00390625
32189,3851.30126953125
32190,5007.146484375
32191,5391.69287109375
32192,5623.12109375
32193,6254.3642578125
32194,3851.30126953125
32195,7606.7333984375
32196,5640.392578125
32197,5443.384765625
32198,4006.0966796875
32199,3851.30126953125
32200,6919.7998046875
32201,5097.2744140625
32202,6434.33154296875
32203,5510.02978515625
32204,4638.8212890625
32205,5948.2119140625
32206,5084.3603515625
32207,4510.4814453125
32208,6826.52490234375
32209,4352.125
32210,7437.2578125
32211,7294.86328125
32212,6173.310546875
32213,3851.30126953125
32214,4258.62109375
32215,3851.30126953125
32216,3851.30126953125
32217,6087.88818359375
32218,4615.1142578125
32219,6950.71435546875
32220,3851.30126953125
32221,4817.7470703125
32222,5295.615234375
32223,7662.4296875
32224,3851.30126953125
32225,4465.25244140625
32226,4059.149169921875
32227,6048.0400390625
32228,4351.26025390625
32229,6009.04052734375
32230,6212.66455078125
32231,7189.2978515625
32232,5553.66796875
32233,5374.8837890625
32234,4522.87255859375
32235,3851.30126953125
32236,4191.6572265625
32237,7853.92041015625
32238,6831.1796875
32239,7723.96533203125
32240,12912.50390625
32241,4077.71484375
32242,3922.081787109375
32243,4735.06591796875
32244,6511.15478515625
32245,7600.5615234375
32246,5462.8251953125
32247,6704.63623046875
32248,6198.95166015625
32249,6018.93505859375
32250,4505.7265625
32251,3851.30126953125
32252,3989.30029296875
32253,3911.510009765625
32254,3851.30126953125
32255,4317.8203125
32256,6003.11865234375
32257,13573.681640625
32258,5778.845703125
32259,4481.7392578125
32260,5283.455078125
32261,3851.30126953125
32262,5084.921875
32263,3851.30126953125
32264,7212.693359375
32265,5195.90966796875
32266,5135.52734375
32267,10255.53125
32268,10170.34765625
32269,4837.591796875
32270,5439.15234375
32271,3851.30126953125
32272,4571.49609375
32273,4534.44921875
32274,6685.958984375
32275,3851.30126953125
32276,3851.30126953125
32277,4691.0927734375
32278,4135.16552734375
32279,5598.71044921875
32280,5216.1689453125
32281,3851.30126953125
32282,6174.5283203125
32283,6276.40625
32284,5219.41455078125
32285,3851.30126953125
32286,3851.30126953125
32287,5979.20458984375
32288,3851.30126953125
32289,8079.35986328125
32290,3851.30126953125
32291,4302.6201171875
32292,5448.767578125
32293,4291.6572265625
32294,3905.181884765625
32295,4325.6337890625
32296,4847.8916015625
32297,7852.38671875
32298,7037.8349609375
32299,4363.61328125
32300,3851.30126953125
32301,4638.47265625
32302,5895.45849609375
32303,3922.254150390625
32304,4160.810546875
32305,4933.1416015625
32306,9463.357421875
32307,5941.81005859375
32308,5243.70751953125
32309,5933.763671875
32310,4149.654296875
32311,7480.58251953125
32312,4563.8955078125
32313,9920.4140625
32314,4579.5546875
32315,3930.816650390625
32316,4148.939453125
32317,3851.30126953125
32318,5784.19580078125
32319,16538.8671875
32320,3851.30126953125
32321,3852.972900390625
32322,7406.2392578125
32323,5495.4697265625
32324,5933.28564453125
32325,6864.55615234375
32326,4520.88671875
32327,4226.91064453125
32328,3851.30126953125
32329,8229.576171875
32330,4974.21435546875
32331,5600.94384765625
32332,5956.859375
32333,3926.971435546875
32334,6298.0107421875
32335,5166.49072265625
32336,3851.30126953125
32337,7007.76416015625
32338,7763.1748046875
32339,3924.84228515625
32340,6103.162109375
32341,5357.4375
32342,4068.71337890625
32343,7492.40185546875
32344,5103.20947265625
32345,6377.939453125
32346,3851.30126953125
32347,3851.30126953125
32348,6094.95703125
32349,3851.30126953125
32350,6906.54345703125
32351,3851.30126953125
32352,5047.5830078125
32353,4144.2939453125
32354,4447.4619140625
32355,4661.4794921875
32356,5832.66162109375
32357,4670.310546875
32358,6524.4609375
32359,4833.2763671875
32360,5995.3662109375
32361,5494.4150390625
32362,6838.7919921875
32363,8042.04736328125
32364,5880.4189453125
32365,3851.30126953125
32366,5111.40283203125
32367,6089.3427734375
32368,3896.010009765625
32369,8846.0185546875
32370,4773.8291015625
32371,6002.84912109375
32372,8626.8046875
32373,5513.98583984375
32374,3851.30126953125
32375,9408.3681640625
32376,8124.7294921875
32377,4771.83544921875
32378,7219.39697265625
32379,7605.005859375
32380,5198.20654296875
32381,4504.4267578125
32382,5137.6376953125
32383,4382.6640625
32384,5047.68994140625
32385,5089.13916015625
32386,3972.63427734375
32387,5386.076171875
32388,5076.564453125
32389,5243.98291015625
32390,5827.34130859375
32391,5141.9677734375
32392,5908.30419921875
32393,3894.818603515625
32394,6113.35888671875
32395,5152.9140625
32396,5072.20751953125
32397,5692.60302734375
32398,5387.34765625
32399,7851.86181640625
32400,4332.943359375
32401,4102.6640625
32402,4912.28515625
32403,5542.4345703125
32404,6112.39892578125
32405,3851.30126953125
32406,3851.30126953125
32407,6784.08544921875
32408,6764.89453125
32409,4592.291015625
32410,5628.55908203125
32411,5413.0927734375
32412,5334.87744140625
32413,3851.30126953125
32414,3851.30126953125
32415,5493.998046875
32416,4885.1318359375
32417,4924.12353515625
32418,7322.880859375
32419,6629.6572265625
32420,4129.0078125
32421,6682.1328125
32422,3851.30126953125
32423,3851.30126953125
32424,4559.744140625
32425,9193.8271484375
32426,5956.56982421875
32427,5799.5791015625
32428,3851.30126953125
32429,5453.94140625
32430,7225.0068359375
32431,4614.5068359375
32432,6226.34033203125
32433,4399.2548828125
32434,4010.346435546875
32435,4422.7080078125
32436,4797.1044921875
32437,4326.19140625
32438,3851.30126953125
32439,3851.30126953125
32440,3851.30126953125
32441,6299.11669921875
32442,6024.28515625
32443,3944.634033203125
32444,5083.39501953125
32445,5598.255859375
32446,4747.76416015625
32447,4018.74755859375
32448,7188.1435546875
32449,6081.8037109375
32450,4677.15625
32451,3851.30126953125
32452,8931.7685546875
32453,4828.58642578125
32454,3851.30126953125
32455,6708.79443359375
32456,6900.35595703125
32457,5751.19140625
32458,4839.8486328125
32459,6598.35693359375
32460,6777.54931640625
32461,10185.6171875
32462,3851.30126953125
32463,3851.30126953125
32464,3886.4775390625
32465,5273.0654296875
32466,4171.7109375
32467,6389.68701171875
32468,6750.9365234375
32469,4816.93359375
32470,3851.30126953125
32471,4492.34375
32472,8382.779296875
32473,3965.6396484375
32474,5272.30712890625
32475,3851.30126953125
32476,5688.9990234375
32477,5812.375
32478,5908.080078125
32479,6911.6484375
32480,5054.208984375
32481,3851.30126953125
32482,4909.4970703125
32483,5630.6123046875
32484,6653.30615234375
32485,5940.8095703125
32486,6382.9169921875
32487,4420.564453125
32488,3851.30126953125
32489,7915.732421875
32490,3853.603759765625
32491,8257.6767578125
32492,4817.89453125
32493,3851.30126953125
32494,5594.904296875
32495,4696.55224609375
32496,5675.59521484375
32497,6532.24560546875
32498,3851.30126953125
32499,3851.30126953125
32500,4926.8671875
32501,6762.04296875
32502,8244.369140625
32503,4346.4873046875
32504,5177.6416015625
32505,5482.3017578125
32506,4940.61474609375
32507,4180.05029296875
32508,7613.451171875
32509,6852.693359375
32510,10226.80859375
32511,3851.30126953125
32512,4590.37451171875
32513,8789.2158203125
32514,7682.2685546875
32515,3907.3330078125
32516,7848.7978515625
32517,5725.74462890625
32518,4373.740234375
32519,4078.065673828125
32520,3851.30126953125
32521,4036.840576171875
32522,5268.78466796875
32523,3851.30126953125
32524,4133.880859375
32525,6907.95751953125
32526,5630.0595703125
32527,18764.3125
32528,4923.67529296875
32529,3887.429443359375
32530,5940.0126953125
32531,9045.2490234375
32532,5417.24267578125
32533,6457.18603515625
32534,5360.046875
32535,6632.802734375
32536,6511.12548828125
32537,4115.9365234375
32538,4525.34619140625
32539,6009.30517578125
32540,7470.09814453125
32541,5931.09619140625
32542,7167.7451171875
32543,4940.06005859375
32544,3851.30126953125
32545,4474.3720703125
32546,8281.1787109375
32547,9416.546875
32548,7694.142578125
32549,6354.93212890625
32550,3915.20751953125
32551,4834.041015625
32552,3851.30126953125
32553,7274.603515625
32554,8593.791015625
32555,8845.0615234375
32556,5100.12646484375
32557,4401.08447265625
32558,3851.30126953125
32559,4598.8662109375
32560,8375.4931640625
32561,5027.1826171875
32562,4541.35986328125
32563,4449.23291015625
32564,5920.71044921875
32565,3851.30126953125
32566,6762.15478515625
32567,3867.3681640625
32568,6343.75048828125
32569,6243.88232421875
32570,5159.0087890625
32571,6333.74072265625
32572,5931.54833984375
32573,4152.13232421875
32574,5869.826171875
32575,5798.16259765625
32576,8793.021484375
32577,5357.1044921875
32578,7347.07080078125
32579,7763.001953125
32580,7874.4365234375
32581,5802.0830078125
32582,7647.953125
32583,4125.9208984375
32584,3997.935546875
32585,5247.55517578125
32586,5858.8955078125
32587,7652.6318359375
32588,6832.97607421875
32589,5204.59716796875
32590,6966.59375
32591,6835.5166015625
32592,7644.54541015625
32593,3851.30126953125
32594,11292.986328125
32595,3916.521728515625
32596,5508.8779296875
32597,7171.25732421875
32598,4083.6728515625
32599,4904.50341796875
32600,5026.8505859375
32601,6198.8173828125
32602,4625.416015625
32603,4354.931640625
32604,7398.2685546875
32605,6741.01513671875
32606,6164.16015625
32607,4373.64501953125
32608,6725.76318359375
32609,10182.443359375
32610,5867.787109375
32611,4589.365234375
32612,5784.2353515625
32613,5548.9755859375
32614,5835.66650390625
32615,6546.41943359375
32616,3851.30126953125
32617,7612.00390625
32618,5172.16748046875
32619,5978.3955078125
32620,8264.791015625
32621,3851.30126953125
32622,4713.10205078125
32623,4573.8173828125
32624,6853.1123046875
32625,7520.9248046875
32626,3931.25341796875
32627,4387.11328125
32628,5952.85791015625
32629,4782.4248046875
32630,5315.5634765625
32631,6877.80078125
32632,5567.95458984375
32633,6261.50830078125
32634,4597.728515625
32635,4312.337890625
32636,5521.67431640625
32637,6949.107421875
32638,6992.00927734375
32639,7122.6904296875
32640,6749.8486328125
32641,4427.90234375
32642,7706.2529296875
32643,4672.1875
32644,5336.62109375
32645,8144.2255859375
32646,5264.84423828125
32647,8948.2158203125
32648,7019.904296875
32649,6459.82470703125
32650,4884.71630859375
32651,6373.20751953125
32652,6825.2734375
32653,5108.2109375
32654,3851.30126953125
32655,4827.7509765625
32656,7143.681640625
32657,5433.72509765625
32658,3887.053466796875
32659,7704.09912109375
32660,6108.755859375
32661,5478.662109375
32662,5224.0712890625
32663,4824.751953125
32664,6387.20458984375
32665,6377.3505859375
32666,5657.927734375
32667,4532.2509765625
32668,4954.4833984375
32669,5714.0556640625
32670,3851.30126953125
32671,5862.66162109375
32672,4507.529296875
32673,7519.88818359375
32674,6853.90966796875
32675,5937.943359375
32676,9884.4775390625
32677,4530.72265625
32678,4359.712890625
32679,9254.869140625
32680,5860.99609375
32681,7616.92626953125
32682,6931.33544921875
32683,4211.51904296875
32684,5221.93701171875
32685,4889.705078125
32686,6232.369140625
32687,10451.841796875
32688,5859.8994140625
32689,3851.30126953125
32690,4146.7060546875
32691,6945.91357421875
32692,7217.85693359375
32693,5202.79345703125
32694,5612.2236328125
32695,4268.2021484375
32696,4013.029541015625
32697,3851.30126953125
32698,4396.78125
32699,5500.88916015625
32700,5835.8623046875
32701,6454.419921875
32702,5674.58056640625
32703,6696.498046875
32704,7098.08349609375
32705,6425.1875
32706,4325.984375
32707,8653.7119140625
32708,8644.103515625
32709,5043.9541015625
32710,6161.2431640625
32711,4132.4091796875
32712,5686.58349609375
32713,3851.30126953125
32714,5795.2646484375
32715,4222.3828125
32716,8372.1083984375
32717,6073.7744140625
32718,7044.27880859375
32719,6963.63330078125
32720,4678.6455078125
32721,7060.21826171875
32722,17557.88671875
32723,8665.7197265625
32724,5309.94775390625
32725,3851.30126953125
32726,4985.93701171875
32727,7728.91552734375
32728,5370.47509765625
32729,10548.150390625
32730,18308.3359375
32731,3851.30126953125
32732,4554.44140625
32733,8656.4150390625
32734,4227.8232421875
32735,8049.4697265625
32736,5360.541015625
32737,6455.3935546875
32738,4367.54638671875
32739,5859.3896484375
32740,5350.20361328125
32741,6909.20458984375
32742,8068.4482421875
32743,5254.85595703125
32744,5261.83447265625
32745,6659.0576171875
32746,4187.1611328125
32747,5047.103515625
32748,7181.55419921875
32749,4548.904296875
32750,5285.86083984375
32751,6390.42626953125
32752,5255.85693359375
32753,4803.6484375
32754,5905.68310546875
32755,6537.5947265625
32756,7557.47021484375
32757,7432.205078125
32758,6514.9892578125
32759,4864.7431640625
32760,3851.30126953125
32761,5255.9892578125
32762,6298.04345703125
32763,4872.6298828125
32764,4042.005859375
32765,7388.61328125
32766,5599.494140625
32767,7624.09521484375
32768,6223.78857421875
32769,4757.5078125
32770,4367.90234375
32771,4591.1181640625
32772,8314.1669921875
32773,4176.53515625
32774,6730.3583984375
32775,14044.515625
32776,6421.1396484375
32777,5512.07421875
32778,4540.193359375
32779,4000.81005859375
32780,5312.8427734375
32781,3851.30126953125
32782,5092.69189453125
32783,9040.40625
32784,4494.2763671875
32785,12371.25390625
32786,12029.634765625
32787,4388.10107421875
32788,6175.13134765625
32789,4629.74560546875
32790,6635.6005859375
32791,5113.74853515625
32792,9857.6416015625
32793,6480.20263671875
32794,7443.70556640625
32795,4172.18359375
32796,6527.23388671875
32797,3978.03369140625
32798,7835.8134765625
32799,5725.3486328125
32800,4803.619140625
32801,5401.53173828125
32802,5931.77734375
32803,7291.5068359375
32804,8263.521484375
32805,5032.447265625
32806,8737.7578125
32807,6171.3583984375
32808,8822.5107421875
32809,4406.9853515625
32810,4471.306640625
32811,4369.3681640625
32812,8705.115234375
32813,5742.83056640625
32814,6286.43017578125
32815,5925.56640625
32816,7370.54736328125
32817,3851.30126953125
32818,7604.71337890625
32819,6042.8837890625
32820,3851.30126953125
32821,11952.939453125
32822,15604.287109375
32823,6336.14453125
32824,6143.15087890625
32825,7962.91552734375
32826,8528.14453125
32827,9549.7568359375
32828,4638.4677734375
32829,6291.3291015625
32830,5039.6904296875
32831,7066.3603515625
32832,3851.30126953125
32833,4891.8857421875
32834,4822.16162109375
32835,5042.0439453125
32836,7284.06884765625
32837,4504.3857421875
32838,3851.30126953125
32839,6037.6484375
32840,3851.30126953125
32841,3914.053466796875
32842,4748.7412109375
32843,5110.7431640625
32844,7618.822265625
32845,7758.0576171875
32846,6086.111328125
32847,5389.052734375
32848,5268.69091796875
32849,9791.91796875
32850,6038.01708984375
32851,4524.140625
32852,3851.30126953125
32853,9019.865234375
32854,3982.889892578125
32855,5458.4208984375
32856,3851.30126953125
32857,4147.2646484375
32858,6577.794921875
32859,5090.5947265625
32860,4235.69482421875
32861,7624.37646484375
32862,8633.025390625
32863,9757.755859375
32864,5584.8251953125
32865,8478.6533203125
32866,3851.30126953125
32867,4099.83740234375
32868,5314.37548828125
32869,3851.30126953125
32870,7958.58251953125
32871,4096.21630859375
32872,4579.5048828125
32873,7458.32958984375
32874,9992.58984375
32875,7893.1083984375
32876,4676.7158203125
32877,4898.3017578125
32878,9768.7744140625
32879,7264.77880859375
32880,4922.5302734375
32881,4349.3359375
32882,6975.6552734375
32883,8122.09619140625
32884,3851.30126953125
32885,5248.00390625
32886,7101.69140625
32887,6873.587890625
32888,11461.09375
32889,6160.08837890625
32890,11526.05078125
32891,5960.5185546875
32892,4610.822265625
32893,3851.30126953125
32894,5725.29443359375
32895,5533.56494140625
32896,4129.255859375
32897,7292.04833984375
32898,4213.517578125
32899,3936.9794921875
32900,6250.3916015625
32901,3851.30126953125
32902,7262.490234375
32903,6077.650390625
32904,6590.828125
32905,6882.48876953125
32906,4224.4169921875
32907,8055.28515625
32908,6366.97509765625
32909,4336.86474609375
32910,5031.00341796875
32911,4710.9677734375
32912,9017.2919921875
32913,5759.771484375
32914,4406.4248046875
32915,6169.62060546875
32916,7315.59130859375
32917,5728.45263671875
32918,5287.66162109375
32919,7369.0283203125
32920,5487.21728515625
32921,5613.95947265625
32922,4817.3017578125
32923,7183.50537109375
32924,4738.54833984375
32925,5945.177734375
32926,4801.353515625
32927,4570.2177734375
32928,3941.22265625
32929,3969.472900390625
32930,6565.53271484375
32931,7206.2998046875
32932,9715.619140625
32933,9374.5234375
32934,7058.1357421875
32935,6739.54248046875
32936,4298.34375
32937,9801.1689453125
32938,9531.845703125
32939,6573.97216796875
32940,7397.357421875
32941,7006.0458984375
32942,5161.1005859375
32943,3851.30126953125
32944,10654.466796875
32945,5589.64990234375
32946,6287.72607421875
32947,5335.4580078125
32948,3851.30126953125
32949,9182.87109375
32950,4708.537109375
32951,4046.81396484375
32952,4170.85986328125
32953,4531.615234375
32954,5913.6953125
32955,6631.03369140625
32956,6155.4296875
32957,4078.75927734375
32958,4023.639892578125
32959,3851.30126953125
32960,3851.30126953125
32961,6066.74462890625
32962,16212.189453125
32963,4312.857421875
32964,4402.978515625
32965,5824.0908203125
32966,4162.91650390625
32967,4043.5009765625
32968,4337.291015625
32969,3851.30126953125
32970,6625.22314453125
32971,5355.1826171875
32972,3851.30126953125
32973,7985.5048828125
32974,4756.853515625
32975,4621.771484375
32976,8388.291015625
32977,7011.48486328125
32978,9571.16796875
32979,5214.55517578125
32980,5724.8798828125
32981,4123.90966796875
32982,4355.509765625
32983,13118.861328125
32984,9039.7265625
32985,4936.97998046875
32986,4144.263671875
32987,4430.607421875
32988,5250.1787109375
32989,4026.450927734375
32990,8989.70703125
32991,4469.07861328125
32992,5219.41796875
32993,6377.810546875
32994,3851.30126953125
32995,5361.79736328125
32996,6146.27880859375
32997,6440.2001953125
32998,6250.0478515625
32999,3851.30126953125
33000,5202.33935546875
33001,5625.5556640625
33002,8165.0048828125
33003,7269.86328125
33004,6451.001953125
33005,4083.370849609375
33006,7045.79931640625
33007,5163.3193359375
33008,4056.325439453125
33009,5952.7021484375
33010,6096.4619140625
33011,5139.4658203125
33012,5665.4296875
33013,5327.4169921875
33014,5606.6728515625
33015,4703.4345703125
33016,6860.64892578125
33017,5853.96337890625
33018,5306.56494140625
33019,7528.654296875
33020,5433.58154296875
33021,3967.25390625
33022,10000.2109375
33023,4667.955078125
33024,3851.30126953125
33025,6950.61181640625
33026,7984.810546875
33027,10133.833984375
33028,4827.861328125
33029,5503.59814453125
33030,5578.54150390625
33031,6701.26025390625
33032,4568.533203125
33033,7032.7216796875
33034,3851.30126953125
33035,5000.1875
33036,4622.39404296875
33037,4225.3994140625
33038,4418.44140625
33039,6186.935546875
33040,6326.1455078125
33041,5164.9921875
33042,6876.2197265625
33043,6244.12548828125
33044,7417.33349609375
33045,3851.30126953125
33046,5871.1865234375
33047,6022.4462890625
33048,6518.599609375
33049,7026.9375
33050,3851.30126953125
33051,7864.3603515625
33052,6086.00439453125
33053,5845.2451171875
33054,4403.33984375
33055,3851.30126953125
33056,7658.3720703125
33057,5516.51708984375
33058,7113.74462890625
33059,5823.91015625
33060,5058.83203125
33061,6541.48388671875
33062,5605.4111328125
33063,5592.79833984375
33064,7452.8798828125
33065,4538.7861328125
33066,7662.38037109375
33067,8259.8681640625
33068,6933.017578125
33069,3851.30126953125
33070,4785.6298828125
33071,3915.879638671875
33072,3851.30126953125
33073,6613.71484375
33074,5261.69873046875
33075,7527.9443359375
33076,3851.30126953125
33077,4932.8603515625
33078,5631.9921875
33079,8530.1796875
33080,3852.99609375
33081,4737.8017578125
33082,4495.1865234375
33083,7006.888671875
33084,4572.568359375
33085,6642.48046875
33086,6810.7412109375
33087,7968.02734375
33088,6245.96044921875
33089,5662.087890625
33090,5098.91650390625
33091,4371.71142578125
33092,4307.1767578125
33093,8875.591796875
33094,7696.755859375
33095,7559.1142578125
33096,13477.453125
33097,4793.53466796875
33098,4168.951171875
33099,5205.35791015625
33100,7122.54638671875
33101,8438.953125
33102,6552.59765625
33103,6975.37353515625
33104,6969.1005859375
33105,6717.28759765625
33106,4901.8017578125
33107,4544.392578125
33108,4320.62744140625
33109,4208.0263671875
33110,3851.30126953125
33111,4855.8232421875
33112,6910.91455078125
33113,15100.6484375
33114,5987.94140625
33115,4554.94873046875
33116,5574.4072265625
33117,3851.30126953125
33118,5378.10693359375
33119,3851.30126953125
33120,7865.93701171875
33121,5773.14501953125
33122,5607.51904296875
33123,11850.58984375
33124,9683.015625
33125,4772.2255859375
33126,6308.076171875
33127,3851.30126953125
33128,5503.1591796875
33129,4642.1015625
33130,7075.74853515625
33131,3851.30126953125
33132,3851.30126953125
33133,5299.20751953125
33134,4489.9619140625
33135,5943.87548828125
33136,5662.6201171875
33137,3851.30126953125
33138,6481.6064453125
33139,7077.95361328125
33140,5844.2451171875
33141,4183.54345703125
33142,3851.30126953125
33143,6791.25146484375
33144,3971.011962890625
33145,8723.2421875
33146,4136.083984375
33147,4779.529296875
33148,6051.26708984375
33149,4769.2783203125
33150,4128.681640625
33151,4965.826171875
33152,5433.9814453125
33153,8900.5673828125
33154,8254.9609375
33155,4661.65087890625
33156,3968.39208984375
33157,5354.7109375
33158,6693.728515625
33159,4401.11962890625
33160,4652.34228515625
33161,5160.7265625
33162,10680.154296875
33163,6719.93701171875
33164,5395.31396484375
33165,6395.6728515625
33166,4318.63671875
33167,7742.7421875
33168,5038.45703125
33169,10980.330078125
33170,5247.6728515625
33171,4364.0986328125
33172,4471.8974609375
33173,3851.30126953125
33174,6327.1279296875
33175,18275.26171875
33176,3970.310302734375
33177,4123.91943359375
33178,7783.96484375
33179,6159.2373046875
33180,6481.4306640625
33181,7517.20361328125
33182,5101.13037109375
33183,4688.01318359375
33184,3851.30126953125
33185,8983.037109375
33186,5168.7568359375
33187,6294.91015625
33188,6647.78271484375
33189,4194.44677734375
33190,7149.06982421875
33191,5605.80224609375
33192,3851.30126953125
33193,7585.78662109375
33194,7483.40185546875
33195,4139.1650390625
33196,6614.47265625
33197,5732.783203125
33198,4132.6435546875
33199,8455.2197265625
33200,5825.9501953125
33201,6635.2841796875
33202,4177.64306640625
33203,4053.170654296875
33204,6416.86669921875
33205,3851.30126953125
33206,7319.2177734375
33207,3851.30126953125
33208,5728.7919921875
33209,4735.8525390625
33210,5003.509765625
33211,4932.70654296875
33212,6123.86083984375
33213,5524.63134765625
33214,7177.943359375
33215,5215.470703125
33216,6679.81640625
33217,5980.7734375
33218,7428.0009765625
33219,8904.7138671875
33220,6600.34912109375
33221,3851.30126953125
33222,5125.48583984375
33223,6426.7998046875
33224,4122.70947265625
33225,10015.3984375
33226,5047.86962890625
33227,6608.98388671875
33228,9682.275390625
33229,5734.89892578125
33230,3883.66259765625
33231,9970.095703125
33232,8930.2568359375
33233,5181.41796875
33234,7900.37109375
33235,8151.62939453125
33236,5527.453125
33237,4927.5791015625
33238,5594.1552734375
33239,4660.04296875
33240,5664.91064453125
33241,5883.04443359375
33242,4002.993408203125
33243,5808.92724609375
33244,5623.44140625
33245,5729.4990234375
33246,6560.458984375
33247,5755.4833984375
33248,6589.49169921875
33249,3851.30126953125
33250,6373.42333984375
33251,5615.67724609375
33252,5680.7490234375
33253,6020.49755859375
33254,6020.619140625
33255,8774.01953125
33256,4879.310546875
33257,4265.208984375
33258,5373.7763671875
33259,6000.728515625
33260,6865.36962890625
33261,3902.156005859375
33262,3851.30126953125
33263,7297.57177734375
33264,7086.83154296875
33265,5266.9111328125
33266,6498.35546875
33267,5679.81884765625
33268,5847.140625
33269,3851.30126953125
33270,3851.30126953125
33271,5690.6533203125
33272,5498.5390625
33273,5551.44287109375
33274,8038.99951171875
33275,7738.75732421875
33276,4660.8720703125
33277,7276.431640625
33278,3851.30126953125
33279,3851.30126953125
33280,5175.0419921875
33281,10666.58203125
33282,6627.0380859375
33283,6442.1044921875
33284,3851.30126953125
33285,6060.28515625
33286,7792.7763671875
33287,5180.4951171875
33288,7199.173828125
33289,4671.71435546875
33290,4213.2724609375
33291,4793.5283203125
33292,5151.5361328125
33293,4768.4228515625
33294,4101.5615234375
33295,4256.48828125
33296,3851.30126953125
33297,6653.61474609375
33298,6550.67529296875
33299,4495.46533203125
33300,5545.26904296875
33301,6401.6240234375
33302,4911.13232421875
33303,4248.888671875
33304,8073.91748046875
33305,6708.96533203125
33306,4800.5791015625
33307,3851.30126953125
33308,10180.794921875
33309,4999.966796875
33310,4217.51171875
33311,7473.0341796875
33312,8053.3916015625
33313,6280.33203125
33314,5621.615234375
33315,7167.96630859375
33316,7723.97021484375
33317,12056.279296875
33318,3967.83837890625
33319,4502.1171875
33320,3888.773681640625
33321,5657.23974609375
33322,4824.818359375
33323,6960.8271484375
33324,7495.52880859375
33325,5289.3232421875
33326,3851.30126953125
33327,5038.5302734375
33328,7926.4033203125
33329,4422.2587890625
33330,5739.7626953125
33331,3954.86669921875
33332,5969.0087890625
33333,6470.57666015625
33334,6142.134765625
33335,7468.61474609375
33336,5657.5888671875
33337,3851.30126953125
33338,5488.07373046875
33339,6028.1923828125
33340,7501.1103515625
33341,6371.80322265625
33342,6845.57080078125
33343,5274.544921875
33344,4146.384765625
33345,8404.8798828125
33346,4009.6376953125
33347,9049.4697265625
33348,5179.927734375
33349,3851.30126953125
33350,6216.68359375
33351,5176.63330078125
33352,6017.232421875
33353,6904.1181640625
33354,3851.30126953125
33355,3851.30126953125
33356,6004.8486328125
33357,8033.26220703125
33358,9142.4453125
33359,4575.14697265625
33360,5510.154296875
33361,6315.2421875
33362,5590.193359375
33363,4348.953125
33364,8813.158203125
33365,7746.89306640625
33366,11214.01171875
33367,3851.30126953125
33368,5007.21728515625
33369,9198.93359375
33370,7212.12255859375
33371,4164.724609375
33372,8884.98828125
33373,6224.6337890625
33374,4696.3037109375
33375,4282.88720703125
33376,3851.30126953125
33377,4508.5322265625
33378,5540.70068359375
33379,4059.420166015625
33380,4623.9716796875
33381,7894.9990234375
33382,6416.5537109375
33383,20451.005859375
33384,5508.9541015625
33385,0.0
33386,0.0
33387,0.0
33388,0.0
33389,0.0
33390,0.0
33391,0.0
33392,0.0
33393,0.0
33394,0.0
33395,0.0
33396,0.0
33397,0.0
33398,0.0
33399,0.0
33400,0.0
33401,0.0
33402,0.0
33403,0.0
33404,0.0
33405,0.0
33406,0.0
33407,0.0
33408,0.0
33409,0.0
33410,0.0
33411,0.0
33412,0.0
33413,0.0
33414,0.0
33415,0.0
33416,0.0
33417,0.0
33418,0.0
33419,0.0
33420,0.0
33421,0.0
33422,0.0
33423,0.0
33424,0.0
33425,0.0
33426,0.0
33427,0.0
33428,0.0
33429,0.0
33430,0.0
33431,0.0
33432,0.0
33433,0.0
33434,0.0
33435,0.0
33436,0.0
33437,0.0
33438,0.0
33439,0.0
33440,0.0
33441,0.0
33442,0.0
33443,0.0
33444,0.0
33445,0.0
33446,0.0
33447,0.0
33448,0.0
33449,0.0
33450,0.0
33451,0.0
33452,0.0
33453,0.0
33454,0.0
33455,0.0
33456,0.0
33457,0.0
33458,0.0
33459,0.0
33460,0.0
33461,0.0
33462,0.0
33463,0.0
33464,0.0
33465,0.0
33466,0.0
33467,0.0
33468,0.0
33469,0.0
33470,0.0
33471,0.0
33472,0.0
33473,0.0
33474,0.0
33475,0.0
33476,4994.15771484375
33477,0.0
33478,0.0
33479,0.0
33480,0.0
33481,0.0
33482,0.0
33483,0.0
33484,0.0
33485,0.0
33486,0.0
33487,0.0
33488,0.0
33489,0.0
33490,0.0
33491,0.0
33492,0.0
33493,0.0
33494,0.0
33495,0.0
33496,0.0
33497,0.0
33498,0.0
33499,0.0
33500,0.0
33501,0.0
33502,0.0
33503,0.0
33504,0.0
33505,0.0
33506,0.0
33507,0.0
33508,0.0
33509,0.0
33510,0.0
33511,0.0
33512,0.0
33513,0.0
33514,0.0
33515,0.0
33516,0.0
33517,0.0
33518,0.0
33519,0.0
33520,0.0
33521,0.0
33522,0.0
33523,0.0
33524,0.0
33525,0.0
33526,0.0
33527,0.0
33528,0.0
33529,0.0
33530,0.0
33531,0.0
33532,0.0
33533,0.0
33534,0.0
33535,0.0
33536,0.0
33537,0.0
33538,0.0
33539,0.0
33540,0.0
33541,0.0
33542,0.0
33543,0.0
33544,3851.30126953125
33545,0.0
33546,0.0
33547,0.0
33548,0.0
33549,0.0
33550,0.0
33551,0.0
33552,0.0
33553,0.0
33554,0.0
33555,0.0
33556,0.0
33557,0.0
33558,0.0
33559,0.0
33560,0.0
33561,0.0
33562,0.0
33563,0.0
33564,0.0
33565,0.0
33566,0.0
33567,0.0
33568,0.0
33569,0.0
33570,0.0
33571,0.0
33572,0.0
33573,0.0
33574,0.0
33575,0.0
33576,0.0
33577,0.0
33578,0.0
33579,0.0
33580,0.0
33581,0.0
33582,0.0
33583,0.0
33584,0.0
33585,14852.041015625
33586,27397.234375
33587,0.0
33588,0.0
33589,0.0
33590,0.0
33591,0.0
33592,0.0
33593,0.0
33594,6543.70751953125
33595,0.0
33596,0.0
33597,0.0
33598,0.0
33599,0.0
33600,0.0
33601,0.0
33602,0.0
33603,0.0
33604,0.0
33605,0.0
33606,0.0
33607,0.0
33608,0.0
33609,0.0
33610,0.0
33611,0.0
33612,0.0
33613,5207.32763671875
33614,0.0
33615,0.0
33616,0.0
33617,0.0
33618,0.0
33619,0.0
33620,0.0
33621,0.0
33622,0.0
33623,3851.30126953125
33624,0.0
33625,0.0
33626,0.0
33627,0.0
33628,0.0
33629,0.0
33630,0.0
33631,0.0
33632,0.0
33633,0.0
33634,0.0
33635,0.0
33636,0.0
33637,0.0
33638,0.0
33639,0.0
33640,0.0
33641,7904.02392578125
33642,0.0
33643,0.0
33644,0.0
33645,0.0
33646,0.0
33647,0.0
33648,0.0
33649,0.0
33650,0.0
33651,0.0
33652,0.0
33653,0.0
33654,0.0
33655,0.0
33656,0.0
33657,0.0
33658,8827.224609375
33659,0.0
33660,0.0
33661,0.0
33662,0.0
33663,0.0
33664,0.0
33665,0.0
33666,0.0
33667,0.0
33668,0.0
33669,0.0
33670,0.0
33671,0.0
33672,0.0
33673,0.0
33674,0.0
33675,0.0
33676,0.0
33677,0.0
33678,0.0
33679,0.0
33680,0.0
33681,0.0
33682,0.0
33683,0.0
33684,0.0
33685,0.0
33686,0.0
33687,0.0
33688,0.0
33689,0.0
33690,0.0
33691,0.0
33692,0.0
33693,0.0
33694,0.0
33695,0.0
33696,0.0
33697,0.0
33698,0.0
33699,0.0
33700,0.0
33701,0.0
33702,0.0
33703,0.0
33704,0.0
33705,0.0
33706,0.0
33707,0.0
33708,0.0
33709,0.0
33710,0.0
33711,0.0
33712,0.0
33713,0.0
33714,0.0
33715,0.0
33716,0.0
33717,0.0
33718,0.0
33719,0.0
33720,3851.30126953125
33721,0.0
33722,0.0
33723,0.0
33724,0.0
33725,0.0
33726,0.0
33727,0.0
33728,0.0
33729,0.0
33730,0.0
33731,0.0
33732,0.0
33733,0.0
33734,6467.4267578125
33735,0.0
33736,0.0
33737,0.0
33738,0.0
33739,0.0
33740,0.0
33741,0.0
33742,0.0
33743,0.0
33744,0.0
33745,0.0
33746,0.0
33747,0.0
33748,0.0
33749,0.0
33750,0.0
33751,0.0
33752,0.0
33753,0.0
33754,0.0
33755,0.0
33756,0.0
33757,0.0
33758,0.0
33759,0.0
33760,0.0
33761,0.0
33762,0.0
33763,0.0
33764,0.0
33765,0.0
33766,0.0
33767,0.0
33768,0.0
33769,0.0
33770,0.0
33771,0.0
33772,0.0
33773,0.0
33774,0.0
33775,0.0
33776,0.0
33777,8376.595703125
33778,0.0
33779,0.0
33780,0.0
33781,0.0
33782,0.0
33783,0.0
33784,0.0
33785,0.0
33786,0.0
33787,3851.30126953125
33788,0.0
33789,0.0
33790,0.0
33791,6023.12548828125
33792,0.0
33793,0.0
33794,0.0
33795,0.0
33796,0.0
33797,0.0
33798,0.0
33799,0.0
33800,0.0
33801,0.0
33802,0.0
33803,0.0
33804,0.0
33805,0.0
33806,0.0
33807,0.0
33808,0.0
33809,0.0
33810,0.0
33811,0.0
33812,0.0
33813,0.0
33814,0.0
33815,0.0
33816,0.0
33817,0.0
33818,18639.830078125
33819,0.0
33820,0.0
33821,0.0
33822,0.0
33823,0.0
33824,0.0
33825,0.0
33826,0.0
33827,0.0
33828,0.0
33829,0.0
33830,0.0
33831,0.0
33832,6433.7314453125
33833,0.0
33834,0.0
33835,0.0
33836,0.0
33837,0.0
33838,0.0
33839,0.0
33840,0.0
33841,0.0
33842,0.0
33843,0.0
33844,0.0
33845,0.0
33846,0.0
33847,0.0
33848,0.0
33849,0.0
33850,0.0
33851,0.0
33852,0.0
33853,0.0
33854,0.0
33855,0.0
33856,0.0
33857,0.0
33858,0.0
33859,0.0
33860,0.0
33861,0.0
33862,0.0
33863,0.0
33864,0.0
33865,0.0
33866,0.0
33867,0.0
33868,0.0
33869,0.0
33870,0.0
33871,0.0
33872,0.0
33873,0.0
33874,0.0
33875,0.0
33876,0.0
33877,0.0
33878,0.0
33879,0.0
33880,0.0
33881,0.0
33882,0.0
33883,0.0
33884,0.0
33885,0.0
33886,0.0
33887,0.0
33888,0.0
33889,0.0
33890,0.0
33891,0.0
33892,0.0
33893,0.0
33894,0.0
33895,0.0
33896,0.0
33897,0.0
33898,0.0
33899,0.0
33900,0.0
33901,0.0
33902,0.0
33903,0.0
33904,0.0
33905,0.0
33906,0.0
33907,11692.24609375
33908,0.0
33909,0.0
33910,0.0
33911,0.0
33912,0.0
33913,0.0
33914,0.0
33915,0.0
33916,0.0
33917,0.0
33918,0.0
33919,0.0
33920,0.0
33921,0.0
33922,0.0
33923,0.0
33924,0.0
33925,0.0
33926,0.0
33927,0.0
33928,0.0
33929,0.0
33930,0.0
33931,0.0
33932,0.0
33933,0.0
33934,0.0
33935,0.0
33936,0.0
33937,0.0
33938,0.0
33939,0.0
33940,0.0
33941,0.0
33942,0.0
33943,0.0
33944,0.0
33945,0.0
33946,0.0
33947,0.0
33948,0.0
33949,0.0
33950,0.0
33951,4435.2861328125
33952,15402.35546875
33953,0.0
33954,0.0
33955,0.0
33956,0.0
33957,0.0
33958,0.0
33959,0.0
33960,0.0
33961,0.0
33962,0.0
33963,0.0
33964,0.0
33965,0.0
33966,0.0
33967,0.0
33968,0.0
33969,0.0
33970,0.0
33971,0.0
33972,0.0
33973,0.0
33974,0.0
33975,0.0
33976,0.0
33977,0.0
33978,0.0
33979,0.0
33980,11934.0673828125
33981,0.0
33982,0.0
33983,0.0
33984,0.0
33985,0.0
33986,0.0
33987,0.0
33988,0.0
33989,0.0
33990,0.0
33991,0.0
33992,0.0
33993,0.0
33994,0.0
33995,0.0
33996,0.0
33997,0.0
33998,0.0
33999,0.0
34000,0.0
34001,0.0
34002,0.0
34003,0.0
34004,0.0
34005,0.0
34006,0.0
34007,0.0
34008,0.0
34009,0.0
34010,0.0
34011,0.0
34012,0.0
34013,0.0
34014,0.0
34015,0.0
34016,0.0
34017,0.0
34018,0.0
34019,0.0
34020,0.0
34021,0.0
34022,0.0
34023,0.0
34024,0.0
34025,0.0
34026,0.0
34027,0.0
34028,0.0
34029,0.0
34030,0.0
34031,0.0
34032,0.0
34033,0.0
34034,0.0
34035,0.0
34036,0.0
34037,0.0
34038,0.0
34039,0.0
34040,0.0
34041,0.0
34042,0.0
34043,0.0
34044,0.0
34045,0.0
34046,0.0
34047,0.0
34048,0.0
34049,0.0
34050,3851.30126953125
34051,0.0
34052,0.0
34053,0.0
34054,3851.30126953125
34055,0.0
34056,0.0
34057,0.0
34058,0.0
34059,0.0
34060,0.0
34061,0.0
34062,0.0
34063,0.0
34064,0.0
34065,0.0
34066,0.0
34067,0.0
34068,0.0
34069,0.0
34070,0.0
34071,0.0
34072,0.0
34073,0.0
34074,0.0
34075,0.0
34076,0.0
34077,0.0
34078,0.0
34079,0.0
34080,0.0
34081,0.0
34082,0.0
34083,0.0
34084,0.0
34085,0.0
34086,0.0
34087,0.0
34088,0.0
34089,0.0
34090,0.0
34091,0.0
34092,0.0
34093,0.0
34094,0.0
34095,0.0
34096,0.0
34097,0.0
34098,0.0
34099,0.0
34100,0.0
34101,0.0
34102,0.0
34103,0.0
34104,0.0
34105,3851.30126953125
34106,0.0
34107,0.0
34108,0.0
34109,0.0
34110,0.0
34111,0.0
34112,0.0
34113,0.0
34114,0.0
34115,0.0
34116,0.0
34117,0.0
34118,0.0
34119,0.0
34120,10815.1796875
34121,0.0
34122,0.0
34123,0.0
34124,0.0
34125,0.0
34126,0.0
34127,0.0
34128,0.0
34129,0.0
34130,0.0
34131,0.0
34132,0.0
34133,0.0
34134,0.0
34135,0.0
34136,0.0
34137,0.0
34138,0.0
34139,0.0
34140,0.0
34141,0.0
34142,0.0
34143,0.0
34144,0.0
34145,0.0
34146,0.0
34147,0.0
34148,0.0
34149,0.0
34150,0.0
34151,0.0
34152,0.0
34153,0.0
34154,0.0
34155,0.0
34156,0.0
34157,0.0
34158,0.0
34159,0.0
34160,0.0
34161,0.0
34162,0.0
34163,0.0
34164,0.0
34165,0.0
34166,0.0
34167,0.0
34168,0.0
34169,0.0
34170,0.0
34171,0.0
34172,0.0
34173,0.0
34174,0.0
34175,0.0
34176,0.0
34177,0.0
34178,0.0
34179,0.0
34180,0.0
34181,0.0
34182,0.0
34183,0.0
34184,4551.1298828125
34185,0.0
34186,0.0
34187,0.0
34188,0.0
34189,0.0
34190,0.0
34191,0.0
34192,0.0
34193,0.0
34194,0.0
34195,0.0
34196,0.0
34197,0.0
34198,0.0
34199,0.0
34200,0.0
34201,0.0
34202,0.0
34203,0.0
34204,0.0
34205,0.0
34206,0.0
34207,0.0
34208,0.0
34209,0.0
34210,0.0
34211,0.0
34212,0.0
34213,0.0
34214,0.0
34215,0.0
34216,0.0
34217,0.0
34218,0.0
34219,0.0
34220,0.0
34221,0.0
34222,0.0
34223,0.0
34224,0.0
34225,12663.8125
34226,5292.78369140625
34227,0.0
34228,0.0
34229,0.0
34230,0.0
34231,0.0
34232,0.0
34233,0.0
34234,0.0
34235,0.0
34236,0.0
34237,0.0
34238,0.0
34239,0.0
34240,0.0
34241,3851.30126953125
34242,4257.810546875
34243,6984.15576171875
34244,3851.30126953125
34245,5679.2353515625
34246,4739.63330078125
34247,5102.396484375
34248,6297.91845703125
34249,0.0
34250,3851.30126953125
34251,5966.2783203125
34252,5862.59521484375
34253,4260.3154296875
34254,5802.12158203125
34255,5704.05126953125
34256,3851.30126953125
34257,4309.0888671875
34258,7102.8759765625
34259,7954.40478515625
34260,6311.32177734375
34261,6492.6103515625
34262,3851.30126953125
34263,4895.93212890625
34264,0.0
34265,7112.5517578125
34266,7929.5791015625
34267,9861.7158203125
34268,5642.07421875
34269,3851.30126953125
34270,4136.48486328125
34271,5498.7421875
34272,6628.27490234375
34273,4029.515869140625
34274,5305.96337890625
34275,4841.8583984375
34276,5344.70703125
34277,3851.30126953125
34278,7362.6865234375
34279,3851.30126953125
34280,7529.52587890625
34281,6296.88427734375
34282,3851.30126953125
34283,7691.52490234375
34284,6146.251953125
34285,4386.169921875
34286,3851.30126953125
34287,7421.61328125
34288,9629.33984375
34289,5982.6279296875
34290,5721.201171875
34291,7797.01416015625
34292,6948.18896484375
34293,5392.46337890625
34294,5753.1435546875
34295,3851.30126953125
34296,3851.30126953125
34297,4200.408203125
34298,5960.34814453125
34299,8253.62109375
34300,7108.39599609375
34301,3851.30126953125
34302,7986.9765625
34303,7669.5205078125
34304,5506.04931640625
34305,3851.30126953125
34306,9797.3056640625
34307,3851.30126953125
34308,4624.49609375
34309,6480.2177734375
34310,3851.30126953125
34311,5052.39453125
34312,3851.30126953125
34313,5389.8642578125
34314,4865.2666015625
34315,5395.7333984375
34316,7836.27490234375
34317,7255.2412109375
34318,5120.818359375
34319,3851.30126953125
34320,7062.87353515625
34321,11412.55859375
34322,4930.43994140625
34323,3851.30126953125
34324,6266.32373046875
34325,5188.7646484375
34326,6402.98095703125
34327,8884.41796875
34328,3851.30126953125
34329,7101.814453125
34330,4763.7373046875
34331,6001.02001953125
34332,8344.2626953125
34333,3851.30126953125
34334,4212.6162109375
34335,5013.05078125
34336,6703.13134765625
34337,6919.70556640625
34338,3871.701904296875
34339,4392.529296875
34340,7360.73828125
34341,5231.97216796875
34342,4945.92138671875
34343,6278.5673828125
34344,4028.63037109375
34345,5805.82568359375
34346,4514.48974609375
34347,3851.30126953125
34348,4936.36767578125
34349,5494.6494140625
34350,0.0
34351,6817.66357421875
34352,7448.48193359375
34353,3868.4638671875
34354,7332.5693359375
34355,3851.30126953125
34356,3851.30126953125
34357,7387.6015625
34358,7072.7587890625
34359,6684.3330078125
34360,8879.9580078125
34361,6602.16064453125
34362,4841.4296875
34363,6301.85546875
34364,6782.61669921875
34365,4598.61865234375
34366,3851.30126953125
34367,4446.17578125
34368,5039.7021484375
34369,4552.41015625
34370,3851.30126953125
34371,5241.56640625
34372,6411.375
34373,6200.88818359375
34374,5540.85400390625
34375,3851.30126953125
34376,5644.9052734375
34377,6656.720703125
34378,3851.30126953125
34379,5208.58935546875
34380,3851.30126953125
34381,5231.32666015625
34382,3851.30126953125
34383,4111.7861328125
34384,4677.7109375
34385,6944.75927734375
34386,6818.39404296875
34387,6705.05859375
34388,13596.6435546875
34389,4161.240234375
34390,5032.1962890625
34391,9275.048828125
34392,5538.7275390625
34393,7448.1396484375
34394,5852.4453125
34395,5470.484375
34396,6135.501953125
34397,4431.50390625
34398,4437.115234375
34399,7442.27587890625
34400,5322.2548828125
34401,3851.30126953125
34402,3851.30126953125
34403,7215.54150390625
34404,9058.552734375
34405,0.0
34406,5786.4501953125
34407,4084.993408203125
34408,3851.30126953125
34409,3851.30126953125
34410,3851.30126953125
34411,5502.83642578125
34412,7129.875
34413,4843.51171875
34414,4116.5673828125
34415,6952.828125
34416,8076.39453125
34417,6529.595703125
34418,5047.5625
34419,7749.39453125
34420,8405.8818359375
34421,3851.30126953125
34422,4949.5234375
34423,5042.32568359375
34424,5910.96875
34425,3851.30126953125
34426,4740.5703125
34427,3851.30126953125
34428,8363.0615234375
34429,5653.767578125
34430,6272.1865234375
34431,6899.14453125
34432,4843.9560546875
34433,7390.32421875
34434,15315.998046875
34435,8054.00634765625
34436,3851.30126953125
34437,3851.30126953125
34438,5854.443359375
34439,6189.0244140625
34440,4247.7021484375
34441,8485.412109375
34442,16507.482421875
34443,4903.423828125
34444,3851.30126953125
34445,10305.46484375
34446,3851.30126953125
34447,6052.41259765625
34448,3851.30126953125
34449,5506.8779296875
34450,3851.30126953125
34451,6699.685546875
34452,5220.7841796875
34453,4854.57421875
34454,9189.2080078125
34455,5870.3154296875
34456,5501.26025390625
34457,7011.27734375
34458,5281.1611328125
34459,5511.4716796875
34460,8527.1015625
34461,4995.203125
34462,5431.4462890625
34463,4022.576904296875
34464,3851.30126953125
34465,5511.82177734375
34466,3937.992431640625
34467,4793.107421875
34468,7783.83642578125
34469,8961.9560546875
34470,6585.43359375
34471,4008.405517578125
34472,3851.30126953125
34473,3856.6025390625
34474,4824.4501953125
34475,5734.6826171875
34476,3851.30126953125
34477,5992.53076171875
34478,5024.376953125
34479,7727.107421875
34480,5331.068359375
34481,3851.30126953125
34482,3851.30126953125
34483,3851.30126953125
34484,8342.96484375
34485,5539.5419921875
34486,5540.49462890625
34487,11367.4765625
34488,7582.01513671875
34489,3851.30126953125
34490,5275.6416015625
34491,3851.30126953125
34492,4083.04248046875
34493,3851.30126953125
34494,3851.30126953125
34495,8596.298828125
34496,4836.0234375
34497,8504.923828125
34498,9118.421875
34499,5071.24560546875
34500,4959.7392578125
34501,4154.2783203125
34502,4615.93359375
34503,4239.2626953125
34504,10474.1376953125
34505,5873.94677734375
34506,7145.5263671875
34507,3851.30126953125
34508,5716.14892578125
34509,5810.3828125
34510,8291.5498046875
34511,6265.068359375
34512,4876.634765625
34513,6228.68310546875
34514,4926.091796875
34515,7577.15966796875
34516,6425.14208984375
34517,6709.14306640625
34518,8193.970703125
34519,6773.8955078125
34520,7422.94580078125
34521,3851.30126953125
34522,0.0
34523,4753.9248046875
34524,8885.5263671875
34525,6685.22314453125
34526,7002.578125
34527,5856.8779296875
34528,6987.5322265625
34529,4412.46337890625
34530,6741.86279296875
34531,5365.3955078125
34532,3851.30126953125
34533,11057.267578125
34534,14577.02734375
34535,6923.3369140625
34536,6051.15380859375
34537,6601.82275390625
34538,7172.677734375
34539,7732.34765625
34540,3851.30126953125
34541,3851.30126953125
34542,5202.3525390625
34543,7819.1494140625
34544,3851.30126953125
34545,3851.30126953125
34546,4976.35693359375
34547,5269.9208984375
34548,4830.6884765625
34549,3851.30126953125
34550,3851.30126953125
34551,7308.4931640625
34552,3961.4013671875
34553,4456.9892578125
34554,5100.6787109375
34555,4642.927734375
34556,8588.1123046875
34557,10902.0859375
34558,4896.6259765625
34559,6576.1572265625
34560,6107.3037109375
34561,9533.859375
34562,4449.318359375
34563,3851.30126953125
34564,5009.7490234375
34565,10911.83203125
34566,3851.30126953125
34567,6625.75537109375
34568,3851.30126953125
34569,3851.30126953125
34570,6212.09423828125
34571,5721.31591796875
34572,4783.38623046875
34573,8711.1513671875
34574,8275.06640625
34575,7205.3583984375
34576,4583.318359375
34577,9971.724609375
34578,3851.30126953125
34579,3851.30126953125
34580,6151.7255859375
34581,4495.9150390625
34582,9645.7373046875
34583,3851.30126953125
34584,4709.73291015625
34585,5177.3486328125
34586,7959.79833984375
34587,9376.748046875
34588,4447.2607421875
34589,3851.30126953125
34590,9202.6533203125
34591,8801.0234375
34592,4036.465087890625
34593,5190.07763671875
34594,8249.421875
34595,5528.60888671875
34596,4598.78173828125
34597,3851.30126953125
34598,7456.0185546875
34599,4116.087890625
34600,10814.79296875
34601,7005.73974609375
34602,10376.3740234375
34603,6935.8671875
34604,4209.6962890625
34605,3851.30126953125
34606,5572.0810546875
34607,6042.01513671875
34608,5128.390625
34609,8365.3701171875
34610,5495.439453125
34611,3851.30126953125
34612,6747.388671875
34613,3851.30126953125
34614,8220.8388671875
34615,6981.36474609375
34616,6492.18408203125
34617,7529.48779296875
34618,4609.921875
34619,6775.9716796875
34620,7341.1337890625
34621,5032.2431640625
34622,6638.61181640625
34623,3851.30126953125
34624,8098.4267578125
34625,5973.509765625
34626,3851.30126953125
34627,4700.7802734375
34628,7141.640625
34629,5500.37060546875
34630,3851.30126953125
34631,5490.466796875
34632,4819.74560546875
34633,5008.74462890625
34634,4351.36962890625
34635,8689.6337890625
34636,3851.30126953125
34637,3851.30126953125
34638,5852.9892578125
34639,5498.44873046875
34640,3851.30126953125
34641,4828.4130859375
34642,8639.0341796875
34643,6575.65234375
34644,9308.98046875
34645,8039.6943359375
34646,7217.78076171875
34647,7040.41845703125
34648,4005.07666015625
34649,9362.3818359375
34650,8038.5439453125
34651,6875.3857421875
34652,4856.8603515625
34653,5068.7216796875
34654,4484.6708984375
34655,3851.30126953125
34656,11566.07421875
34657,6564.2666015625
34658,4914.24267578125
34659,4669.33203125
34660,3851.30126953125
34661,7719.27099609375
34662,5491.27880859375
34663,4006.15625
34664,3851.30126953125
34665,5182.0126953125
34666,5147.74462890625
34667,3851.30126953125
34668,9323.32421875
34669,4370.16015625
34670,4275.66162109375
34671,3851.30126953125
34672,3851.30126953125
34673,4854.08544921875
34674,12152.74609375
34675,3851.30126953125
34676,5217.86572265625
34677,4968.2255859375
34678,3851.30126953125
34679,3851.30126953125
34680,5381.26416015625
34681,3851.30126953125
34682,8941.982421875
34683,5571.609375
34684,3851.30126953125
34685,7921.412109375
34686,3851.30126953125
34687,4048.602783203125
34688,9495.642578125
34689,6747.5771484375
34690,8540.00390625
34691,3851.30126953125
34692,4962.46923828125
34693,4747.85791015625
34694,4122.0263671875
34695,13374.73828125
34696,10922.091796875
34697,4636.31005859375
34698,3851.30126953125
34699,5495.70947265625
34700,4022.6494140625
34701,3851.30126953125
34702,6478.9189453125
34703,4442.0087890625
34704,5574.69677734375
34705,6705.13134765625
34706,4639.75146484375
34707,4331.2626953125
34708,5653.4169921875
34709,5671.748046875
34710,6873.2919921875
34711,3851.30126953125
34712,5631.03125
34713,6384.759765625
34714,7157.470703125
34715,5391.4560546875
34716,6812.880859375
34717,3851.30126953125
34718,8850.81640625
34719,4679.9697265625
34720,3851.30126953125
34721,4304.478515625
34722,3851.30126953125
34723,4423.3515625
34724,6564.90625
34725,3889.833251953125
34726,5628.7294921875
34727,4243.89990234375
34728,7440.28662109375
34729,7732.6982421875
34730,4665.90966796875
34731,7289.33642578125
34732,6035.62841796875
34733,3851.30126953125
34734,9921.5712890625
34735,3851.30126953125
34736,3851.30126953125
34737,6157.0888671875
34738,9264.373046875
34739,9671.9169921875
34740,3980.81396484375
34741,4755.763671875
34742,6591.376953125
34743,6417.42822265625
34744,3858.495361328125
34745,7314.38525390625
34746,3851.30126953125
34747,4278.5771484375
34748,3851.30126953125
34749,3851.30126953125
34750,3851.30126953125
34751,6766.630859375
34752,6091.37158203125
34753,6453.1591796875
34754,4801.40234375
34755,7787.6650390625
34756,7322.02392578125
34757,4521.8671875
34758,0.0
34759,5655.1611328125
34760,6922.89453125
34761,5109.87890625
34762,3851.30126953125
34763,6158.3681640625
34764,6222.7783203125
34765,5724.7177734375
34766,5080.26318359375
34767,3851.30126953125
34768,9212.4951171875
34769,3851.30126953125
34770,8195.693359375
34771,5096.4208984375
34772,4015.734130859375
34773,7190.158203125
34774,3851.30126953125
34775,4642.78515625
34776,8288.3330078125
34777,3851.30126953125
34778,7097.8916015625
34779,9024.392578125
34780,6865.01416015625
34781,3851.30126953125
34782,4804.9921875
34783,3851.30126953125
34784,3851.30126953125
34785,4320.3212890625
34786,6319.103515625
34787,5073.32373046875
34788,4448.904296875
34789,4874.900390625
34790,4406.5927734375
34791,7844.6396484375
34792,5170.88720703125
34793,6097.634765625
34794,3977.53369140625
34795,5312.6162109375
34796,5654.59716796875
34797,6127.0869140625
34798,7504.3681640625
34799,7134.66162109375
34800,7766.02490234375
34801,5040.79150390625
34802,4756.525390625
34803,3851.30126953125
34804,5566.80419921875
34805,7569.6279296875
34806,5962.6220703125
34807,7069.51220703125
34808,13202.583984375
34809,3851.30126953125
34810,4056.872802734375
34811,3896.10546875
34812,7598.5791015625
34813,9540.81640625
34814,7241.52392578125
34815,6623.9833984375
34816,7022.19091796875
34817,7265.9580078125
34818,5756.58447265625
34819,5250.26953125
34820,3851.30126953125
34821,4522.49609375
34822,3851.30126953125
34823,3851.30126953125
34824,6135.796875
34825,15989.169921875
34826,5806.283203125
34827,3851.30126953125
34828,4225.71435546875
34829,4226.287109375
34830,5165.5966796875
34831,3851.30126953125
34832,5755.67626953125
34833,6521.54638671875
34834,3851.30126953125
34835,10426.37890625
34836,10626.611328125
34837,3851.30126953125
34838,5276.28125
34839,3851.30126953125
34840,3862.756591796875
34841,4006.624267578125
34842,8316.62890625
34843,3851.30126953125
34844,4703.427734375
34845,4086.546875
34846,4920.54052734375
34847,4474.7841796875
34848,6721.24462890625
34849,3851.30126953125
34850,7540.25537109375
34851,5919.140625
34852,4430.013671875
34853,3851.30126953125
34854,3851.30126953125
34855,4150.4306640625
34856,4864.775390625
34857,8944.0693359375
34858,4087.83984375
34859,4120.0576171875
34860,6222.029296875
34861,4217.5
34862,5317.455078125
34863,4047.149169921875
34864,5486.98388671875
34865,9082.22265625
34866,6081.94091796875
34867,5571.9072265625
34868,3851.30126953125
34869,4766.025390625
34870,5994.14306640625
34871,3857.489990234375
34872,4222.2392578125
34873,4888.68115234375
34874,10707.2509765625
34875,6604.662109375
34876,4025.00537109375
34877,4564.3623046875
34878,4965.37255859375
34879,6282.66796875
34880,5186.4755859375
34881,8630.58203125
34882,6190.23486328125
34883,4633.517578125
34884,3851.30126953125
34885,3851.30126953125
34886,3884.79248046875
34887,19777.20703125
34888,3851.30126953125
34889,4632.875
34890,5732.43212890625
34891,6004.59326171875
34892,5385.24462890625
34893,7289.29736328125
34894,4725.8037109375
34895,5501.1875
34896,3851.30126953125
34897,8057.47998046875
34898,4067.06201171875
34899,6068.5078125
34900,7970.369140625
34901,4327.015625
34902,7510.16162109375
34903,6222.654296875
34904,3851.30126953125
34905,5723.9765625
34906,6911.0712890625
34907,3851.30126953125
34908,8171.8056640625
34909,5883.67333984375
34910,4343.77978515625
34911,9024.697265625
34912,6785.59423828125
34913,5685.22509765625
34914,4106.6044921875
34915,3851.30126953125
34916,5094.75830078125
34917,3851.30126953125
34918,6260.04296875
34919,3851.30126953125
34920,5209.57861328125
34921,3851.30126953125
34922,5076.767578125
34923,4864.1708984375
34924,4158.7900390625
34925,5086.99951171875
34926,8272.5712890625
34927,5762.291015625
34928,6274.947265625
34929,5224.70556640625
34930,5408.609375
34931,9238.0390625
34932,6866.26904296875
34933,3851.30126953125
34934,5267.97314453125
34935,4899.9248046875
34936,4367.19921875
34937,11717.94921875
34938,5523.9765625
34939,4704.8798828125
34940,8232.466796875
34941,6130.3291015625
34942,3851.30126953125
34943,0.0
34944,7357.423828125
34945,5748.8837890625
34946,7655.18896484375
34947,6519.6923828125
34948,7664.544921875
34949,4570.9404296875
34950,3899.556640625
34951,0.0
34952,5929.7509765625
34953,7020.95703125
34954,3851.30126953125
34955,7246.953125
34956,6412.37890625
34957,4282.115234375
34958,6386.49951171875
34959,4222.9453125
34960,5976.611328125
34961,3851.30126953125
34962,4960.89697265625
34963,4507.4794921875
34964,3851.30126953125
34965,5705.900390625
34966,7023.90478515625
34967,7082.45166015625
34968,5041.91015625
34969,4026.3974609375
34970,5888.79296875
34971,6314.9609375
34972,6571.1103515625
34973,3851.30126953125
34974,3851.30126953125
34975,8076.42578125
34976,6317.28125
34977,3851.30126953125
34978,6897.1328125
34979,6333.669921875
34980,5248.0341796875
34981,4271.24609375
34982,3851.30126953125
34983,5619.04296875
34984,4915.2880859375
34985,5088.3828125
34986,8694.8818359375
34987,6150.95361328125
34988,3851.30126953125
34989,4404.47265625
34990,3851.30126953125
34991,3851.30126953125
34992,4940.56396484375
34993,9381.474609375
34994,5231.2890625
34995,3851.30126953125
34996,3851.30126953125
34997,4328.962890625
34998,6564.07080078125
34999,5720.13671875
35000,8451.1689453125
35001,3851.30126953125
35002,4557.26953125
35003,3851.30126953125
35004,5486.15283203125
35005,3851.30126953125
35006,3851.30126953125
35007,3851.30126953125
35008,3851.30126953125
35009,6554.185546875
35010,3874.23193359375
35011,4588.56396484375
35012,4937.3310546875
35013,6680.6337890625
35014,4944.0771484375
35015,3877.097412109375
35016,9884.4140625
35017,5680.5400390625
35018,6281.27294921875
35019,3851.30126953125
35020,5597.1826171875
35021,5232.525390625
35022,3851.30126953125
35023,7397.91357421875
35024,8224.322265625
35025,5593.28662109375
35026,6018.1171875
35027,6254.32666015625
35028,6604.7294921875
35029,9663.109375
35030,3851.30126953125
35031,3851.30126953125
35032,4711.58154296875
35033,5259.595703125
35034,5629.1123046875
35035,7426.0458984375
35036,5732.70556640625
35037,5750.61328125
35038,3851.30126953125
35039,5868.25537109375
35040,8216.4150390625
35041,3851.30126953125
35042,6133.73876953125
35043,3851.30126953125
35044,6199.48876953125
35045,5341.0048828125
35046,4395.3818359375
35047,5415.59033203125
35048,3994.501708984375
35049,4870.4501953125
35050,6226.2021484375
35051,4605.82421875
35052,7455.17529296875
35053,5284.9365234375
35054,8427.599609375
35055,5136.45751953125
35056,3851.30126953125
35057,7473.27685546875
35058,3851.30126953125
35059,8356.01171875
35060,5523.96484375
35061,4723.3671875
35062,6154.85791015625
35063,4111.521484375
35064,4362.9404296875
35065,6063.4365234375
35066,3851.30126953125
35067,3851.30126953125
35068,5746.2138671875
35069,5606.11865234375
35070,10309.44140625
35071,5392.1103515625
35072,5354.49072265625
35073,3851.30126953125
35074,5799.28662109375
35075,3851.30126953125
35076,9089.14453125
35077,6729.5068359375
35078,12896.900390625
35079,5345.521484375
35080,4531.07080078125
35081,7733.470703125
35082,7527.1826171875
35083,3851.30126953125
35084,8234.74609375
35085,6106.78076171875
35086,5219.6015625
35087,6003.6259765625
35088,4285.5595703125
35089,3851.30126953125
35090,4915.6728515625
35091,3851.30126953125
35092,3851.30126953125
35093,6686.1005859375
35094,5156.66015625
35095,21184.02734375
35096,6410.89404296875
35097,4561.908203125
35098,7510.07568359375
35099,10193.412109375
35100,6404.86865234375
35101,6873.5966796875
35102,5930.8798828125
35103,7937.26025390625
35104,7419.923828125
35105,5384.25146484375
35106,5598.77099609375
35107,7300.12646484375
35108,8287.947265625
35109,6714.275390625
35110,8670.46875
35111,6445.95654296875
35112,4808.56005859375
35113,5819.69580078125
35114,10060.41796875
35115,10346.2548828125
35116,8793.9482421875
35117,7427.4453125
35118,4315.72607421875
35119,5654.46728515625
35120,4499.50048828125
35121,7696.6953125
35122,10271.96875
35123,10175.818359375
35124,5563.78369140625
35125,4949.830078125
35126,4592.14013671875
35127,5967.2822265625
35128,9303.6513671875
35129,6696.892578125
35130,5632.6328125
35131,5543.2783203125
35132,7210.7724609375
35133,4090.739501953125
35134,7683.3701171875
35135,4258.1708984375
35136,7708.5029296875
35137,7526.044921875
35138,5781.34228515625
35139,7896.1650390625
35140,7406.111328125
35141,4718.79931640625
35142,6375.80419921875
35143,7974.287109375
35144,10734.359375
35145,6584.0078125
35146,8152.77392578125
35147,8319.28125
35148,9195.064453125
35149,7232.416015625
35150,9351.5390625
35151,4262.9697265625
35152,4716.8271484375
35153,5657.423828125
35154,6560.4765625
35155,9382.51171875
35156,8286.4580078125
35157,5596.9541015625
35158,7837.88037109375
35159,7325.74072265625
35160,9455.6171875
35161,3851.30126953125
35162,12630.9765625
35163,4584.822265625
35164,6209.72314453125
35165,8194.1123046875
35166,4803.259765625
35167,5882.2822265625
35168,6195.81298828125
35169,7322.70703125
35170,5413.30859375
35171,5675.5
35172,8115.37109375
35173,8400.36328125
35174,7455.06005859375
35175,4616.55859375
35176,7585.765625
35177,11276.96484375
35178,6896.68310546875
35179,4967.63427734375
35180,7354.2412109375
35181,6243.7958984375
35182,7244.36376953125
35183,8338.5625
35184,3853.143310546875
35185,8332.203125
35186,5823.2412109375
35187,7673.83251953125
35188,9754.72265625
35189,4627.71630859375
35190,6605.1669921875
35191,5786.9833984375
35192,7943.140625
35193,9077.306640625
35194,4890.58251953125
35195,4792.8701171875
35196,7448.45263671875
35197,6406.83349609375
35198,6133.80810546875
35199,8373.2138671875
35200,6594.2646484375
35201,7777.45361328125
35202,5882.3974609375
35203,4493.7646484375
35204,6449.078125
35205,7628.01904296875
35206,8074.10595703125
35207,8450.9765625
35208,8409.80078125
35209,5755.15625
35210,9054.1689453125
35211,5380.10546875
35212,6729.80029296875
35213,9285.1494140625
35214,7302.14453125
35215,9557.9775390625
35216,8842.0166015625
35217,7805.05126953125
35218,6436.6552734375
35219,7547.93017578125
35220,8467.3369140625
35221,6417.64599609375
35222,4004.42919921875
35223,5141.89453125
35224,8087.38330078125
35225,6266.34375
35226,4712.90625
35227,7868.03173828125
35228,6582.47021484375
35229,6729.630859375
35230,5828.8828125
35231,5398.6708984375
35232,7002.11376953125
35233,7168.3251953125
35234,6566.69482421875
35235,5789.50244140625
35236,4822.2197265625
35237,6599.23046875
35238,3952.766357421875
35239,6321.71484375
35240,5564.947265625
35241,8770.642578125
35242,7609.13525390625
35243,6869.017578125
35244,11915.5
35245,4696.3173828125
35246,5664.951171875
35247,10133.1943359375
35248,7074.58349609375
35249,8277.568359375
35250,7441.73681640625
35251,5969.01318359375
35252,6594.232421875
35253,5704.27001953125
35254,7555.15673828125
35255,10547.4951171875
35256,7095.1015625
35257,3851.30126953125
35258,5320.37158203125
35259,8782.734375
35260,9462.95703125
35261,6538.94580078125
35262,7220.8330078125
35263,4921.6337890625
35264,5068.37841796875
35265,3851.30126953125
35266,4375.7099609375
35267,6438.84326171875
35268,7531.15966796875
35269,6887.736328125
35270,5746.4404296875
35271,8371.44140625
35272,9268.2099609375
35273,7445.1962890625
35274,5341.74951171875
35275,9373.580078125
35276,10101.337890625
35277,5959.74755859375
35278,7556.85009765625
35279,5002.87109375
35280,6587.90771484375
35281,4179.80859375
35282,7215.29443359375
35283,5080.6953125
35284,9420.9013671875
35285,7228.2392578125
35286,8581.732421875
35287,8159.330078125
35288,5925.67578125
35289,8813.748046875
35290,17876.599609375
35291,10473.6962890625
35292,5596.46044921875
35293,3851.30126953125
35294,6577.75341796875
35295,9047.919921875
35296,6103.58349609375
35297,11671.6083984375
35298,19372.693359375
35299,4596.4775390625
35300,5483.0654296875
35301,9366.10546875
35302,5230.669921875
35303,8771.4951171875
35304,6450.75439453125
35305,7702.560546875
35306,5398.5419921875
35307,6997.39208984375
35308,6947.70068359375
35309,7544.93896484375
35310,9962.080078125
35311,6991.3408203125
35312,6324.96826171875
35313,7179.65625
35314,5661.45849609375
35315,5306.34521484375
35316,7965.64794921875
35317,5816.888671875
35318,6172.26708984375
35319,6599.6611328125
35320,5968.0322265625
35321,5542.8505859375
35322,7246.814453125
35323,7200.3759765625
35324,8640.3720703125
35325,8755.2734375
35326,7587.74365234375
35327,5543.634765625
35328,4104.873046875
35329,6823.36767578125
35330,7104.654296875
35331,5784.78466796875
35332,4748.3642578125
35333,8829.212890625
35334,7146.76171875
35335,9649.521484375
35336,6437.9677734375
35337,5583.58544921875
35338,5168.5634765625
35339,5118.1865234375
35340,9486.91015625
35341,5732.171875
35342,8280.044921875
35343,14311.908203125
35344,8135.1240234375
35345,6532.25146484375
35346,5696.75634765625
35347,4555.9609375
35348,7301.43603515625
35349,4037.990966796875
35350,5829.62890625
35351,9859.126953125
35352,5939.73876953125
35353,13819.5791015625
35354,12764.841796875
35355,5507.58447265625
35356,7208.86376953125
35357,5533.27734375
35358,6535.810546875
35359,5189.6806640625
35360,11148.3251953125
35361,7869.943359375
35362,8879.541015625
35363,4533.369140625
35364,7640.640625
35365,5636.3017578125
35366,8802.6865234375
35367,7543.5068359375
35368,6380.0849609375
35369,7138.57568359375
35370,6631.2021484375
35371,8100.1103515625
35372,9212.3427734375
35373,6675.130859375
35374,9538.8330078125
35375,7311.1474609375
35376,9434.275390625
35377,5808.44189453125
35378,5847.1650390625
35379,5388.2421875
35380,10546.673828125
35381,6981.9609375
35382,7998.11474609375
35383,6925.4267578125
35384,8977.8486328125
35385,5123.3056640625
35386,9113.1708984375
35387,6579.4521484375
35388,4233.57275390625
35389,13098.31640625
35390,16292.5859375
35391,7331.6484375
35392,7995.798828125
35393,9653.8642578125
35394,9394.072265625
35395,10701.1142578125
35396,6005.37841796875
35397,6917.2353515625
35398,6318.78515625
35399,8534.271484375
35400,4166.44140625
35401,5645.9755859375
35402,6064.64404296875
35403,6474.99755859375
35404,7430.47998046875
35405,5358.52783203125
35406,4651.671875
35407,7539.4921875
35408,4454.5048828125
35409,5268.57763671875
35410,6107.59814453125
35411,6312.0498046875
35412,9409.4228515625
35413,9658.9638671875
35414,6874.55029296875
35415,6994.32177734375
35416,6474.04296875
35417,10578.1923828125
35418,6896.8486328125
35419,5610.9990234375
35420,4944.59033203125
35421,10246.380859375
35422,4443.017578125
35423,7650.744140625
35424,3851.30126953125
35425,4602.37890625
35426,7766.7275390625
35427,6509.640625
35428,5884.638671875
35429,9240.5205078125
35430,9302.1796875
35431,10732.060546875
35432,6671.4912109375
35433,9796.6337890625
35434,3851.30126953125
35435,5948.83349609375
35436,6483.6630859375
35437,4554.1025390625
35438,8697.537109375
35439,5222.44970703125
35440,4944.8232421875
35441,8274.638671875
35442,11147.8515625
35443,9243.0751953125
35444,5638.5390625
35445,5389.7333984375
35446,11195.4365234375
35447,8188.6669921875
35448,5644.0751953125
35449,5783.87548828125
35450,7753.7421875
35451,9300.056640625
35452,5087.9501953125
35453,5911.6962890625
35454,8337.25390625
35455,7839.0146484375
35456,13043.693359375
35457,6693.1162109375
35458,11849.232421875
35459,7246.22412109375
35460,5483.14453125
35461,3851.30126953125
35462,5990.72509765625
35463,6543.4375
35464,6018.2431640625
35465,8450.0849609375
35466,5456.8447265625
35467,4480.49609375
35468,7964.76123046875
35469,3851.30126953125
35470,8082.79296875
35471,7579.37060546875
35472,7668.2568359375
35473,8971.076171875
35474,5560.5029296875
35475,9461.5078125
35476,6736.8115234375
35477,5606.509765625
35478,6076.11669921875
35479,5222.34375
35480,10242.3984375
35481,6989.78125
35482,4988.783203125
35483,7932.50439453125
35484,8774.40625
35485,7057.64208984375
35486,6493.46142578125
35487,8582.3212890625
35488,5984.0751953125
35489,6620.443359375
35490,5881.314453125
35491,9438.5927734375
35492,5525.146484375
35493,6352.1708984375
35494,6289.6689453125
35495,6225.46826171875
35496,4735.837890625
35497,5767.25537109375
35498,8798.6796875
35499,8916.9345703125
35500,10729.2578125
35501,10974.3671875
35502,8665.8798828125
35503,7598.783203125
35504,4939.85595703125
35505,10205.966796875
35506,10432.7392578125
35507,8012.970703125
35508,7562.71923828125
35509,8756.85546875
35510,5937.623046875
35511,3890.958251953125
35512,11114.9091796875
35513,6976.9482421875
35514,6311.9306640625
35515,6167.84375
35516,3851.30126953125
35517,10909.56640625
35518,6143.537109375
35519,5031.54150390625
35520,4752.8916015625
35521,5990.8447265625
35522,7076.36083984375
35523,7493.181640625
35524,7356.68896484375
35525,5123.2490234375
35526,5079.298828125
35527,4152.6982421875
35528,3851.30126953125
35529,7156.33740234375
35530,17462.341796875
35531,5199.9580078125
35532,5563.3955078125
35533,6458.99609375
35534,5227.166015625
35535,5478.23291015625
35536,5498.251953125
35537,4325.64453125
35538,8259.1982421875
35539,7267.458984375
35540,4121.763671875
35541,9252.541015625
35542,5654.3740234375
35543,5274.673828125
35544,9761.3466796875
35545,8090.2021484375
35546,9404.5576171875
35547,5521.341796875
35548,6521.4423828125
35549,5169.9375
35550,5241.1923828125
35551,14114.111328125
35552,10352.14453125
35553,6726.119140625
35554,5231.16650390625
35555,5226.2685546875
35556,6299.46826171875
35557,4662.60546875
35558,9751.5703125
35559,5183.7421875
35560,5924.29296875
35561,8111.76025390625
35562,5196.0888671875
35563,6320.984375
35564,7096.712890625
35565,7685.6376953125
35566,8093.27880859375
35567,4427.1279296875
35568,6112.17236328125
35569,6870.6494140625
35570,9211.408203125
35571,8374.4736328125
35572,7294.31494140625
35573,5056.29736328125
35574,8897.5
35575,5157.724609375
35576,4560.79638671875
35577,7241.267578125
35578,7159.36572265625
35579,6218.62255859375
35580,6896.91455078125
35581,6749.3876953125
35582,7048.970703125
35583,5554.7744140625
35584,7271.6689453125
35585,7394.396484375
35586,6740.2041015625
35587,9339.69921875
35588,6847.0458984375
35589,4572.095703125
35590,11113.552734375
35591,5500.732421875
35592,3851.30126953125
35593,8427.4560546875
35594,9257.3154296875
35595,11440.8818359375
35596,5034.4755859375
35597,6883.91845703125
35598,6274.4345703125
35599,7350.203125
35600,6142.2353515625
35601,8710.1337890625
35602,3851.30126953125
35603,6149.5322265625
35604,5835.6494140625
35605,5380.5361328125
35606,5464.9287109375
35607,7105.19970703125
35608,7825.7666015625
35609,5976.013671875
35610,7973.943359375
35611,7736.9287109375
35612,8786.39453125
35613,5208.798828125
35614,7169.8837890625
35615,7200.88623046875
35616,8533.359375
35617,8675.693359375
35618,4153.36083984375
35619,8208.0390625
35620,7817.4912109375
35621,7902.6220703125
35622,5175.0
35623,3979.402587890625
35624,8606.080078125
35625,6273.60205078125
35626,8725.037109375
35627,7372.05712890625
35628,5163.7119140625
35629,8242.5205078125
35630,5892.18408203125
35631,6580.259765625
35632,8351.876953125
35633,5273.3740234375
35634,9020.0068359375
35635,10703.9931640625
35636,8035.31494140625
35637,4979.73046875
35638,5879.3505859375
35639,4988.30517578125
35640,3851.30126953125
35641,8483.8037109375
35642,6035.9970703125
35643,9155.51171875
35644,5110.28515625
35645,7038.4091796875
35646,6621.5947265625
35647,9379.814453125
35648,5366.9521484375
35649,6115.89111328125
35650,5445.212890625
35651,7464.30126953125
35652,6096.4404296875
35653,7663.1044921875
35654,7935.94921875
35655,8641.3525390625
35656,8544.7060546875
35657,6888.24560546875
35658,5900.02783203125
35659,4588.2109375
35660,5574.99658203125
35661,10117.623046875
35662,8867.51171875
35663,8962.35546875
35664,14712.298828125
35665,5774.00537109375
35666,5011.0595703125
35667,6388.95751953125
35668,8170.62548828125
35669,10178.30078125
35670,7284.1953125
35671,8501.60546875
35672,8457.7744140625
35673,7419.53173828125
35674,6747.318359375
35675,6102.5810546875
35676,5404.33544921875
35677,5457.67822265625
35678,3851.30126953125
35679,5507.423828125
35680,8147.11669921875
35681,16719.490234375
35682,7374.65771484375
35683,5125.4326171875
35684,7257.37158203125
35685,4447.8564453125
35686,6576.8994140625
35687,4596.53515625
35688,8870.2880859375
35689,6713.86962890625
35690,6703.98681640625
35691,12831.7890625
35692,11748.2802734375
35693,5514.7685546875
35694,7105.45458984375
35695,3900.694091796875
35696,5344.998046875
35697,5470.01708984375
35698,8923.654296875
35699,4892.298828125
35700,4585.13232421875
35701,5861.79541015625
35702,5932.474609375
35703,7535.0205078125
35704,7313.6923828125
35705,3851.30126953125
35706,8192.33984375
35707,8321.3935546875
35708,7623.3212890625
35709,4568.5498046875
35710,4499.71630859375
35711,7383.83056640625
35712,4667.1044921875
35713,10265.5146484375
35714,5021.31982421875
35715,5895.38916015625
35716,7245.2763671875
35717,5764.119140625
35718,4937.4453125
35719,5897.79248046875
35720,7033.38671875
35721,9363.951171875
35722,9173.533203125
35723,6193.4296875
35724,4058.922607421875
35725,5579.36181640625
35726,7006.38330078125
35727,4806.505859375
35728,5645.23095703125
35729,5986.37646484375
35730,11442.669921875
35731,7610.23046875
35732,6288.1240234375
35733,6949.34228515625
35734,4660.6806640625
35735,8939.1767578125
35736,5455.3681640625
35737,11753.798828125
35738,6788.6884765625
35739,5786.6484375
35740,5664.189453125
35741,4211.10693359375
35742,6976.50244140625
35743,19240.42578125
35744,4702.037109375
35745,5408.146484375
35746,9808.0791015625
35747,7293.919921875
35748,7796.31298828125
35749,8196.943359375
35750,6474.8515625
35751,5700.0576171875
35752,4772.53515625
35753,9747.583984375
35754,6584.96728515625
35755,6905.4111328125
35756,7506.74462890625
35757,4881.0537109375
35758,7593.99365234375
35759,6589.0078125
35760,3939.662109375
35761,8528.08203125
35762,9645.1953125
35763,4726.4873046875
35764,7952.40576171875
35765,7426.6015625
35766,5483.84765625
35767,10130.2841796875
35768,6903.47900390625
35769,8225.4404296875
35770,4870.81640625
35771,5159.2041015625
35772,6689.04345703125
35773,4321.693359375
35774,8271.162109375
35775,4292.12158203125
35776,6011.4482421875
35777,4964.45703125
35778,5587.7353515625
35779,5244.81982421875
35780,6806.1005859375
35781,7248.373046875
35782,8864.9619140625
35783,6393.54443359375
35784,8027.8154296875
35785,6367.36474609375
35786,8411.2392578125
35787,9414.232421875
35788,6980.4306640625
35789,3851.30126953125
35790,6210.8955078125
35791,7092.9365234375
35792,4608.0146484375
35793,11209.48828125
35794,6414.04736328125
35795,7061.83251953125
35796,10580.1962890625
35797,6758.7109375
35798,4550.408203125
35799,12047.6083984375
35800,9827.962890625
35801,6209.42333984375
35802,8704.3935546875
35803,9752.4248046875
35804,6861.1962890625
35805,5377.44921875
35806,6663.85498046875
35807,5914.7119140625
35808,5968.34912109375
35809,7166.3046875
35810,4851.4931640625
35811,6938.9111328125
35812,7408.58740234375
35813,6582.46484375
35814,8688.103515625
35815,6034.2333984375
35816,6761.08349609375
35817,4772.994140625
35818,8212.5302734375
35819,7226.03271484375
35820,6563.93505859375
35821,6708.47265625
35822,7770.9873046875
35823,9315.42578125
35824,5720.7685546875
35825,5419.20849609375
35826,6993.2724609375
35827,7480.23681640625
35828,7518.49169921875
35829,4834.47607421875
35830,4543.03955078125
35831,7837.9111328125
35832,7870.67333984375
35833,5900.11328125
35834,8088.232421875
35835,7029.5361328125
35836,6721.47119140625
35837,4957.41796875
35838,3851.30126953125
35839,6932.728515625
35840,6609.21435546875
35841,6379.00341796875
35842,9087.8212890625
35843,7830.97998046875
35844,4729.0830078125
35845,8096.923828125
35846,3925.64013671875
35847,3851.30126953125
35848,6870.7412109375
35849,11466.9609375
35850,7922.51611328125
35851,6571.3525390625
35852,4564.20263671875
35853,6673.31982421875
35854,9052.458984375
35855,6066.2578125
35856,8378.9697265625
35857,5743.326171875
35858,4873.6083984375
35859,5621.1845703125
35860,5493.16455078125
35861,5433.33984375
35862,4995.69384765625
35863,4934.10107421875
35864,4577.87109375
35865,7115.3232421875
35866,6960.76953125
35867,5734.9921875
35868,6222.62548828125
35869,7245.97705078125
35870,5601.0810546875
35871,4990.361328125
35872,10332.7958984375
35873,7456.62158203125
35874,6513.630859375
35875,3999.69775390625
35876,12038.0478515625
35877,6760.5283203125
35878,5522.1005859375
35879,9433.7685546875
35880,8233.95703125
35881,7094.9140625
35882,6313.0927734375
35883,7854.2783203125
35884,9287.58984375
35885,12418.8916015625
35886,5021.3173828125
35887,4438.57470703125
35888,5207.3857421875
35889,6628.8583984375
35890,5716.0859375
35891,7894.05322265625
35892,8558.98046875
35893,5954.251953125
35894,4445.525390625
35895,6030.32861328125
35896,9685.240234375
35897,5338.83056640625
35898,7509.8681640625
35899,3997.72265625
35900,8047.9853515625
35901,8052.42578125
35902,7562.9658203125
35903,8543.69921875
35904,6942.33984375
35905,4774.9365234375
35906,6420.3671875
35907,7314.44384765625
35908,7994.685546875
35909,7987.94580078125
35910,8269.6689453125
35911,6724.4091796875
35912,4309.81640625
35913,9389.7373046875
35914,4642.84814453125
35915,9882.0029296875
35916,6165.78173828125
35917,4862.15771484375
35918,7073.7958984375
35919,6089.27294921875
35920,7737.61181640625
35921,8423.689453125
35922,3874.046875
35923,4635.91015625
35924,7268.78173828125
35925,8582.3779296875
35926,10138.91796875
35927,5940.9697265625
35928,6521.10888671875
35929,6945.96728515625
35930,6568.6396484375
35931,5358.54736328125
35932,9815.3720703125
35933,8532.8232421875
35934,12114.66796875
35935,4821.013671875
35936,5803.33984375
35937,9900.4609375
35938,9541.91796875
35939,5128.580078125
35940,10141.0517578125
35941,6847.22900390625
35942,5675.7158203125
35943,5629.46923828125
35944,5042.923828125
35945,5215.6142578125
35946,6629.4658203125
35947,5092.75
35948,5031.8857421875
35949,9162.921875
35950,6578.5634765625
35951,21485.1328125
35952,7109.8291015625
35953,4445.0087890625
35954,7616.771484375
35955,10143.8349609375
35956,6549.646484375
35957,7166.96240234375
35958,5757.7666015625
35959,8090.048828125
35960,7644.982421875
35961,5198.15380859375
35962,5723.6591796875
35963,7322.2568359375
35964,8545.9892578125
35965,6948.42333984375
35966,9268.923828125
35967,6294.544921875
35968,4491.525390625
35969,5521.09912109375
35970,10116.7919921875
35971,10433.845703125
35972,9173.1123046875
35973,7496.6005859375
35974,4441.583984375
35975,5552.037109375
35976,4521.865234375
35977,7713.8212890625
35978,10221.794921875
35979,10373.1142578125
35980,5728.71533203125
35981,4836.76953125
35982,4520.08203125
35983,5990.73779296875
35984,9801.033203125
35985,6456.69677734375
35986,5401.947265625
35987,5419.84228515625
35988,7395.5693359375
35989,3851.30126953125
35990,7676.20068359375
35991,4107.5791015625
35992,7892.20849609375
35993,7431.49560546875
35994,5643.3310546875
35995,7963.36767578125
35996,7543.77587890625
35997,4692.55078125
35998,6269.4208984375
35999,8088.15673828125
36000,10711.6279296875
36001,6578.5087890625
36002,8498.103515625
36003,8510.7724609375
36004,9306.361328125
36005,7306.1279296875
36006,9491.650390625
36007,4516.1142578125
36008,4631.986328125
36009,5591.73583984375
36010,6569.759765625
36011,9492.2734375
36012,8217.9814453125
36013,5615.73974609375
36014,7781.64892578125
36015,7271.42724609375
36016,9687.904296875
36017,3851.30126953125
36018,12840.29296875
36019,4513.3955078125
36020,6369.09814453125
36021,8248.6064453125
36022,4605.82861328125
36023,5889.63330078125
36024,6088.88427734375
36025,7409.55029296875
36026,5479.2880859375
36027,5936.064453125
36028,8150.16796875
36029,8447.0146484375
36030,7030.9296875
36031,4955.23974609375
36032,7679.6015625
36033,11025.103515625
36034,6807.0361328125
36035,5243.302734375
36036,7195.40478515625
36037,6308.28076171875
36038,7097.2353515625
36039,8520.0625
36040,3851.30126953125
36041,8566.087890625
36042,5732.7314453125
36043,7320.50146484375
36044,10387.5576171875
36045,4335.18994140625
36046,6151.4111328125
36047,5680.93408203125
36048,8181.10205078125
36049,8848.7041015625
36050,4837.90087890625
36051,4555.4091796875
36052,7572.0498046875
36053,6232.728515625
36054,6203.880859375
36055,8374.931640625
36056,6936.12841796875
36057,8014.3818359375
36058,5700.6123046875
36059,4325.46875
36060,6276.525390625
36061,7938.10986328125
36062,8228.8671875
36063,8380.3408203125
36064,8403.2646484375
36065,5587.1083984375
36066,9298.890625
36067,5390.419921875
36068,6883.9990234375
36069,9467.083984375
36070,7011.34912109375
36071,9738.912109375
36072,8781.2197265625
36073,7712.958984375
36074,6320.064453125
36075,7685.8896484375
36076,8488.037109375
36077,6543.5517578125
36078,3952.052001953125
36079,5419.6513671875
36080,8043.60107421875
36081,5982.78173828125
36082,4559.36474609375
36083,7996.0263671875
36084,6691.8076171875
36085,6811.67333984375
36086,5736.45263671875
36087,5194.80419921875
36088,7297.88818359375
36089,7236.80517578125
36090,6771.40771484375
36091,5782.2548828125
36092,5217.46923828125
36093,6741.47607421875
36094,4007.58203125
36095,6504.2939453125
36096,5568.576171875
36097,8634.2314453125
36098,7556.32421875
36099,6728.63330078125
36100,11361.740234375
36101,5001.4990234375
36102,5493.8994140625
36103,10444.8662109375
36104,6817.06787109375
36105,8390.1181640625
36106,7175.107421875
36107,5627.416015625
36108,6687.47412109375
36109,5612.4560546875
36110,8092.25634765625
36111,10868.48046875
36112,7603.94873046875
36113,3851.30126953125
36114,5227.587890625
36115,8843.376953125
36116,9268.1376953125
36117,6498.61083984375
36118,6952.37548828125
36119,4736.521484375
36120,5221.20166015625
36121,3851.30126953125
36122,4605.353515625
36123,6230.88134765625
36124,7849.9150390625
36125,6891.255859375
36126,5727.052734375
36127,8473.8837890625
36128,9249.3671875
36129,7340.236328125
36130,5328.3720703125
36131,9398.466796875
36132,9940.9208984375
36133,5818.64453125
36134,7606.11865234375
36135,5016.25146484375
36136,6695.68701171875
36137,4171.416015625
36138,7248.73388671875
36139,5024.83251953125
36140,9569.392578125
36141,6990.19140625
36142,8582.3037109375
36143,8097.5419921875
36144,5660.3349609375
36145,8861.7109375
36146,18096.90625
36147,10624.32421875
36148,5768.98046875
36149,3851.30126953125
36150,6544.0654296875
36151,9202.3515625
36152,6132.08984375
36153,11733.1181640625
36154,18776.994140625
36155,4300.74462890625
36156,5430.4716796875
36157,9483.880859375
36158,4789.21044921875
36159,8874.505859375
36160,6500.72314453125
36161,8031.1875
36162,5294.73583984375
36163,6890.22265625
36164,7011.70703125
36165,7480.390625
36166,9986.6865234375
36167,7074.333984375
36168,6282.56884765625
36169,7605.14501953125
36170,5717.5068359375
36171,5113.94580078125
36172,8287.7236328125
36173,5589.0322265625
36174,6065.681640625
36175,6591.53173828125
36176,6143.78759765625
36177,5864.1630859375
36178,7490.11376953125
36179,7319.02197265625
36180,8477.435546875
36181,9014.8828125
36182,7752.2734375
36183,5251.8271484375
36184,3881.04736328125
36185,6804.21533203125
36186,7004.9912109375
36187,5793.30859375
36188,4771.712890625
36189,8934.27734375
36190,7129.66357421875
36191,10044.2666015625
36192,6585.39306640625
36193,5427.12744140625
36194,5111.099609375
36195,4908.1259765625
36196,9423.6669921875
36197,5541.2314453125
36198,7953.72900390625
36199,14509.8681640625
36200,8138.1494140625
36201,6994.8115234375
36202,5256.66162109375
36203,4415.619140625
36204,7041.83837890625
36205,3939.040283203125
36206,5986.091796875
36207,10162.806640625
36208,5730.158203125
36209,14133.400390625
36210,13189.064453125
36211,5436.70166015625
36212,7401.58154296875
36213,5615.91455078125
36214,6709.5244140625
36215,5031.703125
36216,11313.5185546875
36217,7614.16845703125
36218,9261.0390625
36219,4544.8701171875
36220,7535.44677734375
36221,5306.810546875
36222,9227.583984375
36223,7323.52587890625
36224,6217.009765625
36225,7098.4267578125
36226,6448.33984375
36227,8173.0390625
36228,9446.681640625
36229,6573.42822265625
36230,9390.90625
36231,7344.76611328125
36232,9686.9169921875
36233,5857.791015625
36234,5627.4873046875
36235,5366.38427734375
36236,10420.681640625
36237,6721.77978515625
36238,7935.685546875
36239,7066.75927734375
36240,9200.7890625
36241,4980.279296875
36242,8958.8642578125
36243,6823.63232421875
36244,4247.54931640625
36245,13036.07421875
36246,16394.00390625
36247,7241.154296875
36248,7754.814453125
36249,9751.11328125
36250,9496.2763671875
36251,10997.8916015625
36252,5719.27099609375
36253,7186.56982421875
36254,6047.40576171875
36255,8520.32421875
36256,3980.6416015625
36257,5714.06982421875
36258,6115.54296875
36259,6524.99853515625
36260,7230.06396484375
36261,5658.88818359375
36262,4582.1103515625
36263,7513.31103515625
36264,4122.2939453125
36265,5034.72119140625
36266,6341.6484375
36267,6334.1962890625
36268,9456.59765625
36269,9550.142578125
36270,7172.90478515625
36271,6942.966796875
36272,6657.26318359375
36273,10794.7783203125
36274,7031.53173828125
36275,5188.56640625
36276,5148.4033203125
36277,10215.892578125
36278,4328.4306640625
36279,7396.15283203125
36280,3851.30126953125
36281,4622.458984375
36282,8366.7548828125
36283,6708.54052734375
36284,5869.1396484375
36285,9328.3984375
36286,9485.921875
36287,11334.376953125
36288,6720.30810546875
36289,9726.34375
36290,3851.30126953125
36291,5604.25
36292,6138.0302734375
36293,4407.431640625
36294,8289.9697265625
36295,5057.63720703125
36296,4796.9140625
36297,8397.1337890625
36298,11367.458984375
36299,9654.517578125
36300,5526.07666015625
36301,5415.22509765625
36302,12136.267578125
36303,8122.775390625
36304,5887.32421875
36305,5709.880859375
36306,7431.369140625
36307,9345.541015625
36308,5246.7177734375
36309,5912.640625
36310,8443.546875
36311,8095.4365234375
36312,13079.921875
36313,7132.43115234375
36314,12076.89453125
36315,7152.17041015625
36316,5495.205078125
36317,3851.30126953125
36318,5926.70947265625
36319,6411.3818359375
36320,6012.47802734375
36321,8135.63720703125
36322,5581.32958984375
36323,4555.25048828125
36324,8017.0859375
36325,3851.30126953125
36326,8287.6728515625
36327,7473.6611328125
36328,7766.66650390625
36329,8742.2392578125
36330,5577.65380859375
36331,9627.8828125
36332,6838.43310546875
36333,5636.3486328125
36334,6048.9208984375
36335,5305.455078125
36336,10225.3583984375
36337,7091.8095703125
36338,4965.1044921875
36339,7755.10693359375
36340,8860.9521484375
36341,7163.638671875
36342,6581.51318359375
36343,8638.287109375
36344,5757.92822265625
36345,6309.505859375
36346,6071.7021484375
36347,9235.4306640625
36348,5829.62060546875
36349,6463.27099609375
36350,6059.48779296875
36351,6002.1435546875
36352,4465.421875
36353,5531.7431640625
36354,8840.99609375
36355,9428.404296875
36356,10431.9638671875
36357,11276.431640625
36358,8520.45703125
36359,8099.34033203125
36360,4827.18310546875
36361,10401.2509765625
36362,10456.7470703125
36363,7803.13037109375
36364,7738.90283203125
36365,8601.2529296875
36366,6267.3974609375
36367,3851.30126953125
36368,11208.6044921875
36369,7267.90234375
36370,6542.68798828125
36371,6533.22900390625
36372,3851.30126953125
36373,11304.5244140625
36374,6361.8271484375
36375,5065.58935546875
36376,4620.0712890625
36377,5861.27294921875
36378,6699.8798828125
36379,8035.455078125
36380,7226.68115234375
36381,5183.80078125
36382,4954.99609375
36383,4206.291015625
36384,3851.30126953125
36385,6959.62744140625
36386,17387.01171875
36387,5006.60791015625
36388,5586.03173828125
36389,6640.52294921875
36390,4932.52734375
36391,5277.982421875
36392,5418.42578125
36393,4222.70751953125
36394,8085.81396484375
36395,7203.3408203125
36396,4117.43359375
36397,9164.3388671875
36398,5653.6845703125
36399,5008.3349609375
36400,10266.4833984375
36401,8054.38037109375
36402,9587.8984375
36403,5743.50927734375
36404,6572.90966796875
36405,4817.4326171875
36406,5310.486328125
36407,14429.75390625
36408,10323.392578125
36409,6710.22998046875
36410,5644.8251953125
36411,5066.4931640625
36412,6111.787109375
36413,4530.33984375
36414,10296.27734375
36415,5254.1435546875
36416,5863.48291015625
36417,7904.53515625
36418,4805.9609375
36419,6481.5439453125
36420,7149.93603515625
36421,7608.25
36422,8137.22607421875
36423,4233.6953125
36424,6152.16015625
36425,6828.99951171875
36426,9429.931640625
36427,8586.9111328125
36428,7504.15283203125
36429,4836.3388671875
36430,8954.626953125
36431,5113.1220703125
36432,4373.994140625
36433,6851.51171875
36434,7283.984375
36435,6328.0078125
36436,6815.88232421875
36437,6464.501953125
36438,6862.8740234375
36439,5505.82421875
36440,6807.8720703125
36441,7364.53759765625
36442,6852.685546875
36443,9432.0654296875
36444,6726.9384765625
36445,4526.9287109375
36446,11110.533203125
36447,5652.7109375
36448,3851.30126953125
36449,7853.73681640625
36450,9235.6044921875
36451,11176.892578125
36452,5023.388671875
36453,6623.93798828125
36454,6188.150390625
36455,7245.4169921875
36456,6091.75830078125
36457,8812.158203125
36458,3851.30126953125
36459,6097.9228515625
36460,6041.0712890625
36461,5441.85107421875
36462,5640.6591796875
36463,6968.32421875
36464,7756.89013671875
36465,6111.30419921875
36466,8292.5546875
36467,7830.83740234375
36468,8810.3984375
36469,5054.638671875
36470,6964.9453125
36471,7296.5537109375
36472,8670.39453125
36473,8363.712890625
36474,4463.181640625
36475,8220.701171875
36476,7774.77783203125
36477,7589.81298828125
36478,4960.7626953125
36479,3958.388427734375
36480,8867.65234375
36481,6474.4765625
36482,8533.771484375
36483,7157.52001953125
36484,5492.87744140625
36485,8085.2744140625
36486,6281.42578125
36487,6578.1513671875
36488,8464.609375
36489,5649.26025390625
36490,9078.271484375
36491,10510.7421875
36492,8117.9052734375
36493,4836.6171875
36494,5607.1640625
36495,4759.0234375
36496,3851.30126953125
36497,8326.8837890625
36498,5801.51513671875
36499,8843.4921875
36500,4861.4619140625
36501,6977.73876953125
36502,6657.57080078125
36503,9388.4677734375
36504,5313.765625
36505,5880.41552734375
36506,5436.35107421875
36507,7462.64697265625
36508,6111.28076171875
36509,7692.111328125
36510,7961.513671875
36511,8668.490234375
36512,8719.0556640625
36513,6853.8681640625
36514,5839.4296875
36515,4602.0703125
36516,5348.3291015625
36517,10161.3203125
36518,9182.208984375
36519,9756.591796875
36520,14426.328125
36521,5796.1279296875
36522,5150.38916015625
36523,6234.90380859375
36524,7999.64013671875
36525,10142.1728515625
36526,6838.77880859375
36527,8564.1171875
36528,8356.9248046875
36529,7542.23388671875
36530,6723.3720703125
36531,5938.7373046875
36532,5291.41162109375
36533,5231.380859375
36534,3851.30126953125
36535,5596.396484375
36536,8274.8486328125
36537,16125.486328125
36538,7528.0849609375
36539,5497.63330078125
36540,7223.326171875
36541,4405.69921875
36542,6665.37939453125
36543,4364.05322265625
36544,9521.8720703125
36545,6557.03662109375
36546,6650.44287109375
36547,12608.423828125
36548,11300.4072265625
36549,5678.06884765625
36550,7372.51904296875
36551,3851.30126953125
36552,5125.9404296875
36553,5440.38720703125
36554,8902.8486328125
36555,4778.392578125
36556,4295.24267578125
36557,5739.89892578125
36558,5845.6328125
36559,7427.53125
36560,7505.06103515625
36561,3930.2236328125
36562,8069.08740234375
36563,8261.458984375
36564,7666.51953125
36565,4316.6318359375
36566,4436.5400390625
36567,7775.384765625
36568,4544.3701171875
36569,10368.92578125
36570,4818.814453125
36571,6004.16064453125
36572,7231.60302734375
36573,5743.41357421875
36574,5139.42724609375
36575,5832.5263671875
36576,7019.66796875
36577,9405.46484375
36578,9408.669921875
36579,6091.6259765625
36580,4096.3330078125
36581,5714.24951171875
36582,7009.6396484375
36583,4546.3447265625
36584,5624.1708984375
36585,5844.822265625
36586,11620.03125
36587,7970.21337890625
36588,6148.52734375
36589,6919.001953125
36590,4684.6494140625
36591,9041.1044921875
36592,5571.041015625
36593,12135.54296875
36594,6774.25927734375
36595,5600.8603515625
36596,5323.1787109375
36597,4020.4111328125
36598,7066.8037109375
36599,18906.654296875
36600,4600.3447265625
36601,5027.41064453125
36602,9949.994140625
36603,7073.04296875
36604,7780.99853515625
36605,8236.1884765625
36606,6287.8466796875
36607,5679.103515625
36608,4595.6650390625
36609,9947.775390625
36610,6468.26025390625
36611,6853.947265625
36612,7738.7890625
36613,5104.9013671875
36614,7489.22412109375
36615,6588.7392578125
36616,3851.30126953125
36617,8692.5302734375
36618,9377.830078125
36619,4704.04296875
36620,7660.8564453125
36621,7286.263671875
36622,5504.17724609375
36623,9862.4267578125
36624,6725.283203125
36625,8227.7900390625
36626,4687.7529296875
36627,5066.8916015625
36628,6928.400390625
36629,4147.5771484375
36630,8540.68359375
36631,4062.624267578125
36632,6006.9150390625
36633,4961.4052734375
36634,5609.13818359375
36635,5550.9560546875
36636,6998.0966796875
36637,7300.138671875
36638,8387.1748046875
36639,6439.00732421875
36640,7989.84716796875
36641,6542.88525390625
36642,8352.173828125
36643,9621.7109375
36644,7043.2783203125
36645,3851.30126953125
36646,6272.95263671875
36647,7351.701171875
36648,4559.96044921875
36649,11216.38671875
36650,6591.89306640625
36651,7122.4814453125
36652,10555.5703125
36653,6740.255859375
36654,4450.4150390625
36655,11897.67578125
36656,9977.162109375
36657,6134.107421875
36658,8803.61328125
36659,9797.61328125
36660,6752.28125
36661,5137.6728515625
36662,6887.26318359375
36663,5926.40185546875
36664,5908.1455078125
36665,6869.90087890625
36666,4863.712890625
36667,6947.5693359375
36668,7387.3349609375
36669,6549.689453125
36670,8714.1474609375
36671,6147.59814453125
36672,6672.85302734375
36673,5032.15869140625
36674,8103.21044921875
36675,7250.08837890625
36676,6252.646484375
36677,6586.5849609375
36678,7591.82958984375
36679,9449.59375
36680,5663.345703125
36681,5508.41015625
36682,7017.60302734375
36683,7253.9482421875
36684,7334.609375
36685,4731.9873046875
36686,4342.8310546875
36687,8109.56884765625
36688,7951.72998046875
36689,5952.63671875
36690,7996.8828125
36691,6864.11865234375
36692,6875.0185546875
36693,5082.9619140625
36694,3982.856689453125
36695,7137.78564453125
36696,6497.87255859375
36697,6112.21875
36698,9276.0224609375
36699,8249.2900390625
36700,4703.99755859375
36701,8337.341796875
36702,4183.6513671875
36703,3851.30126953125
36704,6925.8994140625
36705,11805.236328125
36706,8210.2685546875
36707,6653.390625
36708,4437.5380859375
36709,6665.80078125
36710,9072.66796875
36711,6003.484375
36712,8854.4794921875
36713,5722.18701171875
36714,4775.40771484375
36715,5667.140625
36716,5324.21826171875
36717,5520.236328125
36718,4811.58837890625
36719,5012.966796875
36720,4501.4990234375
36721,7330.21044921875
36722,6689.60400390625
36723,5756.95068359375
36724,6076.98046875
36725,7049.88916015625
36726,5600.49755859375
36727,4817.94140625
36728,9948.416015625
36729,7697.96044921875
36730,6354.1025390625
36731,3851.30126953125
36732,11684.1484375
36733,6756.96630859375
36734,5625.1298828125
36735,9608.69140625
36736,8466.35546875
36737,7252.41943359375
36738,6227.5947265625
36739,7601.7314453125
36740,8846.0224609375
36741,12890.080078125
36742,4964.92578125
36743,4374.03125
36744,4987.9169921875
36745,6681.669921875
36746,5573.2890625
36747,8083.169921875
36748,8697.671875
36749,5896.4365234375
36750,4240.0908203125
36751,6072.060546875
36752,10442.826171875
36753,4765.1376953125
36754,7521.58642578125
36755,3953.171142578125
36756,7781.52001953125
36757,8296.41015625
36758,7762.3671875
36759,8679.5546875
36760,6731.38623046875
36761,4668.3212890625
36762,6319.19189453125
36763,7344.51708984375
36764,8021.353515625
36765,7951.24169921875
36766,8254.97265625
36767,6550.69970703125
36768,4300.4111328125
36769,9755.9443359375
36770,4614.2998046875
36771,9906.517578125
36772,6100.68017578125
36773,4511.197265625
36774,7410.99951171875
36775,5984.67431640625
36776,7826.66796875
36777,8593.93359375
36778,3851.30126953125
36779,4431.8974609375
36780,7718.70556640625
36781,8711.1767578125
36782,10153.412109375
36783,5880.619140625
36784,6468.9443359375
36785,7170.37744140625
36786,6578.16455078125
36787,5302.42138671875
36788,9717.1923828125
36789,8721.482421875
36790,11997.22265625
36791,4913.62744140625
36792,5827.72119140625
36793,9703.96875
36794,9316.05859375
36795,5067.51318359375
36796,10269.345703125
36797,7018.64306640625
36798,5869.20556640625
36799,5352.90380859375
36800,4955.09765625
36801,5329.23046875
36802,6689.8720703125
36803,5070.513671875
36804,5009.16650390625
36805,9152.6240234375
36806,6776.388671875
36807,21224.890625
36808,7423.3828125
36809,4396.2265625
36810,7564.90185546875
36811,10559.7490234375
36812,6396.78125
36813,7333.7822265625
36814,5862.455078125
36815,8228.5859375
36816,7991.513671875
36817,5199.03271484375
36818,5965.47802734375
36819,7250.34228515625
36820,8634.845703125
36821,7012.296875
36822,9086.1591796875
36823,6357.23583984375
36824,4588.1240234375
36825,5524.17236328125
36826,10472.7978515625
36827,10777.0634765625
36828,9659.5478515625
36829,7581.95849609375
36830,4819.45703125
36831,5543.11279296875
36832,4542.603515625
36833,7847.54833984375
36834,10295.677734375
36835,10704.16796875
36836,5997.8759765625
36837,5044.65673828125
36838,4823.044921875
36839,5807.5224609375
36840,10332.166015625
36841,6419.638671875
36842,5199.1513671875
36843,5497.31103515625
36844,7548.81689453125
36845,3851.30126953125
36846,7804.60302734375
36847,4112.9033203125
36848,7581.5576171875
36849,7237.41357421875
36850,5740.87109375
36851,7999.1484375
36852,7611.248046875
36853,5282.87646484375
36854,6386.51318359375
36855,7824.404296875
36856,10741.7109375
36857,6517.56884765625
36858,8836.6123046875
36859,8650.73046875
36860,9428.919921875
36861,7363.150390625
36862,9647.5693359375
36863,4738.6962890625
36864,4680.95263671875
36865,5990.46533203125
36866,6560.78173828125
36867,9478.5498046875
36868,8060.3271484375
36869,5951.458984375
36870,7813.2470703125
36871,7452.0556640625
36872,9873.9912109375
36873,3851.30126953125
36874,13163.3125
36875,4573.4951171875
36876,6398.7880859375
36877,8527.5087890625
36878,4862.73974609375
36879,6127.373046875
36880,6135.11572265625
36881,7355.5283203125
36882,5353.5693359375
36883,6015.42626953125
36884,8171.86083984375
36885,8413.318359375
36886,7314.96435546875
36887,5028.99072265625
36888,7617.60302734375
36889,11234.1884765625
36890,6716.62646484375
36891,5211.751953125
36892,7024.77880859375
36893,6410.84765625
36894,6842.90087890625
36895,8384.640625
36896,3851.30126953125
36897,8601.54296875
36898,5928.44140625
36899,7359.45556640625
36900,10789.0478515625
36901,4473.9609375
36902,5869.5419921875
36903,5772.25830078125
36904,8307.2236328125
36905,8748.638671875
36906,4925.2353515625
36907,4394.8525390625
36908,7594.97314453125
36909,6208.44580078125
36910,6193.3720703125
36911,8298.705078125
36912,7091.2314453125
36913,8077.3779296875
36914,5656.86474609375
36915,4457.3564453125
36916,6363.740234375
36917,8024.0263671875
36918,8292.2216796875
36919,8317.3701171875
36920,8275.447265625
36921,5711.13671875
36922,9405.6748046875
36923,5596.06884765625
36924,7102.29931640625
36925,9461.845703125
36926,6809.57275390625
36927,9753.9326171875
36928,8652.2802734375
36929,7846.2431640625
36930,5982.07275390625
36931,7542.62060546875
36932,8340.265625
36933,6491.6279296875
36934,4098.5908203125
36935,5462.705078125
36936,8373.1142578125
36937,5898.9580078125
36938,4656.8232421875
36939,8253.462890625
36940,6965.62841796875
36941,6718.9921875
36942,5682.1650390625
36943,5181.220703125
36944,7517.583984375
36945,7308.140625
36946,6844.46435546875
36947,5727.7861328125
36948,5474.58935546875
36949,6518.787109375
36950,4069.702392578125
36951,6702.40869140625
36952,5608.28173828125
36953,8701.29296875
36954,7820.59375
36955,6768.1259765625
36956,11417.3681640625
36957,5417.92041015625
36958,5335.2958984375
36959,10776.5869140625
36960,6984.8330078125
36961,8494.890625
36962,7248.26171875
36963,5271.96142578125
36964,6459.34228515625
36965,5698.7724609375
36966,8022.77880859375
36967,11376.92578125
36968,7409.39599609375
36969,3851.30126953125
36970,5109.208984375
36971,8747.08984375
36972,9314.388671875
36973,6532.77734375
36974,6965.21337890625
36975,4737.75390625
36976,5159.263671875
36977,3851.30126953125
36978,4715.38525390625
36979,6289.44189453125
36980,7803.681640625
36981,6977.01904296875
36982,5753.7978515625
36983,8406.076171875
36984,9123.0087890625
36985,7349.9755859375
36986,5280.7890625
36987,9607.587890625
36988,10054.830078125
36989,5783.615234375
36990,7885.9091796875
36991,5049.63427734375
36992,6695.751953125
36993,4222.4150390625
36994,7425.4677734375
36995,5212.251953125
36996,9591.23046875
36997,7102.45556640625
36998,8670.2578125
36999,8193.5029296875
37000,5229.064453125
37001,9055.5078125
37002,18316.154296875
37003,10744.38671875
37004,6122.6904296875
37005,3851.30126953125
37006,6472.19775390625
37007,9331.3017578125
37008,6141.8759765625
37009,11584.15625
37010,18827.138671875
37011,4204.8681640625
37012,5443.83349609375
37013,9307.0771484375
37014,4974.37841796875
37015,8976.5341796875
37016,6719.49609375
37017,8042.4912109375
37018,5234.921875
37019,6730.21435546875
37020,6941.9599609375
37021,7299.08056640625
37022,10000.9599609375
37023,6850.2294921875
37024,6143.646484375
37025,7614.7060546875
37026,5676.15380859375
37027,5090.66455078125
37028,8461.8212890625
37029,5511.326171875
37030,6007.4658203125
37031,6928.10205078125
37032,6427.1796875
37033,6010.802734375
37034,7665.38671875
37035,7660.9716796875
37036,8363.6357421875
37037,9259.2431640625
37038,7855.0400390625
37039,5352.751953125
37040,3851.30126953125
37041,6861.15185546875
37042,7213.1767578125
37043,5864.36328125
37044,4866.451171875
37045,9207.8564453125
37046,7102.44970703125
37047,10311.8447265625
37048,6920.09716796875
37049,5403.38134765625
37050,5213.361328125
37051,4569.8837890625
37052,9628.341796875
37053,5574.2958984375
37054,7970.01611328125
37055,14930.298828125
37056,7895.54150390625
37057,6607.3271484375
37058,4996.998046875
37059,4339.25390625
37060,7006.3642578125
37061,3942.228759765625
37062,6045.892578125
37063,10232.95703125
37064,5589.822265625
37065,14938.208984375
37066,13752.935546875
37067,5167.033203125
37068,7354.21875
37069,5731.4873046875
37070,6868.2431640625
37071,5119.21533203125
37072,11504.13671875
37073,7561.9697265625
37074,9656.37890625
37075,4692.91650390625
37076,7595.87890625
37077,5147.00927734375
37078,9473.443359375
37079,7122.1552734375
37080,6415.6201171875
37081,6894.8115234375
37082,6333.2333984375
37083,8321.423828125
37084,9492.9736328125
37085,6500.28955078125
37086,9534.20703125
37087,7215.10693359375
37088,9761.4140625
37089,5779.412109375
37090,5669.5185546875
37091,5287.31201171875
37092,10469.345703125
37093,6604.0537109375
37094,7676.1015625
37095,7216.2919921875
37096,9281.81640625
37097,4781.26611328125
37098,9049.44140625
37099,6861.603515625
37100,4167.14208984375
37101,13499.2744140625
37102,16550.212890625
37103,7285.1435546875
37104,7715.57421875
37105,9927.3427734375
37106,9687.1875
37107,11378.41796875
37108,5730.3837890625
37109,7424.7265625
37110,5939.1455078125
37111,8516.466796875
37112,3940.236328125
37113,5995.578125
37114,5932.470703125
37115,6276.77197265625
37116,7393.25439453125
37117,5712.416015625
37118,4707.3818359375
37119,7508.42626953125
37120,3965.661376953125
37121,5067.302734375
37122,6438.49267578125
37123,6574.95654296875
37124,9594.833984375
37125,9394.029296875
37126,7305.2255859375
37127,6797.537109375
37128,6701.51513671875
37129,11103.564453125
37130,7110.18994140625
37131,5416.6943359375
37132,5198.66015625
37133,10536.2265625
37134,4198.59033203125
37135,7256.3740234375
37136,3851.30126953125
37137,4958.85498046875
37138,8044.7529296875
37139,6704.2138671875
37140,5653.65576171875
37141,9353.0859375
37142,9472.529296875
37143,11821.58203125
37144,6610.0625
37145,9716.72265625
37146,3851.30126953125
37147,5506.14453125
37148,6121.86279296875
37149,4646.3056640625
37150,8417.0908203125
37151,5198.05322265625
37152,4821.2451171875
37153,8598.8505859375
37154,11668.87109375
37155,9491.2578125
37156,5645.08837890625
37157,5399.15087890625
37158,12832.3515625
37159,8163.3076171875
37160,6044.638671875
37161,5529.28076171875
37162,7449.64404296875
37163,9677.1962890625
37164,5214.04638671875
37165,5997.0419921875
37166,8477.44140625
37167,8283.298828125
37168,13185.41015625
37169,7166.59228515625
37170,12366.015625
37171,6976.97314453125
37172,5371.8876953125
37173,3851.30126953125
37174,6114.0126953125
37175,6396.86083984375
37176,5762.728515625
37177,7891.7509765625
37178,5519.66943359375
37179,4486.40625
37180,7845.005859375
37181,3851.30126953125
37182,8447.95703125
37183,7339.13134765625
37184,7950.875
37185,8639.2333984375
37186,5606.80517578125
37187,9607.1923828125
37188,7071.4228515625
37189,5739.22021484375
37190,5908.8564453125
37191,5682.24560546875
37192,10627.5595703125
37193,7092.68017578125
37194,5091.3134765625
37195,7776.22900390625
37196,8763.611328125
37197,7353.41064453125
37198,6800.84326171875
37199,8776.2294921875
37200,5725.6826171875
37201,6354.92431640625
37202,6193.15283203125
37203,9021.6318359375
37204,6088.5048828125
37205,6495.71533203125
37206,5976.064453125
37207,5945.236328125
37208,4430.0830078125
37209,5386.44140625
37210,8822.068359375
37211,9510.818359375
37212,10137.42578125
37213,11496.685546875
37214,8461.91015625
37215,8485.98828125
37216,4814.21923828125
37217,10462.609375
37218,10755.271484375
37219,7727.58251953125
37220,7900.27392578125
37221,8709.8466796875
37222,6351.46337890625
37223,3851.30126953125
37224,11188.873046875
37225,7167.36181640625
37226,6796.8017578125
37227,6588.61083984375
37228,3851.30126953125
37229,11631.89453125
37230,6421.7890625
37231,4977.79931640625
37232,4769.3232421875
37233,5701.31396484375
37234,6826.5048828125
37235,8331.17578125
37236,7332.5458984375
37237,5491.0888671875
37238,4920.51171875
37239,4388.427734375
37240,3851.30126953125
37241,7049.19775390625
37242,17594.31640625
37243,4986.01611328125
37244,5708.81298828125
37245,6889.56689453125
37246,4966.4853515625
37247,5416.9208984375
37248,5314.48046875
37249,4135.11669921875
37250,7990.34130859375
37251,7161.63671875
37252,4213.2099609375
37253,9215.3828125
37254,5734.15478515625
37255,4969.16845703125
37256,10792.4892578125
37257,8048.0078125
37258,9745.1396484375
37259,5838.29541015625
37260,6749.21484375
37261,4781.0439453125
37262,5255.1396484375
37263,14997.5302734375
37264,10298.416015625
37265,6554.26171875
37266,5955.126953125
37267,5012.43701171875
37268,6171.109375
37269,4195.34814453125
37270,10414.7744140625
37271,5375.08154296875
37272,5818.09228515625
37273,7843.9541015625
37274,4621.6474609375
37275,6634.68310546875
37276,7350.27734375
37277,7523.09375
37278,8020.2998046875
37279,4296.80859375
37280,6020.7734375
37281,6770.18505859375
37282,9714.9140625
37283,8669.1640625
37284,7381.8427734375
37285,4755.2783203125
37286,8919.201171875
37287,5421.025390625
37288,4386.3056640625
37289,6917.87890625
37290,7252.94677734375
37291,6407.9365234375
37292,6922.8310546875
37293,6490.0634765625
37294,6918.0546875
37295,5450.75390625
37296,6875.68212890625
37297,7178.5087890625
37298,7052.67919921875
37299,9479.419921875
37300,6457.552734375
37301,4516.765625
37302,11158.015625
37303,5724.61669921875
37304,3851.30126953125
37305,7838.33203125
37306,9237.466796875
37307,11585.365234375
37308,5114.111328125
37309,6656.873046875
37310,6340.95703125
37311,7366.19580078125
37312,5860.62353515625
37313,8805.1015625
37314,3851.30126953125
37315,6239.08935546875
37316,6019.4580078125
37317,5614.66748046875
37318,5490.89892578125
37319,6729.212890625
37320,7844.33154296875
37321,6350.388671875
37322,8610.0498046875
37323,7887.8017578125
37324,8864.37109375
37325,5040.31298828125
37326,7060.09228515625
37327,7385.5380859375
37328,8687.3251953125
37329,8545.185546875
37330,4261.51953125
37331,8489.62890625
37332,7558.390625
37333,7500.5048828125
37334,5078.19677734375
37335,4048.915771484375
37336,9047.4501953125
37337,6654.7822265625
37338,8559.912109375
37339,6989.52294921875
37340,5887.12744140625
37341,7870.224609375
37342,6687.794921875
37343,6806.83837890625
37344,8626.8125
37345,5784.87060546875
37346,9219.265625
37347,10507.103515625
37348,8167.55224609375
37349,4735.95849609375
37350,5529.615234375
37351,4524.38916015625
37352,3851.30126953125
37353,8503.1416015625
37354,5632.8193359375
37355,8904.5810546875
37356,4907.2421875
37357,6762.80078125
37358,6476.8837890625
37359,9541.1513671875
37360,5106.8759765625
37361,5746.7421875
37362,5454.1875
37363,7671.31494140625
37364,5852.2451171875
37365,7764.8603515625
37366,7890.458984375
37367,8605.052734375
37368,8803.6865234375
37369,6754.48388671875
37370,5673.51025390625
37371,4692.97265625
37372,5329.572265625
37373,10463.0703125
37374,9418.22265625
37375,9944.7314453125
37376,14439.064453125
37377,5885.2216796875
37378,5113.76220703125
37379,6314.09033203125
37380,7982.916015625
37381,10133.134765625
37382,6836.20458984375
37383,8382.404296875
37384,8276.263671875
37385,7712.76806640625
37386,6658.12890625
37387,5678.271484375
37388,5233.7099609375
37389,5039.17431640625
37390,3876.96875
37391,5627.82568359375
37392,8361.8837890625
37393,16419.681640625
37394,7588.6904296875
37395,5506.2958984375
37396,7484.49951171875
37397,4473.10546875
37398,6503.10205078125
37399,4249.154296875
37400,9803.89453125
37401,6635.86328125
37402,6493.88671875
37403,13071.474609375
37404,11310.001953125
37405,5799.40625
37406,7485.4375
37407,3851.30126953125
37408,5266.0361328125
37409,5452.1103515625
37410,8680.373046875
37411,4816.0361328125
37412,4321.7119140625
37413,6011.63134765625
37414,5676.61376953125
37415,7497.32275390625
37416,7637.755859375
37417,3941.3583984375
37418,7945.24755859375
37419,8446.1962890625
37420,7664.6796875
37421,4446.689453125
37422,4353.23046875
37423,7912.744140625
37424,4577.4677734375
37425,10401.130859375
37426,4634.654296875
37427,5851.822265625
37428,7288.73388671875
37429,5876.40234375
37430,5299.642578125
37431,5785.4130859375
37432,7169.0732421875
37433,9681.3017578125
37434,9634.8115234375
37435,6110.79443359375
37436,4235.4345703125
37437,5806.703125
37438,6788.685546875
37439,4572.5986328125
37440,5766.87841796875
37441,5969.474609375
37442,11805.494140625
37443,8084.73046875
37444,6204.8740234375
37445,7108.1845703125
37446,4959.4970703125
37447,9017.5302734375
37448,5818.4736328125
37449,12525.7109375
37450,6787.60986328125
37451,5398.3876953125
37452,5363.9111328125
37453,3996.792724609375
37454,7221.9853515625
37455,18910.376953125
37456,4691.4111328125
37457,4935.29541015625
37458,10033.345703125
37459,7043.98388671875
37460,7933.27490234375
37461,8298.7734375
37462,6248.63037109375
37463,5609.306640625
37464,4569.97998046875
37465,10236.34765625
37466,6692.56884765625
37467,7036.69970703125
37468,7983.533203125
37469,5147.8623046875
37470,7744.8486328125
37471,6545.67138671875
37472,3934.217041015625
37473,8820.6640625
37474,9462.34375
37475,4814.02978515625
37476,7525.0234375
37477,7242.177734375
37478,5263.87353515625
37479,9496.2919921875
37480,6695.90576171875
37481,8275.78125
37482,4483.33154296875
37483,5150.1474609375
37484,7228.20361328125
37485,4011.377197265625
37486,8670.4111328125
37487,4321.1611328125
37488,6208.10986328125
37489,4908.66162109375
37490,5719.13134765625
37491,5713.482421875
37492,7080.3818359375
37493,7242.1142578125
37494,8385.2021484375
37495,6536.08984375
37496,8251.287109375
37497,6913.015625
37498,8768.7333984375
37499,9845.171875
37500,7100.3447265625
37501,3851.30126953125
37502,6279.0224609375
37503,7339.65478515625
37504,4758.0947265625
37505,11307.375
37506,6440.984375
37507,7214.71484375
37508,10825.958984375
37509,6755.80078125
37510,4649.029296875
37511,12096.1708984375
37512,10118.041015625
37513,5999.76171875
37514,9154.232421875
37515,9786.3818359375
37516,6690.92724609375
37517,5358.80322265625
37518,6903.013671875
37519,6043.51416015625
37520,6011.82373046875
37521,6862.56005859375
37522,4779.193359375
37523,7037.87109375
37524,7372.126953125
37525,6752.783203125
37526,8534.4541015625
37527,6115.3623046875
37528,6889.51318359375
37529,4848.1669921875
37530,8045.08984375
37531,7213.7841796875
37532,6153.779296875
37533,6713.48291015625
37534,7517.994140625
37535,9671.26171875
37536,5709.35888671875
37537,5554.2890625
37538,6719.16259765625
37539,7173.4365234375
37540,7420.3291015625
37541,4625.66015625
37542,4377.1787109375
37543,8339.6416015625
37544,8115.27099609375
37545,6161.3037109375
37546,8090.2138671875
37547,6711.18310546875
37548,7003.45849609375
37549,5058.79931640625
37550,4011.433837890625
37551,7305.388671875
37552,6232.5400390625
37553,6199.72509765625
37554,9316.685546875
37555,8649.064453125
37556,4790.07275390625
37557,8176.84326171875
37558,4187.25537109375
37559,3851.30126953125
37560,7084.43359375
37561,12176.931640625
37562,7987.76220703125
37563,6869.654296875
37564,4583.84765625
37565,6820.41845703125
37566,9246.2509765625
37567,6137.74462890625
37568,9107.2080078125
37569,5737.16064453125
37570,4807.9609375
37571,5887.4609375
37572,5414.07275390625
37573,5652.201171875
37574,4774.58642578125
37575,5024.9892578125
37576,4623.83984375
37577,7457.06298828125
37578,7006.84375
37579,5709.87744140625
37580,6079.79541015625
37581,7180.9921875
37582,5656.86328125
37583,4920.28271484375
37584,9804.833984375
37585,7994.2431640625
37586,6161.5634765625
37587,3912.549072265625
37588,12040.107421875
37589,6593.38671875
37590,5623.44921875
37591,9420.130859375
37592,8831.435546875
37593,7353.94091796875
37594,6054.2802734375
37595,7726.01513671875
37596,9055.1796875
37597,13647.21875
37598,5212.39892578125
37599,4628.9765625
37600,4703.3818359375
37601,6526.4052734375
37602,5476.8994140625
37603,8422.435546875
37604,8820.2119140625
37605,5999.96142578125
37606,4402.71484375
37607,6284.87939453125
37608,10506.125
37609,4975.943359375
37610,7501.10888671875
37611,4078.478515625
37612,7715.33544921875
37613,8523.2607421875
37614,7907.6689453125
37615,9034.6181640625
37616,6652.4873046875
37617,4651.708984375
37618,6148.44580078125
37619,7346.5361328125
37620,8277.54296875
37621,7803.4755859375
37622,8301.7529296875
37623,6536.3642578125
37624,4238.3720703125
37625,10109.36328125
37626,4482.7646484375
37627,9826.443359375
37628,6067.38134765625
37629,4476.9892578125
37630,7787.61962890625
37631,5999.974609375
37632,7910.59521484375
37633,8566.7958984375
37634,3851.30126953125
37635,4591.1044921875
37636,8011.46826171875
37637,8900.3828125
37638,10233.37109375
37639,5787.81982421875
37640,6480.83935546875
37641,7443.99169921875
37642,6470.28173828125
37643,5315.6474609375
37644,9859.1318359375
37645,8958.5244140625
37646,12210.462890625
37647,4736.576171875
37648,5887.89208984375
37649,9921.8291015625
37650,9522.48046875
37651,5205.62939453125
37652,10076.0146484375
37653,6938.4716796875
37654,5848.025390625
37655,5202.62890625
37656,5095.51171875
37657,5420.52734375
37658,6855.87646484375
37659,5117.09765625
37660,5093.11865234375
37661,9150.1044921875
37662,6630.5302734375
37663,21864.095703125
37664,7356.1162109375
37665,4968.4013671875
37666,8106.70458984375
37667,11734.9921875
37668,7133.31396484375
37669,8052.8515625
37670,6396.890625
37671,8560.8828125
37672,8492.232421875
37673,5513.6064453125
37674,6449.3564453125
37675,7798.00634765625
37676,9495.3251953125
37677,7597.1171875
37678,9659.3408203125
37679,6775.2509765625
37680,5110.259765625
37681,6117.62109375
37682,11359.3125
37683,11519.7216796875
37684,10608.056640625
37685,8297.9189453125
37686,5567.619140625
37687,6003.8076171875
37688,4918.6767578125
37689,8634.044921875
37690,10925.52734375
37691,11380.150390625
37692,6500.5322265625
37693,5741.2568359375
37694,5468.68212890625
37695,6035.0283203125
37696,11137.970703125
37697,7077.6845703125
37698,5744.75439453125
37699,5844.95849609375
37700,8037.2236328125
37701,3949.29296875
37702,8495.2080078125
37703,4585.162109375
37704,8095.02880859375
37705,7800.68603515625
37706,6418.666015625
37707,8650.5947265625
37708,8286.9921875
37709,5793.658203125
37710,7135.06591796875
37711,8156.1015625
37712,11303.845703125
37713,6937.4443359375
37714,9796.7900390625
37715,9229.306640625
37716,10183.2763671875
37717,7862.5419921875
37718,10423.298828125
37719,5270.99853515625
37720,5158.94189453125
37721,6798.6650390625
37722,7103.0986328125
37723,10305.755859375
37724,8588.955078125
37725,6696.9580078125
37726,8665.3291015625
37727,8044.0390625
37728,10554.1142578125
37729,4120.732421875
37730,14050.078125
37731,5114.2490234375
37732,6837.73681640625
37733,9412.025390625
37734,5725.20703125
37735,7056.64453125
37736,6771.3046875
37737,8156.08984375
37738,5491.3203125
37739,6349.48974609375
37740,9019.15234375
37741,8878.7734375
37742,8157.1708984375
37743,5590.9697265625
37744,8283.65625
37745,12173.119140625
37746,7346.87744140625
37747,5718.59375
37748,7371.80322265625
37749,6834.08251953125
37750,7205.2880859375
37751,8766.623046875
37752,4171.3349609375
37753,9393.6787109375
37754,6540.978515625
37755,7961.75390625
37756,11403.966796875
37757,4816.0673828125
37758,6585.6376953125
37759,6088.63671875
37760,8932.373046875
37761,9492.982421875
37762,5390.166015625
37763,4990.06298828125
37764,8164.9013671875
37765,6645.01708984375
37766,6857.55029296875
37767,8852.0625
37768,7474.3056640625
37769,8830.609375
37770,6195.06005859375
37771,4996.05322265625
37772,7023.66015625
37773,8852.279296875
37774,8903.8154296875
37775,8879.7763671875
37776,8853.55859375
37777,6410.45703125
37778,10103.54296875
37779,6231.53759765625
37780,7752.24462890625
37781,10270.2958984375
37782,7369.86767578125
37783,10730.2421875
37784,8935.548828125
37785,8816.3642578125
37786,6337.95654296875
37787,7865.4912109375
37788,8944.32421875
37789,7429.0009765625
37790,4567.8291015625
37791,5949.39111328125
37792,9269.9072265625
37793,6578.90869140625
37794,5245.93359375
37795,9277.4267578125
37796,7787.0869140625
37797,7092.68310546875
37798,6251.15087890625
37799,5742.896484375
37800,8288.552734375
37801,8063.09033203125
37802,7501.3076171875
37803,6100.1162109375
37804,5584.1669921875
37805,6957.708984375
37806,4553.09912109375
37807,7478.6259765625
37808,6125.416015625
37809,9405.626953125
37810,8652.662109375
37811,7295.97705078125
37812,11996.4921875
37813,6119.0361328125
37814,5638.9013671875
37815,11701.6875
37816,7334.91357421875
37817,9118.865234375
37818,7777.314453125
37819,5658.06005859375
37820,7042.74658203125
37821,6339.97900390625
37822,8740.2646484375
37823,12595.296875
37824,8146.2490234375
37825,3851.30126953125
37826,5313.8466796875
37827,9358.2802734375
37828,10064.8193359375
37829,7100.4599609375
37830,7681.05126953125
37831,5253.0244140625
37832,5643.2744140625
37833,3851.30126953125
37834,5414.2197265625
37835,6711.37353515625
37836,8287.3388671875
37837,7888.48486328125
37838,6341.65087890625
37839,8937.87890625
37840,9468.625
37841,7846.025390625
37842,5612.09716796875
37843,10787.7392578125
37844,10934.49609375
37845,6329.978515625
37846,8576.3291015625
37847,5645.59375
37848,7300.8173828125
37849,4587.33154296875
37850,8305.271484375
37851,5834.91162109375
37852,10105.634765625
37853,8008.41552734375
37854,9427.87109375
37855,8972.2412109375
37856,5601.583984375
37857,9787.3994140625
37858,19818.921875
37859,11459.025390625
37860,6908.7724609375
37861,3851.30126953125
37862,6806.68603515625
37863,10177.1982421875
37864,6839.4873046875
37865,11908.697265625
37866,18753.462890625
37867,4408.228515625
37868,5894.318359375
37869,10142.408203125
37870,5376.025390625
37871,9803.04296875
37872,7627.767578125
37873,8792.1513671875
37874,5214.7138671875
37875,7181.00341796875
37876,7406.44970703125
37877,7979.095703125
37878,11076.064453125
37879,7031.58447265625
37880,6344.39990234375
37881,8353.7353515625
37882,6464.7666015625
37883,5572.8759765625
37884,8861.271484375
37885,6217.966796875
37886,6447.044921875
37887,7972.7783203125
37888,7095.1015625
37889,6641.765625
37890,8266.80078125
37891,8551.13671875
37892,9155.69921875
37893,9879.6455078125
37894,8578.4287109375
37895,5882.43115234375
37896,4127.841796875
37897,7372.64013671875
37898,7915.283203125
37899,6260.3046875
37900,5221.94970703125
37901,10023.6689453125
37902,7725.87939453125
37903,10863.6904296875
37904,7801.33203125
37905,6007.77783203125
37906,5973.8857421875
37907,4869.388671875
37908,10447.849609375
37909,6133.4658203125
37910,8410.966796875
37911,16649.814453125
37912,8136.34521484375
37913,7200.3359375
37914,5359.37158203125
37915,4952.74658203125
37916,7583.53271484375
37917,4256.8740234375
37918,6602.44921875
37919,10905.8916015625
37920,5795.84814453125
37921,15554.861328125
37922,15142.0986328125
37923,5472.96240234375
37924,7789.02783203125
37925,6298.7890625
37926,7371.14892578125
37927,5890.6435546875
37928,12259.3828125
37929,8073.53369140625
37930,10495.30078125
37931,5427.3388671875
37932,8310.125
37933,5391.1298828125
37934,9985.509765625
37935,7724.15625
37936,6908.341796875
37937,7271.5146484375
37938,6486.3125
37939,9100.3955078125
37940,10230.1142578125
37941,7020.2587890625
37942,10534.3564453125
37943,7606.45703125
37944,10524.3388671875
37945,6003.8837890625
37946,6210.57861328125
37947,5732.25634765625
37948,11318.638671875
37949,7025.0224609375
37950,8267.81640625
37951,7792.81298828125
37952,9846.92578125
37953,4933.38232421875
37954,9990.17578125
37955,7598.486328125
37956,4498.35888671875
37957,14768.326171875
37958,17799.6328125
37959,7990.18603515625
37960,8354.060546875
37961,10644.93359375
37962,10656.32421875
37963,12116.03515625
37964,6288.421875
37965,8241.4716796875
37966,6395.1767578125
37967,9368.2060546875
37968,4500.87841796875
37969,6452.08349609375
37970,6250.3056640625
37971,6778.99951171875
37972,8237.46484375
37973,5994.7734375
37974,5293.7392578125
37975,7915.59619140625
37976,4414.599609375
37977,5782.5927734375
37978,6876.15380859375
37979,7174.185546875
37980,10520.681640625
37981,10130.66796875
37982,8027.6396484375
37983,7208.9580078125
37984,7032.58984375
37985,12361.509765625
37986,7610.1748046875
37987,6038.150390625
37988,5604.087890625
37989,11361.3642578125
37990,4482.1748046875
37991,7552.3046875
37992,3851.30126953125
37993,5520.8828125
37994,8737.0654296875
37995,7205.0498046875
37996,6063.7841796875
37997,9839.06640625
37998,10406.265625
37999,12851.880859375
38000,7029.53173828125
38001,10421.5029296875
38002,3851.30126953125
38003,6080.69970703125
38004,6687.2763671875
38005,5124.27197265625
38006,9166.1318359375
38007,5843.61279296875
38008,5303.16748046875
38009,9278.568359375
38010,12407.005859375
38011,9967.2158203125
38012,6197.462890625
38013,5887.740234375
38014,13550.46484375
38015,8539.318359375
38016,6522.810546875
38017,5932.6513671875
38018,8332.7041015625
38019,10769.595703125
38020,5454.90234375
38021,6572.125
38022,9063.3759765625
38023,8698.43359375
38024,14383.724609375
38025,7883.2421875
38026,13661.482421875
38027,7755.01708984375
38028,5793.5146484375
38029,4131.7802734375
38030,6805.501953125
38031,6976.8505859375
38032,6303.3466796875
38033,8378.7021484375
38034,5975.9736328125
38035,4977.720703125
38036,8334.28515625
38037,3955.225341796875
38038,9084.728515625
38039,7994.42626953125
38040,8860.21484375
38041,9235.7802734375
38042,6037.41455078125
38043,10180.521484375
38044,7601.12060546875
38045,6118.77734375
38046,6374.32080078125
38047,6053.4462890625
38048,11595.53515625
38049,7522.81591796875
38050,5690.501953125
38051,8345.6875
38052,9397.341796875
38053,8027.18359375
38054,7517.7548828125
38055,9300.2705078125
38056,6350.15478515625
38057,6424.3779296875
38058,6760.95458984375
38059,9323.681640625
38060,6789.87890625
38061,7252.30126953125
38062,6464.03466796875
38063,6242.35498046875
38064,4969.9853515625
38065,5682.8095703125
38066,9542.6513671875
38067,10108.1123046875
38068,10954.330078125
38069,12241.455078125
38070,8889.5634765625
38071,8916.28515625
38072,5229.16845703125
38073,11225.1767578125
38074,11964.458984375
38075,8417.75
38076,8715.904296875
38077,9472.998046875
38078,6974.51513671875
38079,4307.99072265625
38080,12155.33203125
38081,7837.2880859375
38082,7460.375
38083,7120.82275390625
38084,3851.30126953125
38085,12497.98828125
38086,6875.79345703125
38087,5370.92529296875
38088,4986.564453125
38089,5891.935546875
38090,7590.15771484375
38091,9148.2080078125
38092,7773.87744140625
38093,5806.7724609375
38094,5583.900390625
38095,5077.5126953125
38096,3851.30126953125
38097,7808.95751953125
38098,17852.228515625
38099,5397.90625
38100,5913.39306640625
38101,7274.3056640625
38102,5564.9873046875
38103,5936.5029296875
38104,5465.9658203125
38105,4531.912109375
38106,8822.490234375
38107,7678.9794921875
38108,4748.1220703125
38109,9783.8388671875
38110,6558.2783203125
38111,5430.64404296875
38112,11594.16015625
38113,8780.845703125
38114,10661.1416015625
38115,6488.8583984375
38116,7424.2421875
38117,5307.890625
38118,5513.8271484375
38119,16087.529296875
38120,11037.2744140625
38121,7145.91015625
38122,6494.3291015625
38123,5261.11376953125
38124,6828.97314453125
38125,4596.00390625
38126,11225.3984375
38127,5844.84228515625
38128,6182.134765625
38129,8404.8369140625
38130,5345.69287109375
38131,7223.09375
38132,8254.013671875
38133,8341.453125
38134,8423.5908203125
38135,4863.66015625
38136,6608.46630859375
38137,7250.16162109375
38138,10467.607421875
38139,9030.107421875
38140,8023.1318359375
38141,5173.013671875
38142,9326.2744140625
38143,6043.21923828125
38144,4735.7080078125
38145,7502.505859375
38146,7906.4462890625
38147,7142.94091796875
38148,7475.29931640625
38149,7019.25634765625
38150,7467.3857421875
38151,6011.82861328125
38152,7534.79638671875
38153,7832.95703125
38154,7655.7138671875
38155,10006.65234375
38156,7037.41064453125
38157,5003.90625
38158,12132.7578125
38159,6185.19482421875
38160,3851.30126953125
38161,8515.6240234375
38162,9947.3818359375
38163,12782.95703125
38164,5791.76123046875
38165,7238.6787109375
38166,6944.39404296875
38167,8148.603515625
38168,6350.12353515625
38169,9261.6513671875
38170,3851.30126953125
38171,6760.5625
38172,6294.05810546875
38173,6111.33056640625
38174,6157.04443359375
38175,7261.92822265625
38176,8573.94140625
38177,6797.93603515625
38178,9284.5166015625
38179,8393.3984375
38180,9497.7998046875
38181,5453.0390625
38182,7954.34716796875
38183,8084.7109375
38184,9133.884765625
38185,9114.005859375
38186,4595.89892578125
38187,8584.6376953125
38188,8144.33837890625
38189,8008.18603515625
38190,5575.212890625
38191,4508.0791015625
38192,9764.990234375
38193,7336.74951171875
38194,9195.57421875
38195,7701.8798828125
38196,6525.23779296875
38197,8495.8154296875
38198,7563.06201171875
38199,7553.3984375
38200,9332.4111328125
38201,6434.00537109375
38202,9812.2255859375
38203,11018.0009765625
38204,8757.826171875
38205,5204.64697265625
38206,6135.4228515625
38207,4895.126953125
38208,3851.30126953125
38209,9374.412109375
38210,5831.21875
38211,9907.4326171875
38212,5579.369140625
38213,7144.51611328125
38214,7039.365234375
38215,10214.890625
38216,5171.45068359375
38217,6157.5556640625
38218,5853.8271484375
38219,8595.6357421875
38220,6127.81689453125
38221,8091.6494140625
38222,8119.78515625
38223,9120.3525390625
38224,9238.3984375
38225,7233.1220703125
38226,6018.8173828125
38227,5396.57470703125
38228,5713.48193359375
38229,11375.103515625
38230,10007.123046875
38231,10582.87890625
38232,14760.310546875
38233,6534.1806640625
38234,5639.39892578125
38235,6926.47900390625
38236,8717.9892578125
38237,10781.376953125
38238,7652.9775390625
38239,9096.7265625
38240,9092.9873046875
38241,8439.1142578125
38242,7026.615234375
38243,6243.1953125
38244,5733.4775390625
38245,5594.58447265625
38246,4303.5341796875
38247,6271.7919921875
38248,9210.6025390625
38249,17834.0625
38250,8332.5166015625
38251,5817.77099609375
38252,8361.2392578125
38253,4671.17529296875
38254,7146.82958984375
38255,4636.224609375
38256,10434.79296875
38257,7175.92236328125
38258,7300.52294921875
38259,14270.626953125
38260,11264.4130859375
38261,6410.21337890625
38262,8216.201171875
38263,4016.672607421875
38264,5795.60595703125
38265,5825.60302734375
38266,9288.095703125
38267,5447.5849609375
38268,4545.3486328125
38269,6782.03466796875
38270,5927.98193359375
38271,8387.982421875
38272,8280.365234375
38273,4366.3642578125
38274,8441.9423828125
38275,9507.9599609375
38276,8212.6884765625
38277,5278.96240234375
38278,4849.11328125
38279,8699.4384765625
38280,5140.65869140625
38281,11023.380859375
38282,5330.55859375
38283,6502.10595703125
38284,8020.97265625
38285,6548.2373046875
38286,5796.7294921875
38287,6286.07421875
38288,7488.33447265625
38289,10455.642578125
38290,10581.41015625
38291,6332.73876953125
38292,4843.31396484375
38293,6547.57568359375
38294,7490.1875
38295,5040.4873046875
38296,6490.89599609375
38297,6449.400390625
38298,12862.923828125
38299,8811.8828125
38300,6543.09033203125
38301,7910.31201171875
38302,5658.8837890625
38303,9853.6337890625
38304,6746.2978515625
38305,13474.576171875
38306,7387.33349609375
38307,5934.7861328125
38308,5924.03515625
38309,4458.2080078125
38310,7994.22705078125
38311,19785.599609375
38312,4898.3828125
38313,5565.9287109375
38314,10663.783203125
38315,7574.5263671875
38316,8660.1982421875
38317,9138.275390625
38318,6875.892578125
38319,5975.78369140625
38320,5187.3505859375
38321,11185.669921875
38322,7302.57275390625
38323,7785.85595703125
38324,8790.2314453125
38325,5736.05078125
38326,8247.4677734375
38327,7248.4296875
38328,4215.470703125
38329,9427.4228515625
38330,10395.484375
38331,5265.3271484375
38332,8239.826171875
38333,7706.27783203125
38334,5573.04931640625
38335,10199.001953125
38336,7147.0322265625
38337,8813.1298828125
38338,5097.7314453125
38339,5643.607421875
38340,7733.24560546875
38341,4311.224609375
38342,9716.9521484375
38343,4851.931640625
38344,6844.66015625
38345,5266.216796875
38346,6347.9296875
38347,6096.87646484375
38348,7698.13720703125
38349,7721.08935546875
38350,9035.091796875
38351,7220.3037109375
38352,8874.94140625
38353,7350.8876953125
38354,9698.78515625
38355,10944.1064453125
38356,7741.2783203125
38357,3851.30126953125
38358,7005.5380859375
38359,8054.5068359375
38360,5324.75244140625
38361,12126.068359375
38362,6652.36328125
38363,7743.0380859375
38364,11921.478515625
38365,7562.53662109375
38366,5195.53662109375
38367,13482.3984375
38368,11064.021484375
38369,6368.18701171875
38370,10166.6572265625
38371,10424.49609375
38372,7088.958984375
38373,6089.4287109375
38374,7341.50048828125
38375,6685.345703125
38376,6709.8662109375
38377,7596.677734375
38378,5133.91748046875
38379,7880.02197265625
38380,7951.26171875
38381,7303.52734375
38382,8909.232421875
38383,6541.40673828125
38384,7731.8408203125
38385,5285.80859375
38386,8552.9453125
38387,7603.6640625
38388,6631.486328125
38389,7417.18310546875
38390,8163.4072265625
38391,10650.251953125
38392,6404.3115234375
38393,6075.435546875
38394,7079.7578125
38395,7632.85595703125
38396,8333.025390625
38397,4962.33154296875
38398,4868.20458984375
38399,8633.146484375
38400,8350.91796875
38401,6989.40869140625
38402,8687.8115234375
38403,7173.33740234375
38404,7595.16845703125
38405,5472.8623046875
38406,4357.310546875
38407,8011.064453125
38408,6774.0732421875
38409,7064.80029296875
38410,10096.408203125
38411,9397.865234375
38412,5409.7216796875
38413,8617.220703125
38414,4399.8876953125
38415,3851.30126953125
38416,7592.0390625
38417,13204.904296875
38418,8347.666015625
38419,7518.189453125
38420,5268.931640625
38421,7558.5810546875
38422,10119.486328125
38423,6873.08056640625
38424,9692.51171875
38425,6211.076171875
38426,5240.5830078125
38427,6642.5634765625
38428,5988.13330078125
38429,6093.78857421875
38430,5418.39013671875
38431,5600.5732421875
38432,5114.43310546875
38433,8124.30517578125
38434,7826.63427734375
38435,6360.3427734375
38436,6755.603515625
38437,8019.47509765625
38438,5937.4892578125
38439,5427.1806640625
38440,10307.892578125
38441,8492.576171875
38442,6377.35400390625
38443,4427.078125
38444,13334.3671875
38445,6822.65771484375
38446,6150.748046875
38447,10040.015625
38448,9484.0712890625
38449,8098.54248046875
38450,6554.36962890625
38451,8495.5927734375
38452,10069.154296875
38453,14877.658203125
38454,5933.7724609375
38455,5368.86962890625
38456,5159.611328125
38457,7213.95068359375
38458,5959.064453125
38459,8964.93359375
38460,9536.015625
38461,6594.06884765625
38462,4938.10595703125
38463,7050.6611328125
38464,11403.484375
38465,5680.3427734375
38466,8198.8974609375
38467,4574.37841796875
38468,8110.5859375
38469,9261.685546875
38470,8539.9892578125
38471,9589.203125
38472,7250.1318359375
38473,5055.4658203125
38474,6668.9267578125
38475,7938.85546875
38476,8889.7138671875
38477,8086.8359375
38478,8905.8154296875
38479,7099.45263671875
38480,4689.646484375
38481,10688.966796875
38482,4879.6318359375
38483,10516.07421875
38484,6638.86474609375
38485,4894.1474609375
38486,8736.1142578125
38487,6689.21435546875
38488,8308.431640625
38489,9069.744140625
38490,4021.493896484375
38491,5189.201171875
38492,8779.3720703125
38493,9841.224609375
38494,11023.0302734375
38495,5928.970703125
38496,7119.90625
38497,8192.5361328125
38498,7088.5419921875
38499,5671.78271484375
38500,10696.5859375
38501,10064.251953125
38502,13245.58203125
38503,5090.626953125
38504,6301.1953125
38505,10299.505859375
38506,9957.44921875
38507,5871.64990234375
38508,10959.390625
38509,7665.8291015625
38510,6347.2021484375
38511,5600.5380859375
38512,5542.1240234375
38513,5908.77490234375
38514,7603.0986328125
38515,5710.45361328125
38516,5724.0361328125
38517,10093.775390625
38518,7067.86767578125
38519,23215.544921875
38520,7740.78759765625
38521,6471.69921875
38522,9491.076171875
38523,14519.35546875
38524,9000.8203125
38525,9834.73828125
38526,7893.73095703125
38527,10432.474609375
38528,10621.619140625
38529,7319.7109375
38530,7560.4453125
38531,9634.58203125
38532,11516.46875
38533,9073.52734375
38534,11752.220703125
38535,8480.0107421875
38536,6677.8056640625
38537,8063.4609375
38538,13956.2197265625
38539,14140.76171875
38540,12698.4091796875
38541,10352.5322265625
38542,6602.91357421875
38543,7717.49755859375
38544,6330.05126953125
38545,10660.333984375
38546,14006.5185546875
38547,13899.962890625
38548,8900.447265625
38549,7282.1123046875
38550,6499.65478515625
38551,7336.9423828125
38552,13473.8369140625
38553,9064.5302734375
38554,7689.67626953125
38555,7672.5771484375
38556,9821.08984375
38557,4860.45849609375
38558,10599.9228515625
38559,6135.34130859375
38560,10138.384765625
38561,9588.5078125
38562,7688.77685546875
38563,10720.75390625
38564,10357.041015625
38565,7553.0458984375
38566,8628.9541015625
38567,10551.86328125
38568,14622.96484375
38569,8597.6162109375
38570,12239.3720703125
38571,11509.265625
38572,12289.62109375
38573,9791.78125
38574,12449.6484375
38575,6603.294921875
38576,6616.65625
38577,8197.732421875
38578,8905.287109375
38579,13187.6953125
38580,10799.3662109375
38581,8661.9326171875
38582,11317.826171875
38583,10237.7509765625
38584,12453.1875
38585,5195.94921875
38586,17197.931640625
38587,6289.7314453125
38588,8290.5634765625
38589,11745.0341796875
38590,7206.3603515625
38591,8977.8818359375
38592,8735.5107421875
38593,10428.0205078125
38594,7315.21923828125
38595,8080.7353515625
38596,11501.0146484375
38597,10907.240234375
38598,10203.5322265625
38599,7218.18359375
38600,10256.87109375
38601,16003.42578125
38602,8857.33984375
38603,7252.3125
38604,9087.654296875
38605,8369.298828125
38606,9042.939453125
38607,11262.875
38608,5185.3759765625
38609,12439.06640625
38610,7949.861328125
38611,10510.796875
38612,13043.591796875
38613,5833.482421875
38614,8316.447265625
38615,7684.85986328125
38616,11258.0126953125
38617,11415.673828125
38618,6543.66650390625
38619,6358.58544921875
38620,10112.318359375
38621,8286.7060546875
38622,8548.751953125
38623,10330.01953125
38624,9281.7958984375
38625,10621.7705078125
38626,7496.41796875
38627,6524.37939453125
38628,8951.400390625
38629,11077.1728515625
38630,11173.36328125
38631,10898.9541015625
38632,11602.00390625
38633,8435.2421875
38634,12954.4296875
38635,7775.181640625
38636,9444.59765625
38637,12685.884765625
38638,9289.388671875
38639,12994.3779296875
38640,11177.38671875
38641,11152.9453125
38642,7937.28076171875
38643,9589.4013671875
38644,11573.6748046875
38645,9138.982421875
38646,5767.03173828125
38647,7466.74560546875
38648,11670.9443359375
38649,8116.86669921875
38650,6211.12548828125
38651,11728.662109375
38652,9110.537109375
38653,8915.1650390625
38654,8142.111328125
38655,7304.4443359375
38656,10225.8125
38657,10196.697265625
38658,9237.2705078125
38659,7984.87353515625
38660,7089.2021484375
38661,8980.6689453125
38662,5582.908203125
38663,8951.859375
38664,8508.58984375
38665,11454.6845703125
38666,10400.431640625
38667,8779.029296875
38668,16680.701171875
38669,7752.56787109375
38670,6983.07080078125
38671,14215.755859375
38672,9087.7841796875
38673,11528.251953125
38674,9496.466796875
38675,7729.64013671875
38676,9125.2490234375
38677,8089.7080078125
38678,10637.0673828125
38679,16456.953125
38680,9700.5478515625
38681,4258.2080078125
38682,6438.70849609375
38683,11844.5693359375
38684,12794.931640625
38685,9423.611328125
38686,9289.732421875
38687,6692.29345703125
38688,6816.857421875
38689,4671.52734375
38690,6785.21142578125
38691,9027.044921875
38692,10844.7724609375
38693,9504.458984375
38694,8164.5634765625
38695,10900.5146484375
38696,12068.2080078125
38697,9785.630859375
38698,7478.498046875
38699,13058.984375
38700,14275.255859375
38701,7836.4609375
38702,10410.416015625
38703,7198.68603515625
38704,9144.8203125
38705,6192.01416015625
38706,10271.197265625
38707,7856.080078125
38708,12233.373046875
38709,10042.22265625
38710,12410.1572265625
38711,10846.5634765625
38712,6666.56689453125
38713,13207.150390625
38714,23701.681640625
38715,14446.013671875
38716,8478.806640625
38717,4194.1630859375
38718,8803.6328125
38719,12178.87890625
38720,8407.6806640625
38721,12608.8515625
38722,20241.087890625
38723,5371.6796875
38724,7689.3828125
38725,13097.65625
38726,6690.2314453125
38727,11798.4443359375
38728,9493.572265625
38729,10895.908203125
38730,5790.3125
38731,9415.986328125
38732,9428.9931640625
38733,10126.8037109375
38734,14614.619140625
38735,9412.294921875
38736,8133.57861328125
38737,10511.80859375
38738,8045.40185546875
38739,7110.40625
38740,11113.0439453125
38741,8051.0185546875
38742,8110.46240234375
38743,9990.8203125
38744,8504.9140625
38745,8492.451171875
38746,9982.2568359375
38747,10786.966796875
38748,12080.482421875
38749,11489.1953125
38750,10106.921875
38751,7282.3134765625
38752,4956.0537109375
38753,8684.7783203125
38754,9499.744140625
38755,8096.138671875
38756,6365.31298828125
38757,11913.0732421875
38758,9697.6474609375
38759,12613.0400390625
38760,9414.974609375
38761,8095.900390625
38762,7545.6650390625
38763,6316.83740234375
38764,13081.916015625
38765,7771.08837890625
38766,10258.556640625
38767,20670.666015625
38768,10413.7109375
38769,8732.3603515625
38770,7059.00146484375
38771,6283.4599609375
38772,9610.2451171875
38773,5216.056640625
38774,7951.33642578125
38775,13186.7705078125
38776,6905.5732421875
38777,17689.1796875
38778,18080.37109375
38779,7097.20947265625
38780,9744.7724609375
38781,7958.525390625
38782,9330.6318359375
38783,7677.4140625
38784,15646.1796875
38785,10354.7431640625
38786,12801.7568359375
38787,7053.90771484375
38788,10278.98046875
38789,6782.44873046875
38790,11758.5546875
38791,9813.498046875
38792,8446.09765625
38793,8985.283203125
38794,7241.10595703125
38795,11849.185546875
38796,12669.970703125
38797,8841.876953125
38798,13195.142578125
38799,9188.423828125
38800,13479.8916015625
38801,7415.484375
38802,7756.93310546875
38803,7095.7412109375
38804,15037.396484375
38805,8727.7109375
38806,10584.62109375
38807,10079.6884765625
38808,12654.75
38809,6174.56591796875
38810,11588.458984375
38811,8888.60546875
38812,5896.58642578125
38813,17812.970703125
38814,21025.39453125
38815,10381.5732421875
38816,10682.623046875
38817,13340.8828125
38818,12826.365234375
38819,14227.013671875
38820,7630.7470703125
38821,10057.462890625
38822,8326.4375
38823,12013.08203125
38824,5877.61767578125
38825,7930.60302734375
38826,7623.14306640625
38827,8171.9111328125
38828,10327.8017578125
38829,7332.90380859375
38830,6303.693359375
38831,10046.826171875
38832,5660.55224609375
38833,7546.908203125
38834,8538.7109375
38835,9103.2294921875
38836,13377.9013671875
38837,13215.44921875
38838,9652.876953125
38839,9085.2216796875
38840,9010.8671875
38841,15582.701171875
38842,9336.1044921875
38843,7383.52783203125
38844,7042.98388671875
38845,14505.0498046875
38846,5715.2265625
38847,9269.6162109375
38848,4557.6728515625
38849,7088.95703125
38850,11363.927734375
38851,9056.45703125
38852,7497.51318359375
38853,12500.00390625
38854,13548.0859375
38855,15477.6171875
38856,7706.08642578125
38857,12833.373046875
38858,4507.6455078125
38859,7914.0595703125
38860,8385.28125
38861,6631.11279296875
38862,10765.9560546875
38863,6953.4072265625
38864,6929.76513671875
38865,11186.2744140625
38866,14729.23828125
38867,12578.453125
38868,7554.099609375
38869,7435.90087890625
38870,15414.267578125
38871,10458.666015625
38872,8148.2705078125
38873,7282.3154296875
38874,10441.2314453125
38875,13492.509765625
38876,6611.56298828125
38877,8029.9443359375
38878,11273.34765625
38879,10383.00390625
38880,17544.626953125
38881,10049.66796875
38882,16883.41015625
38883,9989.7421875
38884,7328.529296875
38885,5165.5537109375
38886,8398.07421875
38887,8763.328125
38888,8056.5830078125
38889,10309.4453125
38890,7758.95068359375
38891,6374.2138671875
38892,10555.326171875
38893,5061.0771484375
38894,11247.1298828125
38895,10189.73046875
38896,10976.927734375
38897,11682.3125
38898,8061.51171875
38899,11875.52734375
38900,8758.787109375
38901,7961.8408203125
38902,8116.87890625
38903,7380.54345703125
38904,14141.84375
38905,9361.365234375
38906,7174.048828125
38907,10616.9365234375
38908,11559.1845703125
38909,10253.3515625
38910,9336.1015625
38911,11596.8525390625
38912,8082.7119140625
38913,6951.83056640625
38914,8400.720703125
38915,11873.685546875
38916,8425.978515625
38917,9168.1953125
38918,8379.67578125
38919,7770.36474609375
38920,6035.78857421875
38921,7349.154296875
38922,12148.966796875
38923,11594.5234375
38924,13376.41796875
38925,14826.3447265625
38926,11020.7529296875
38927,9551.521484375
38928,6495.49853515625
38929,13822.0185546875
38930,15399.005859375
38931,11805.47265625
38932,10859.390625
38933,11527.4111328125
38934,8828.2978515625
38935,5490.6005859375
38936,14881.6826171875
38937,10259.626953125
38938,9546.517578125
38939,8969.826171875
38940,4338.8193359375
38941,15521.517578125
38942,9099.529296875
38943,6723.1923828125
38944,6195.8408203125
38945,7231.88330078125
38946,8955.203125
38947,11302.4443359375
38948,9914.00390625
38949,7319.45556640625
38950,7278.8447265625
38951,6496.435546875
38952,4448.4287109375
38953,9834.6708984375
38954,19002.052734375
38955,6589.33447265625
38956,7471.07373046875
38957,8820.5771484375
38958,6940.330078125
38959,7502.31494140625
38960,6921.46826171875
38961,5312.861328125
38962,11527.78515625
38963,9675.5634765625
38964,5839.873046875
38965,12407.451171875
38966,8321.4619140625
38967,6658.171875
38968,13695.6875
38969,11140.80078125
38970,13045.9150390625
38971,7975.26171875
38972,9073.82421875
38973,6391.8017578125
38974,6577.2705078125
38975,19396.529296875
38976,13835.041015625
38977,9054.86328125
38978,7782.51171875
38979,6665.00439453125
38980,8805.498046875
38981,5711.7373046875
38982,14468.578125
38983,7292.28515625
38984,7320.42138671875
38985,10665.6162109375
38986,6961.103515625
38987,8523.9794921875
38988,9916.650390625
38989,10625.638671875
38990,10633.72265625
38991,6124.73681640625
38992,8171.3115234375
38993,9133.9853515625
38994,13061.5830078125
38995,11005.720703125
38996,10086.7978515625
38997,6157.24658203125
38998,11891.533203125
38999,7539.91455078125
39000,6128.47802734375
39001,9257.115234375
39002,10043.2890625
39003,8812.939453125
39004,9277.294921875
39005,8935.6044921875
39006,9182.892578125
39007,7554.572265625
39008,9662.3369140625
39009,9592.21875
39010,10209.404296875
39011,12156.6640625
39012,8771.181640625
39013,6405.59423828125
39014,15667.5703125
39015,7624.4736328125
39016,4395.41796875
39017,10355.005859375
39018,11890.0732421875
39019,16017.353515625
39020,7105.57958984375
39021,9005.212890625
39022,8700.90625
39023,9676.0322265625
39024,8109.52880859375
39025,11970.54296875
39026,4589.06640625
39027,8374.5556640625
39028,8048.39111328125
39029,7586.40576171875
39030,8127.31787109375
39031,9317.275390625
39032,11328.5146484375
39033,8507.208984375
39034,11004.388671875
39035,10879.056640625
39036,12965.1298828125
39037,7006.23486328125
39038,10133.6162109375
39039,9941.1962890625
39040,12112.4619140625
39041,11107.43359375
39042,5552.58935546875
39043,9144.162109375
39044,10206.25
39045,10410.5234375
39046,7189.6845703125
39047,5577.26123046875
39048,12615.888671875
39049,9258.8125
39050,11611.46875
39051,9792.1103515625
39052,8048.5986328125
39053,10950.5087890625
39054,9411.9755859375
39055,10023.765625
39056,11414.134765625
39057,7882.90234375
39058,11692.818359375
39059,13697.29296875
39060,10525.3359375
39061,6536.79736328125
39062,8139.0615234375
39063,6049.5498046875
39064,4549.8349609375
39065,11726.6904296875
39066,7521.98828125
39067,12159.2470703125
39068,6875.38037109375
39069,8388.8447265625
39070,8529.712890625
39071,12309.7373046875
39072,6509.45751953125
39073,7628.099609375
39074,7223.7177734375
39075,10548.955078125
39076,7732.140625
39077,10089.697265625
39078,9862.78515625
39079,10966.708984375
39080,11705.197265625
39081,8723.427734375
39082,8029.02001953125
39083,7170.48876953125
39084,6865.07568359375
39085,14702.9384765625
39086,11748.283203125
39087,12227.486328125
39088,15192.140625
39089,8013.1865234375
39090,6953.24169921875
39091,8649.666015625
39092,10871.4375
39093,13525.220703125
39094,10610.1962890625
39095,11322.6337890625
39096,11694.53515625
39097,10688.890625
39098,9144.259765625
39099,7954.884765625
39100,7033.89697265625
39101,7107.9599609375
39102,5092.79931640625
39103,8082.64697265625
39104,11652.923828125
39105,21846.712890625
39106,10371.0048828125
39107,7181.076171875
39108,10454.572265625
39109,5831.58544921875
39110,9294.720703125
39111,5819.1552734375
39112,12947.43359375
39113,9346.6259765625
39114,9451.6484375
39115,18659.9453125
39116,11659.0439453125
39117,7679.86572265625
39118,10394.365234375
39119,5140.55126953125
39120,6970.51220703125
39121,7059.17431640625
39122,12004.642578125
39123,7020.58642578125
39124,5780.857421875
39125,8230.064453125
39126,7257.4443359375
39127,9958.74609375
39128,10651.4921875
39129,5178.30859375
39130,10555.376953125
39131,11927.185546875
39132,10238.1220703125
39133,6784.28466796875
39134,6339.18212890625
39135,11053.564453125
39136,6805.19873046875
39137,12986.2294921875
39138,7016.615234375
39139,8365.810546875
39140,10204.314453125
39141,8174.38037109375
39142,7191.6142578125
39143,8225.736328125
39144,10099.810546875
39145,12941.689453125
39146,13258.390625
39147,8097.90234375
39148,5812.05712890625
39149,8235.0009765625
39150,9054.51171875
39151,6018.5126953125
39152,8115.9423828125
39153,8006.3310546875
39154,16065.58984375
39155,11504.53125
39156,8339.8203125
39157,10164.3662109375
39158,6644.34326171875
39159,11789.18359375
39160,8204.271484375
39161,15971.876953125
39162,10077.0751953125
39163,7631.18017578125
39164,7294.6904296875
39165,5545.51904296875
39166,9575.36328125
39167,24943.287109375
39168,6114.30029296875
39169,7079.708984375
39170,12881.4765625
39171,9211.244140625
39172,10276.416015625
39173,11548.12109375
39174,8575.8994140625
39175,7550.2109375
39176,6483.39501953125
39177,13629.6171875
39178,8975.56640625
39179,9681.630859375
39180,11374.453125
39181,7511.044921875
39182,11050.744140625
39183,9024.748046875
39184,5010.06103515625
39185,11200.81640625
39186,11863.375
39187,6578.2626953125
39188,10156.6181640625
39189,10316.57421875
39190,6575.2470703125
39191,13027.7421875
39192,9330.263671875
39193,10621.3095703125
39194,6442.892578125
39195,7051.8486328125
39196,9097.740234375
39197,5528.8994140625
39198,11698.923828125
39199,6002.2490234375
39200,8532.49609375
39201,6541.76416015625
39202,8335.0712890625
39203,7428.2919921875
39204,9238.71875
39205,9782.123046875
39206,11752.337890625
39207,9308.0615234375
39208,11083.29296875
39209,8498.837890625
39210,11780.15234375
39211,14019.3779296875
39212,9629.029296875
39213,4332.8876953125
39214,8604.9697265625
39215,10010.9658203125
39216,6064.67041015625
39217,15815.03515625
39218,8291.482421875
39219,9277.67578125
39220,14403.833984375
39221,8497.634765625
39222,6522.1650390625
39223,16534.77734375
39224,14087.3408203125
39225,7932.82568359375
39226,12036.32421875
39227,11801.82421875
39228,8847.0185546875
39229,7128.93212890625
39230,9084.5830078125
39231,8397.1923828125
39232,8313.30859375
39233,9778.03515625
39234,6249.59912109375
39235,9414.0830078125
39236,10874.466796875
39237,8824.994140625
39238,12006.828125
39239,8246.8359375
39240,9517.810546875
39241,6116.05029296875
39242,10421.2587890625
39243,9201.1669921875
39244,8657.8623046875
39245,8961.896484375
39246,10492.1845703125
39247,12905.435546875
39248,8484.1767578125
39249,7625.474609375
39250,9198.7314453125
39251,9694.6220703125
39252,10377.46484375
39253,6024.224609375
39254,5832.2265625
39255,9707.2421875
39256,8943.3056640625
39257,8941.603515625
39258,11156.482421875
39259,8334.56640625
39260,9381.103515625
39261,7174.2978515625
39262,5371.4013671875
39263,9866.859375
39264,8699.7158203125
39265,8834.9423828125
39266,12196.1494140625
39267,11513.228515625
39268,6490.4580078125
39269,10572.2783203125
39270,5064.19580078125
39271,4594.6806640625
39272,9659.3447265625
39273,15727.640625
39274,10082.31640625
39275,9521.703125
39276,6582.1552734375
39277,9640.119140625
39278,12586.9228515625
39279,8540.369140625
39280,12562.126953125
39281,7630.0517578125
39282,6270.296875
39283,8392.7705078125
39284,7187.203125
39285,7664.4697265625
39286,6961.3466796875
39287,7426.2158203125
39288,6304.24609375
39289,9796.642578125
39290,9400.376953125
39291,7961.2822265625
39292,8300.6181640625
39293,10538.818359375
39294,7228.59912109375
39295,6749.3134765625
39296,13759.095703125
39297,10671.4765625
39298,7575.17626953125
39299,5537.30712890625
39300,16232.375
39301,9070.7109375
39302,7697.18505859375
39303,13124.42578125
39304,11402.23046875
39305,10094.0244140625
39306,8361.7880859375
39307,10086.8583984375
39308,12287.32421875
39309,18695.7265625
39310,7325.81640625
39311,6931.38818359375
39312,6532.310546875
39313,8902.8662109375
39314,7981.0654296875
39315,10847.1484375
39316,11727.46484375
39317,7830.8955078125
39318,5922.52099609375
39319,8973.548828125
39320,12322.5107421875
39321,6905.8447265625
39322,10704.1474609375
39323,5475.65380859375
39324,10316.3212890625
39325,11228.173828125
39326,10355.9609375
39327,11741.765625
39328,9359.1337890625
39329,6340.5498046875
39330,8341.6015625
39331,9883.228515625
39332,11351.4873046875
39333,10020.958984375
39334,11341.0634765625
39335,9171.0986328125
39336,6256.849609375
39337,12751.44921875
39338,5804.3798828125
39339,12433.890625
39340,8196.3994140625
39341,6428.72705078125
39342,10867.841796875
39343,8260.7890625
39344,9863.037109375
39345,10585.09765625
39346,4925.6279296875
39347,6419.31396484375
39348,11329.14453125
39349,11988.8984375
39350,13657.3564453125
39351,7524.35009765625
39352,8662.8251953125
39353,10013.962890625
39354,9160.23828125
39355,7219.556640625
39356,13498.6171875
39357,12756.3232421875
39358,15600.47265625
39359,6747.44873046875
39360,7997.17578125
39361,11114.1689453125
39362,11183.453125
39363,7466.0244140625
39364,14510.79296875
39365,9417.984375
39366,8145.41552734375
39367,7347.09814453125
39368,7025.77197265625
39369,7429.50537109375
39370,9487.029296875
39371,7158.5478515625
39372,6979.21728515625
39373,13149.015625
39374,9043.900390625
39375,28012.306640625
39376,10374.6884765625
39377,0.0
39378,0.0
39379,0.0
39380,0.0
39381,0.0
39382,0.0
39383,0.0
39384,0.0
39385,0.0
39386,0.0
39387,0.0
39388,0.0
39389,0.0
39390,0.0
39391,0.0
39392,0.0
39393,0.0
39394,0.0
39395,0.0
39396,0.0
39397,0.0
39398,0.0
39399,0.0
39400,0.0
39401,0.0
39402,0.0
39403,0.0
39404,0.0
39405,0.0
39406,0.0
39407,0.0
39408,0.0
39409,0.0
39410,0.0
39411,0.0
39412,0.0
39413,0.0
39414,0.0
39415,0.0
39416,0.0
39417,0.0
39418,0.0
39419,0.0
39420,0.0
39421,0.0
39422,0.0
39423,0.0
39424,0.0
39425,0.0
39426,0.0
39427,0.0
39428,0.0
39429,0.0
39430,0.0
39431,0.0
39432,0.0
39433,0.0
39434,0.0
39435,0.0
39436,0.0
39437,0.0
39438,0.0
39439,0.0
39440,0.0
39441,0.0
39442,0.0
39443,0.0
39444,0.0
39445,0.0
39446,0.0
39447,0.0
39448,0.0
39449,0.0
39450,0.0
39451,0.0
39452,0.0
39453,0.0
39454,0.0
39455,0.0
39456,0.0
39457,0.0
39458,0.0
39459,0.0
39460,0.0
39461,0.0
39462,0.0
39463,0.0
39464,0.0
39465,0.0
39466,0.0
39467,0.0
39468,5071.99609375
39469,0.0
39470,0.0
39471,0.0
39472,0.0
39473,0.0
39474,0.0
39475,0.0
39476,0.0
39477,0.0
39478,0.0
39479,0.0
39480,0.0
39481,0.0
39482,0.0
39483,0.0
39484,0.0
39485,0.0
39486,0.0
39487,0.0
39488,0.0
39489,0.0
39490,0.0
39491,0.0
39492,0.0
39493,0.0
39494,0.0
39495,0.0
39496,0.0
39497,0.0
39498,0.0
39499,0.0
39500,0.0
39501,0.0
39502,0.0
39503,0.0
39504,0.0
39505,0.0
39506,0.0
39507,0.0
39508,0.0
39509,0.0
39510,0.0
39511,0.0
39512,0.0
39513,0.0
39514,0.0
39515,0.0
39516,0.0
39517,0.0
39518,0.0
39519,0.0
39520,0.0
39521,0.0
39522,0.0
39523,0.0
39524,0.0
39525,0.0
39526,0.0
39527,0.0
39528,0.0
39529,0.0
39530,0.0
39531,0.0
39532,0.0
39533,0.0
39534,0.0
39535,0.0
39536,3851.30126953125
39537,0.0
39538,0.0
39539,0.0
39540,0.0
39541,0.0
39542,0.0
39543,0.0
39544,0.0
39545,0.0
39546,0.0
39547,0.0
39548,0.0
39549,0.0
39550,0.0
39551,0.0
39552,0.0
39553,0.0
39554,0.0
39555,0.0
39556,0.0
39557,0.0
39558,0.0
39559,0.0
39560,0.0
39561,0.0
39562,0.0
39563,0.0
39564,0.0
39565,0.0
39566,0.0
39567,0.0
39568,0.0
39569,0.0
39570,0.0
39571,0.0
39572,0.0
39573,0.0
39574,0.0
39575,0.0
39576,0.0
39577,15435.279296875
39578,28261.83984375
39579,0.0
39580,0.0
39581,0.0
39582,0.0
39583,0.0
39584,0.0
39585,0.0
39586,6691.603515625
39587,0.0
39588,0.0
39589,0.0
39590,0.0
39591,0.0
39592,0.0
39593,0.0
39594,0.0
39595,0.0
39596,0.0
39597,0.0
39598,0.0
39599,0.0
39600,0.0
39601,0.0
39602,0.0
39603,0.0
39604,0.0
39605,5895.1474609375
39606,0.0
39607,0.0
39608,0.0
39609,0.0
39610,0.0
39611,0.0
39612,0.0
39613,0.0
39614,0.0
39615,3851.30126953125
39616,0.0
39617,0.0
39618,0.0
39619,0.0
39620,0.0
39621,0.0
39622,0.0
39623,0.0
39624,0.0
39625,0.0
39626,0.0
39627,0.0
39628,0.0
39629,0.0
39630,0.0
39631,0.0
39632,0.0
39633,7344.248046875
39634,0.0
39635,0.0
39636,0.0
39637,0.0
39638,0.0
39639,0.0
39640,0.0
39641,0.0
39642,0.0
39643,0.0
39644,0.0
39645,0.0
39646,0.0
39647,0.0
39648,0.0
39649,0.0
39650,8954.62109375
39651,0.0
39652,0.0
39653,0.0
39654,0.0
39655,0.0
39656,0.0
39657,0.0
39658,0.0
39659,0.0
39660,0.0
39661,0.0
39662,0.0
39663,0.0
39664,0.0
39665,0.0
39666,0.0
39667,0.0
39668,0.0
39669,0.0
39670,0.0
39671,0.0
39672,0.0
39673,0.0
39674,0.0
39675,0.0
39676,0.0
39677,0.0
39678,0.0
39679,0.0
39680,0.0
39681,0.0
39682,0.0
39683,0.0
39684,0.0
39685,0.0
39686,0.0
39687,0.0
39688,0.0
39689,0.0
39690,0.0
39691,0.0
39692,0.0
39693,0.0
39694,0.0
39695,0.0
39696,0.0
39697,0.0
39698,0.0
39699,0.0
39700,0.0
39701,0.0
39702,0.0
39703,0.0
39704,0.0
39705,0.0
39706,0.0
39707,0.0
39708,0.0
39709,0.0
39710,0.0
39711,0.0
39712,3851.30126953125
39713,0.0
39714,0.0
39715,0.0
39716,0.0
39717,0.0
39718,0.0
39719,0.0
39720,0.0
39721,0.0
39722,0.0
39723,0.0
39724,0.0
39725,0.0
39726,6888.9833984375
39727,0.0
39728,0.0
39729,0.0
39730,0.0
39731,0.0
39732,0.0
39733,0.0
39734,0.0
39735,0.0
39736,0.0
39737,0.0
39738,0.0
39739,0.0
39740,0.0
39741,0.0
39742,0.0
39743,0.0
39744,0.0
39745,0.0
39746,0.0
39747,0.0
39748,0.0
39749,0.0
39750,0.0
39751,0.0
39752,0.0
39753,0.0
39754,0.0
39755,0.0
39756,0.0
39757,0.0
39758,0.0
39759,0.0
39760,0.0
39761,0.0
39762,0.0
39763,0.0
39764,0.0
39765,0.0
39766,0.0
39767,0.0
39768,0.0
39769,8550.8623046875
39770,0.0
39771,0.0
39772,0.0
39773,0.0
39774,0.0
39775,0.0
39776,0.0
39777,0.0
39778,0.0
39779,3851.30126953125
39780,0.0
39781,0.0
39782,0.0
39783,6512.2763671875
39784,0.0
39785,0.0
39786,0.0
39787,0.0
39788,0.0
39789,0.0
39790,0.0
39791,0.0
39792,0.0
39793,0.0
39794,0.0
39795,0.0
39796,0.0
39797,0.0
39798,0.0
39799,0.0
39800,0.0
39801,0.0
39802,0.0
39803,0.0
39804,0.0
39805,0.0
39806,0.0
39807,0.0
39808,0.0
39809,0.0
39810,19153.267578125
39811,0.0
39812,0.0
39813,0.0
39814,0.0
39815,0.0
39816,0.0
39817,0.0
39818,0.0
39819,0.0
39820,0.0
39821,0.0
39822,0.0
39823,0.0
39824,6336.31591796875
39825,0.0
39826,0.0
39827,0.0
39828,0.0
39829,0.0
39830,0.0
39831,0.0
39832,0.0
39833,0.0
39834,0.0
39835,0.0
39836,0.0
39837,0.0
39838,0.0
39839,0.0
39840,0.0
39841,0.0
39842,0.0
39843,0.0
39844,0.0
39845,0.0
39846,0.0
39847,0.0
39848,0.0
39849,0.0
39850,0.0
39851,0.0
39852,0.0
39853,0.0
39854,0.0
39855,0.0
39856,0.0
39857,0.0
39858,0.0
39859,0.0
39860,0.0
39861,0.0
39862,0.0
39863,0.0
39864,0.0
39865,0.0
39866,0.0
39867,0.0
39868,0.0
39869,0.0
39870,0.0
39871,0.0
39872,0.0
39873,0.0
39874,0.0
39875,0.0
39876,0.0
39877,0.0
39878,0.0
39879,0.0
39880,0.0
39881,0.0
39882,0.0
39883,0.0
39884,0.0
39885,0.0
39886,0.0
39887,0.0
39888,0.0
39889,0.0
39890,0.0
39891,0.0
39892,0.0
39893,0.0
39894,0.0
39895,0.0
39896,0.0
39897,0.0
39898,0.0
39899,12059.1171875
39900,0.0
39901,0.0
39902,0.0
39903,0.0
39904,0.0
39905,0.0
39906,0.0
39907,0.0
39908,0.0
39909,0.0
39910,0.0
39911,0.0
39912,0.0
39913,0.0
39914,0.0
39915,0.0
39916,0.0
39917,0.0
39918,0.0
39919,0.0
39920,0.0
39921,0.0
39922,0.0
39923,0.0
39924,0.0
39925,0.0
39926,0.0
39927,0.0
39928,0.0
39929,0.0
39930,0.0
39931,0.0
39932,0.0
39933,0.0
39934,0.0
39935,0.0
39936,0.0
39937,0.0
39938,0.0
39939,0.0
39940,0.0
39941,0.0
39942,0.0
39943,4942.4228515625
39944,15301.32421875
39945,0.0
39946,0.0
39947,0.0
39948,0.0
39949,0.0
39950,0.0
39951,0.0
39952,0.0
39953,0.0
39954,0.0
39955,0.0
39956,0.0
39957,0.0
39958,0.0
39959,0.0
39960,0.0
39961,0.0
39962,0.0
39963,0.0
39964,0.0
39965,0.0
39966,0.0
39967,0.0
39968,0.0
39969,0.0
39970,0.0
39971,0.0
39972,12021.466796875
39973,0.0
39974,0.0
39975,0.0
39976,0.0
39977,0.0
39978,0.0
39979,0.0
39980,0.0
39981,0.0
39982,0.0
39983,0.0
39984,0.0
39985,0.0
39986,0.0
39987,0.0
39988,0.0
39989,0.0
39990,0.0
39991,0.0
39992,0.0
39993,0.0
39994,0.0
39995,0.0
39996,0.0
39997,0.0
39998,0.0
39999,0.0
40000,0.0
40001,0.0
40002,0.0
40003,0.0
40004,0.0
40005,0.0
40006,0.0
40007,0.0
40008,0.0
40009,0.0
40010,0.0
40011,0.0
40012,0.0
40013,0.0
40014,0.0
40015,0.0
40016,0.0
40017,0.0
40018,0.0
40019,0.0
40020,0.0
40021,0.0
40022,0.0
40023,0.0
40024,0.0
40025,0.0
40026,0.0
40027,0.0
40028,0.0
40029,0.0
40030,0.0
40031,0.0
40032,0.0
40033,0.0
40034,0.0
40035,0.0
40036,0.0
40037,0.0
40038,0.0
40039,0.0
40040,0.0
40041,0.0
40042,3851.30126953125
40043,0.0
40044,0.0
40045,0.0
40046,3851.30126953125
40047,0.0
40048,0.0
40049,0.0
40050,0.0
40051,0.0
40052,0.0
40053,0.0
40054,0.0
40055,0.0
40056,0.0
40057,0.0
40058,0.0
40059,0.0
40060,0.0
40061,0.0
40062,0.0
40063,0.0
40064,0.0
40065,0.0
40066,0.0
40067,0.0
40068,0.0
40069,0.0
40070,0.0
40071,0.0
40072,0.0
40073,0.0
40074,0.0
40075,0.0
40076,0.0
40077,0.0
40078,0.0
40079,0.0
40080,0.0
40081,0.0
40082,0.0
40083,0.0
40084,0.0
40085,0.0
40086,0.0
40087,0.0
40088,0.0
40089,0.0
40090,0.0
40091,0.0
40092,0.0
40093,0.0
40094,0.0
40095,0.0
40096,0.0
40097,3851.30126953125
40098,0.0
40099,0.0
40100,0.0
40101,0.0
40102,0.0
40103,0.0
40104,0.0
40105,0.0
40106,0.0
40107,0.0
40108,0.0
40109,0.0
40110,0.0
40111,0.0
40112,10842.96875
40113,0.0
40114,0.0
40115,0.0
40116,0.0
40117,0.0
40118,0.0
40119,0.0
40120,0.0
40121,0.0
40122,0.0
40123,0.0
40124,0.0
40125,0.0
40126,0.0
40127,0.0
40128,0.0
40129,0.0
40130,0.0
40131,0.0
40132,0.0
40133,0.0
40134,0.0
40135,0.0
40136,0.0
40137,0.0
40138,0.0
40139,0.0
40140,0.0
40141,0.0
40142,0.0
40143,0.0
40144,0.0
40145,0.0
40146,0.0
40147,0.0
40148,0.0
40149,0.0
40150,0.0
40151,0.0
40152,0.0
40153,0.0
40154,0.0
40155,0.0
40156,0.0
40157,0.0
40158,0.0
40159,0.0
40160,0.0
40161,0.0
40162,0.0
40163,0.0
40164,0.0
40165,0.0
40166,0.0
40167,0.0
40168,0.0
40169,0.0
40170,0.0
40171,0.0
40172,0.0
40173,0.0
40174,0.0
40175,0.0
40176,4850.4658203125
40177,0.0
40178,0.0
40179,0.0
40180,0.0
40181,0.0
40182,0.0
40183,0.0
40184,0.0
40185,0.0
40186,0.0
40187,0.0
40188,0.0
40189,0.0
40190,0.0
40191,0.0
40192,0.0
40193,0.0
40194,0.0
40195,0.0
40196,0.0
40197,0.0
40198,0.0
40199,0.0
40200,0.0
40201,0.0
40202,0.0
40203,0.0
40204,0.0
40205,0.0
40206,0.0
40207,0.0
40208,0.0
40209,0.0
40210,0.0
40211,0.0
40212,0.0
40213,0.0
40214,0.0
40215,0.0
40216,0.0
40217,13037.5048828125
40218,5202.0263671875
40219,0.0
40220,0.0
40221,0.0
40222,0.0
40223,0.0
40224,0.0
40225,0.0
40226,0.0
40227,0.0
40228,0.0
40229,0.0
40230,0.0
40231,0.0
40232,0.0
40233,4085.53662109375
40234,4386.24609375
40235,8282.986328125
40236,3851.30126953125
40237,6236.21728515625
40238,5078.29052734375
40239,5651.2421875
40240,6291.5341796875
40241,4782.7001953125
40242,3851.30126953125
40243,6257.97021484375
40244,6045.90673828125
40245,4690.533203125
40246,5791.1064453125
40247,6494.294921875
40248,3851.30126953125
40249,4366.099609375
40250,8265.892578125
40251,9037.5556640625
40252,7392.11328125
40253,6972.8896484375
40254,3851.30126953125
40255,5396.60205078125
40256,3851.30126953125
40257,8296.4248046875
40258,8666.2685546875
40259,10305.2978515625
40260,5825.9052734375
40261,3851.30126953125
40262,3925.409912109375
40263,5816.68115234375
40264,7232.91064453125
40265,4597.07666015625
40266,5744.9697265625
40267,4591.05859375
40268,5610.89892578125
40269,3851.30126953125
40270,8172.57177734375
40271,4210.7255859375
40272,8064.53271484375
40273,6253.33935546875
40274,3851.30126953125
40275,8099.3359375
40276,6532.50927734375
40277,4555.00146484375
40278,3851.30126953125
40279,8243.02734375
40280,10224.1318359375
40281,6550.94580078125
40282,6502.51123046875
40283,8373.353515625
40284,7247.7216796875
40285,5908.05078125
40286,6398.3701171875
40287,3851.30126953125
40288,3851.30126953125
40289,4482.99365234375
40290,6234.6220703125
40291,8843.599609375
40292,7424.4072265625
40293,4006.768310546875
40294,8411.083984375
40295,8046.90283203125
40296,5812.68603515625
40297,3851.30126953125
40298,10400.94140625
40299,3851.30126953125
40300,4751.8818359375
40301,6941.779296875
40302,3851.30126953125
40303,5362.3388671875
40304,3851.30126953125
40305,5735.9365234375
40306,5141.21728515625
40307,5369.43896484375
40308,8385.4443359375
40309,7773.41748046875
40310,6488.87890625
40311,3851.30126953125
40312,7431.60546875
40313,12378.857421875
40314,5419.546875
40315,3851.30126953125
40316,6748.16845703125
40317,5666.3447265625
40318,6775.98779296875
40319,9593.0673828125
40320,3851.30126953125
40321,7717.59423828125
40322,5093.90283203125
40323,6292.16455078125
40324,8895.16015625
40325,3851.30126953125
40326,4536.78759765625
40327,5270.94970703125
40328,7039.2001953125
40329,7087.7392578125
40330,4129.259765625
40331,4316.6298828125
40332,8111.93017578125
40333,5521.3212890625
40334,5736.1640625
40335,6078.34375
40336,4450.5771484375
40337,6150.04296875
40338,5046.708984375
40339,3851.30126953125
40340,5501.1572265625
40341,5687.4951171875
40342,6366.185546875
40343,7543.080078125
40344,8343.2431640625
40345,3990.345703125
40346,7407.05029296875
40347,3851.30126953125
40348,3851.30126953125
40349,7424.244140625
40350,7253.89990234375
40351,7058.705078125
40352,9426.49609375
40353,7103.7236328125
40354,5025.587890625
40355,6485.8564453125
40356,6976.212890625
40357,5010.00634765625
40358,3851.30126953125
40359,4751.6171875
40360,5691.03662109375
40361,4766.01171875
40362,3851.30126953125
40363,5440.53515625
40364,6570.0751953125
40365,6174.85595703125
40366,5749.3837890625
40367,3851.30126953125
40368,6672.197265625
40369,7074.25048828125
40370,3851.30126953125
40371,5263.9521484375
40372,3851.30126953125
40373,5625.8193359375
40374,3851.30126953125
40375,4179.51953125
40376,5289.291015625
40377,7404.99560546875
40378,7021.50390625
40379,7308.16796875
40380,15033.685546875
40381,4249.046875
40382,5268.2001953125
40383,10050.1337890625
40384,6063.580078125
40385,7955.392578125
40386,6595.86279296875
40387,5568.47900390625
40388,6278.712890625
40389,4671.80859375
40390,5173.8251953125
40391,8424.9072265625
40392,6021.53125
40393,3851.30126953125
40394,3851.30126953125
40395,7468.02978515625
40396,9347.931640625
40397,6350.53515625
40398,6311.724609375
40399,4443.0390625
40400,3851.30126953125
40401,3851.30126953125
40402,3851.30126953125
40403,5881.673828125
40404,7573.32470703125
40405,4993.546875
40406,4259.35546875
40407,7278.923828125
40408,8639.6142578125
40409,7330.13330078125
40410,5731.8408203125
40411,7784.7041015625
40412,9037.8115234375
40413,3851.30126953125
40414,6037.27978515625
40415,5034.5087890625
40416,6391.75048828125
40417,3851.30126953125
40418,5678.3623046875
40419,3911.69384765625
40420,8802.83984375
40421,6076.31689453125
40422,7200.57763671875
40423,7431.294921875
40424,5160.60205078125
40425,7640.4404296875
40426,16243.884765625
40427,8782.974609375
40428,4130.244140625
40429,3851.30126953125
40430,6391.9365234375
40431,6910.11474609375
40432,4498.76953125
40433,9255.54296875
40434,17691.943359375
40435,5091.1826171875
40436,3851.30126953125
40437,10174.5654296875
40438,3851.30126953125
40439,6979.4736328125
40440,3851.30126953125
40441,5865.52685546875
40442,4210.9990234375
40443,6889.85546875
40444,5518.1865234375
40445,5495.3515625
40446,9530.138671875
40447,6064.6728515625
40448,5978.005859375
40449,7777.35107421875
40450,5269.5107421875
40451,5676.5390625
40452,8567.435546875
40453,5045.11962890625
40454,5511.99072265625
40455,4577.1083984375
40456,3948.28271484375
40457,5874.861328125
40458,4152.158203125
40459,5087.81201171875
40460,8304.4326171875
40461,9497.6240234375
40462,7375.1923828125
40463,4338.7197265625
40464,3959.303955078125
40465,4417.1171875
40466,5635.74365234375
40467,6331.42333984375
40468,3851.30126953125
40469,6598.6552734375
40470,5230.5234375
40471,8050.30859375
40472,5717.142578125
40473,3953.087158203125
40474,3851.30126953125
40475,3851.30126953125
40476,8572.1484375
40477,5809.27734375
40478,6403.5791015625
40479,12774.146484375
40480,7905.20751953125
40481,3851.30126953125
40482,5578.11376953125
40483,3851.30126953125
40484,4446.60693359375
40485,4111.11669921875
40486,3896.476318359375
40487,8754.685546875
40488,4954.46484375
40489,9111.03515625
40490,9809.25390625
40491,5466.5244140625
40492,5375.8349609375
40493,4127.9951171875
40494,5077.38037109375
40495,4888.28759765625
40496,11253.09375
40497,6055.22509765625
40498,7921.95068359375
40499,3851.30126953125
40500,5659.6953125
40501,5954.84375
40502,8601.7275390625
40503,6394.4462890625
40504,5012.4638671875
40505,6565.1708984375
40506,4924.27001953125
40507,8376.8623046875
40508,7292.626953125
40509,7188.73095703125
40510,8880.3837890625
40511,7046.017578125
40512,7741.61962890625
40513,3851.30126953125
40514,5684.513671875
40515,4879.5654296875
40516,10045.908203125
40517,7051.06005859375
40518,7027.5537109375
40519,5932.67138671875
40520,7822.30322265625
40521,4786.96923828125
40522,8244.685546875
40523,6097.755859375
40524,3851.30126953125
40525,11478.689453125
40526,15589.0703125
40527,7124.78271484375
40528,6463.3818359375
40529,7882.732421875
40530,7738.802734375
40531,7845.7685546875
40532,3851.30126953125
40533,3893.739501953125
40534,5603.96044921875
40535,8032.974609375
40536,3851.30126953125
40537,4077.15966796875
40538,5363.59375
40539,5324.56591796875
40540,5286.02978515625
40541,3851.30126953125
40542,3851.30126953125
40543,8139.24609375
40544,4176.19287109375
40545,4904.19921875
40546,5390.896484375
40547,4958.701171875
40548,9158.21875
40549,11366.5224609375
40550,5687.67578125
40551,6940.11328125
40552,5580.72314453125
40553,10071.63671875
40554,4895.828125
40555,3851.30126953125
40556,4987.28271484375
40557,11829.978515625
40558,3932.100341796875
40559,7054.95849609375
40560,3851.30126953125
40561,3851.30126953125
40562,6643.658203125
40563,6379.92822265625
40564,5149.23095703125
40565,9291.833984375
40566,9057.4384765625
40567,8157.669921875
40568,5200.7236328125
40569,10605.1142578125
40570,3851.30126953125
40571,4142.4404296875
40572,6661.0390625
40573,5046.703125
40574,9451.814453125
40575,3851.30126953125
40576,4731.58984375
40577,5514.0927734375
40578,8645.654296875
40579,10491.6796875
40580,4581.001953125
40581,3851.30126953125
40582,9696.3076171875
40583,9234.2392578125
40584,4199.9384765625
40585,5388.70849609375
40586,8527.376953125
40587,6773.3779296875
40588,4668.708984375
40589,3851.30126953125
40590,7581.04931640625
40591,4519.4384765625
40592,11458.7734375
40593,7294.4560546875
40594,10940.89453125
40595,7222.79443359375
40596,4539.3427734375
40597,3851.30126953125
40598,5568.7197265625
40599,6234.84716796875
40600,5127.8671875
40601,8988.9365234375
40602,5555.87744140625
40603,3851.30126953125
40604,7187.841796875
40605,3851.30126953125
40606,8348.1015625
40607,7410.46533203125
40608,6975.20556640625
40609,8006.3740234375
40610,4829.435546875
40611,7294.78857421875
40612,7408.1015625
40613,5511.07080078125
40614,6793.55712890625
40615,3851.30126953125
40616,9032.685546875
40617,6444.658203125
40618,3900.74560546875
40619,5483.52587890625
40620,7727.7294921875
40621,6448.03125
40622,3851.30126953125
40623,6173.3974609375
40624,5117.02783203125
40625,5314.31005859375
40626,4827.8583984375
40627,9452.84375
40628,4001.54833984375
40629,4059.62158203125
40630,6100.4150390625
40631,5739.2216796875
40632,3851.30126953125
40633,5373.77685546875
40634,9237.669921875
40635,7186.72265625
40636,10186.33984375
40637,8866.4287109375
40638,7732.888671875
40639,8000.9130859375
40640,3985.75
40641,9673.857421875
40642,8771.634765625
40643,6873.76171875
40644,4998.8720703125
40645,6491.51318359375
40646,4858.9248046875
40647,3851.30126953125
40648,12537.8203125
40649,6774.4453125
40650,5254.00146484375
40651,4505.9091796875
40652,3851.30126953125
40653,8804.177734375
40654,4985.31591796875
40655,3898.06689453125
40656,3851.30126953125
40657,5209.5419921875
40658,6405.14111328125
40659,3918.381103515625
40660,9540.3505859375
40661,4858.91455078125
40662,4337.1865234375
40663,3851.30126953125
40664,3851.30126953125
40665,5431.1611328125
40666,12894.25
40667,3851.30126953125
40668,5735.6953125
40669,5286.8525390625
40670,3914.408935546875
40671,3851.30126953125
40672,5518.4541015625
40673,3851.30126953125
40674,9369.1923828125
40675,5539.1142578125
40676,3851.30126953125
40677,8421.5439453125
40678,3851.30126953125
40679,4423.61328125
40680,10233.2099609375
40681,7022.85888671875
40682,8629.26953125
40683,3851.30126953125
40684,4849.919921875
40685,4823.087890625
40686,4579.99267578125
40687,13634.2177734375
40688,11024.72265625
40689,5253.060546875
40690,3851.30126953125
40691,6038.28125
40692,4783.466796875
40693,3851.30126953125
40694,6650.32177734375
40695,4678.46142578125
40696,5754.86328125
40697,7821.30419921875
40698,4619.69287109375
40699,4560.66015625
40700,5851.654296875
40701,5832.6337890625
40702,7131.00244140625
40703,3851.30126953125
40704,5616.16650390625
40705,6327.74609375
40706,7459.6494140625
40707,6440.97412109375
40708,7501.064453125
40709,3851.30126953125
40710,9696.390625
40711,5021.369140625
40712,3851.30126953125
40713,4784.48046875
40714,4192.98828125
40715,4358.8310546875
40716,7034.291015625
40717,5246.64404296875
40718,5522.0419921875
40719,4749.8447265625
40720,7883.42529296875
40721,7372.662109375
40722,5871.7900390625
40723,7846.07177734375
40724,6175.77294921875
40725,3851.30126953125
40726,11003.900390625
40727,3851.30126953125
40728,3851.30126953125
40729,7350.595703125
40730,10107.24609375
40731,10934.2314453125
40732,3976.89892578125
40733,5834.107421875
40734,6469.765625
40735,6819.291015625
40736,4333.26171875
40737,8139.18994140625
40738,3851.30126953125
40739,5179.66796875
40740,3851.30126953125
40741,3851.30126953125
40742,3851.30126953125
40743,6782.8876953125
40744,6871.31591796875
40745,6408.64404296875
40746,5032.45361328125
40747,8492.9521484375
40748,7929.6689453125
40749,4670.06640625
40750,6050.5224609375
40751,6044.09765625
40752,7567.3466796875
40753,6020.13623046875
40754,3851.30126953125
40755,6350.5068359375
40756,7080.4326171875
40757,6626.04931640625
40758,5253.921875
40759,3851.30126953125
40760,9962.748046875
40761,3851.30126953125
40762,8489.9013671875
40763,5096.40771484375
40764,4415.056640625
40765,7222.357421875
40766,4252.681640625
40767,4868.7841796875
40768,8803.6318359375
40769,3851.30126953125
40770,8487.7587890625
40771,9651.3203125
40772,7406.50244140625
40773,3851.30126953125
40774,5158.10302734375
40775,3851.30126953125
40776,3851.30126953125
40777,5843.451171875
40778,6577.466796875
40779,6593.59423828125
40780,4663.470703125
40781,5147.6689453125
40782,4478.0537109375
40783,7874.193359375
40784,5385.79248046875
40785,6161.3369140625
40786,4453.830078125
40787,5626.44677734375
40788,5553.30029296875
40789,6709.5478515625
40790,7736.29931640625
40791,7301.52099609375
40792,8081.9521484375
40793,5404.18212890625
40794,5070.37451171875
40795,3851.30126953125
40796,6160.25146484375
40797,8939.5625
40798,6135.89306640625
40799,7898.13916015625
40800,13294.0625
40801,3851.30126953125
40802,4351.76123046875
40803,4982.7255859375
40804,7675.3681640625
40805,9687.1689453125
40806,7738.6943359375
40807,6991.54296875
40808,7597.1015625
40809,7743.98095703125
40810,6063.6572265625
40811,5500.95703125
40812,3851.30126953125
40813,4812.38671875
40814,3851.30126953125
40815,3851.30126953125
40816,6184.56201171875
40817,17748.251953125
40818,5623.90478515625
40819,3851.30126953125
40820,5370.2646484375
40821,4642.9228515625
40822,5372.4599609375
40823,3851.30126953125
40824,6885.8095703125
40825,6935.17529296875
40826,4020.065185546875
40827,12378.20703125
40828,11467.7265625
40829,3851.30126953125
40830,5621.36767578125
40831,3851.30126953125
40832,4038.937255859375
40833,4222.4697265625
40834,8371.0732421875
40835,3851.30126953125
40836,4783.07763671875
40837,4290.822265625
40838,5150.05908203125
40839,5051.404296875
40840,7242.4931640625
40841,3851.30126953125
40842,8036.43017578125
40843,7017.2548828125
40844,4899.1533203125
40845,3851.30126953125
40846,3851.30126953125
40847,4620.3330078125
40848,4912.05517578125
40849,9874.9755859375
40850,4238.9248046875
40851,4375.50048828125
40852,6552.92822265625
40853,4398.24560546875
40854,5550.1640625
40855,4180.05859375
40856,6374.8759765625
40857,9575.6015625
40858,6470.62744140625
40859,5730.0302734375
40860,3851.30126953125
40861,5198.9677734375
40862,6105.88720703125
40863,3953.00244140625
40864,4570.11083984375
40865,4920.7939453125
40866,11522.640625
40867,6632.693359375
40868,4340.58203125
40869,4993.001953125
40870,4947.4951171875
40871,6940.9453125
40872,5348.88916015625
40873,9202.0927734375
40874,5990.8095703125
40875,4727.59423828125
40876,4037.29638671875
40877,3851.30126953125
40878,4009.729248046875
40879,20652.685546875
40880,3851.30126953125
40881,4674.0576171875
40882,6391.5966796875
40883,6510.37060546875
40884,5770.265625
40885,7859.6669921875
40886,5280.4912109375
40887,5711.771484375
40888,3851.30126953125
40889,8620.826171875
40890,4818.0693359375
40891,6423.20947265625
40892,8446.751953125
40893,4204.58203125
40894,7656.318359375
40895,6285.88037109375
40896,3851.30126953125
40897,6337.14453125
40898,7725.6416015625
40899,3851.30126953125
40900,8542.744140625
40901,6178.78369140625
40902,4871.767578125
40903,9396.451171875
40904,7725.396484375
40905,6383.76904296875
40906,4372.19677734375
40907,3851.30126953125
40908,5725.646484375
40909,3851.30126953125
40910,6795.53466796875
40911,3851.30126953125
40912,5520.939453125
40913,3851.30126953125
40914,5642.43896484375
40915,5124.2666015625
40916,4060.35595703125
40917,5173.80712890625
40918,8994.125
40919,6041.20263671875
40920,7046.51708984375
40921,5316.54833984375
40922,6234.86865234375
40923,9832.3994140625
40924,6981.6591796875
40925,3851.30126953125
40926,5554.0498046875
40927,5150.71484375
40928,4316.50390625
40929,12622.283203125
40930,5790.5546875
40931,4995.57177734375
40932,9250.6640625
40933,6263.47509765625
40934,3851.30126953125
40935,12664.228515625
40936,8048.86279296875
40937,5831.13623046875
40938,7964.3271484375
40939,6864.1123046875
40940,8324.607421875
40941,4564.8232421875
40942,4422.6416015625
40943,3851.30126953125
40944,6243.6865234375
40945,7028.779296875
40946,3851.30126953125
40947,7613.876953125
40948,6951.93505859375
40949,4806.69091796875
40950,7078.17041015625
40951,4674.11572265625
40952,6297.2099609375
40953,4252.5849609375
40954,5473.869140625
40955,5017.244140625
40956,3913.224609375
40957,5886.3662109375
40958,7123.4267578125
40959,7765.3876953125
40960,5417.88134765625
40961,4213.34130859375
40962,5996.43798828125
40963,6560.42919921875
40964,6822.52099609375
40965,3851.30126953125
40966,3851.30126953125
40967,8137.8974609375
40968,6397.7529296875
40969,4166.7548828125
40970,7665.0361328125
40971,6494.06103515625
40972,5493.20068359375
40973,4758.359375
40974,3851.30126953125
40975,5919.9951171875
40976,5274.390625
40977,5450.1533203125
40978,8937.732421875
40979,6439.0927734375
40980,3851.30126953125
40981,5086.2939453125
40982,3851.30126953125
40983,3851.30126953125
40984,5657.826171875
40985,9851.6806640625
40986,5604.74560546875
40987,4428.65673828125
40988,3851.30126953125
40989,4782.85546875
40990,7174.9365234375
40991,5672.26220703125
40992,8647.095703125
40993,3983.005126953125
40994,4393.73388671875
40995,3851.30126953125
40996,5642.2734375
40997,3851.30126953125
40998,3851.30126953125
40999,3972.38037109375
41000,4142.173828125
41001,6887.48876953125
41002,4403.740234375
41003,5029.91015625
41004,5035.5634765625
41005,7635.76513671875
41006,5144.0126953125
41007,3851.30126953125
41008,10914.9365234375
41009,6333.69970703125
41010,6710.41357421875
41011,3851.30126953125
41012,7418.9296875
41013,5406.3759765625
41014,4054.76708984375
41015,7927.369140625
41016,8486.373046875
41017,6272.5400390625
41018,6489.08447265625
41019,6454.1513671875
41020,7258.783203125
41021,10116.0234375
41022,3851.30126953125
41023,3851.30126953125
41024,5033.4814453125
41025,5997.46630859375
41026,5775.83154296875
41027,7562.61279296875
41028,6018.4326171875
41029,6092.5634765625
41030,3851.30126953125
41031,5817.87890625
41032,8809.83984375
41033,3851.30126953125
41034,6382.67138671875
41035,3851.30126953125
41036,6432.37353515625
41037,6168.5107421875
41038,5374.73193359375
41039,6142.8349609375
41040,4386.2314453125
41041,5206.26123046875
41042,6312.97607421875
41043,4764.4423828125
41044,8237.8505859375
41045,6173.84228515625
41046,9458.958984375
41047,5794.564453125
41048,3851.30126953125
41049,8432.33203125
41050,3851.30126953125
41051,8441.1865234375
41052,5680.04345703125
41053,4925.5751953125
41054,6653.53955078125
41055,4336.208984375
41056,4797.26953125
41057,6492.90185546875
41058,3851.30126953125
41059,3851.30126953125
41060,6323.64306640625
41061,6181.841796875
41062,10966.7080078125
41063,5746.95068359375
41064,5564.8037109375
41065,3856.685546875
41066,6402.7919921875
41067,3851.30126953125
41068,9812.8125
41069,7482.26611328125
41070,13846.2431640625
41071,5313.91796875
41072,5217.7763671875
41073,8424.1728515625
41074,8635.7109375
41075,3851.30126953125
41076,8859.1484375
41077,6329.759765625
41078,5678.3251953125
41079,6242.30615234375
41080,4922.0234375
41081,3851.30126953125
41082,5389.9189453125
41083,3851.30126953125
41084,3851.30126953125
41085,6742.064453125
41086,5248.40380859375
41087,21984.966796875
41088,6407.27392578125
